created_at,user_id,user_email,article_id,key,value
2025-01-30T08:43:35.773Z,0,rayyan@rayyan.ai,153486360,"""__SYSTEM__SAMPLE__c8ec392c388730c4c6deb36dc3dfd181_13326""",1
2025-01-30T08:43:35.773Z,0,rayyan@rayyan.ai,153487751,"""__SYSTEM__SAMPLE__c8ec392c388730c4c6deb36dc3dfd181_13326""",1
2025-01-30T08:43:35.773Z,0,rayyan@rayyan.ai,153485877,"""__SYSTEM__SAMPLE__c8ec392c388730c4c6deb36dc3dfd181_13326""",1
2025-01-30T08:43:36.146Z,0,rayyan@rayyan.ai,153486895,"""__SYSTEM__SAMPLE__c8ec392c388730c4c6deb36dc3dfd181_13326""",1
2025-01-30T08:43:36.415Z,0,rayyan@rayyan.ai,153487099,"""__SYSTEM__SAMPLE__c8ec392c388730c4c6deb36dc3dfd181_13326""",1
2025-01-30T08:43:36.635Z,0,rayyan@rayyan.ai,153485927,"""__SYSTEM__SAMPLE__c8ec392c388730c4c6deb36dc3dfd181_13326""",1
2025-02-27T16:25:47.861Z,0,rayyan@rayyan.ai,153487116,"""__SYSTEM__SAMPLE__bf16548037788a03250fcfb89d192afc_15155""",1
2025-02-27T16:25:47.861Z,0,rayyan@rayyan.ai,83177881,"""__SYSTEM__SAMPLE__bf16548037788a03250fcfb89d192afc_15155""",1
2025-02-27T16:25:49.083Z,0,rayyan@rayyan.ai,83177833,"""__SYSTEM__SAMPLE__bf16548037788a03250fcfb89d192afc_15155""",1
2025-02-27T16:25:50.776Z,0,rayyan@rayyan.ai,153486057,"""__SYSTEM__SAMPLE__bf16548037788a03250fcfb89d192afc_15155""",1
2025-02-28T10:59:29.055Z,0,rayyan@rayyan.ai,153486900,"""__SYSTEM__SAMPLE__1844316c46179ea4d070527c2a6eda09_15194""",1
2025-02-28T10:59:30.225Z,0,rayyan@rayyan.ai,153485554,"""__SYSTEM__SAMPLE__1844316c46179ea4d070527c2a6eda09_15194""",1
2025-02-28T10:59:30.639Z,0,rayyan@rayyan.ai,153486083,"""__SYSTEM__SAMPLE__1844316c46179ea4d070527c2a6eda09_15194""",1
2025-03-03T08:02:32.211Z,0,rayyan@rayyan.ai,153486905,"""__SYSTEM__SAMPLE__5ef013fd1ac260e2ad077cb0f803864e_15279""",1
2025-03-03T08:02:32.567Z,0,rayyan@rayyan.ai,153486190,"""__SYSTEM__SAMPLE__5ef013fd1ac260e2ad077cb0f803864e_15279""",1
2025-03-03T08:02:32.813Z,0,rayyan@rayyan.ai,153486004,"""__SYSTEM__SAMPLE__5ef013fd1ac260e2ad077cb0f803864e_15279""",1
2025-03-03T08:02:33.492Z,0,rayyan@rayyan.ai,153487047,"""__SYSTEM__SAMPLE__5ef013fd1ac260e2ad077cb0f803864e_15279""",1
2025-03-03T08:02:33.837Z,0,rayyan@rayyan.ai,153486581,"""__SYSTEM__SAMPLE__5ef013fd1ac260e2ad077cb0f803864e_15279""",1
2025-03-03T08:02:34.014Z,0,rayyan@rayyan.ai,83177682,"""__SYSTEM__SAMPLE__5ef013fd1ac260e2ad077cb0f803864e_15279""",1
2025-03-03T08:02:34.456Z,0,rayyan@rayyan.ai,153486032,"""__SYSTEM__SAMPLE__5ef013fd1ac260e2ad077cb0f803864e_15279""",1
2025-03-03T08:02:34.571Z,0,rayyan@rayyan.ai,153486856,"""__SYSTEM__SAMPLE__5ef013fd1ac260e2ad077cb0f803864e_15279""",1
2025-03-03T08:02:34.677Z,0,rayyan@rayyan.ai,153486537,"""__SYSTEM__SAMPLE__5ef013fd1ac260e2ad077cb0f803864e_15279""",1
2025-03-03T08:02:34.677Z,0,rayyan@rayyan.ai,153486057,"""__SYSTEM__SAMPLE__5ef013fd1ac260e2ad077cb0f803864e_15279""",1
2025-03-03T08:02:34.936Z,0,rayyan@rayyan.ai,153486384,"""__SYSTEM__SAMPLE__5ef013fd1ac260e2ad077cb0f803864e_15280""",1
2025-03-03T08:02:35.067Z,0,rayyan@rayyan.ai,153485713,"""__SYSTEM__SAMPLE__5ef013fd1ac260e2ad077cb0f803864e_15280""",1
2025-03-03T08:02:35.203Z,0,rayyan@rayyan.ai,153485738,"""__SYSTEM__SAMPLE__5ef013fd1ac260e2ad077cb0f803864e_15280""",1
2025-03-03T08:02:35.669Z,0,rayyan@rayyan.ai,153485770,"""__SYSTEM__SAMPLE__5ef013fd1ac260e2ad077cb0f803864e_15280""",1
2025-03-03T08:02:35.912Z,0,rayyan@rayyan.ai,153486517,"""__SYSTEM__SAMPLE__5ef013fd1ac260e2ad077cb0f803864e_15280""",1
2025-03-03T08:02:35.992Z,0,rayyan@rayyan.ai,83177881,"""__SYSTEM__SAMPLE__5ef013fd1ac260e2ad077cb0f803864e_15280""",1
2025-03-03T08:02:36.047Z,0,rayyan@rayyan.ai,153486881,"""__SYSTEM__SAMPLE__5ef013fd1ac260e2ad077cb0f803864e_15281""",1
2025-03-03T08:02:36.047Z,0,rayyan@rayyan.ai,153486352,"""__SYSTEM__SAMPLE__5ef013fd1ac260e2ad077cb0f803864e_15281""",1
2025-03-03T08:02:36.473Z,0,rayyan@rayyan.ai,153485554,"""__SYSTEM__SAMPLE__5ef013fd1ac260e2ad077cb0f803864e_15281""",1
2025-03-03T08:02:36.591Z,0,rayyan@rayyan.ai,153487043,"""__SYSTEM__SAMPLE__5ef013fd1ac260e2ad077cb0f803864e_15281""",1
2025-03-03T08:02:36.705Z,0,rayyan@rayyan.ai,153487167,"""__SYSTEM__SAMPLE__5ef013fd1ac260e2ad077cb0f803864e_15281""",1
2025-03-03T08:02:36.927Z,0,rayyan@rayyan.ai,153487016,"""__SYSTEM__SAMPLE__5ef013fd1ac260e2ad077cb0f803864e_15281""",1
2025-03-03T08:02:36.998Z,0,rayyan@rayyan.ai,153486039,"""__SYSTEM__SAMPLE__5ef013fd1ac260e2ad077cb0f803864e_15281""",1
2025-03-03T08:02:37.285Z,0,rayyan@rayyan.ai,153486887,"""__SYSTEM__SAMPLE__5ef013fd1ac260e2ad077cb0f803864e_15282""",1
2025-03-03T08:02:37.407Z,0,rayyan@rayyan.ai,153485392,"""__SYSTEM__SAMPLE__5ef013fd1ac260e2ad077cb0f803864e_15282""",1
2025-03-03T08:02:37.864Z,0,rayyan@rayyan.ai,153486451,"""__SYSTEM__SAMPLE__5ef013fd1ac260e2ad077cb0f803864e_15282""",1
2025-03-03T08:02:38.199Z,0,rayyan@rayyan.ai,153485637,"""__SYSTEM__SAMPLE__5ef013fd1ac260e2ad077cb0f803864e_15282""",1
2025-03-03T08:02:38.474Z,0,rayyan@rayyan.ai,153485886,"""__SYSTEM__SAMPLE__5ef013fd1ac260e2ad077cb0f803864e_15283""",1
2025-03-03T08:02:38.687Z,0,rayyan@rayyan.ai,153487093,"""__SYSTEM__SAMPLE__5ef013fd1ac260e2ad077cb0f803864e_15283""",1
2025-03-03T08:02:38.724Z,0,rayyan@rayyan.ai,83178029,"""__SYSTEM__SAMPLE__5ef013fd1ac260e2ad077cb0f803864e_15283""",1
2025-03-03T08:02:38.761Z,0,rayyan@rayyan.ai,153486409,"""__SYSTEM__SAMPLE__5ef013fd1ac260e2ad077cb0f803864e_15283""",1
2025-03-03T08:02:38.838Z,0,rayyan@rayyan.ai,153485411,"""__SYSTEM__SAMPLE__5ef013fd1ac260e2ad077cb0f803864e_15283""",1
2025-03-03T08:02:39.258Z,0,rayyan@rayyan.ai,153486083,"""__SYSTEM__SAMPLE__5ef013fd1ac260e2ad077cb0f803864e_15283""",1
2025-03-03T08:02:39.258Z,0,rayyan@rayyan.ai,153485683,"""__SYSTEM__SAMPLE__5ef013fd1ac260e2ad077cb0f803864e_15283""",1
2025-03-03T08:02:39.664Z,0,rayyan@rayyan.ai,153486578,"""__SYSTEM__SAMPLE__5ef013fd1ac260e2ad077cb0f803864e_15284""",1
2025-03-03T08:02:39.697Z,0,rayyan@rayyan.ai,153486642,"""__SYSTEM__SAMPLE__5ef013fd1ac260e2ad077cb0f803864e_15284""",1
2025-03-03T08:02:40.011Z,0,rayyan@rayyan.ai,153485635,"""__SYSTEM__SAMPLE__5ef013fd1ac260e2ad077cb0f803864e_15284""",1
2025-03-03T08:02:40.048Z,0,rayyan@rayyan.ai,153485799,"""__SYSTEM__SAMPLE__5ef013fd1ac260e2ad077cb0f803864e_15284""",1
2025-03-03T08:02:40.048Z,0,rayyan@rayyan.ai,83178023,"""__SYSTEM__SAMPLE__5ef013fd1ac260e2ad077cb0f803864e_15284""",1
2025-03-03T08:02:40.256Z,0,rayyan@rayyan.ai,153486858,"""__SYSTEM__SAMPLE__5ef013fd1ac260e2ad077cb0f803864e_15284""",1
2025-03-03T08:02:40.300Z,0,rayyan@rayyan.ai,153486266,"""__SYSTEM__SAMPLE__5ef013fd1ac260e2ad077cb0f803864e_15284""",1
2025-03-03T08:02:40.335Z,0,rayyan@rayyan.ai,153485745,"""__SYSTEM__SAMPLE__5ef013fd1ac260e2ad077cb0f803864e_15284""",1
2025-03-03T08:02:40.749Z,0,rayyan@rayyan.ai,83177964,"""__SYSTEM__SAMPLE__5ef013fd1ac260e2ad077cb0f803864e_15285""",1
2025-03-03T08:02:41.426Z,0,rayyan@rayyan.ai,153486900,"""__SYSTEM__SAMPLE__5ef013fd1ac260e2ad077cb0f803864e_15285""",1
2025-03-03T08:02:41.776Z,0,rayyan@rayyan.ai,153485139,"""__SYSTEM__SAMPLE__5ef013fd1ac260e2ad077cb0f803864e_15285""",1
2025-03-03T08:02:42.561Z,0,rayyan@rayyan.ai,153485626,"""__SYSTEM__SAMPLE__5ef013fd1ac260e2ad077cb0f803864e_15286""",1
2025-03-03T08:02:42.719Z,0,rayyan@rayyan.ai,83177492,"""__SYSTEM__SAMPLE__5ef013fd1ac260e2ad077cb0f803864e_15286""",1
2025-03-03T08:02:42.719Z,0,rayyan@rayyan.ai,153486024,"""__SYSTEM__SAMPLE__5ef013fd1ac260e2ad077cb0f803864e_15286""",1
2025-03-03T08:02:42.824Z,0,rayyan@rayyan.ai,153486538,"""__SYSTEM__SAMPLE__5ef013fd1ac260e2ad077cb0f803864e_15286""",1
2025-03-03T08:02:42.862Z,0,rayyan@rayyan.ai,153486009,"""__SYSTEM__SAMPLE__5ef013fd1ac260e2ad077cb0f803864e_15286""",1
2025-03-03T08:02:42.980Z,0,rayyan@rayyan.ai,153485969,"""__SYSTEM__SAMPLE__5ef013fd1ac260e2ad077cb0f803864e_15286""",1
2025-03-03T08:02:42.980Z,0,rayyan@rayyan.ai,153485757,"""__SYSTEM__SAMPLE__5ef013fd1ac260e2ad077cb0f803864e_15286""",1
2025-03-03T08:02:43.019Z,0,rayyan@rayyan.ai,153486482,"""__SYSTEM__SAMPLE__5ef013fd1ac260e2ad077cb0f803864e_15286""",1
2025-03-03T08:02:43.234Z,0,rayyan@rayyan.ai,153485681,"""__SYSTEM__SAMPLE__5ef013fd1ac260e2ad077cb0f803864e_15286""",1
2025-03-03T08:05:23.197Z,0,rayyan@rayyan.ai,153486887,"""__SYSTEM__SAMPLE__7e180c281ac02758a82cc34f7e6794d7_15287""",1
2025-03-03T08:05:23.336Z,0,rayyan@rayyan.ai,153485713,"""__SYSTEM__SAMPLE__7e180c281ac02758a82cc34f7e6794d7_15287""",1
2025-03-03T08:05:23.437Z,0,rayyan@rayyan.ai,83177984,"""__SYSTEM__SAMPLE__7e180c281ac02758a82cc34f7e6794d7_15287""",1
2025-03-03T08:05:23.574Z,0,rayyan@rayyan.ai,153486009,"""__SYSTEM__SAMPLE__7e180c281ac02758a82cc34f7e6794d7_15287""",1
2025-03-03T08:05:23.609Z,0,rayyan@rayyan.ai,153486384,"""__SYSTEM__SAMPLE__7e180c281ac02758a82cc34f7e6794d7_15287""",1
2025-03-03T08:05:23.797Z,0,rayyan@rayyan.ai,153486004,"""__SYSTEM__SAMPLE__7e180c281ac02758a82cc34f7e6794d7_15287""",1
2025-03-03T08:05:23.918Z,0,rayyan@rayyan.ai,153486451,"""__SYSTEM__SAMPLE__7e180c281ac02758a82cc34f7e6794d7_15287""",1
2025-03-03T08:05:23.918Z,0,rayyan@rayyan.ai,153486482,"""__SYSTEM__SAMPLE__7e180c281ac02758a82cc34f7e6794d7_15287""",1
2025-03-03T08:05:23.962Z,0,rayyan@rayyan.ai,153486591,"""__SYSTEM__SAMPLE__7e180c281ac02758a82cc34f7e6794d7_15288""",1
2025-03-03T08:05:23.998Z,0,rayyan@rayyan.ai,153486118,"""__SYSTEM__SAMPLE__7e180c281ac02758a82cc34f7e6794d7_15288""",1
2025-03-03T08:05:24.283Z,0,rayyan@rayyan.ai,153486578,"""__SYSTEM__SAMPLE__7e180c281ac02758a82cc34f7e6794d7_15288""",1
2025-03-03T08:05:24.351Z,0,rayyan@rayyan.ai,153486905,"""__SYSTEM__SAMPLE__7e180c281ac02758a82cc34f7e6794d7_15288""",1
2025-03-03T08:05:24.384Z,0,rayyan@rayyan.ai,153486856,"""__SYSTEM__SAMPLE__7e180c281ac02758a82cc34f7e6794d7_15288""",1
2025-03-03T08:05:24.483Z,0,rayyan@rayyan.ai,153485392,"""__SYSTEM__SAMPLE__7e180c281ac02758a82cc34f7e6794d7_15288""",1
2025-03-03T08:05:24.483Z,0,rayyan@rayyan.ai,153485905,"""__SYSTEM__SAMPLE__7e180c281ac02758a82cc34f7e6794d7_15288""",1
2025-03-03T08:05:24.924Z,0,rayyan@rayyan.ai,83178023,"""__SYSTEM__SAMPLE__7e180c281ac02758a82cc34f7e6794d7_15288""",1
2025-03-03T08:05:24.957Z,0,rayyan@rayyan.ai,153485260,"""__SYSTEM__SAMPLE__7e180c281ac02758a82cc34f7e6794d7_15288""",1
2025-03-03T08:05:25.045Z,0,rayyan@rayyan.ai,153485139,"""__SYSTEM__SAMPLE__7e180c281ac02758a82cc34f7e6794d7_15288""",1
2025-03-03T08:05:25.089Z,0,rayyan@rayyan.ai,153485681,"""__SYSTEM__SAMPLE__7e180c281ac02758a82cc34f7e6794d7_15289""",1
2025-03-03T08:05:25.127Z,0,rayyan@rayyan.ai,153486858,"""__SYSTEM__SAMPLE__7e180c281ac02758a82cc34f7e6794d7_15289""",1
2025-03-03T08:05:25.235Z,0,rayyan@rayyan.ai,153486642,"""__SYSTEM__SAMPLE__7e180c281ac02758a82cc34f7e6794d7_15289""",1
2025-03-03T08:05:25.822Z,0,rayyan@rayyan.ai,153486190,"""__SYSTEM__SAMPLE__7e180c281ac02758a82cc34f7e6794d7_15289""",1
2025-03-03T08:05:25.939Z,0,rayyan@rayyan.ai,153486032,"""__SYSTEM__SAMPLE__7e180c281ac02758a82cc34f7e6794d7_15289""",1
2025-03-03T08:05:26.041Z,0,rayyan@rayyan.ai,153485635,"""__SYSTEM__SAMPLE__7e180c281ac02758a82cc34f7e6794d7_15289""",1
2025-03-03T08:05:26.150Z,0,rayyan@rayyan.ai,153485757,"""__SYSTEM__SAMPLE__7e180c281ac02758a82cc34f7e6794d7_15290""",1
2025-03-03T08:05:26.522Z,0,rayyan@rayyan.ai,153486831,"""__SYSTEM__SAMPLE__7e180c281ac02758a82cc34f7e6794d7_15290""",1
2025-03-03T08:05:26.588Z,0,rayyan@rayyan.ai,153485453,"""__SYSTEM__SAMPLE__7e180c281ac02758a82cc34f7e6794d7_15290""",1
2025-03-03T08:05:26.937Z,0,rayyan@rayyan.ai,153486881,"""__SYSTEM__SAMPLE__7e180c281ac02758a82cc34f7e6794d7_15290""",1
2025-03-03T08:05:26.937Z,0,rayyan@rayyan.ai,153487751,"""__SYSTEM__SAMPLE__7e180c281ac02758a82cc34f7e6794d7_15290""",1
2025-03-03T08:05:27.271Z,0,rayyan@rayyan.ai,153485927,"""__SYSTEM__SAMPLE__7e180c281ac02758a82cc34f7e6794d7_15291""",1
2025-03-03T08:05:27.304Z,0,rayyan@rayyan.ai,153486556,"""__SYSTEM__SAMPLE__7e180c281ac02758a82cc34f7e6794d7_15291""",1
2025-03-03T08:05:27.370Z,0,rayyan@rayyan.ai,153485243,"""__SYSTEM__SAMPLE__7e180c281ac02758a82cc34f7e6794d7_15291""",1
2025-03-03T08:05:27.370Z,0,rayyan@rayyan.ai,153486015,"""__SYSTEM__SAMPLE__7e180c281ac02758a82cc34f7e6794d7_15291""",1
2025-03-03T08:05:27.527Z,0,rayyan@rayyan.ai,153487128,"""__SYSTEM__SAMPLE__7e180c281ac02758a82cc34f7e6794d7_15291""",1
2025-03-03T08:05:27.562Z,0,rayyan@rayyan.ai,83177833,"""__SYSTEM__SAMPLE__7e180c281ac02758a82cc34f7e6794d7_15291""",1
2025-03-03T08:05:27.664Z,0,rayyan@rayyan.ai,153486895,"""__SYSTEM__SAMPLE__7e180c281ac02758a82cc34f7e6794d7_15291""",1
2025-03-03T08:05:27.728Z,0,rayyan@rayyan.ai,153486475,"""__SYSTEM__SAMPLE__7e180c281ac02758a82cc34f7e6794d7_15291""",1
2025-03-03T08:05:28.078Z,0,rayyan@rayyan.ai,153486537,"""__SYSTEM__SAMPLE__7e180c281ac02758a82cc34f7e6794d7_15291""",1
2025-03-03T08:05:28.495Z,0,rayyan@rayyan.ai,153485411,"""__SYSTEM__SAMPLE__7e180c281ac02758a82cc34f7e6794d7_15292""",1
2025-03-03T08:05:28.908Z,0,rayyan@rayyan.ai,153485745,"""__SYSTEM__SAMPLE__7e180c281ac02758a82cc34f7e6794d7_15292""",1
2025-03-03T08:05:28.942Z,0,rayyan@rayyan.ai,153485554,"""__SYSTEM__SAMPLE__7e180c281ac02758a82cc34f7e6794d7_15292""",1
2025-03-03T08:05:29.037Z,0,rayyan@rayyan.ai,153486057,"""__SYSTEM__SAMPLE__7e180c281ac02758a82cc34f7e6794d7_15292""",1
2025-03-03T08:05:29.074Z,0,rayyan@rayyan.ai,153486581,"""__SYSTEM__SAMPLE__7e180c281ac02758a82cc34f7e6794d7_15292""",1
2025-03-03T08:05:29.146Z,0,rayyan@rayyan.ai,153485706,"""__SYSTEM__SAMPLE__7e180c281ac02758a82cc34f7e6794d7_15293""",1
2025-03-03T08:05:29.146Z,0,rayyan@rayyan.ai,153485626,"""__SYSTEM__SAMPLE__7e180c281ac02758a82cc34f7e6794d7_15293""",1
2025-03-03T08:05:29.229Z,0,rayyan@rayyan.ai,153486065,"""__SYSTEM__SAMPLE__7e180c281ac02758a82cc34f7e6794d7_15293""",1
2025-03-03T08:05:29.760Z,0,rayyan@rayyan.ai,153487142,"""__SYSTEM__SAMPLE__7e180c281ac02758a82cc34f7e6794d7_15293""",1
2025-03-03T08:05:29.822Z,0,rayyan@rayyan.ai,153486900,"""__SYSTEM__SAMPLE__7e180c281ac02758a82cc34f7e6794d7_15293""",1
2025-03-03T08:05:29.853Z,0,rayyan@rayyan.ai,153486409,"""__SYSTEM__SAMPLE__7e180c281ac02758a82cc34f7e6794d7_15293""",1
2025-03-03T08:05:30.020Z,0,rayyan@rayyan.ai,83177881,"""__SYSTEM__SAMPLE__7e180c281ac02758a82cc34f7e6794d7_15293""",1
2025-03-03T08:05:30.020Z,0,rayyan@rayyan.ai,153486352,"""__SYSTEM__SAMPLE__7e180c281ac02758a82cc34f7e6794d7_15293""",1
2025-03-03T08:05:30.052Z,0,rayyan@rayyan.ai,83177929,"""__SYSTEM__SAMPLE__7e180c281ac02758a82cc34f7e6794d7_15293""",1
2025-03-03T08:05:30.052Z,0,rayyan@rayyan.ai,153486517,"""__SYSTEM__SAMPLE__7e180c281ac02758a82cc34f7e6794d7_15293""",1
2025-03-03T19:32:20.106Z,0,rayyan@rayyan.ai,83178029,"""__SYSTEM__SAMPLE__3e981fa25c9d210f15f61af0b328cb3b_15336""",1
2025-03-03T19:32:20.316Z,0,rayyan@rayyan.ai,83177682,"""__SYSTEM__SAMPLE__3e981fa25c9d210f15f61af0b328cb3b_15336""",1
2025-03-03T19:32:20.316Z,0,rayyan@rayyan.ai,153487080,"""__SYSTEM__SAMPLE__3e981fa25c9d210f15f61af0b328cb3b_15336""",1
2025-03-03T19:32:21.359Z,0,rayyan@rayyan.ai,153485877,"""__SYSTEM__SAMPLE__3e981fa25c9d210f15f61af0b328cb3b_15336""",1
2025-03-03T19:32:22.188Z,0,rayyan@rayyan.ai,153486475,"""__SYSTEM__SAMPLE__3e981fa25c9d210f15f61af0b328cb3b_15336""",1
2025-03-03T19:32:22.998Z,0,rayyan@rayyan.ai,153485810,"""__SYSTEM__SAMPLE__3e981fa25c9d210f15f61af0b328cb3b_15336""",1
2025-03-03T19:32:23.086Z,0,rayyan@rayyan.ai,153485969,"""__SYSTEM__SAMPLE__3e981fa25c9d210f15f61af0b328cb3b_15336""",1
2025-03-03T19:32:23.250Z,0,rayyan@rayyan.ai,153485745,"""__SYSTEM__SAMPLE__3e981fa25c9d210f15f61af0b328cb3b_15336""",1
2025-03-03T19:32:23.323Z,0,rayyan@rayyan.ai,83178023,"""__SYSTEM__SAMPLE__3e981fa25c9d210f15f61af0b328cb3b_15336""",1
2025-03-03T19:32:23.394Z,0,rayyan@rayyan.ai,153486024,"""__SYSTEM__SAMPLE__3e981fa25c9d210f15f61af0b328cb3b_15336""",1
2025-03-03T19:32:23.544Z,0,rayyan@rayyan.ai,153486887,"""__SYSTEM__SAMPLE__3e981fa25c9d210f15f61af0b328cb3b_15336""",1
2025-03-06T12:29:15.631Z,0,rayyan@rayyan.ai,153486905,"""__SYSTEM__SAMPLE__6162b2583ac27b37ac06dfc5672321e9_15498""",1
2025-03-06T12:29:15.870Z,0,rayyan@rayyan.ai,153486482,"""__SYSTEM__SAMPLE__6162b2583ac27b37ac06dfc5672321e9_15499""",1
2025-03-06T12:29:15.870Z,0,rayyan@rayyan.ai,153485411,"""__SYSTEM__SAMPLE__6162b2583ac27b37ac06dfc5672321e9_15499""",1
2025-03-06T12:29:15.913Z,0,rayyan@rayyan.ai,153486475,"""__SYSTEM__SAMPLE__6162b2583ac27b37ac06dfc5672321e9_15499""",1
2025-03-06T12:29:15.958Z,0,rayyan@rayyan.ai,153487016,"""__SYSTEM__SAMPLE__6162b2583ac27b37ac06dfc5672321e9_15499""",1
2025-03-06T12:29:15.958Z,0,rayyan@rayyan.ai,153485810,"""__SYSTEM__SAMPLE__6162b2583ac27b37ac06dfc5672321e9_15499""",1
2025-03-06T12:29:16.550Z,0,rayyan@rayyan.ai,153486005,"""__SYSTEM__SAMPLE__6162b2583ac27b37ac06dfc5672321e9_15499""",1
2025-03-06T12:29:16.629Z,0,rayyan@rayyan.ai,153486009,"""__SYSTEM__SAMPLE__6162b2583ac27b37ac06dfc5672321e9_15499""",1
2025-03-06T12:29:16.709Z,0,rayyan@rayyan.ai,83177833,"""__SYSTEM__SAMPLE__6162b2583ac27b37ac06dfc5672321e9_15499""",1
2025-03-06T12:29:16.784Z,0,rayyan@rayyan.ai,153486360,"""__SYSTEM__SAMPLE__6162b2583ac27b37ac06dfc5672321e9_15499""",1
2025-03-06T12:29:17.041Z,0,rayyan@rayyan.ai,153486517,"""__SYSTEM__SAMPLE__6162b2583ac27b37ac06dfc5672321e9_15500""",1
2025-03-06T12:29:17.089Z,0,rayyan@rayyan.ai,153486451,"""__SYSTEM__SAMPLE__6162b2583ac27b37ac06dfc5672321e9_15500""",1
2025-03-06T12:29:17.089Z,0,rayyan@rayyan.ai,153487080,"""__SYSTEM__SAMPLE__6162b2583ac27b37ac06dfc5672321e9_15500""",1
2025-03-06T12:29:17.169Z,0,rayyan@rayyan.ai,153486895,"""__SYSTEM__SAMPLE__6162b2583ac27b37ac06dfc5672321e9_15500""",1
2025-03-06T12:29:17.957Z,0,rayyan@rayyan.ai,153486581,"""__SYSTEM__SAMPLE__6162b2583ac27b37ac06dfc5672321e9_15500""",1
2025-03-06T12:29:18.052Z,0,rayyan@rayyan.ai,153486856,"""__SYSTEM__SAMPLE__6162b2583ac27b37ac06dfc5672321e9_15501""",1
2025-03-06T12:29:18.173Z,0,rayyan@rayyan.ai,153487066,"""__SYSTEM__SAMPLE__6162b2583ac27b37ac06dfc5672321e9_15501""",1
2025-03-06T12:29:18.429Z,0,rayyan@rayyan.ai,153486756,"""__SYSTEM__SAMPLE__6162b2583ac27b37ac06dfc5672321e9_15501""",1
2025-03-06T12:29:18.527Z,0,rayyan@rayyan.ai,153487751,"""__SYSTEM__SAMPLE__6162b2583ac27b37ac06dfc5672321e9_15501""",1
2025-03-06T12:29:18.591Z,0,rayyan@rayyan.ai,153486831,"""__SYSTEM__SAMPLE__6162b2583ac27b37ac06dfc5672321e9_15501""",1
2025-03-06T12:29:18.591Z,0,rayyan@rayyan.ai,153486015,"""__SYSTEM__SAMPLE__6162b2583ac27b37ac06dfc5672321e9_15501""",1
2025-03-06T12:29:18.754Z,0,rayyan@rayyan.ai,153486409,"""__SYSTEM__SAMPLE__6162b2583ac27b37ac06dfc5672321e9_15501""",1
2025-03-06T12:29:18.856Z,0,rayyan@rayyan.ai,153485453,"""__SYSTEM__SAMPLE__6162b2583ac27b37ac06dfc5672321e9_15501""",1
2025-03-06T12:29:19.424Z,0,rayyan@rayyan.ai,153485877,"""__SYSTEM__SAMPLE__6162b2583ac27b37ac06dfc5672321e9_15502""",1
2025-03-06T12:29:19.491Z,0,rayyan@rayyan.ai,153485904,"""__SYSTEM__SAMPLE__6162b2583ac27b37ac06dfc5672321e9_15502""",1
2025-03-06T12:29:19.491Z,0,rayyan@rayyan.ai,153486057,"""__SYSTEM__SAMPLE__6162b2583ac27b37ac06dfc5672321e9_15502""",1
2025-03-06T12:29:19.524Z,0,rayyan@rayyan.ai,153486777,"""__SYSTEM__SAMPLE__6162b2583ac27b37ac06dfc5672321e9_15502""",1
2025-03-06T12:29:19.595Z,0,rayyan@rayyan.ai,83178029,"""__SYSTEM__SAMPLE__6162b2583ac27b37ac06dfc5672321e9_15502""",1
2025-03-06T12:29:19.629Z,0,rayyan@rayyan.ai,153485683,"""__SYSTEM__SAMPLE__6162b2583ac27b37ac06dfc5672321e9_15502""",1
2025-03-06T12:29:19.665Z,0,rayyan@rayyan.ai,153486591,"""__SYSTEM__SAMPLE__6162b2583ac27b37ac06dfc5672321e9_15502""",1
2025-03-06T12:29:19.741Z,0,rayyan@rayyan.ai,153485243,"""__SYSTEM__SAMPLE__6162b2583ac27b37ac06dfc5672321e9_15502""",1
2025-03-06T12:29:19.996Z,0,rayyan@rayyan.ai,153486266,"""__SYSTEM__SAMPLE__6162b2583ac27b37ac06dfc5672321e9_15502""",1
2025-03-06T12:29:21.318Z,0,rayyan@rayyan.ai,83177964,"""__SYSTEM__SAMPLE__6162b2583ac27b37ac06dfc5672321e9_15504""",1
2025-03-06T12:29:21.349Z,0,rayyan@rayyan.ai,153486065,"""__SYSTEM__SAMPLE__6162b2583ac27b37ac06dfc5672321e9_15504""",1
2025-03-06T12:29:21.421Z,0,rayyan@rayyan.ai,83177881,"""__SYSTEM__SAMPLE__6162b2583ac27b37ac06dfc5672321e9_15504""",1
2025-03-06T12:29:21.455Z,0,rayyan@rayyan.ai,153485681,"""__SYSTEM__SAMPLE__6162b2583ac27b37ac06dfc5672321e9_15504""",1
2025-03-06T12:29:21.938Z,0,rayyan@rayyan.ai,153485927,"""__SYSTEM__SAMPLE__6162b2583ac27b37ac06dfc5672321e9_15504""",1
2025-03-06T12:29:21.938Z,0,rayyan@rayyan.ai,153487093,"""__SYSTEM__SAMPLE__6162b2583ac27b37ac06dfc5672321e9_15504""",1
2025-03-06T12:29:22.450Z,0,rayyan@rayyan.ai,153485969,"""__SYSTEM__SAMPLE__6162b2583ac27b37ac06dfc5672321e9_15504""",1
2025-03-06T12:29:22.450Z,0,rayyan@rayyan.ai,153486083,"""__SYSTEM__SAMPLE__6162b2583ac27b37ac06dfc5672321e9_15504""",1
2025-03-06T12:29:22.509Z,0,rayyan@rayyan.ai,153487142,"""__SYSTEM__SAMPLE__6162b2583ac27b37ac06dfc5672321e9_15504""",1
2025-03-06T12:29:22.538Z,0,rayyan@rayyan.ai,153486537,"""__SYSTEM__SAMPLE__6162b2583ac27b37ac06dfc5672321e9_15504""",1
2025-03-21T11:27:13.863Z,0,rayyan@rayyan.ai,83177682,"""__SYSTEM__SAMPLE__60b2ea219c59992ffd761532d50e40f8_16471""",1
2025-03-21T11:27:14.656Z,0,rayyan@rayyan.ai,153486642,"""__SYSTEM__SAMPLE__60b2ea219c59992ffd761532d50e40f8_16471""",1
2025-03-21T11:27:15.529Z,0,rayyan@rayyan.ai,153486190,"""__SYSTEM__SAMPLE__60b2ea219c59992ffd761532d50e40f8_16471""",1
2025-03-21T11:27:15.585Z,0,rayyan@rayyan.ai,83177833,"""__SYSTEM__SAMPLE__60b2ea219c59992ffd761532d50e40f8_16471""",1
2025-03-21T14:12:51.475Z,0,rayyan@rayyan.ai,153485799,"""__SYSTEM__SAMPLE__332ded61f9b01bac2631a91b57c712dc_16484""",1
2025-03-21T14:12:51.475Z,0,rayyan@rayyan.ai,153486475,"""__SYSTEM__SAMPLE__332ded61f9b01bac2631a91b57c712dc_16484""",1
2025-03-21T14:12:52.043Z,0,rayyan@rayyan.ai,153486384,"""__SYSTEM__SAMPLE__332ded61f9b01bac2631a91b57c712dc_16484""",1
2025-03-21T14:12:52.194Z,0,rayyan@rayyan.ai,83177964,"""__SYSTEM__SAMPLE__332ded61f9b01bac2631a91b57c712dc_16484""",1
2025-03-21T14:12:52.194Z,0,rayyan@rayyan.ai,153486118,"""__SYSTEM__SAMPLE__332ded61f9b01bac2631a91b57c712dc_16484""",1
2025-03-21T14:12:52.194Z,0,rayyan@rayyan.ai,153486538,"""__SYSTEM__SAMPLE__332ded61f9b01bac2631a91b57c712dc_16484""",1
2025-03-21T14:12:52.194Z,0,rayyan@rayyan.ai,153485411,"""__SYSTEM__SAMPLE__332ded61f9b01bac2631a91b57c712dc_16484""",1
2025-03-21T14:12:53.051Z,0,rayyan@rayyan.ai,153486015,"""__SYSTEM__SAMPLE__332ded61f9b01bac2631a91b57c712dc_16484""",1
2025-03-21T14:12:53.248Z,0,rayyan@rayyan.ai,153486591,"""__SYSTEM__SAMPLE__332ded61f9b01bac2631a91b57c712dc_16484""",1
2025-03-26T09:54:17.472Z,0,rayyan@rayyan.ai,153485392,"""__SYSTEM__SAMPLE__730a823cae12798df7c211cebf91c4ae_16733""",1
2025-03-26T09:54:18.802Z,0,rayyan@rayyan.ai,153486032,"""__SYSTEM__SAMPLE__730a823cae12798df7c211cebf91c4ae_16733""",1
2025-03-26T09:54:18.873Z,0,rayyan@rayyan.ai,153486409,"""__SYSTEM__SAMPLE__730a823cae12798df7c211cebf91c4ae_16733""",1
2025-03-26T09:54:18.932Z,0,rayyan@rayyan.ai,153486629,"""__SYSTEM__SAMPLE__730a823cae12798df7c211cebf91c4ae_16733""",1
2025-03-26T09:55:08.449Z,0,rayyan@rayyan.ai,153486629,"""__SYSTEM__SAMPLE__10a5e0f6eb0a9d1a4c4eae730730cf7f_16734""",1
2025-03-26T09:55:08.537Z,0,rayyan@rayyan.ai,153486163,"""__SYSTEM__SAMPLE__10a5e0f6eb0a9d1a4c4eae730730cf7f_16734""",1
2025-03-26T09:55:08.584Z,0,rayyan@rayyan.ai,153485877,"""__SYSTEM__SAMPLE__10a5e0f6eb0a9d1a4c4eae730730cf7f_16734""",1
2025-03-26T09:55:08.635Z,0,rayyan@rayyan.ai,153486905,"""__SYSTEM__SAMPLE__10a5e0f6eb0a9d1a4c4eae730730cf7f_16734""",1
2025-03-26T09:55:09.037Z,0,rayyan@rayyan.ai,153487167,"""__SYSTEM__SAMPLE__10a5e0f6eb0a9d1a4c4eae730730cf7f_16734""",1
2025-03-26T09:55:09.218Z,0,rayyan@rayyan.ai,83177984,"""__SYSTEM__SAMPLE__10a5e0f6eb0a9d1a4c4eae730730cf7f_16734""",1
2025-03-26T09:55:09.399Z,0,rayyan@rayyan.ai,153486089,"""__SYSTEM__SAMPLE__10a5e0f6eb0a9d1a4c4eae730730cf7f_16734""",1
2025-03-26T09:55:09.543Z,0,rayyan@rayyan.ai,153485713,"""__SYSTEM__SAMPLE__10a5e0f6eb0a9d1a4c4eae730730cf7f_16734""",1
2025-03-26T09:55:10.083Z,0,rayyan@rayyan.ai,153486777,"""__SYSTEM__SAMPLE__10a5e0f6eb0a9d1a4c4eae730730cf7f_16735""",1
2025-03-26T09:55:10.122Z,0,rayyan@rayyan.ai,153486009,"""__SYSTEM__SAMPLE__10a5e0f6eb0a9d1a4c4eae730730cf7f_16735""",1
2025-03-26T09:55:10.184Z,0,rayyan@rayyan.ai,153486900,"""__SYSTEM__SAMPLE__10a5e0f6eb0a9d1a4c4eae730730cf7f_16735""",1
2025-03-26T09:55:10.423Z,0,rayyan@rayyan.ai,153486538,"""__SYSTEM__SAMPLE__10a5e0f6eb0a9d1a4c4eae730730cf7f_16735""",1
2025-03-26T09:55:10.465Z,0,rayyan@rayyan.ai,153486601,"""__SYSTEM__SAMPLE__10a5e0f6eb0a9d1a4c4eae730730cf7f_16735""",1
2025-03-26T09:55:10.504Z,0,rayyan@rayyan.ai,153486384,"""__SYSTEM__SAMPLE__10a5e0f6eb0a9d1a4c4eae730730cf7f_16735""",1
2025-03-28T06:26:38.749Z,0,rayyan@rayyan.ai,153487261,"""__SYSTEM__SAMPLE__68d2ca5a6f813c5aa820c74cf5c9ce2e_16941""",1
2025-03-28T06:26:38.749Z,0,rayyan@rayyan.ai,153486517,"""__SYSTEM__SAMPLE__68d2ca5a6f813c5aa820c74cf5c9ce2e_16941""",1
2025-03-28T06:26:38.749Z,0,rayyan@rayyan.ai,153485904,"""__SYSTEM__SAMPLE__68d2ca5a6f813c5aa820c74cf5c9ce2e_16941""",1
2025-03-28T06:26:38.749Z,0,rayyan@rayyan.ai,153485713,"""__SYSTEM__SAMPLE__68d2ca5a6f813c5aa820c74cf5c9ce2e_16941""",1
2025-03-28T06:26:38.749Z,0,rayyan@rayyan.ai,153486015,"""__SYSTEM__SAMPLE__68d2ca5a6f813c5aa820c74cf5c9ce2e_16941""",1
2025-03-28T06:26:38.786Z,0,rayyan@rayyan.ai,153485738,"""__SYSTEM__SAMPLE__68d2ca5a6f813c5aa820c74cf5c9ce2e_16941""",1
2025-03-28T06:26:38.786Z,0,rayyan@rayyan.ai,153486858,"""__SYSTEM__SAMPLE__68d2ca5a6f813c5aa820c74cf5c9ce2e_16941""",1
2025-03-28T06:26:38.852Z,0,rayyan@rayyan.ai,153486451,"""__SYSTEM__SAMPLE__68d2ca5a6f813c5aa820c74cf5c9ce2e_16941""",1
2025-03-28T06:26:38.852Z,0,rayyan@rayyan.ai,83177964,"""__SYSTEM__SAMPLE__68d2ca5a6f813c5aa820c74cf5c9ce2e_16941""",1
2025-03-28T06:26:38.852Z,0,rayyan@rayyan.ai,83177929,"""__SYSTEM__SAMPLE__68d2ca5a6f813c5aa820c74cf5c9ce2e_16941""",1
2025-03-28T06:26:38.852Z,0,rayyan@rayyan.ai,153486005,"""__SYSTEM__SAMPLE__68d2ca5a6f813c5aa820c74cf5c9ce2e_16941""",1
2025-03-28T06:26:38.852Z,0,rayyan@rayyan.ai,83177492,"""__SYSTEM__SAMPLE__68d2ca5a6f813c5aa820c74cf5c9ce2e_16941""",1
2025-03-28T06:26:38.852Z,0,rayyan@rayyan.ai,83177682,"""__SYSTEM__SAMPLE__68d2ca5a6f813c5aa820c74cf5c9ce2e_16941""",1
2025-03-28T06:26:38.886Z,0,rayyan@rayyan.ai,153485886,"""__SYSTEM__SAMPLE__68d2ca5a6f813c5aa820c74cf5c9ce2e_16941""",1
2025-03-28T06:26:38.886Z,0,rayyan@rayyan.ai,153485810,"""__SYSTEM__SAMPLE__68d2ca5a6f813c5aa820c74cf5c9ce2e_16941""",1
2025-03-28T06:26:38.886Z,0,rayyan@rayyan.ai,153486475,"""__SYSTEM__SAMPLE__68d2ca5a6f813c5aa820c74cf5c9ce2e_16941""",1
2025-03-28T06:26:38.886Z,0,rayyan@rayyan.ai,153486409,"""__SYSTEM__SAMPLE__68d2ca5a6f813c5aa820c74cf5c9ce2e_16941""",1
2025-03-28T06:26:38.886Z,0,rayyan@rayyan.ai,153485877,"""__SYSTEM__SAMPLE__68d2ca5a6f813c5aa820c74cf5c9ce2e_16941""",1
2025-03-28T06:26:38.921Z,0,rayyan@rayyan.ai,153486900,"""__SYSTEM__SAMPLE__68d2ca5a6f813c5aa820c74cf5c9ce2e_16941""",1
2025-03-28T06:26:38.921Z,0,rayyan@rayyan.ai,153486089,"""__SYSTEM__SAMPLE__68d2ca5a6f813c5aa820c74cf5c9ce2e_16941""",1
2025-03-28T06:26:38.921Z,0,rayyan@rayyan.ai,153486352,"""__SYSTEM__SAMPLE__68d2ca5a6f813c5aa820c74cf5c9ce2e_16941""",1
2025-03-28T06:26:38.921Z,0,rayyan@rayyan.ai,153485906,"""__SYSTEM__SAMPLE__68d2ca5a6f813c5aa820c74cf5c9ce2e_16941""",1
2025-03-28T06:26:38.921Z,0,rayyan@rayyan.ai,153486229,"""__SYSTEM__SAMPLE__68d2ca5a6f813c5aa820c74cf5c9ce2e_16941""",1
2025-03-28T06:26:38.956Z,0,rayyan@rayyan.ai,153485411,"""__SYSTEM__SAMPLE__68d2ca5a6f813c5aa820c74cf5c9ce2e_16941""",1
2025-03-28T06:26:38.956Z,0,rayyan@rayyan.ai,153486004,"""__SYSTEM__SAMPLE__68d2ca5a6f813c5aa820c74cf5c9ce2e_16941""",1
2025-03-28T06:26:38.956Z,0,rayyan@rayyan.ai,153485554,"""__SYSTEM__SAMPLE__68d2ca5a6f813c5aa820c74cf5c9ce2e_16941""",1
2025-03-28T06:26:38.956Z,0,rayyan@rayyan.ai,153486032,"""__SYSTEM__SAMPLE__68d2ca5a6f813c5aa820c74cf5c9ce2e_16941""",1
2025-03-28T06:26:38.956Z,0,rayyan@rayyan.ai,153486163,"""__SYSTEM__SAMPLE__68d2ca5a6f813c5aa820c74cf5c9ce2e_16941""",1
2025-03-28T06:26:38.956Z,0,rayyan@rayyan.ai,153487142,"""__SYSTEM__SAMPLE__68d2ca5a6f813c5aa820c74cf5c9ce2e_16941""",1
2025-03-28T06:26:38.992Z,0,rayyan@rayyan.ai,153485706,"""__SYSTEM__SAMPLE__68d2ca5a6f813c5aa820c74cf5c9ce2e_16941""",1
2025-03-28T06:26:38.992Z,0,rayyan@rayyan.ai,153485681,"""__SYSTEM__SAMPLE__68d2ca5a6f813c5aa820c74cf5c9ce2e_16941""",1
2025-03-28T06:26:38.992Z,0,rayyan@rayyan.ai,153487093,"""__SYSTEM__SAMPLE__68d2ca5a6f813c5aa820c74cf5c9ce2e_16941""",1
2025-03-28T06:26:38.992Z,0,rayyan@rayyan.ai,83177881,"""__SYSTEM__SAMPLE__68d2ca5a6f813c5aa820c74cf5c9ce2e_16941""",1
2025-03-28T06:26:38.992Z,0,rayyan@rayyan.ai,153486482,"""__SYSTEM__SAMPLE__68d2ca5a6f813c5aa820c74cf5c9ce2e_16941""",1
2025-03-28T06:26:38.992Z,0,rayyan@rayyan.ai,153487116,"""__SYSTEM__SAMPLE__68d2ca5a6f813c5aa820c74cf5c9ce2e_16941""",1
2025-03-28T06:26:38.992Z,0,rayyan@rayyan.ai,153485743,"""__SYSTEM__SAMPLE__68d2ca5a6f813c5aa820c74cf5c9ce2e_16941""",1
2025-03-28T06:26:38.992Z,0,rayyan@rayyan.ai,153487080,"""__SYSTEM__SAMPLE__68d2ca5a6f813c5aa820c74cf5c9ce2e_16941""",1
2025-03-28T06:26:39.206Z,0,rayyan@rayyan.ai,153486360,"""__SYSTEM__SAMPLE__68d2ca5a6f813c5aa820c74cf5c9ce2e_16941""",1
2025-03-28T06:26:39.206Z,0,rayyan@rayyan.ai,153485243,"""__SYSTEM__SAMPLE__68d2ca5a6f813c5aa820c74cf5c9ce2e_16941""",1
2025-03-28T06:26:39.206Z,0,rayyan@rayyan.ai,153485392,"""__SYSTEM__SAMPLE__68d2ca5a6f813c5aa820c74cf5c9ce2e_16941""",1
2025-03-28T06:26:39.244Z,0,rayyan@rayyan.ai,83178029,"""__SYSTEM__SAMPLE__68d2ca5a6f813c5aa820c74cf5c9ce2e_16941""",1
2025-03-28T06:26:39.244Z,0,rayyan@rayyan.ai,153486601,"""__SYSTEM__SAMPLE__68d2ca5a6f813c5aa820c74cf5c9ce2e_16941""",1
2025-03-28T06:26:39.244Z,0,rayyan@rayyan.ai,153487016,"""__SYSTEM__SAMPLE__68d2ca5a6f813c5aa820c74cf5c9ce2e_16941""",1
2025-03-28T06:26:39.244Z,0,rayyan@rayyan.ai,153485770,"""__SYSTEM__SAMPLE__68d2ca5a6f813c5aa820c74cf5c9ce2e_16941""",1
2025-03-28T06:26:39.278Z,0,rayyan@rayyan.ai,153487043,"""__SYSTEM__SAMPLE__68d2ca5a6f813c5aa820c74cf5c9ce2e_16941""",1
2025-03-28T06:26:39.278Z,0,rayyan@rayyan.ai,153485378,"""__SYSTEM__SAMPLE__68d2ca5a6f813c5aa820c74cf5c9ce2e_16941""",1
2025-03-28T06:26:39.278Z,0,rayyan@rayyan.ai,153486756,"""__SYSTEM__SAMPLE__68d2ca5a6f813c5aa820c74cf5c9ce2e_16941""",1
2025-03-28T06:26:39.278Z,0,rayyan@rayyan.ai,153486642,"""__SYSTEM__SAMPLE__68d2ca5a6f813c5aa820c74cf5c9ce2e_16941""",1
2025-03-28T06:26:39.278Z,0,rayyan@rayyan.ai,153485585,"""__SYSTEM__SAMPLE__68d2ca5a6f813c5aa820c74cf5c9ce2e_16941""",1
2025-03-28T06:26:39.278Z,0,rayyan@rayyan.ai,153485139,"""__SYSTEM__SAMPLE__68d2ca5a6f813c5aa820c74cf5c9ce2e_16941""",1
2025-03-28T06:26:39.278Z,0,rayyan@rayyan.ai,153486629,"""__SYSTEM__SAMPLE__68d2ca5a6f813c5aa820c74cf5c9ce2e_16941""",1
2025-03-28T06:26:39.317Z,0,rayyan@rayyan.ai,153487066,"""__SYSTEM__SAMPLE__68d2ca5a6f813c5aa820c74cf5c9ce2e_16941""",1
2025-03-28T06:26:39.317Z,0,rayyan@rayyan.ai,153485626,"""__SYSTEM__SAMPLE__68d2ca5a6f813c5aa820c74cf5c9ce2e_16941""",1
2025-03-28T06:26:39.317Z,0,rayyan@rayyan.ai,153485969,"""__SYSTEM__SAMPLE__68d2ca5a6f813c5aa820c74cf5c9ce2e_16941""",1
2025-03-28T06:26:39.317Z,0,rayyan@rayyan.ai,153486905,"""__SYSTEM__SAMPLE__68d2ca5a6f813c5aa820c74cf5c9ce2e_16941""",1
2025-03-28T06:26:39.317Z,0,rayyan@rayyan.ai,153487167,"""__SYSTEM__SAMPLE__68d2ca5a6f813c5aa820c74cf5c9ce2e_16941""",1
2025-03-28T06:26:39.317Z,0,rayyan@rayyan.ai,153486009,"""__SYSTEM__SAMPLE__68d2ca5a6f813c5aa820c74cf5c9ce2e_16941""",1
2025-03-28T06:26:39.317Z,0,rayyan@rayyan.ai,153485260,"""__SYSTEM__SAMPLE__68d2ca5a6f813c5aa820c74cf5c9ce2e_16941""",1
2025-03-28T06:26:39.357Z,0,rayyan@rayyan.ai,153486856,"""__SYSTEM__SAMPLE__68d2ca5a6f813c5aa820c74cf5c9ce2e_16941""",1
2025-03-28T06:26:39.357Z,0,rayyan@rayyan.ai,153486118,"""__SYSTEM__SAMPLE__68d2ca5a6f813c5aa820c74cf5c9ce2e_16941""",1
2025-03-28T06:26:39.357Z,0,rayyan@rayyan.ai,153486537,"""__SYSTEM__SAMPLE__68d2ca5a6f813c5aa820c74cf5c9ce2e_16941""",1
2025-03-28T06:26:39.357Z,0,rayyan@rayyan.ai,153485905,"""__SYSTEM__SAMPLE__68d2ca5a6f813c5aa820c74cf5c9ce2e_16941""",1
2025-03-28T06:26:39.357Z,0,rayyan@rayyan.ai,153486895,"""__SYSTEM__SAMPLE__68d2ca5a6f813c5aa820c74cf5c9ce2e_16941""",1
2025-03-28T06:26:39.357Z,0,rayyan@rayyan.ai,153486881,"""__SYSTEM__SAMPLE__68d2ca5a6f813c5aa820c74cf5c9ce2e_16941""",1
2025-03-28T06:26:39.393Z,0,rayyan@rayyan.ai,153486887,"""__SYSTEM__SAMPLE__68d2ca5a6f813c5aa820c74cf5c9ce2e_16941""",1
2025-03-28T06:26:39.393Z,0,rayyan@rayyan.ai,153486831,"""__SYSTEM__SAMPLE__68d2ca5a6f813c5aa820c74cf5c9ce2e_16941""",1
2025-03-28T06:26:39.393Z,0,rayyan@rayyan.ai,153486538,"""__SYSTEM__SAMPLE__68d2ca5a6f813c5aa820c74cf5c9ce2e_16941""",1
2025-03-28T06:26:39.393Z,0,rayyan@rayyan.ai,153486581,"""__SYSTEM__SAMPLE__68d2ca5a6f813c5aa820c74cf5c9ce2e_16941""",1
2025-03-28T06:26:39.393Z,0,rayyan@rayyan.ai,153485588,"""__SYSTEM__SAMPLE__68d2ca5a6f813c5aa820c74cf5c9ce2e_16941""",1
2025-03-28T06:26:39.393Z,0,rayyan@rayyan.ai,153486131,"""__SYSTEM__SAMPLE__68d2ca5a6f813c5aa820c74cf5c9ce2e_16941""",1
2025-03-28T06:26:39.393Z,0,rayyan@rayyan.ai,153486190,"""__SYSTEM__SAMPLE__68d2ca5a6f813c5aa820c74cf5c9ce2e_16941""",1
2025-03-28T06:26:39.428Z,0,rayyan@rayyan.ai,153485453,"""__SYSTEM__SAMPLE__68d2ca5a6f813c5aa820c74cf5c9ce2e_16941""",1
2025-03-28T06:26:39.428Z,0,rayyan@rayyan.ai,153486024,"""__SYSTEM__SAMPLE__68d2ca5a6f813c5aa820c74cf5c9ce2e_16941""",1
2025-03-28T06:26:39.428Z,0,rayyan@rayyan.ai,83177984,"""__SYSTEM__SAMPLE__68d2ca5a6f813c5aa820c74cf5c9ce2e_16941""",1
2025-03-28T06:26:39.428Z,0,rayyan@rayyan.ai,153485635,"""__SYSTEM__SAMPLE__68d2ca5a6f813c5aa820c74cf5c9ce2e_16941""",1
2025-03-28T06:26:39.428Z,0,rayyan@rayyan.ai,153486266,"""__SYSTEM__SAMPLE__68d2ca5a6f813c5aa820c74cf5c9ce2e_16941""",1
2025-03-28T06:26:39.428Z,0,rayyan@rayyan.ai,153485745,"""__SYSTEM__SAMPLE__68d2ca5a6f813c5aa820c74cf5c9ce2e_16941""",1
2025-03-28T06:26:39.460Z,0,rayyan@rayyan.ai,153487099,"""__SYSTEM__SAMPLE__68d2ca5a6f813c5aa820c74cf5c9ce2e_16941""",1
2025-03-28T06:26:39.460Z,0,rayyan@rayyan.ai,153485637,"""__SYSTEM__SAMPLE__68d2ca5a6f813c5aa820c74cf5c9ce2e_16941""",1
2025-03-28T06:26:39.499Z,0,rayyan@rayyan.ai,153486083,"""__SYSTEM__SAMPLE__68d2ca5a6f813c5aa820c74cf5c9ce2e_16941""",1
2025-03-28T06:26:39.499Z,0,rayyan@rayyan.ai,153485757,"""__SYSTEM__SAMPLE__68d2ca5a6f813c5aa820c74cf5c9ce2e_16941""",1
2025-03-28T06:26:39.683Z,0,rayyan@rayyan.ai,153486384,"""__SYSTEM__SAMPLE__68d2ca5a6f813c5aa820c74cf5c9ce2e_16941""",1
2025-03-28T06:26:39.683Z,0,rayyan@rayyan.ai,153487751,"""__SYSTEM__SAMPLE__68d2ca5a6f813c5aa820c74cf5c9ce2e_16941""",1
2025-03-28T06:26:39.683Z,0,rayyan@rayyan.ai,153487128,"""__SYSTEM__SAMPLE__68d2ca5a6f813c5aa820c74cf5c9ce2e_16941""",1
2025-03-28T06:26:39.683Z,0,rayyan@rayyan.ai,153485415,"""__SYSTEM__SAMPLE__68d2ca5a6f813c5aa820c74cf5c9ce2e_16941""",1
2025-03-28T06:26:39.683Z,0,rayyan@rayyan.ai,83177833,"""__SYSTEM__SAMPLE__68d2ca5a6f813c5aa820c74cf5c9ce2e_16941""",1
2025-03-28T06:26:39.718Z,0,rayyan@rayyan.ai,153485799,"""__SYSTEM__SAMPLE__68d2ca5a6f813c5aa820c74cf5c9ce2e_16941""",1
2025-03-28T06:26:39.718Z,0,rayyan@rayyan.ai,153487047,"""__SYSTEM__SAMPLE__68d2ca5a6f813c5aa820c74cf5c9ce2e_16941""",1
2025-03-28T06:26:39.754Z,0,rayyan@rayyan.ai,153486591,"""__SYSTEM__SAMPLE__68d2ca5a6f813c5aa820c74cf5c9ce2e_16941""",1
2025-03-28T06:26:39.754Z,0,rayyan@rayyan.ai,153486057,"""__SYSTEM__SAMPLE__68d2ca5a6f813c5aa820c74cf5c9ce2e_16941""",1
2025-03-28T06:26:39.754Z,0,rayyan@rayyan.ai,153486065,"""__SYSTEM__SAMPLE__68d2ca5a6f813c5aa820c74cf5c9ce2e_16941""",1
2025-03-28T06:26:39.754Z,0,rayyan@rayyan.ai,153486578,"""__SYSTEM__SAMPLE__68d2ca5a6f813c5aa820c74cf5c9ce2e_16941""",1
2025-03-28T06:26:39.754Z,0,rayyan@rayyan.ai,153486556,"""__SYSTEM__SAMPLE__68d2ca5a6f813c5aa820c74cf5c9ce2e_16941""",1
2025-03-28T06:26:39.754Z,0,rayyan@rayyan.ai,153485683,"""__SYSTEM__SAMPLE__68d2ca5a6f813c5aa820c74cf5c9ce2e_16941""",1
2025-03-28T06:26:39.791Z,0,rayyan@rayyan.ai,164706900,"""__SYSTEM__SAMPLE__68d2ca5a6f813c5aa820c74cf5c9ce2e_16941""",1
2025-03-28T06:26:39.791Z,0,rayyan@rayyan.ai,153486039,"""__SYSTEM__SAMPLE__68d2ca5a6f813c5aa820c74cf5c9ce2e_16941""",1
2025-03-28T06:26:39.791Z,0,rayyan@rayyan.ai,153486777,"""__SYSTEM__SAMPLE__68d2ca5a6f813c5aa820c74cf5c9ce2e_16941""",1
2025-03-28T06:26:39.791Z,0,rayyan@rayyan.ai,153487295,"""__SYSTEM__SAMPLE__68d2ca5a6f813c5aa820c74cf5c9ce2e_16941""",1
2025-03-28T06:26:39.791Z,0,rayyan@rayyan.ai,153485927,"""__SYSTEM__SAMPLE__68d2ca5a6f813c5aa820c74cf5c9ce2e_16941""",1
2025-03-28T06:26:39.791Z,0,rayyan@rayyan.ai,83178023,"""__SYSTEM__SAMPLE__68d2ca5a6f813c5aa820c74cf5c9ce2e_16941""",1
2025-03-28T06:26:39.791Z,0,rayyan@rayyan.ai,153485385,"""__SYSTEM__SAMPLE__68d2ca5a6f813c5aa820c74cf5c9ce2e_16941""",1
2025-03-28T12:31:43.045Z,793585,c.matos@hull.ac.uk,83177881,"""__EXR__not about conservation""",1
2025-03-28T12:31:43.068Z,793585,c.matos@hull.ac.uk,83177881,included,-1
2025-03-28T12:39:20.360Z,793585,c.matos@hull.ac.uk,83177964,"""__EXR__not about conservation""",1
2025-03-28T12:39:20.380Z,793585,c.matos@hull.ac.uk,83177964,included,-1
2025-03-30T05:16:26.710Z,793580,valentin.moser@wsl.ch,153485453,included,1
2025-03-30T05:20:42.948Z,793580,valentin.moser@wsl.ch,153486015,"""__EXR__Not about evidence use""",1
2025-03-30T05:20:42.963Z,793580,valentin.moser@wsl.ch,153486015,included,-1
2025-03-30T14:15:17.975Z,793580,valentin.moser@wsl.ch,153486409,included,1
2025-03-30T14:44:21.128Z,793580,valentin.moser@wsl.ch,153486831,"""__EXR__Not about evidence use""",1
2025-03-30T14:44:21.147Z,793580,valentin.moser@wsl.ch,153486831,included,-1
2025-03-30T14:45:24.514Z,793580,valentin.moser@wsl.ch,153486856,"""__EXR__not about conservation""",1
2025-03-30T14:45:24.531Z,793580,valentin.moser@wsl.ch,153486856,included,-1
2025-03-30T14:52:49.995Z,793580,valentin.moser@wsl.ch,153487066,"""__EXR__Not about evidence use""",1
2025-03-30T14:52:50.016Z,793580,valentin.moser@wsl.ch,153487066,included,-1
2025-03-31T09:44:04.516Z,809822,tltk2@cam.ac.uk,153486905,included,1
2025-04-01T13:38:51.607Z,0,rayyan@rayyan.ai,153486756,"""__SYSTEM__SAMPLE__f4a00ea4025167ff6070212d6244523a_17119""",1
2025-04-01T13:38:51.607Z,0,rayyan@rayyan.ai,153485554,"""__SYSTEM__SAMPLE__f4a00ea4025167ff6070212d6244523a_17119""",1
2025-04-01T13:38:51.779Z,0,rayyan@rayyan.ai,153486451,"""__SYSTEM__SAMPLE__f4a00ea4025167ff6070212d6244523a_17119""",1
2025-04-01T14:49:10.805Z,817493,sarah.luke@nottingham.ac.uk,83177984,"""__EXR__Not about conservation""",1
2025-04-01T14:49:10.819Z,817493,sarah.luke@nottingham.ac.uk,83177984,included,-1
2025-04-01T15:37:12.276Z,817493,sarah.luke@nottingham.ac.uk,153485713,"""__EXR__Not about evidence use""",1
2025-04-01T15:37:12.289Z,817493,sarah.luke@nottingham.ac.uk,153485713,included,-1
2025-04-01T15:41:34.817Z,817493,sarah.luke@nottingham.ac.uk,153485877,"""__EXR__Not about policy or practice""",1
2025-04-01T15:41:34.831Z,817493,sarah.luke@nottingham.ac.uk,153485877,included,-1
2025-04-01T15:54:20.856Z,817493,sarah.luke@nottingham.ac.uk,153486089,"""__EXR__Not about conservation""",1
2025-04-01T15:54:20.870Z,817493,sarah.luke@nottingham.ac.uk,153486089,included,-1
2025-04-01T15:57:46.375Z,817493,sarah.luke@nottingham.ac.uk,153486163,"""__EXR__Not about conservation""",1
2025-04-01T15:57:46.394Z,817493,sarah.luke@nottingham.ac.uk,153486163,included,-1
2025-04-02T08:34:23.401Z,793586,ake@ceh.ac.uk,153485554,"""__EXR__Not about conservation""",1
2025-04-02T08:34:23.422Z,793586,ake@ceh.ac.uk,153485554,included,-1
2025-04-02T13:39:45.142Z,448594,phil.martin.research@gmail.com,153485453,"""Check valentin's papers""",1
2025-04-02T13:39:45.379Z,448594,phil.martin.research@gmail.com,153486015,"""Check valentin's papers""",1
2025-04-02T13:39:45.574Z,448594,phil.martin.research@gmail.com,153486409,"""Check valentin's papers""",1
2025-04-02T13:39:45.574Z,448594,phil.martin.research@gmail.com,153486831,"""Check valentin's papers""",1
2025-04-02T13:39:45.574Z,448594,phil.martin.research@gmail.com,153486856,"""Check valentin's papers""",1
2025-04-02T13:39:45.574Z,448594,phil.martin.research@gmail.com,153487066,"""Check valentin's papers""",1
2025-04-02T13:40:04.597Z,448594,phil.martin.research@gmail.com,153485453,"""Check valentin's papers""",1
2025-04-02T13:40:04.597Z,448594,phil.martin.research@gmail.com,153486409,"""Check valentin's papers""",1
2025-04-02T13:41:26.286Z,448594,phil.martin.research@gmail.com,153485453,"""Check Valentin's papers""",1
2025-04-02T13:41:26.286Z,448594,phil.martin.research@gmail.com,153485453,"""Check Valentin's papers - new""",1
2025-04-02T13:41:26.963Z,448594,phil.martin.research@gmail.com,153486015,"""Check Valentin's papers""",1
2025-04-02T13:41:26.963Z,448594,phil.martin.research@gmail.com,153486015,"""Check Valentin's papers - new""",1
2025-04-02T13:41:27.015Z,448594,phil.martin.research@gmail.com,153486409,"""Check Valentin's papers""",1
2025-04-02T13:41:27.015Z,448594,phil.martin.research@gmail.com,153486409,"""Check Valentin's papers - new""",1
2025-04-02T13:41:27.065Z,448594,phil.martin.research@gmail.com,153486831,"""Check Valentin's papers""",1
2025-04-02T13:41:27.065Z,448594,phil.martin.research@gmail.com,153486831,"""Check Valentin's papers - new""",1
2025-04-02T13:41:27.065Z,448594,phil.martin.research@gmail.com,153486856,"""Check Valentin's papers""",1
2025-04-02T13:41:27.065Z,448594,phil.martin.research@gmail.com,153486856,"""Check Valentin's papers - new""",1
2025-04-02T13:41:27.065Z,448594,phil.martin.research@gmail.com,153487066,"""Check Valentin's papers""",1
2025-04-02T13:41:27.065Z,448594,phil.martin.research@gmail.com,153487066,"""Check Valentin's papers - new""",1
2025-04-02T13:41:43.596Z,448594,phil.martin.research@gmail.com,153485453,"""Check Valentin's papers""",deleted
2025-04-02T13:41:43.596Z,448594,phil.martin.research@gmail.com,153485453,"""Check valentin's papers""",deleted
2025-04-02T13:41:43.663Z,448594,phil.martin.research@gmail.com,153486015,"""Check Valentin's papers""",deleted
2025-04-02T13:41:43.663Z,448594,phil.martin.research@gmail.com,153486015,"""Check valentin's papers""",deleted
2025-04-02T13:41:43.696Z,448594,phil.martin.research@gmail.com,153486409,"""Check Valentin's papers""",deleted
2025-04-02T13:41:43.696Z,448594,phil.martin.research@gmail.com,153486409,"""Check valentin's papers""",deleted
2025-04-02T13:41:43.741Z,448594,phil.martin.research@gmail.com,153486831,"""Check Valentin's papers""",deleted
2025-04-02T13:41:43.741Z,448594,phil.martin.research@gmail.com,153486831,"""Check valentin's papers""",deleted
2025-04-02T13:41:43.741Z,448594,phil.martin.research@gmail.com,153486856,"""Check Valentin's papers""",deleted
2025-04-02T13:41:43.741Z,448594,phil.martin.research@gmail.com,153486856,"""Check valentin's papers""",deleted
2025-04-02T13:41:43.741Z,448594,phil.martin.research@gmail.com,153487066,"""Check Valentin's papers""",deleted
2025-04-02T13:41:43.741Z,448594,phil.martin.research@gmail.com,153487066,"""Check valentin's papers""",deleted
2025-04-02T13:43:11.952Z,448594,phil.martin.research@gmail.com,153485453,"""Check Valentin's papers - new""",deleted
2025-04-02T13:43:11.986Z,448594,phil.martin.research@gmail.com,153486015,"""Check Valentin's papers - new""",deleted
2025-04-02T13:43:12.050Z,448594,phil.martin.research@gmail.com,153486409,"""Check Valentin's papers - new""",deleted
2025-04-02T13:43:12.050Z,448594,phil.martin.research@gmail.com,153486831,"""Check Valentin's papers - new""",deleted
2025-04-02T13:43:12.050Z,448594,phil.martin.research@gmail.com,153486856,"""Check Valentin's papers - new""",deleted
2025-04-02T13:43:12.050Z,448594,phil.martin.research@gmail.com,153487066,"""Check Valentin's papers - new""",deleted
2025-04-02T13:44:19.008Z,448594,phil.martin.research@gmail.com,153485453,"""To check - Valentin""",1
2025-04-02T13:44:19.046Z,448594,phil.martin.research@gmail.com,153486015,"""To check - Valentin""",1
2025-04-02T13:44:19.147Z,448594,phil.martin.research@gmail.com,153486409,"""To check - Valentin""",1
2025-04-02T13:44:19.147Z,448594,phil.martin.research@gmail.com,153486756,"""To check - Valentin""",1
2025-04-02T13:44:19.147Z,448594,phil.martin.research@gmail.com,153486831,"""To check - Valentin""",1
2025-04-02T13:44:19.147Z,448594,phil.martin.research@gmail.com,153486856,"""To check - Valentin""",1
2025-04-02T13:44:19.179Z,448594,phil.martin.research@gmail.com,153487066,"""To check - Valentin""",1
2025-04-02T13:44:19.179Z,448594,phil.martin.research@gmail.com,153487751,"""To check - Valentin""",1
2025-04-02T13:45:23.738Z,448594,phil.martin.research@gmail.com,153485453,"""To check - Valentin""",deleted
2025-04-02T13:45:23.916Z,448594,phil.martin.research@gmail.com,153486015,"""To check - Valentin""",deleted
2025-04-02T13:45:23.946Z,448594,phil.martin.research@gmail.com,153486409,"""To check - Valentin""",deleted
2025-04-02T13:45:23.946Z,448594,phil.martin.research@gmail.com,153486756,"""To check - Valentin""",deleted
2025-04-02T13:45:23.946Z,448594,phil.martin.research@gmail.com,153486831,"""To check - Valentin""",deleted
2025-04-02T13:45:23.946Z,448594,phil.martin.research@gmail.com,153486856,"""To check - Valentin""",deleted
2025-04-02T13:45:23.978Z,448594,phil.martin.research@gmail.com,153487066,"""To check - Valentin""",deleted
2025-04-02T13:45:23.978Z,448594,phil.martin.research@gmail.com,153487751,"""To check - Valentin""",deleted
2025-04-02T13:46:10.586Z,448594,phil.martin.research@gmail.com,153485453,"""To check - Valentin""",1
2025-04-02T13:46:10.642Z,448594,phil.martin.research@gmail.com,153486015,"""To check - Valentin""",1
2025-04-02T13:46:10.724Z,448594,phil.martin.research@gmail.com,153486409,"""To check - Valentin""",1
2025-04-02T13:46:10.724Z,448594,phil.martin.research@gmail.com,153486756,"""To check - Valentin""",1
2025-04-02T13:46:10.724Z,448594,phil.martin.research@gmail.com,153486831,"""To check - Valentin""",1
2025-04-02T13:46:10.724Z,448594,phil.martin.research@gmail.com,153486856,"""To check - Valentin""",1
2025-04-02T13:46:10.767Z,448594,phil.martin.research@gmail.com,153487066,"""To check - Valentin""",1
2025-04-02T13:46:10.767Z,448594,phil.martin.research@gmail.com,153487751,"""To check - Valentin""",1
2025-04-02T13:46:46.064Z,793585,c.matos@hull.ac.uk,153485681,"""__EXR__Not about conservation""",1
2025-04-02T13:46:46.077Z,793585,c.matos@hull.ac.uk,153485681,included,-1
2025-04-02T13:51:06.536Z,448594,phil.martin.research@gmail.com,153485453,"""To check - Valentin""",deleted
2025-04-02T13:51:06.645Z,448594,phil.martin.research@gmail.com,153486015,"""To check - Valentin""",deleted
2025-04-02T13:51:06.691Z,448594,phil.martin.research@gmail.com,153486409,"""To check - Valentin""",deleted
2025-04-02T13:51:06.691Z,448594,phil.martin.research@gmail.com,153486756,"""To check - Valentin""",deleted
2025-04-02T13:51:06.691Z,448594,phil.martin.research@gmail.com,153486831,"""To check - Valentin""",deleted
2025-04-02T13:51:06.691Z,448594,phil.martin.research@gmail.com,153486856,"""To check - Valentin""",deleted
2025-04-02T13:51:06.742Z,448594,phil.martin.research@gmail.com,153487066,"""To check - Valentin""",deleted
2025-04-02T13:51:06.742Z,448594,phil.martin.research@gmail.com,153487751,"""To check - Valentin""",deleted
2025-04-03T16:08:41.930Z,793585,c.matos@hull.ac.uk,153485927,"""__EXR__Not about conservation""",1
2025-04-03T16:08:41.950Z,793585,c.matos@hull.ac.uk,153485927,included,-1
2025-04-03T16:44:23.634Z,793585,c.matos@hull.ac.uk,153485969,"""__EXR__Not about conservation""",1
2025-04-03T16:44:23.664Z,793585,c.matos@hull.ac.uk,153485969,included,-1
2025-04-03T16:49:01.345Z,793585,c.matos@hull.ac.uk,153486065,"""__EXR__Not about conservation""",1
2025-04-03T16:49:01.364Z,793585,c.matos@hull.ac.uk,153486065,included,-1
2025-04-03T16:49:01.389Z,793585,c.matos@hull.ac.uk,153486065,"""__EXR__Not about factors that influence evidence use""",1
2025-04-03T16:49:01.402Z,793585,c.matos@hull.ac.uk,153486065,included,-1
2025-04-03T16:49:07.107Z,793585,c.matos@hull.ac.uk,153486065,"""__EXR__Not about factors that influence evidence use""",deleted
2025-04-03T16:49:19.285Z,793585,c.matos@hull.ac.uk,153486083,"""__EXR__Not about conservation""",1
2025-04-03T16:49:19.305Z,793585,c.matos@hull.ac.uk,153486083,included,-1
2025-04-04T08:13:43.060Z,448594,phil.martin.research@gmail.com,153486015,"""Valentin - to check""",1
2025-04-04T08:13:43.318Z,448594,phil.martin.research@gmail.com,153486831,"""Valentin - to check""",1
2025-04-04T08:13:43.318Z,448594,phil.martin.research@gmail.com,153486856,"""Valentin - to check""",1
2025-04-04T08:13:43.318Z,448594,phil.martin.research@gmail.com,153487066,"""Valentin - to check""",1
2025-04-04T08:14:20.064Z,448594,phil.martin.research@gmail.com,153485453,"""Valentin - to check""",1
2025-04-04T08:14:20.064Z,448594,phil.martin.research@gmail.com,153486409,"""Valentin - to check""",1
2025-04-04T08:21:26.563Z,448594,phil.martin.research@gmail.com,153485453,included,1
2025-04-04T08:36:57.702Z,448594,phil.martin.research@gmail.com,153487066,"""__EXR__Not about Evidence use""",1
2025-04-04T08:36:57.716Z,448594,phil.martin.research@gmail.com,153487066,included,-1
2025-04-04T08:47:35.319Z,448594,phil.martin.research@gmail.com,153486409,included,1
2025-04-04T08:54:34.219Z,448594,phil.martin.research@gmail.com,153486831,"""__EXR__Not about Evidence use""",1
2025-04-04T08:54:34.284Z,448594,phil.martin.research@gmail.com,153486831,included,-1
2025-04-04T09:54:57.378Z,448594,phil.martin.research@gmail.com,153486015,"""__EXR__Not about conservation""",1
2025-04-04T09:54:57.388Z,448594,phil.martin.research@gmail.com,153486015,included,-1
2025-04-04T09:56:59.594Z,448594,phil.martin.research@gmail.com,153486856,"""__EXR__Not about conservation""",1
2025-04-04T09:56:59.607Z,448594,phil.martin.research@gmail.com,153486856,included,-1
2025-04-04T10:21:32.943Z,448594,phil.martin.research@gmail.com,83177881,"""Catia - to check""",1
2025-04-04T10:21:32.943Z,448594,phil.martin.research@gmail.com,83177964,"""Catia - to check""",1
2025-04-04T10:21:32.943Z,448594,phil.martin.research@gmail.com,153485681,"""Catia - to check""",1
2025-04-04T10:21:33.200Z,448594,phil.martin.research@gmail.com,153485927,"""Catia - to check""",1
2025-04-04T10:21:33.200Z,448594,phil.martin.research@gmail.com,153485969,"""Catia - to check""",1
2025-04-04T10:21:33.200Z,448594,phil.martin.research@gmail.com,153486065,"""Catia - to check""",1
2025-04-04T10:21:33.200Z,448594,phil.martin.research@gmail.com,153486083,"""Catia - to check""",1
2025-04-04T11:12:28.508Z,448594,phil.martin.research@gmail.com,83177881,"""__EXR__Not about conservation""",1
2025-04-04T11:12:28.526Z,448594,phil.martin.research@gmail.com,83177881,included,-1
2025-04-04T11:16:18.283Z,448594,phil.martin.research@gmail.com,153485681,"""__EXR__Not about Evidence use""",1
2025-04-04T11:16:18.314Z,448594,phil.martin.research@gmail.com,153485681,included,-1
2025-04-04T12:13:00.324Z,448594,phil.martin.research@gmail.com,153486083,"""__EXR__Not about conservation""",1
2025-04-04T12:13:00.366Z,448594,phil.martin.research@gmail.com,153486083,included,-1
2025-04-04T12:13:35.684Z,448594,phil.martin.research@gmail.com,153485927,"""__EXR__Not about conservation""",1
2025-04-04T12:13:35.697Z,448594,phil.martin.research@gmail.com,153485927,included,-1
2025-04-04T12:14:39.811Z,448594,phil.martin.research@gmail.com,153485969,"""__EXR__Not about conservation""",1
2025-04-04T12:14:39.828Z,448594,phil.martin.research@gmail.com,153485969,included,-1
2025-04-04T12:20:07.501Z,448594,phil.martin.research@gmail.com,83177964,"""__EXR__Not about conservation""",1
2025-04-04T12:20:07.519Z,448594,phil.martin.research@gmail.com,83177964,included,-1
2025-04-04T12:46:42.440Z,448594,phil.martin.research@gmail.com,153486065,"""__EXR__Not about conservation""",1
2025-04-04T12:46:42.456Z,448594,phil.martin.research@gmail.com,153486065,included,-1
2025-04-07T14:51:24.281Z,448594,phil.martin.research@gmail.com,83177984,"""Iris - to check""",deleted
2025-04-07T14:51:24.281Z,448594,phil.martin.research@gmail.com,83177984,"""Catia - to check""",deleted
2025-04-07T14:51:24.349Z,448594,phil.martin.research@gmail.com,153485713,"""Iris - to check""",deleted
2025-04-07T14:51:24.349Z,448594,phil.martin.research@gmail.com,153485713,"""Catia - to check""",deleted
2025-04-07T14:51:24.419Z,448594,phil.martin.research@gmail.com,153485877,"""Iris - to check""",deleted
2025-04-07T14:51:24.419Z,448594,phil.martin.research@gmail.com,153485877,"""Catia - to check""",deleted
2025-04-07T14:51:24.419Z,448594,phil.martin.research@gmail.com,153486089,"""Iris - to check""",deleted
2025-04-07T14:51:24.419Z,448594,phil.martin.research@gmail.com,153486089,"""Catia - to check""",deleted
2025-04-07T14:51:24.419Z,448594,phil.martin.research@gmail.com,153486163,"""Iris - to check""",deleted
2025-04-07T14:51:24.419Z,448594,phil.martin.research@gmail.com,153486163,"""Catia - to check""",deleted
2025-04-07T14:52:07.161Z,448594,phil.martin.research@gmail.com,83177984,"""Sarah - to check""",1
2025-04-07T14:52:07.161Z,448594,phil.martin.research@gmail.com,153485713,"""Sarah - to check""",1
2025-04-07T14:52:07.275Z,448594,phil.martin.research@gmail.com,153485877,"""Sarah - to check""",1
2025-04-07T14:52:07.275Z,448594,phil.martin.research@gmail.com,153486089,"""Sarah - to check""",1
2025-04-07T14:52:07.275Z,448594,phil.martin.research@gmail.com,153486163,"""Sarah - to check""",1
2025-04-08T09:11:23.996Z,793578,tabitha.taberer@jesus.ox.ac.uk,153486451,included,1
2025-04-08T09:21:43.466Z,793578,tabitha.taberer@jesus.ox.ac.uk,153486517,"""__EXR__Not about factors that influence evidence use""",1
2025-04-08T09:21:43.487Z,793578,tabitha.taberer@jesus.ox.ac.uk,153486517,included,-1
2025-04-08T09:25:49.661Z,793578,tabitha.taberer@jesus.ox.ac.uk,153486581,"""__EXR__Not about evidence use""",1
2025-04-08T09:25:49.676Z,793578,tabitha.taberer@jesus.ox.ac.uk,153486581,included,-1
2025-04-08T17:29:28.769Z,793576,carlos.barreto@algomau.ca,83177833,"""__EXR__Not about conservation""",1
2025-04-08T17:29:28.788Z,793576,carlos.barreto@algomau.ca,83177833,included,-1
2025-04-08T19:09:01.969Z,793576,carlos.barreto@algomau.ca,153485411,"""__EXR__Not about conservation""",1
2025-04-08T19:09:01.989Z,793576,carlos.barreto@algomau.ca,153485411,included,-1
2025-04-08T20:34:56.533Z,793576,carlos.barreto@algomau.ca,153485810,"""__EXR__Not about conservation""",1
2025-04-08T20:34:56.549Z,793576,carlos.barreto@algomau.ca,153485810,included,-1
2025-04-09T08:53:40.506Z,793578,tabitha.taberer@jesus.ox.ac.uk,153486895,"""__EXR__Not about conservation""",1
2025-04-09T08:53:40.532Z,793578,tabitha.taberer@jesus.ox.ac.uk,153486895,included,-1
2025-04-09T09:02:11.787Z,793578,tabitha.taberer@jesus.ox.ac.uk,153487080,"""__EXR__Not about evidence use""",1
2025-04-09T09:02:11.802Z,793578,tabitha.taberer@jesus.ox.ac.uk,153487080,included,-1
2025-04-10T10:57:06.519Z,448594,phil.martin.research@gmail.com,153485713,"""__EXR__Not about Evidence use""",1
2025-04-10T10:57:06.533Z,448594,phil.martin.research@gmail.com,153485713,included,-1
2025-04-10T11:04:12.262Z,448594,phil.martin.research@gmail.com,83177984,included,1
2025-04-10T13:59:39.180Z,448594,phil.martin.research@gmail.com,153485877,"""__EXR__Not about Evidence use""",1
2025-04-10T13:59:39.203Z,448594,phil.martin.research@gmail.com,153485877,included,-1
2025-04-10T14:30:30.696Z,448594,phil.martin.research@gmail.com,153486089,"""__EXR__Not about conservation""",1
2025-04-10T14:30:30.712Z,448594,phil.martin.research@gmail.com,153486089,included,-1
2025-04-10T14:38:03.997Z,448594,phil.martin.research@gmail.com,153486163,"""__EXR__Not about conservation""",1
2025-04-10T14:38:04.011Z,448594,phil.martin.research@gmail.com,153486163,included,-1
2025-04-10T15:11:57.277Z,448594,phil.martin.research@gmail.com,83177833,"""Carlos - to check""",1
2025-04-10T15:11:57.277Z,448594,phil.martin.research@gmail.com,153485411,"""Carlos - to check""",1
2025-04-10T15:11:57.514Z,448594,phil.martin.research@gmail.com,153485810,"""Carlos - to check""",1
2025-04-11T10:10:07.166Z,448594,phil.martin.research@gmail.com,153485810,included,1
2025-04-11T10:18:35.902Z,448594,phil.martin.research@gmail.com,83177833,"""__EXR__Not about conservation""",1
2025-04-11T10:18:35.914Z,448594,phil.martin.research@gmail.com,83177833,included,-1
2025-04-11T10:49:32.570Z,448594,phil.martin.research@gmail.com,153485411,"""__EXR__Not about conservation""",1
2025-04-11T10:49:32.585Z,448594,phil.martin.research@gmail.com,153485411,included,-1
2025-04-11T15:19:36.415Z,793586,ake@ceh.ac.uk,153486756,"""__EXR__Not about conservation""",1
2025-04-11T15:19:36.441Z,793586,ake@ceh.ac.uk,153486756,included,-1
2025-04-14T07:44:04.848Z,840759,alvaro.moreno@bc3research.org,83177492,included,0
2025-04-14T07:44:08.745Z,840759,alvaro.moreno@bc3research.org,83177682,included,1
2025-04-14T12:08:36.132Z,0,rayyan@rayyan.ai,83177984,"""__SYSTEM__STAGE__70058""",1
2025-04-14T12:08:36.340Z,0,rayyan@rayyan.ai,153485453,"""__SYSTEM__STAGE__70058""",1
2025-04-14T12:08:36.340Z,0,rayyan@rayyan.ai,153485810,"""__SYSTEM__STAGE__70058""",1
2025-04-14T12:08:36.497Z,0,rayyan@rayyan.ai,153486409,"""__SYSTEM__STAGE__70058""",1
2025-04-16T14:51:05.694Z,793585,c.matos@hull.ac.uk,153486537,"""__EXR__Not about evidence use""",1
2025-04-16T14:51:05.712Z,793585,c.matos@hull.ac.uk,153486537,included,-1
2025-04-22T14:06:10.973Z,448594,phil.martin.research@gmail.com,153486024,"""__EXR__Not about Evidence use""",1
2025-04-22T14:06:10.984Z,448594,phil.martin.research@gmail.com,153486024,included,-1
2025-04-22T14:53:54.352Z,448594,phil.martin.research@gmail.com,83177682,"""Likely to include - check""",1
2025-04-22T14:53:54.625Z,448594,phil.martin.research@gmail.com,153486642,"""Likely to include - check""",1
2025-04-22T15:41:07.914Z,448594,phil.martin.research@gmail.com,153485554,"""Aidan - to check""",1
2025-04-22T15:41:07.914Z,448594,phil.martin.research@gmail.com,153486756,"""Aidan - to check""",1
2025-04-22T16:22:02.078Z,0,rayyan@rayyan.ai,153487116,"""__SYSTEM__SAMPLE__3ff0d7fee4e91535b9e1dbf417bd181c_18354""",1
2025-04-22T16:22:02.078Z,0,rayyan@rayyan.ai,153486517,"""__SYSTEM__SAMPLE__3ff0d7fee4e91535b9e1dbf417bd181c_18354""",1
2025-04-22T16:22:02.368Z,0,rayyan@rayyan.ai,153486482,"""__SYSTEM__SAMPLE__3ff0d7fee4e91535b9e1dbf417bd181c_18354""",1
2025-04-22T16:22:02.950Z,0,rayyan@rayyan.ai,153486190,"""__SYSTEM__SAMPLE__3ff0d7fee4e91535b9e1dbf417bd181c_18354""",1
2025-04-22T16:22:05.388Z,0,rayyan@rayyan.ai,83178029,"""__SYSTEM__SAMPLE__3ff0d7fee4e91535b9e1dbf417bd181c_18354""",1
2025-04-22T16:22:06.599Z,0,rayyan@rayyan.ai,153485260,"""__SYSTEM__SAMPLE__3ff0d7fee4e91535b9e1dbf417bd181c_18355""",1
2025-04-22T16:22:06.748Z,0,rayyan@rayyan.ai,153486756,"""__SYSTEM__SAMPLE__3ff0d7fee4e91535b9e1dbf417bd181c_18355""",1
2025-04-22T16:22:07.526Z,0,rayyan@rayyan.ai,153486475,"""__SYSTEM__SAMPLE__3ff0d7fee4e91535b9e1dbf417bd181c_18355""",1
2025-04-22T16:22:07.606Z,0,rayyan@rayyan.ai,153487080,"""__SYSTEM__SAMPLE__3ff0d7fee4e91535b9e1dbf417bd181c_18355""",1
2025-04-22T16:22:07.805Z,0,rayyan@rayyan.ai,153486229,"""__SYSTEM__SAMPLE__3ff0d7fee4e91535b9e1dbf417bd181c_18355""",1
2025-04-22T16:22:07.939Z,0,rayyan@rayyan.ai,153486039,"""__SYSTEM__SAMPLE__3ff0d7fee4e91535b9e1dbf417bd181c_18355""",1
2025-04-22T16:22:08.026Z,0,rayyan@rayyan.ai,153486009,"""__SYSTEM__SAMPLE__3ff0d7fee4e91535b9e1dbf417bd181c_18355""",1
2025-04-22T16:22:08.438Z,0,rayyan@rayyan.ai,153486581,"""__SYSTEM__SAMPLE__3ff0d7fee4e91535b9e1dbf417bd181c_18356""",1
2025-04-22T16:22:08.717Z,0,rayyan@rayyan.ai,83177682,"""__SYSTEM__SAMPLE__3ff0d7fee4e91535b9e1dbf417bd181c_18356""",1
2025-04-22T16:22:08.786Z,0,rayyan@rayyan.ai,153486451,"""__SYSTEM__SAMPLE__3ff0d7fee4e91535b9e1dbf417bd181c_18356""",1
2025-04-22T16:22:09.098Z,0,rayyan@rayyan.ai,153485637,"""__SYSTEM__SAMPLE__3ff0d7fee4e91535b9e1dbf417bd181c_18356""",1
2025-04-22T16:22:09.438Z,0,rayyan@rayyan.ai,153485385,"""__SYSTEM__SAMPLE__3ff0d7fee4e91535b9e1dbf417bd181c_18356""",1
2025-04-22T16:22:09.767Z,0,rayyan@rayyan.ai,153486057,"""__SYSTEM__SAMPLE__3ff0d7fee4e91535b9e1dbf417bd181c_18356""",1
2025-04-22T16:22:10.026Z,0,rayyan@rayyan.ai,153485738,"""__SYSTEM__SAMPLE__3ff0d7fee4e91535b9e1dbf417bd181c_18356""",1
2025-04-23T13:08:08.634Z,793586,ake@ceh.ac.uk,83178023,"""__EXR__No about conservation""",1
2025-04-23T13:08:08.648Z,793586,ake@ceh.ac.uk,83178023,included,-1
2025-04-23T13:08:22.388Z,793586,ake@ceh.ac.uk,83178023,"""__EXR__Not about conservation""",1
2025-04-23T13:08:22.399Z,793586,ake@ceh.ac.uk,83178023,included,-1
2025-04-23T13:08:22.416Z,793586,ake@ceh.ac.uk,83178023,"""__EXR__No about conservation""",deleted
2025-04-23T13:09:41.113Z,793586,ake@ceh.ac.uk,153485243,"""__EXR__Not about conservation""",1
2025-04-23T13:09:41.129Z,793586,ake@ceh.ac.uk,153485243,included,-1
2025-04-23T13:13:30.689Z,793581,santip1320@gmail.com,83177929,included,-1
2025-04-23T13:14:42.248Z,793581,santip1320@gmail.com,153485139,included,0
2025-04-23T13:20:42.134Z,793586,ake@ceh.ac.uk,153485626,"""__EXR__Not about conservation""",1
2025-04-23T13:20:42.148Z,793586,ake@ceh.ac.uk,153485626,included,-1
2025-04-23T13:28:02.824Z,793581,santip1320@gmail.com,153485260,included,1
2025-04-23T13:28:59.454Z,793586,ake@ceh.ac.uk,153486057,"""__EXR__Not about conservation""",1
2025-04-23T13:28:59.466Z,793586,ake@ceh.ac.uk,153486057,included,-1
2025-04-23T13:48:07.183Z,793581,santip1320@gmail.com,153485585,note-12194769,1
2025-04-23T13:48:08.592Z,793581,santip1320@gmail.com,153485585,included,1
2025-04-23T13:49:16.303Z,793581,santip1320@gmail.com,153485588,included,1
2025-04-23T13:51:57.588Z,793581,santip1320@gmail.com,153485635,included,-1
2025-04-23T20:32:35.411Z,808990,jhartup45@gmail.com,83177682,"""__EXR__Not about conservation""",1
2025-04-23T20:32:35.428Z,808990,jhartup45@gmail.com,83177682,included,-1
2025-04-24T07:10:19.481Z,808990,jhartup45@gmail.com,83177833,"""__EXR__Not about conservation""",1
2025-04-24T07:10:19.500Z,808990,jhartup45@gmail.com,83177833,included,-1
2025-04-24T09:04:38.764Z,808990,jhartup45@gmail.com,153486190,"""__EXR__Not about factors that influence evidence use""",1
2025-04-24T09:04:38.782Z,808990,jhartup45@gmail.com,153486190,included,-1
2025-04-24T13:33:00.923Z,448594,phil.martin.research@gmail.com,83177682,"""Jamie - to check""",1
2025-04-24T13:33:00.923Z,448594,phil.martin.research@gmail.com,83177833,"""Jamie - to check""",1
2025-04-24T13:33:01.057Z,448594,phil.martin.research@gmail.com,153486190,"""Jamie - to check""",1
2025-04-25T09:49:17.398Z,817493,sarah.luke@nottingham.ac.uk,153486629,"""__EXR__Not about evidence use""",1
2025-04-25T09:49:17.456Z,817493,sarah.luke@nottingham.ac.uk,153486629,included,-1
2025-04-25T10:16:29.822Z,817493,sarah.luke@nottingham.ac.uk,153486905,"""__EXR__Not about evidence use""",1
2025-04-25T10:16:29.855Z,817493,sarah.luke@nottingham.ac.uk,153486905,included,-1
2025-04-25T11:10:04.769Z,817493,sarah.luke@nottingham.ac.uk,153487167,"""__EXR__Not about factors that influence evidence use""",1
2025-04-25T11:10:04.814Z,817493,sarah.luke@nottingham.ac.uk,153487167,included,-1
2025-04-25T15:45:47.898Z,793584,amirmohammadif@gmail.com,83177492,included,-1
2025-04-26T15:36:02.331Z,793584,amirmohammadif@gmail.com,83177682,included,-1
2025-04-26T16:00:49.423Z,793584,amirmohammadif@gmail.com,83177833,included,1
2025-04-26T20:06:11.316Z,793584,amirmohammadif@gmail.com,83177964,included,1
2025-04-27T20:40:15.184Z,793576,carlos.barreto@algomau.ca,153485810,included,1
2025-04-27T20:40:18.424Z,793576,carlos.barreto@algomau.ca,153485810,"""__EXR__Not about conservation""",deleted
2025-04-27T20:42:15.813Z,793584,amirmohammadif@gmail.com,83177984,included,-1
2025-04-29T18:07:35.392Z,793576,carlos.barreto@algomau.ca,153486005,"""__EXR__Not about conservation""",1
2025-04-29T18:07:35.481Z,793576,carlos.barreto@algomau.ca,153486005,included,-1
2025-04-29T18:14:10.276Z,793576,carlos.barreto@algomau.ca,153486009,"""__EXR__Not about conservation""",1
2025-04-29T18:14:10.330Z,793576,carlos.barreto@algomau.ca,153486009,included,-1
2025-04-29T20:53:29.007Z,793576,carlos.barreto@algomau.ca,153486360,"""__EXR__Not about conservation""",1
2025-04-29T20:53:29.022Z,793576,carlos.barreto@algomau.ca,153486360,included,-1
2025-04-29T20:53:29.037Z,793576,carlos.barreto@algomau.ca,153486360,"""__EXR__Not about evidence use""",deleted
2025-04-29T20:56:30.665Z,793580,valentin.moser@wsl.ch,153487751,"""__EXR__Not about Evidence use""",1
2025-04-29T20:56:30.684Z,793580,valentin.moser@wsl.ch,153487751,included,-1
2025-04-29T21:07:48.662Z,793580,valentin.moser@wsl.ch,153486756,"""__EXR__Not about Evidence use""",1
2025-04-29T21:07:48.684Z,793580,valentin.moser@wsl.ch,153486756,included,-1
2025-04-29T21:42:40.261Z,793576,carlos.barreto@algomau.ca,153486475,"""__EXR__Not about conservation""",1
2025-04-29T21:42:40.383Z,793576,carlos.barreto@algomau.ca,153486475,included,-1
2025-04-29T21:47:54.375Z,793576,carlos.barreto@algomau.ca,153486482,included,1
2025-04-30T11:44:23.485Z,448594,phil.martin.research@gmail.com,153485378,"""Automatically excluded (Likely to exclude)""",1
2025-04-30T11:44:23.485Z,448594,phil.martin.research@gmail.com,153485743,"""Automatically excluded (Likely to exclude)""",1
2025-04-30T11:44:23.485Z,448594,phil.martin.research@gmail.com,153485745,"""Automatically excluded (Likely to exclude)""",1
2025-04-30T11:44:23.828Z,448594,phil.martin.research@gmail.com,153487043,"""Automatically excluded (Likely to exclude)""",1
2025-04-30T11:44:23.828Z,448594,phil.martin.research@gmail.com,153487047,"""Automatically excluded (Likely to exclude)""",1
2025-04-30T11:44:23.828Z,448594,phil.martin.research@gmail.com,153487099,"""Automatically excluded (Likely to exclude)""",1
2025-04-30T11:44:24.089Z,448594,phil.martin.research@gmail.com,153487261,"""Automatically excluded (Likely to exclude)""",1
2025-04-30T11:44:24.089Z,448594,phil.martin.research@gmail.com,153487295,"""Automatically excluded (Likely to exclude)""",1
2025-04-30T11:44:41.342Z,448594,phil.martin.research@gmail.com,153485378,included,-1
2025-04-30T11:44:41.342Z,448594,phil.martin.research@gmail.com,153485743,included,-1
2025-04-30T11:44:41.342Z,448594,phil.martin.research@gmail.com,153485745,included,-1
2025-04-30T11:44:41.440Z,448594,phil.martin.research@gmail.com,153487043,included,-1
2025-04-30T11:44:41.440Z,448594,phil.martin.research@gmail.com,153487047,included,-1
2025-04-30T11:44:41.440Z,448594,phil.martin.research@gmail.com,153487099,included,-1
2025-04-30T11:44:41.489Z,448594,phil.martin.research@gmail.com,153487261,included,-1
2025-04-30T11:44:41.489Z,448594,phil.martin.research@gmail.com,153487295,included,-1
2025-04-30T11:45:19.791Z,448594,phil.martin.research@gmail.com,153485626,"""Automatically excluded (Most likely to exclude)""",1
2025-04-30T11:45:19.791Z,448594,phil.martin.research@gmail.com,153486131,"""Automatically excluded (Most likely to exclude)""",1
2025-04-30T11:45:19.791Z,448594,phil.martin.research@gmail.com,153486601,"""Automatically excluded (Most likely to exclude)""",1
2025-04-30T11:45:21.850Z,448594,phil.martin.research@gmail.com,164706900,"""Automatically excluded (Most likely to exclude)""",1
2025-04-30T11:45:31.487Z,448594,phil.martin.research@gmail.com,153485626,included,-1
2025-04-30T11:45:31.487Z,448594,phil.martin.research@gmail.com,153486131,included,-1
2025-04-30T11:45:31.487Z,448594,phil.martin.research@gmail.com,153486601,included,-1
2025-04-30T11:45:33.610Z,448594,phil.martin.research@gmail.com,164706900,included,-1
2025-04-30T11:46:58.630Z,0,rayyan@rayyan.ai,153486005,"""__SYSTEM__SAMPLE__de73ba8f0f54a708c4e9084ca4fea915_18796""",1
2025-04-30T11:46:58.729Z,0,rayyan@rayyan.ai,153485738,"""__SYSTEM__SAMPLE__de73ba8f0f54a708c4e9084ca4fea915_18796""",1
2025-04-30T11:46:58.759Z,0,rayyan@rayyan.ai,153486384,"""__SYSTEM__SAMPLE__de73ba8f0f54a708c4e9084ca4fea915_18796""",1
2025-04-30T11:46:58.790Z,0,rayyan@rayyan.ai,153486229,"""__SYSTEM__SAMPLE__de73ba8f0f54a708c4e9084ca4fea915_18796""",1
2025-04-30T11:46:58.851Z,0,rayyan@rayyan.ai,83177929,"""__SYSTEM__SAMPLE__de73ba8f0f54a708c4e9084ca4fea915_18796""",1
2025-04-30T11:46:59.089Z,0,rayyan@rayyan.ai,153486900,"""__SYSTEM__SAMPLE__de73ba8f0f54a708c4e9084ca4fea915_18796""",1
2025-04-30T11:46:59.486Z,0,rayyan@rayyan.ai,153485637,"""__SYSTEM__SAMPLE__de73ba8f0f54a708c4e9084ca4fea915_18796""",1
2025-04-30T11:46:59.486Z,0,rayyan@rayyan.ai,153485139,"""__SYSTEM__SAMPLE__de73ba8f0f54a708c4e9084ca4fea915_18796""",1
2025-04-30T21:28:17.673Z,793576,carlos.barreto@algomau.ca,153487016,"""__EXR__Not about factors that influence evidence use""",1
2025-04-30T21:28:17.692Z,793576,carlos.barreto@algomau.ca,153487016,included,-1
2025-05-01T15:28:03.241Z,793577,ian.thornhill@manchester.ac.uk,153485637,"""__EXR__not about conservation""",1
2025-05-01T15:28:03.265Z,793577,ian.thornhill@manchester.ac.uk,153485637,included,-1
2025-05-01T15:33:36.342Z,793577,ian.thornhill@manchester.ac.uk,153486229,"""__EXR__not about conservation""",1
2025-05-01T15:33:36.363Z,793577,ian.thornhill@manchester.ac.uk,153486229,included,-1
2025-05-01T15:35:12.175Z,793577,ian.thornhill@manchester.ac.uk,153486384,included,1
2025-05-02T16:24:06.318Z,840759,alvaro.moreno@bc3research.org,83177833,note-12427869,1
2025-05-02T16:24:11.234Z,840759,alvaro.moreno@bc3research.org,83177833,"""__EXR__No about conservation""",1
2025-05-02T16:24:11.297Z,840759,alvaro.moreno@bc3research.org,83177833,included,-1
2025-05-02T16:31:25.186Z,840759,alvaro.moreno@bc3research.org,83177881,note-12428023,1
2025-05-02T16:31:33.345Z,840759,alvaro.moreno@bc3research.org,83177881,"""__EXR__No about conservation""",1
2025-05-02T16:31:33.358Z,840759,alvaro.moreno@bc3research.org,83177881,included,-1
2025-05-02T16:33:25.602Z,840759,alvaro.moreno@bc3research.org,83177929,"""__EXR__No about conservation""",1
2025-05-02T16:33:25.621Z,840759,alvaro.moreno@bc3research.org,83177929,included,-1
2025-05-02T16:33:51.171Z,840759,alvaro.moreno@bc3research.org,83177929,note-12428081,1
2025-05-02T16:39:27.476Z,840759,alvaro.moreno@bc3research.org,164706900,"""__EXR__No about conservation""",1
2025-05-02T16:39:27.503Z,840759,alvaro.moreno@bc3research.org,164706900,included,-1
2025-05-02T16:42:08.555Z,840759,alvaro.moreno@bc3research.org,83177964,note-12428243,1
2025-05-02T16:42:11.132Z,840759,alvaro.moreno@bc3research.org,83177964,"""__EXR__No about conservation""",1
2025-05-02T16:42:11.152Z,840759,alvaro.moreno@bc3research.org,83177964,included,-1
2025-05-02T16:48:03.271Z,840759,alvaro.moreno@bc3research.org,83177984,note-12428380,1
2025-05-02T16:48:04.041Z,840759,alvaro.moreno@bc3research.org,83177984,included,0
2025-05-02T16:48:06.039Z,840759,alvaro.moreno@bc3research.org,83178023,included,0
2025-05-02T16:49:37.261Z,840759,alvaro.moreno@bc3research.org,83178023,included,0
2025-05-02T16:49:39.915Z,840759,alvaro.moreno@bc3research.org,83178029,"""__EXR__No about conservation""",1
2025-05-02T16:49:39.933Z,840759,alvaro.moreno@bc3research.org,83178029,included,-1
2025-05-02T16:49:56.397Z,840759,alvaro.moreno@bc3research.org,83178029,"""__EXR__No about conservation""",deleted
2025-05-02T16:50:00.699Z,840759,alvaro.moreno@bc3research.org,83178029,included,-1
2025-05-02T16:50:14.654Z,840759,alvaro.moreno@bc3research.org,83178023,"""__EXR__No about conservation""",1
2025-05-02T16:50:14.667Z,840759,alvaro.moreno@bc3research.org,83178023,included,-1
2025-05-02T16:51:35.683Z,840759,alvaro.moreno@bc3research.org,83178023,note-12428438,1
2025-05-02T16:55:34.216Z,840759,alvaro.moreno@bc3research.org,83178029,"""__EXR__No about conservation""",1
2025-05-02T16:55:34.229Z,840759,alvaro.moreno@bc3research.org,83178029,included,-1
2025-05-02T16:56:58.232Z,840759,alvaro.moreno@bc3research.org,153485139,included,1
2025-05-02T16:58:08.483Z,840759,alvaro.moreno@bc3research.org,153485243,"""__EXR__No about conservation""",1
2025-05-02T16:58:08.508Z,840759,alvaro.moreno@bc3research.org,153485243,included,-1
2025-05-02T16:59:46.643Z,840759,alvaro.moreno@bc3research.org,153485260,included,1
2025-05-02T17:02:13.229Z,840759,alvaro.moreno@bc3research.org,153485453,included,1
2025-05-02T17:11:37.156Z,840759,alvaro.moreno@bc3research.org,153485378,note-12428773,1
2025-05-02T17:11:39.815Z,840759,alvaro.moreno@bc3research.org,153485378,"""__EXR__Not about policy or practice""",1
2025-05-02T17:11:39.846Z,840759,alvaro.moreno@bc3research.org,153485378,included,-1
2025-05-02T17:13:19.246Z,840759,alvaro.moreno@bc3research.org,153485385,"""__EXR__No about conservation""",1
2025-05-02T17:13:19.272Z,840759,alvaro.moreno@bc3research.org,153485385,included,-1
2025-05-02T17:15:27.686Z,840759,alvaro.moreno@bc3research.org,153485392,"""__EXR__Not about Evidence use""",1
2025-05-02T17:15:27.708Z,840759,alvaro.moreno@bc3research.org,153485392,included,-1
2025-05-02T17:16:32.728Z,840759,alvaro.moreno@bc3research.org,153485713,included,1
2025-05-02T17:16:53.581Z,840759,alvaro.moreno@bc3research.org,153485626,"""__EXR__No about conservation""",1
2025-05-02T17:16:53.603Z,840759,alvaro.moreno@bc3research.org,153485626,included,-1
2025-05-02T17:17:58.841Z,840759,alvaro.moreno@bc3research.org,153485411,"""__EXR__No about conservation""",1
2025-05-02T17:17:58.861Z,840759,alvaro.moreno@bc3research.org,153485411,included,-1
2025-05-02T17:19:46.430Z,840759,alvaro.moreno@bc3research.org,153485415,"""__EXR__Not about Evidence use""",1
2025-05-02T17:19:46.446Z,840759,alvaro.moreno@bc3research.org,153485415,included,-1
2025-05-02T17:23:00.227Z,840759,alvaro.moreno@bc3research.org,153485554,included,0
2025-05-02T17:24:53.163Z,840759,alvaro.moreno@bc3research.org,153485585,note-12429007,1
2025-05-02T17:25:03.380Z,840759,alvaro.moreno@bc3research.org,153485585,"""__EXR__Not about policy or practice""",1
2025-05-02T17:25:03.394Z,840759,alvaro.moreno@bc3research.org,153485585,included,-1
2025-05-02T17:25:32.853Z,840759,alvaro.moreno@bc3research.org,153485585,"""__EXR__No about conservation""",1
2025-05-02T17:25:32.867Z,840759,alvaro.moreno@bc3research.org,153485585,included,-1
2025-05-02T17:25:32.880Z,840759,alvaro.moreno@bc3research.org,153485585,"""__EXR__Not about policy or practice""",deleted
2025-05-02T17:25:45.139Z,840759,alvaro.moreno@bc3research.org,153485585,"""__EXR__Not about policy or practice""",1
2025-05-02T17:25:45.152Z,840759,alvaro.moreno@bc3research.org,153485585,included,-1
2025-05-02T17:25:45.165Z,840759,alvaro.moreno@bc3research.org,153485585,"""__EXR__No about conservation""",deleted
2025-05-02T17:26:51.625Z,840759,alvaro.moreno@bc3research.org,153485588,"""__EXR__Not about Evidence use""",1
2025-05-02T17:26:51.646Z,840759,alvaro.moreno@bc3research.org,153485588,included,-1
2025-05-02T17:27:22.069Z,840759,alvaro.moreno@bc3research.org,153485588,note-12429041,1
2025-05-02T17:29:00.199Z,840759,alvaro.moreno@bc3research.org,153486024,included,1
2025-05-02T17:30:02.581Z,840759,alvaro.moreno@bc3research.org,153486039,included,1
2025-05-02T17:31:20.209Z,840759,alvaro.moreno@bc3research.org,153485743,"""__EXR__Not about policy or practice""",1
2025-05-02T17:31:20.229Z,840759,alvaro.moreno@bc3research.org,153485743,included,-1
2025-05-02T17:32:33.653Z,840759,alvaro.moreno@bc3research.org,153485745,"""__EXR__Not about policy or practice""",1
2025-05-02T17:32:33.672Z,840759,alvaro.moreno@bc3research.org,153485745,included,-1
2025-05-02T17:34:04.424Z,840759,alvaro.moreno@bc3research.org,153486642,included,1
2025-05-02T17:35:15.042Z,840759,alvaro.moreno@bc3research.org,153485635,"""__EXR__No about conservation""",1
2025-05-02T17:35:15.061Z,840759,alvaro.moreno@bc3research.org,153485635,included,-1
2025-05-02T17:37:05.208Z,840759,alvaro.moreno@bc3research.org,153485681,"""__EXR__No about conservation""",1
2025-05-02T17:37:05.226Z,840759,alvaro.moreno@bc3research.org,153485681,included,-1
2025-05-02T17:38:18.444Z,840759,alvaro.moreno@bc3research.org,153485757,"""__EXR__No about conservation""",1
2025-05-02T17:38:18.490Z,840759,alvaro.moreno@bc3research.org,153485757,included,-1
2025-05-02T17:40:58.728Z,840759,alvaro.moreno@bc3research.org,153485877,note-12429351,1
2025-05-02T17:41:03.744Z,840759,alvaro.moreno@bc3research.org,153485877,included,1
2025-05-02T17:42:53.372Z,840759,alvaro.moreno@bc3research.org,153485969,"""__EXR__Not about factors that influence evidence use""",1
2025-05-02T17:42:53.392Z,840759,alvaro.moreno@bc3research.org,153485969,included,-1
2025-05-02T17:44:40.566Z,840759,alvaro.moreno@bc3research.org,153486005,"""__EXR__No about conservation""",1
2025-05-02T17:44:40.585Z,840759,alvaro.moreno@bc3research.org,153486005,included,-1
2025-05-02T17:47:19.515Z,840759,alvaro.moreno@bc3research.org,153485886,"""__EXR__Not about Evidence use""",1
2025-05-02T17:47:19.533Z,840759,alvaro.moreno@bc3research.org,153485886,included,-1
2025-05-02T17:48:42.954Z,840759,alvaro.moreno@bc3research.org,153486131,"""__EXR__No about conservation""",1
2025-05-02T17:48:42.975Z,840759,alvaro.moreno@bc3research.org,153486131,included,-1
2025-05-02T17:50:35.355Z,840759,alvaro.moreno@bc3research.org,153485706,"""__EXR__Not about Evidence use""",1
2025-05-02T17:50:35.376Z,840759,alvaro.moreno@bc3research.org,153485706,included,-1
2025-05-02T17:50:35.394Z,840759,alvaro.moreno@bc3research.org,153485706,"""__EXR__Not about factors that influence evidence use""",deleted
2025-05-02T17:56:20.567Z,840759,alvaro.moreno@bc3research.org,153485738,included,1
2025-05-02T17:57:59.749Z,840759,alvaro.moreno@bc3research.org,153485810,note-12429691,1
2025-05-02T17:58:02.365Z,840759,alvaro.moreno@bc3research.org,153485810,included,1
2025-05-04T11:55:13.801Z,840759,alvaro.moreno@bc3research.org,153485637,included,0
2025-05-04T11:55:15.825Z,840759,alvaro.moreno@bc3research.org,153485683,note-12463651,1
2025-05-04T11:55:48.531Z,840759,alvaro.moreno@bc3research.org,153485637,note-12463663,1
2025-05-04T11:55:54.864Z,840759,alvaro.moreno@bc3research.org,153485683,note-12463651,deleted
2025-05-04T11:57:57.885Z,840759,alvaro.moreno@bc3research.org,153485770,included,1
2025-05-04T12:00:14.456Z,840759,alvaro.moreno@bc3research.org,153485683,note-12463764,1
2025-05-04T12:00:49.717Z,840759,alvaro.moreno@bc3research.org,153485683,note-12463764,deleted
2025-05-04T12:02:11.653Z,840759,alvaro.moreno@bc3research.org,153485683,included,1
2025-05-04T12:03:21.324Z,840759,alvaro.moreno@bc3research.org,153485799,included,1
2025-05-04T12:03:42.322Z,840759,alvaro.moreno@bc3research.org,153485770,note-12463842,1
2025-05-04T12:06:39.144Z,840759,alvaro.moreno@bc3research.org,153485904,note-12463917,1
2025-05-04T12:06:40.181Z,840759,alvaro.moreno@bc3research.org,153485904,included,0
2025-05-04T12:08:17.834Z,840759,alvaro.moreno@bc3research.org,153485904,"""__EXR__Not about policy or practice""",1
2025-05-04T12:08:17.845Z,840759,alvaro.moreno@bc3research.org,153485904,included,-1
2025-05-04T12:08:17.860Z,840759,alvaro.moreno@bc3research.org,153485904,"""__EXR__Not about Evidence use""",deleted
2025-05-04T12:08:36.181Z,840759,alvaro.moreno@bc3research.org,153485904,note-12463917,deleted
2025-05-04T12:09:25.326Z,840759,alvaro.moreno@bc3research.org,153485905,"""__EXR__Not about policy or practice""",1
2025-05-04T12:09:25.344Z,840759,alvaro.moreno@bc3research.org,153485905,included,-1
2025-05-04T12:13:48.446Z,840759,alvaro.moreno@bc3research.org,153485906,note-12464043,1
2025-05-04T12:13:50.035Z,840759,alvaro.moreno@bc3research.org,153485906,included,1
2025-05-04T12:14:15.470Z,840759,alvaro.moreno@bc3research.org,153485927,"""__EXR__No about conservation""",1
2025-05-04T12:14:15.492Z,840759,alvaro.moreno@bc3research.org,153485927,included,-1
2025-05-04T12:17:42.668Z,840759,alvaro.moreno@bc3research.org,153486004,"""__EXR__No about conservation""",1
2025-05-04T12:17:42.693Z,840759,alvaro.moreno@bc3research.org,153486004,included,-1
2025-05-04T12:18:30.923Z,840759,alvaro.moreno@bc3research.org,153486009,"""__EXR__No about conservation""",1
2025-05-04T12:18:30.944Z,840759,alvaro.moreno@bc3research.org,153486009,included,-1
2025-05-04T12:21:08.994Z,840759,alvaro.moreno@bc3research.org,153486601,note-12464189,1
2025-05-04T12:21:11.392Z,840759,alvaro.moreno@bc3research.org,153486601,"""__EXR__No about conservation""",1
2025-05-04T12:21:11.408Z,840759,alvaro.moreno@bc3research.org,153486601,included,-1
2025-05-04T12:22:43.016Z,840759,alvaro.moreno@bc3research.org,153487751,included,1
2025-05-04T12:41:57.201Z,840759,alvaro.moreno@bc3research.org,153486065,"""__EXR__No about conservation""",1
2025-05-04T12:41:57.231Z,840759,alvaro.moreno@bc3research.org,153486065,included,-1
2025-05-04T12:42:30.209Z,840759,alvaro.moreno@bc3research.org,153486057,"""__EXR__No about conservation""",1
2025-05-04T12:42:30.234Z,840759,alvaro.moreno@bc3research.org,153486057,included,-1
2025-05-04T12:42:55.985Z,840759,alvaro.moreno@bc3research.org,153486083,"""__EXR__No about conservation""",1
2025-05-04T12:42:56.004Z,840759,alvaro.moreno@bc3research.org,153486083,included,-1
2025-05-04T12:43:20.494Z,840759,alvaro.moreno@bc3research.org,153486118,"""__EXR__No about conservation""",1
2025-05-04T12:43:20.516Z,840759,alvaro.moreno@bc3research.org,153486118,included,-1
2025-05-04T12:45:30.493Z,840759,alvaro.moreno@bc3research.org,153486190,included,1
2025-05-04T12:46:00.104Z,840759,alvaro.moreno@bc3research.org,153486163,"""__EXR__No about conservation""",1
2025-05-04T12:46:00.126Z,840759,alvaro.moreno@bc3research.org,153486163,included,-1
2025-05-04T12:46:50.729Z,840759,alvaro.moreno@bc3research.org,153486352,included,1
2025-05-04T12:48:51.237Z,840759,alvaro.moreno@bc3research.org,153486360,note-12464662,1
2025-05-04T12:48:52.254Z,840759,alvaro.moreno@bc3research.org,153486360,included,1
2025-05-04T12:57:20.082Z,840759,alvaro.moreno@bc3research.org,153486015,note-12464810,1
2025-05-04T12:57:22.674Z,840759,alvaro.moreno@bc3research.org,153486015,"""__EXR__No about conservation""",1
2025-05-04T12:57:22.693Z,840759,alvaro.moreno@bc3research.org,153486015,included,-1
2025-05-04T12:59:07.528Z,840759,alvaro.moreno@bc3research.org,153486032,note-12464842,1
2025-05-04T12:59:08.455Z,840759,alvaro.moreno@bc3research.org,153486032,included,1
2025-05-04T12:59:37.778Z,840759,alvaro.moreno@bc3research.org,153486229,"""__EXR__No about conservation""",1
2025-05-04T12:59:37.796Z,840759,alvaro.moreno@bc3research.org,153486229,included,-1
2025-05-04T13:00:58.697Z,840759,alvaro.moreno@bc3research.org,153486384,included,1
2025-05-04T13:02:01.208Z,840759,alvaro.moreno@bc3research.org,153486409,included,1
2025-05-04T13:05:30.163Z,840759,alvaro.moreno@bc3research.org,153486556,note-12464978,1
2025-05-04T13:05:30.877Z,840759,alvaro.moreno@bc3research.org,153486556,included,0
2025-05-04T13:06:58.528Z,840759,alvaro.moreno@bc3research.org,153486581,included,1
2025-05-04T13:07:54.100Z,840759,alvaro.moreno@bc3research.org,153486591,included,1
2025-05-04T13:08:53.746Z,840759,alvaro.moreno@bc3research.org,153486629,"""__EXR__Not about policy or practice""",1
2025-05-04T13:08:53.764Z,840759,alvaro.moreno@bc3research.org,153486629,included,-1
2025-05-04T13:08:53.777Z,840759,alvaro.moreno@bc3research.org,153486629,"""__EXR__No about conservation""",deleted
2025-05-04T13:11:29.073Z,840759,alvaro.moreno@bc3research.org,153486756,note-12465130,1
2025-05-04T13:11:44.363Z,840759,alvaro.moreno@bc3research.org,153486756,"""__EXR__No about conservation""",1
2025-05-04T13:11:44.378Z,840759,alvaro.moreno@bc3research.org,153486756,included,-1
2025-05-04T13:11:44.392Z,840759,alvaro.moreno@bc3research.org,153486756,"""__EXR__Not about factors that influence evidence use""",deleted
2025-05-04T16:01:35.421Z,840759,alvaro.moreno@bc3research.org,153486089,"""__EXR__Not about policy or practice""",1
2025-05-04T16:01:35.466Z,840759,alvaro.moreno@bc3research.org,153486089,included,-1
2025-05-04T18:11:06.446Z,840759,alvaro.moreno@bc3research.org,153486537,"""__EXR__Not about Evidence use""",1
2025-05-04T18:11:06.516Z,840759,alvaro.moreno@bc3research.org,153486537,included,-1
2025-05-04T18:19:05.624Z,840759,alvaro.moreno@bc3research.org,153486538,note-12472320,1
2025-05-04T18:19:07.889Z,840759,alvaro.moreno@bc3research.org,153486538,included,1
2025-05-04T18:22:54.612Z,840759,alvaro.moreno@bc3research.org,153486578,included,1
2025-05-04T18:32:17.920Z,840759,alvaro.moreno@bc3research.org,153486856,"""__EXR__No about conservation""",1
2025-05-04T18:32:17.973Z,840759,alvaro.moreno@bc3research.org,153486856,included,-1
2025-05-04T18:39:07.442Z,840759,alvaro.moreno@bc3research.org,153486858,"""__EXR__No about conservation""",1
2025-05-04T18:39:07.467Z,840759,alvaro.moreno@bc3research.org,153486858,included,-1
2025-05-04T18:40:46.944Z,840759,alvaro.moreno@bc3research.org,153486881,included,1
2025-05-04T18:44:12.020Z,840759,alvaro.moreno@bc3research.org,153486887,note-12473221,1
2025-05-04T18:44:16.238Z,840759,alvaro.moreno@bc3research.org,153486887,included,0
2025-05-04T18:45:23.258Z,840759,alvaro.moreno@bc3research.org,153486887,"""__EXR__Not about Evidence use""",1
2025-05-04T18:45:23.269Z,840759,alvaro.moreno@bc3research.org,153486887,included,-1
2025-05-04T18:46:18.778Z,840759,alvaro.moreno@bc3research.org,153486887,note-12473221,edited
2025-05-04T18:58:09.239Z,840759,alvaro.moreno@bc3research.org,153487043,note-12473637,1
2025-05-04T18:58:21.687Z,840759,alvaro.moreno@bc3research.org,153487043,"""__EXR__No about conservation""",1
2025-05-04T18:58:21.713Z,840759,alvaro.moreno@bc3research.org,153487043,included,-1
2025-05-04T19:00:56.220Z,840759,alvaro.moreno@bc3research.org,153487047,"""__EXR__Not about policy or practice""",1
2025-05-04T19:00:56.244Z,840759,alvaro.moreno@bc3research.org,153487047,included,-1
2025-05-04T21:54:41.423Z,840759,alvaro.moreno@bc3research.org,153487261,"""__EXR__Not about policy or practice""",1
2025-05-04T21:54:41.465Z,840759,alvaro.moreno@bc3research.org,153487261,included,-1
2025-05-04T21:54:41.484Z,840759,alvaro.moreno@bc3research.org,153487261,"""__EXR__No about conservation""",deleted
2025-05-06T08:14:04.227Z,840756,enaut.martinezdebirgara@bc3research.org,83177682,"""__EXR__Not about conservation""",1
2025-05-06T08:14:04.254Z,840756,enaut.martinezdebirgara@bc3research.org,83177682,included,-1
2025-05-06T14:54:36.941Z,793584,amirmohammadif@gmail.com,83177881,included,-1
2025-05-06T14:55:12.942Z,793584,amirmohammadif@gmail.com,83177929,included,-1
2025-05-06T14:56:02.311Z,793584,amirmohammadif@gmail.com,153485139,included,-1
2025-05-07T11:14:25.707Z,840756,enaut.martinezdebirgara@bc3research.org,153485385,"""__EXR__Not about conservation""",1
2025-05-07T11:14:25.726Z,840756,enaut.martinezdebirgara@bc3research.org,153485385,included,-1
2025-05-07T11:14:25.746Z,840756,enaut.martinezdebirgara@bc3research.org,153485385,"""__EXR__Not about Evidence use""",1
2025-05-07T11:14:25.755Z,840756,enaut.martinezdebirgara@bc3research.org,153485385,included,-1
2025-05-07T11:14:25.770Z,840756,enaut.martinezdebirgara@bc3research.org,153485385,"""__EXR__Not about factors that influence evidence use""",1
2025-05-07T11:14:25.780Z,840756,enaut.martinezdebirgara@bc3research.org,153485385,included,-1
2025-05-07T11:14:25.811Z,840756,enaut.martinezdebirgara@bc3research.org,153485385,"""__EXR__Not about policy or practice""",1
2025-05-07T11:14:25.824Z,840756,enaut.martinezdebirgara@bc3research.org,153485385,included,-1
2025-05-07T11:37:41.395Z,840756,enaut.martinezdebirgara@bc3research.org,153485738,"""__EXR__Not about Evidence use""",1
2025-05-07T11:37:41.411Z,840756,enaut.martinezdebirgara@bc3research.org,153485738,included,-1
2025-05-07T11:37:41.425Z,840756,enaut.martinezdebirgara@bc3research.org,153485738,"""__EXR__Not about factors that influence evidence use""",1
2025-05-07T11:37:41.436Z,840756,enaut.martinezdebirgara@bc3research.org,153485738,included,-1
2025-05-07T11:52:27.553Z,840756,enaut.martinezdebirgara@bc3research.org,153486057,"""__EXR__Not about conservation""",1
2025-05-07T11:52:27.571Z,840756,enaut.martinezdebirgara@bc3research.org,153486057,included,-1
2025-05-07T11:52:27.588Z,840756,enaut.martinezdebirgara@bc3research.org,153486057,"""__EXR__Not about Evidence use""",1
2025-05-07T11:52:27.599Z,840756,enaut.martinezdebirgara@bc3research.org,153486057,included,-1
2025-05-07T11:52:27.621Z,840756,enaut.martinezdebirgara@bc3research.org,153486057,"""__EXR__Not about factors that influence evidence use""",1
2025-05-07T11:52:27.632Z,840756,enaut.martinezdebirgara@bc3research.org,153486057,included,-1
2025-05-07T11:52:27.656Z,840756,enaut.martinezdebirgara@bc3research.org,153486057,"""__EXR__Not about policy or practice""",1
2025-05-07T11:52:27.666Z,840756,enaut.martinezdebirgara@bc3research.org,153486057,included,-1
2025-05-07T13:22:11.048Z,840759,alvaro.moreno@bc3research.org,153486266,note-12550787,1
2025-05-07T13:23:10.896Z,840759,alvaro.moreno@bc3research.org,153486266,note-12550787,edited
2025-05-07T13:23:21.548Z,840759,alvaro.moreno@bc3research.org,153486266,included,0
2025-05-07T13:27:15.688Z,840759,alvaro.moreno@bc3research.org,153486451,included,1
2025-05-07T13:28:14.443Z,840759,alvaro.moreno@bc3research.org,153486475,"""__EXR__No about conservation""",1
2025-05-07T13:28:14.463Z,840759,alvaro.moreno@bc3research.org,153486475,included,-1
2025-05-07T13:35:03.782Z,840759,alvaro.moreno@bc3research.org,153486517,included,0
2025-05-07T13:35:03.901Z,840759,alvaro.moreno@bc3research.org,153486517,note-12551113,1
2025-05-07T13:40:40.995Z,840756,enaut.martinezdebirgara@bc3research.org,153486581,"""__EXR__Not about Evidence use""",1
2025-05-07T13:40:41.028Z,840756,enaut.martinezdebirgara@bc3research.org,153486581,included,-1
2025-05-07T13:40:41.047Z,840756,enaut.martinezdebirgara@bc3research.org,153486581,"""__EXR__Not about factors that influence evidence use""",1
2025-05-07T13:40:41.057Z,840756,enaut.martinezdebirgara@bc3research.org,153486581,included,-1
2025-05-07T13:42:46.984Z,840759,alvaro.moreno@bc3research.org,153486777,included,1
2025-05-07T13:47:11.337Z,840759,alvaro.moreno@bc3research.org,153486895,"""__EXR__Not about policy or practice""",1
2025-05-07T13:47:11.362Z,840759,alvaro.moreno@bc3research.org,153486895,included,-1
2025-05-07T13:50:17.343Z,840759,alvaro.moreno@bc3research.org,153486900,"""__EXR__Not about policy or practice""",1
2025-05-07T13:50:17.366Z,840759,alvaro.moreno@bc3research.org,153486900,included,-1
2025-05-07T13:56:44.799Z,840759,alvaro.moreno@bc3research.org,153487016,"""__EXR__No about conservation""",1
2025-05-07T13:56:44.823Z,840759,alvaro.moreno@bc3research.org,153487016,included,-1
2025-05-07T14:11:01.628Z,840759,alvaro.moreno@bc3research.org,153487080,"""__EXR__Not about Evidence use""",1
2025-05-07T14:11:01.654Z,840759,alvaro.moreno@bc3research.org,153487080,included,-1
2025-05-07T14:11:01.667Z,840759,alvaro.moreno@bc3research.org,153487080,"""__EXR__Not about factors that influence evidence use""",deleted
2025-05-07T14:27:36.690Z,840759,alvaro.moreno@bc3research.org,153487066,included,1
2025-05-07T14:36:57.196Z,840759,alvaro.moreno@bc3research.org,153487099,"""__EXR__Not about Evidence use""",1
2025-05-07T14:36:57.228Z,840759,alvaro.moreno@bc3research.org,153487099,included,-1
2025-05-07T14:36:57.249Z,840759,alvaro.moreno@bc3research.org,153487099,"""__EXR__Not about policy or practice""",deleted
2025-05-07T16:01:00.273Z,840759,alvaro.moreno@bc3research.org,153487295,"""__EXR__Not about policy or practice""",1
2025-05-07T16:01:00.325Z,840759,alvaro.moreno@bc3research.org,153487295,included,-1
2025-05-07T16:04:20.292Z,840759,alvaro.moreno@bc3research.org,153486482,"""__EXR__Not about Evidence use""",1
2025-05-07T16:04:20.318Z,840759,alvaro.moreno@bc3research.org,153486482,included,-1
2025-05-07T16:06:01.591Z,840759,alvaro.moreno@bc3research.org,153486482,included,0
2025-05-07T16:06:11.581Z,840759,alvaro.moreno@bc3research.org,153486482,"""__EXR__Not about Evidence use""",deleted
2025-05-07T16:08:31.265Z,840759,alvaro.moreno@bc3research.org,153486831,"""__EXR__Not about policy or practice""",1
2025-05-07T16:08:31.294Z,840759,alvaro.moreno@bc3research.org,153486831,included,-1
2025-05-07T16:19:41.892Z,840759,alvaro.moreno@bc3research.org,153486905,"""__EXR__No about conservation""",1
2025-05-07T16:19:41.916Z,840759,alvaro.moreno@bc3research.org,153486905,included,-1
2025-05-07T16:25:34.031Z,840759,alvaro.moreno@bc3research.org,153487093,included,0
2025-05-07T16:26:43.830Z,840759,alvaro.moreno@bc3research.org,153487116,"""__EXR__No about conservation""",1
2025-05-07T16:26:43.853Z,840759,alvaro.moreno@bc3research.org,153487116,included,-1
2025-05-07T16:32:32.624Z,840759,alvaro.moreno@bc3research.org,153487128,"""__EXR__No about conservation""",1
2025-05-07T16:32:32.643Z,840759,alvaro.moreno@bc3research.org,153487128,included,-1
2025-05-07T16:35:22.772Z,840759,alvaro.moreno@bc3research.org,153487142,"""__EXR__Not about policy or practice""",1
2025-05-07T16:35:22.802Z,840759,alvaro.moreno@bc3research.org,153487142,included,-1
2025-05-07T16:36:47.416Z,840759,alvaro.moreno@bc3research.org,153487167,included,1
2025-05-07T18:51:35.155Z,840756,enaut.martinezdebirgara@bc3research.org,153485637,"""__EXR__Not about Evidence use""",1
2025-05-07T18:51:35.172Z,840756,enaut.martinezdebirgara@bc3research.org,153485637,included,-1
2025-05-07T18:51:35.186Z,840756,enaut.martinezdebirgara@bc3research.org,153485637,"""__EXR__Not about factors that influence evidence use""",1
2025-05-07T18:51:35.197Z,840756,enaut.martinezdebirgara@bc3research.org,153485637,included,-1
2025-05-07T22:04:56.943Z,793584,amirmohammadif@gmail.com,83178023,included,1
2025-05-07T22:06:47.028Z,793584,amirmohammadif@gmail.com,83178029,included,1
2025-05-08T07:11:48.557Z,448594,phil.martin.research@gmail.com,83177833,"""Alvaro - to check""",1
2025-05-08T07:11:48.557Z,448594,phil.martin.research@gmail.com,83177881,"""Alvaro - to check""",1
2025-05-08T07:11:48.557Z,448594,phil.martin.research@gmail.com,83177929,"""Alvaro - to check""",1
2025-05-08T07:11:48.557Z,448594,phil.martin.research@gmail.com,83177964,"""Alvaro - to check""",1
2025-05-08T07:11:48.557Z,448594,phil.martin.research@gmail.com,83178023,"""Alvaro - to check""",1
2025-05-08T07:11:48.557Z,448594,phil.martin.research@gmail.com,83178029,"""Alvaro - to check""",1
2025-05-08T07:11:48.557Z,448594,phil.martin.research@gmail.com,153485243,"""Alvaro - to check""",1
2025-05-08T07:11:48.557Z,448594,phil.martin.research@gmail.com,153485378,"""Alvaro - to check""",1
2025-05-08T07:11:48.557Z,448594,phil.martin.research@gmail.com,153485385,"""Alvaro - to check""",1
2025-05-08T07:11:48.557Z,448594,phil.martin.research@gmail.com,153485392,"""Alvaro - to check""",1
2025-05-08T07:11:48.557Z,448594,phil.martin.research@gmail.com,153485411,"""Alvaro - to check""",1
2025-05-08T07:11:48.557Z,448594,phil.martin.research@gmail.com,153485415,"""Alvaro - to check""",1
2025-05-08T07:11:48.557Z,448594,phil.martin.research@gmail.com,153485585,"""Alvaro - to check""",1
2025-05-08T07:11:48.557Z,448594,phil.martin.research@gmail.com,153485588,"""Alvaro - to check""",1
2025-05-08T07:11:48.557Z,448594,phil.martin.research@gmail.com,153485626,"""Alvaro - to check""",1
2025-05-08T07:11:48.557Z,448594,phil.martin.research@gmail.com,153485635,"""Alvaro - to check""",1
2025-05-08T07:11:48.557Z,448594,phil.martin.research@gmail.com,153485681,"""Alvaro - to check""",1
2025-05-08T07:11:48.557Z,448594,phil.martin.research@gmail.com,153485706,"""Alvaro - to check""",1
2025-05-08T07:11:48.557Z,448594,phil.martin.research@gmail.com,153485743,"""Alvaro - to check""",1
2025-05-08T07:11:48.557Z,448594,phil.martin.research@gmail.com,153485745,"""Alvaro - to check""",1
2025-05-08T07:11:48.557Z,448594,phil.martin.research@gmail.com,153485757,"""Alvaro - to check""",1
2025-05-08T07:11:48.557Z,448594,phil.martin.research@gmail.com,153485886,"""Alvaro - to check""",1
2025-05-08T07:11:48.557Z,448594,phil.martin.research@gmail.com,153485904,"""Alvaro - to check""",1
2025-05-08T07:11:48.557Z,448594,phil.martin.research@gmail.com,153485905,"""Alvaro - to check""",1
2025-05-08T07:11:48.557Z,448594,phil.martin.research@gmail.com,153485927,"""Alvaro - to check""",1
2025-05-08T07:11:48.557Z,448594,phil.martin.research@gmail.com,153485969,"""Alvaro - to check""",1
2025-05-08T07:11:48.557Z,448594,phil.martin.research@gmail.com,153486004,"""Alvaro - to check""",1
2025-05-08T07:11:48.557Z,448594,phil.martin.research@gmail.com,153486005,"""Alvaro - to check""",1
2025-05-08T07:11:48.557Z,448594,phil.martin.research@gmail.com,153486009,"""Alvaro - to check""",1
2025-05-08T07:11:48.557Z,448594,phil.martin.research@gmail.com,153486015,"""Alvaro - to check""",1
2025-05-08T07:11:48.557Z,448594,phil.martin.research@gmail.com,153486057,"""Alvaro - to check""",1
2025-05-08T07:11:48.557Z,448594,phil.martin.research@gmail.com,153486065,"""Alvaro - to check""",1
2025-05-08T07:11:48.557Z,448594,phil.martin.research@gmail.com,153486083,"""Alvaro - to check""",1
2025-05-08T07:11:48.557Z,448594,phil.martin.research@gmail.com,153486089,"""Alvaro - to check""",1
2025-05-08T07:11:48.557Z,448594,phil.martin.research@gmail.com,153486118,"""Alvaro - to check""",1
2025-05-08T07:11:48.557Z,448594,phil.martin.research@gmail.com,153486131,"""Alvaro - to check""",1
2025-05-08T07:11:48.557Z,448594,phil.martin.research@gmail.com,153486163,"""Alvaro - to check""",1
2025-05-08T07:11:48.557Z,448594,phil.martin.research@gmail.com,153486229,"""Alvaro - to check""",1
2025-05-08T07:11:48.557Z,448594,phil.martin.research@gmail.com,153486475,"""Alvaro - to check""",1
2025-05-08T07:11:48.557Z,448594,phil.martin.research@gmail.com,153486537,"""Alvaro - to check""",1
2025-05-08T07:11:48.557Z,448594,phil.martin.research@gmail.com,153486601,"""Alvaro - to check""",1
2025-05-08T07:11:48.557Z,448594,phil.martin.research@gmail.com,153486629,"""Alvaro - to check""",1
2025-05-08T07:11:48.557Z,448594,phil.martin.research@gmail.com,153486756,"""Alvaro - to check""",1
2025-05-08T07:11:48.557Z,448594,phil.martin.research@gmail.com,153486831,"""Alvaro - to check""",1
2025-05-08T07:11:48.557Z,448594,phil.martin.research@gmail.com,153486856,"""Alvaro - to check""",1
2025-05-08T07:11:48.557Z,448594,phil.martin.research@gmail.com,153486858,"""Alvaro - to check""",1
2025-05-08T07:11:48.557Z,448594,phil.martin.research@gmail.com,153486887,"""Alvaro - to check""",1
2025-05-08T07:11:48.557Z,448594,phil.martin.research@gmail.com,153486895,"""Alvaro - to check""",1
2025-05-08T07:11:48.557Z,448594,phil.martin.research@gmail.com,153486900,"""Alvaro - to check""",1
2025-05-08T07:11:48.557Z,448594,phil.martin.research@gmail.com,153486905,"""Alvaro - to check""",1
2025-05-08T07:11:48.901Z,448594,phil.martin.research@gmail.com,153487016,"""Alvaro - to check""",1
2025-05-08T07:11:48.901Z,448594,phil.martin.research@gmail.com,153487043,"""Alvaro - to check""",1
2025-05-08T07:11:48.901Z,448594,phil.martin.research@gmail.com,153487047,"""Alvaro - to check""",1
2025-05-08T07:11:48.901Z,448594,phil.martin.research@gmail.com,153487080,"""Alvaro - to check""",1
2025-05-08T07:11:48.901Z,448594,phil.martin.research@gmail.com,153487099,"""Alvaro - to check""",1
2025-05-08T07:11:48.901Z,448594,phil.martin.research@gmail.com,153487116,"""Alvaro - to check""",1
2025-05-08T07:11:48.901Z,448594,phil.martin.research@gmail.com,153487128,"""Alvaro - to check""",1
2025-05-08T07:11:48.901Z,448594,phil.martin.research@gmail.com,153487142,"""Alvaro - to check""",1
2025-05-08T07:11:48.901Z,448594,phil.martin.research@gmail.com,153487261,"""Alvaro - to check""",1
2025-05-08T07:11:48.901Z,448594,phil.martin.research@gmail.com,153487295,"""Alvaro - to check""",1
2025-05-08T07:11:48.901Z,448594,phil.martin.research@gmail.com,164706900,"""Alvaro - to check""",1
2025-05-08T07:12:04.579Z,448594,phil.martin.research@gmail.com,83177492,"""Alvaro - to check""",1
2025-05-08T07:12:04.579Z,448594,phil.martin.research@gmail.com,83177984,"""Alvaro - to check""",1
2025-05-08T07:12:04.579Z,448594,phil.martin.research@gmail.com,153485554,"""Alvaro - to check""",1
2025-05-08T07:12:04.579Z,448594,phil.martin.research@gmail.com,153485637,"""Alvaro - to check""",1
2025-05-08T07:12:04.579Z,448594,phil.martin.research@gmail.com,153486266,"""Alvaro - to check""",1
2025-05-08T07:12:04.579Z,448594,phil.martin.research@gmail.com,153486482,"""Alvaro - to check""",1
2025-05-08T07:12:04.579Z,448594,phil.martin.research@gmail.com,153486517,"""Alvaro - to check""",1
2025-05-08T07:12:04.579Z,448594,phil.martin.research@gmail.com,153486556,"""Alvaro - to check""",1
2025-05-08T07:12:04.579Z,448594,phil.martin.research@gmail.com,153487093,"""Alvaro - to check""",1
2025-05-08T07:12:22.750Z,448594,phil.martin.research@gmail.com,83177682,"""Alvaro - to check""",1
2025-05-08T07:12:22.750Z,448594,phil.martin.research@gmail.com,153485139,"""Alvaro - to check""",1
2025-05-08T07:12:22.750Z,448594,phil.martin.research@gmail.com,153485260,"""Alvaro - to check""",1
2025-05-08T07:12:22.750Z,448594,phil.martin.research@gmail.com,153485453,"""Alvaro - to check""",1
2025-05-08T07:12:22.750Z,448594,phil.martin.research@gmail.com,153485683,"""Alvaro - to check""",1
2025-05-08T07:12:22.750Z,448594,phil.martin.research@gmail.com,153485713,"""Alvaro - to check""",1
2025-05-08T07:12:22.750Z,448594,phil.martin.research@gmail.com,153485738,"""Alvaro - to check""",1
2025-05-08T07:12:22.750Z,448594,phil.martin.research@gmail.com,153485770,"""Alvaro - to check""",1
2025-05-08T07:12:22.750Z,448594,phil.martin.research@gmail.com,153485799,"""Alvaro - to check""",1
2025-05-08T07:12:22.750Z,448594,phil.martin.research@gmail.com,153485810,"""Alvaro - to check""",1
2025-05-08T07:12:22.750Z,448594,phil.martin.research@gmail.com,153485877,"""Alvaro - to check""",1
2025-05-08T07:12:22.750Z,448594,phil.martin.research@gmail.com,153485906,"""Alvaro - to check""",1
2025-05-08T07:12:22.750Z,448594,phil.martin.research@gmail.com,153486024,"""Alvaro - to check""",1
2025-05-08T07:12:22.750Z,448594,phil.martin.research@gmail.com,153486032,"""Alvaro - to check""",1
2025-05-08T07:12:22.750Z,448594,phil.martin.research@gmail.com,153486039,"""Alvaro - to check""",1
2025-05-08T07:12:22.750Z,448594,phil.martin.research@gmail.com,153486190,"""Alvaro - to check""",1
2025-05-08T07:12:22.750Z,448594,phil.martin.research@gmail.com,153486352,"""Alvaro - to check""",1
2025-05-08T07:12:22.750Z,448594,phil.martin.research@gmail.com,153486360,"""Alvaro - to check""",1
2025-05-08T07:12:22.750Z,448594,phil.martin.research@gmail.com,153486384,"""Alvaro - to check""",1
2025-05-08T07:12:22.750Z,448594,phil.martin.research@gmail.com,153486409,"""Alvaro - to check""",1
2025-05-08T07:12:22.750Z,448594,phil.martin.research@gmail.com,153486451,"""Alvaro - to check""",1
2025-05-08T07:12:22.750Z,448594,phil.martin.research@gmail.com,153486538,"""Alvaro - to check""",1
2025-05-08T07:12:22.750Z,448594,phil.martin.research@gmail.com,153486578,"""Alvaro - to check""",1
2025-05-08T07:12:22.750Z,448594,phil.martin.research@gmail.com,153486581,"""Alvaro - to check""",1
2025-05-08T07:12:22.750Z,448594,phil.martin.research@gmail.com,153486591,"""Alvaro - to check""",1
2025-05-08T07:12:22.750Z,448594,phil.martin.research@gmail.com,153486642,"""Alvaro - to check""",1
2025-05-08T07:12:22.750Z,448594,phil.martin.research@gmail.com,153486777,"""Alvaro - to check""",1
2025-05-08T07:12:22.750Z,448594,phil.martin.research@gmail.com,153486881,"""Alvaro - to check""",1
2025-05-08T07:12:22.750Z,448594,phil.martin.research@gmail.com,153487066,"""Alvaro - to check""",1
2025-05-08T07:12:22.750Z,448594,phil.martin.research@gmail.com,153487167,"""Alvaro - to check""",1
2025-05-08T07:12:22.750Z,448594,phil.martin.research@gmail.com,153487751,"""Alvaro - to check""",1
2025-05-08T07:13:57.416Z,448594,phil.martin.research@gmail.com,83177682,"""Enaut - to check""",1
2025-05-08T07:13:57.416Z,448594,phil.martin.research@gmail.com,153485385,"""Enaut - to check""",1
2025-05-08T07:13:57.416Z,448594,phil.martin.research@gmail.com,153485637,"""Enaut - to check""",1
2025-05-08T07:13:57.416Z,448594,phil.martin.research@gmail.com,153485738,"""Enaut - to check""",1
2025-05-08T07:13:57.598Z,448594,phil.martin.research@gmail.com,153486057,"""Enaut - to check""",1
2025-05-08T07:13:57.598Z,448594,phil.martin.research@gmail.com,153486581,"""Enaut - to check""",1
2025-05-08T11:56:52.224Z,448594,phil.martin.research@gmail.com,153486642,included,1
2025-05-08T11:57:56.005Z,448594,phil.martin.research@gmail.com,83177682,"""__EXR__Not about conservation""",1
2025-05-08T11:57:56.030Z,448594,phil.martin.research@gmail.com,83177682,included,-1
2025-05-08T11:58:33.079Z,448594,phil.martin.research@gmail.com,153486384,included,1
2025-05-08T12:00:07.080Z,448594,phil.martin.research@gmail.com,153486039,"""__EXR__Not about evidence use""",1
2025-05-08T12:00:07.107Z,448594,phil.martin.research@gmail.com,153486039,included,-1
2025-05-08T12:01:06.335Z,448594,phil.martin.research@gmail.com,153487751,"""__EXR__Not about evidence use""",1
2025-05-08T12:01:06.357Z,448594,phil.martin.research@gmail.com,153487751,included,-1
2025-05-08T12:02:01.074Z,448594,phil.martin.research@gmail.com,83178023,"""__EXR__Not about conservation""",1
2025-05-08T12:02:01.093Z,448594,phil.martin.research@gmail.com,83178023,included,-1
2025-05-08T12:02:50.571Z,448594,phil.martin.research@gmail.com,153486538,included,0
2025-05-08T12:03:12.374Z,448594,phil.martin.research@gmail.com,153485770,"""__EXR__Not about evidence use""",1
2025-05-08T12:03:12.394Z,448594,phil.martin.research@gmail.com,153485770,included,-1
2025-05-08T12:03:31.317Z,448594,phil.martin.research@gmail.com,83178029,"""__EXR__Not about evidence use""",1
2025-05-08T12:03:31.338Z,448594,phil.martin.research@gmail.com,83178029,included,-1
2025-05-08T12:05:01.044Z,448594,phil.martin.research@gmail.com,153485706,included,0
2025-05-08T12:06:16.962Z,448594,phil.martin.research@gmail.com,153486881,included,1
2025-05-08T12:07:13.644Z,448594,phil.martin.research@gmail.com,153486517,"""__EXR__Not about evidence use""",1
2025-05-08T12:07:13.662Z,448594,phil.martin.research@gmail.com,153486517,included,-1
2025-05-08T12:07:34.990Z,448594,phil.martin.research@gmail.com,83177492,"""__EXR__Not about conservation""",1
2025-05-08T12:07:35.020Z,448594,phil.martin.research@gmail.com,83177492,included,-1
2025-05-08T12:07:58.944Z,448594,phil.martin.research@gmail.com,153485886,"""__EXR__Not about evidence use""",1
2025-05-08T12:07:58.964Z,448594,phil.martin.research@gmail.com,153485886,included,-1
2025-05-08T12:08:39.385Z,448594,phil.martin.research@gmail.com,153486591,included,1
2025-05-08T12:09:40.450Z,448594,phil.martin.research@gmail.com,153486451,included,1
2025-05-08T12:10:06.292Z,448594,phil.martin.research@gmail.com,153487128,"""__EXR__Not about conservation""",1
2025-05-08T12:10:06.313Z,448594,phil.martin.research@gmail.com,153487128,included,-1
2025-05-08T12:10:54.020Z,448594,phil.martin.research@gmail.com,153486556,included,1
2025-05-08T12:11:02.960Z,448594,phil.martin.research@gmail.com,153485635,"""__EXR__Not about conservation""",1
2025-05-08T12:11:02.976Z,448594,phil.martin.research@gmail.com,153485635,included,-1
2025-05-08T12:12:37.771Z,448594,phil.martin.research@gmail.com,153486905,"""__EXR__Not about evidence use""",1
2025-05-08T12:12:37.792Z,448594,phil.martin.research@gmail.com,153486905,included,-1
2025-05-08T12:12:46.031Z,448594,phil.martin.research@gmail.com,153486009,"""__EXR__Not about conservation""",1
2025-05-08T12:12:46.065Z,448594,phil.martin.research@gmail.com,153486009,included,-1
2025-05-08T12:13:40.990Z,448594,phil.martin.research@gmail.com,153485637,"""__EXR__Not about evidence use""",1
2025-05-08T12:13:41.014Z,448594,phil.martin.research@gmail.com,153485637,included,-1
2025-05-08T12:13:48.574Z,448594,phil.martin.research@gmail.com,153486895,"""__EXR__Not about conservation""",1
2025-05-08T12:13:48.719Z,448594,phil.martin.research@gmail.com,153486895,included,-1
2025-05-08T12:14:13.422Z,448594,phil.martin.research@gmail.com,153486360,included,1
2025-05-08T12:14:20.571Z,448594,phil.martin.research@gmail.com,153485757,"""__EXR__Not about conservation""",1
2025-05-08T12:14:20.588Z,448594,phil.martin.research@gmail.com,153485757,included,-1
2025-05-08T12:15:14.873Z,448594,phil.martin.research@gmail.com,153486858,"""__EXR__Not about evidence use""",1
2025-05-08T12:15:14.893Z,448594,phil.martin.research@gmail.com,153486858,included,-1
2025-05-08T12:15:52.034Z,448594,phil.martin.research@gmail.com,153486482,"""__EXR__Not about evidence use""",1
2025-05-08T12:15:52.054Z,448594,phil.martin.research@gmail.com,153486482,included,-1
2025-05-08T12:16:55.214Z,448594,phil.martin.research@gmail.com,153486475,"""__EXR__Not about evidence use""",1
2025-05-08T12:16:55.230Z,448594,phil.martin.research@gmail.com,153486475,included,-1
2025-05-08T12:17:06.923Z,448594,phil.martin.research@gmail.com,153485554,"""__EXR__Not about conservation""",1
2025-05-08T12:17:06.946Z,448594,phil.martin.research@gmail.com,153485554,included,-1
2025-05-08T12:17:35.373Z,448594,phil.martin.research@gmail.com,153486537,"""__EXR__Not about evidence use""",1
2025-05-08T12:17:35.393Z,448594,phil.martin.research@gmail.com,153486537,included,-1
2025-05-08T12:18:17.053Z,448594,phil.martin.research@gmail.com,153486777,"""__EXR__Not about evidence use""",1
2025-05-08T12:18:17.073Z,448594,phil.martin.research@gmail.com,153486777,included,-1
2025-05-08T12:18:48.764Z,448594,phil.martin.research@gmail.com,153486352,"""__EXR__Not about evidence use""",1
2025-05-08T12:18:48.784Z,448594,phil.martin.research@gmail.com,153486352,included,-1
2025-05-08T12:19:17.657Z,448594,phil.martin.research@gmail.com,153486629,"""__EXR__Not about evidence use""",1
2025-05-08T12:19:17.671Z,448594,phil.martin.research@gmail.com,153486629,included,-1
2025-05-08T12:19:26.606Z,448594,phil.martin.research@gmail.com,153486756,"""__EXR__Not about evidence use""",1
2025-05-08T12:19:26.621Z,448594,phil.martin.research@gmail.com,153486756,included,-1
2025-05-08T12:21:52.296Z,448594,phil.martin.research@gmail.com,153486190,included,0
2025-05-08T12:22:49.659Z,448594,phil.martin.research@gmail.com,153485906,"""__EXR__Not about factors that influence evidence use""",1
2025-05-08T12:22:49.675Z,448594,phil.martin.research@gmail.com,153485906,included,-1
2025-05-08T12:23:19.049Z,448594,phil.martin.research@gmail.com,153486578,"""__EXR__Not about evidence use""",1
2025-05-08T12:23:19.080Z,448594,phil.martin.research@gmail.com,153486578,included,-1
2025-05-08T12:23:27.585Z,448594,phil.martin.research@gmail.com,153486578,"""__EXR__Not about conservation""",1
2025-05-08T12:23:27.599Z,448594,phil.martin.research@gmail.com,153486578,included,-1
2025-05-08T12:23:27.611Z,448594,phil.martin.research@gmail.com,153486578,"""__EXR__Not about evidence use""",deleted
2025-05-08T12:23:48.743Z,448594,phil.martin.research@gmail.com,153486005,"""__EXR__Not about conservation""",1
2025-05-08T12:23:48.758Z,448594,phil.martin.research@gmail.com,153486005,included,-1
2025-05-08T12:24:06.382Z,448594,phil.martin.research@gmail.com,153486266,"""__EXR__Not about evidence use""",1
2025-05-08T12:24:06.408Z,448594,phil.martin.research@gmail.com,153486266,included,-1
2025-05-08T12:25:13.146Z,448594,phil.martin.research@gmail.com,153485139,included,1
2025-05-08T12:26:01.280Z,448594,phil.martin.research@gmail.com,153486581,"""__EXR__Not about factors that influence evidence use""",1
2025-05-08T12:26:01.297Z,448594,phil.martin.research@gmail.com,153486581,included,-1
2025-05-08T12:26:37.434Z,448594,phil.martin.research@gmail.com,153487093,"""__EXR__Not about evidence use""",1
2025-05-08T12:26:37.456Z,448594,phil.martin.research@gmail.com,153487093,included,-1
2025-05-08T12:27:22.062Z,448594,phil.martin.research@gmail.com,153485392,included,0
2025-05-08T12:27:51.682Z,448594,phil.martin.research@gmail.com,153486032,"""__EXR__Not about evidence use""",1
2025-05-08T12:27:51.698Z,448594,phil.martin.research@gmail.com,153486032,included,-1
2025-05-08T12:28:53.872Z,448594,phil.martin.research@gmail.com,153485799,included,1
2025-05-08T12:29:53.163Z,448594,phil.martin.research@gmail.com,153485738,"""__EXR__Not about factors that influence evidence use""",1
2025-05-08T12:29:53.198Z,448594,phil.martin.research@gmail.com,153485738,included,-1
2025-05-08T12:31:06.175Z,448594,phil.martin.research@gmail.com,83177929,"""__EXR__Not about conservation""",1
2025-05-08T12:31:06.193Z,448594,phil.martin.research@gmail.com,83177929,included,-1
2025-05-08T12:31:19.135Z,448594,phil.martin.research@gmail.com,153485683,"""__EXR__Not about evidence use""",1
2025-05-08T12:31:19.149Z,448594,phil.martin.research@gmail.com,153485683,included,-1
2025-05-08T12:31:57.279Z,448594,phil.martin.research@gmail.com,153485260,"""__EXR__Not about evidence use""",1
2025-05-08T12:31:57.299Z,448594,phil.martin.research@gmail.com,153485260,included,-1
2025-05-08T12:32:08.516Z,448594,phil.martin.research@gmail.com,153487142,"""__EXR__Not about evidence use""",1
2025-05-08T12:32:08.533Z,448594,phil.martin.research@gmail.com,153487142,included,-1
2025-05-08T12:32:41.397Z,448594,phil.martin.research@gmail.com,153487080,"""__EXR__Not about evidence use""",1
2025-05-08T12:32:41.414Z,448594,phil.martin.research@gmail.com,153487080,included,-1
2025-05-08T12:33:10.694Z,448594,phil.martin.research@gmail.com,153486900,"""__EXR__Not about evidence use""",1
2025-05-08T12:33:10.730Z,448594,phil.martin.research@gmail.com,153486900,included,-1
2025-05-08T12:33:37.956Z,448594,phil.martin.research@gmail.com,153486118,"""__EXR__Not about conservation""",1
2025-05-08T12:33:37.973Z,448594,phil.martin.research@gmail.com,153486118,included,-1
2025-05-08T12:34:06.295Z,448594,phil.martin.research@gmail.com,153487016,"""__EXR__Not about evidence use""",1
2025-05-08T12:34:06.314Z,448594,phil.martin.research@gmail.com,153487016,included,-1
2025-05-08T12:34:26.044Z,448594,phil.martin.research@gmail.com,153486057,"""__EXR__Not about conservation""",1
2025-05-08T12:34:26.061Z,448594,phil.martin.research@gmail.com,153486057,included,-1
2025-05-08T12:34:41.486Z,448594,phil.martin.research@gmail.com,153486887,"""__EXR__Not about factors that influence evidence use""",1
2025-05-08T12:34:41.523Z,448594,phil.martin.research@gmail.com,153486887,included,-1
2025-05-08T12:34:47.894Z,448594,phil.martin.research@gmail.com,153485588,"""__EXR__Not about conservation""",1
2025-05-08T12:34:47.929Z,448594,phil.martin.research@gmail.com,153485588,included,-1
2025-05-08T12:34:54.792Z,448594,phil.martin.research@gmail.com,153485904,"""__EXR__Not about conservation""",1
2025-05-08T12:34:54.810Z,448594,phil.martin.research@gmail.com,153485904,included,-1
2025-05-08T12:34:57.544Z,448594,phil.martin.research@gmail.com,153485243,"""__EXR__Not about conservation""",1
2025-05-08T12:34:57.572Z,448594,phil.martin.research@gmail.com,153485243,included,-1
2025-05-08T12:35:25.263Z,448594,phil.martin.research@gmail.com,153487116,"""__EXR__Not about evidence use""",1
2025-05-08T12:35:25.281Z,448594,phil.martin.research@gmail.com,153487116,included,-1
2025-05-08T12:36:02.837Z,448594,phil.martin.research@gmail.com,153487167,"""__EXR__Not about factors that influence evidence use""",1
2025-05-08T12:36:02.853Z,448594,phil.martin.research@gmail.com,153487167,included,-1
2025-05-08T12:36:08.672Z,448594,phil.martin.research@gmail.com,153485905,"""__EXR__Not about conservation""",1
2025-05-08T12:36:08.698Z,448594,phil.martin.research@gmail.com,153485905,included,-1
2025-05-08T12:36:15.006Z,448594,phil.martin.research@gmail.com,153486229,"""__EXR__Not about conservation""",1
2025-05-08T12:36:15.054Z,448594,phil.martin.research@gmail.com,153486229,included,-1
2025-05-08T12:36:24.028Z,448594,phil.martin.research@gmail.com,153485415,"""__EXR__Not about evidence use""",1
2025-05-08T12:36:24.046Z,448594,phil.martin.research@gmail.com,153485415,included,-1
2025-05-08T12:36:35.510Z,448594,phil.martin.research@gmail.com,153485585,"""__EXR__Not about conservation""",1
2025-05-08T12:36:35.524Z,448594,phil.martin.research@gmail.com,153485585,included,-1
2025-05-08T12:36:43.325Z,448594,phil.martin.research@gmail.com,153485385,"""__EXR__Not about evidence use""",1
2025-05-08T12:36:43.339Z,448594,phil.martin.research@gmail.com,153485385,included,-1
2025-05-08T12:37:06.397Z,448594,phil.martin.research@gmail.com,153486004,"""__EXR__Not about evidence use""",1
2025-05-08T12:37:06.413Z,448594,phil.martin.research@gmail.com,153486004,included,-1
