created_at,user_id,user_email,article_id,key,value
2025-01-30T08:43:35.773Z,0,rayyan@rayyan.ai,153486156,"""__SYSTEM__SAMPLE__c8ec392c388730c4c6deb36dc3dfd181_13326""",1
2025-01-30T08:43:35.973Z,0,rayyan@rayyan.ai,153485486,"""__SYSTEM__SAMPLE__c8ec392c388730c4c6deb36dc3dfd181_13326""",1
2025-01-30T08:43:36.710Z,0,rayyan@rayyan.ai,83177857,"""__SYSTEM__SAMPLE__c8ec392c388730c4c6deb36dc3dfd181_13326""",1
2025-01-30T08:43:36.792Z,0,rayyan@rayyan.ai,153486809,"""__SYSTEM__SAMPLE__c8ec392c388730c4c6deb36dc3dfd181_13326""",1
2025-02-27T16:25:48.155Z,0,rayyan@rayyan.ai,153485486,"""__SYSTEM__SAMPLE__bf16548037788a03250fcfb89d192afc_15155""",1
2025-02-27T16:25:48.155Z,0,rayyan@rayyan.ai,153486809,"""__SYSTEM__SAMPLE__bf16548037788a03250fcfb89d192afc_15155""",1
2025-02-27T16:25:48.155Z,0,rayyan@rayyan.ai,153486740,"""__SYSTEM__SAMPLE__bf16548037788a03250fcfb89d192afc_15155""",1
2025-02-27T16:25:49.281Z,0,rayyan@rayyan.ai,153486937,"""__SYSTEM__SAMPLE__bf16548037788a03250fcfb89d192afc_15155""",1
2025-02-27T16:25:49.859Z,0,rayyan@rayyan.ai,83177688,"""__SYSTEM__SAMPLE__bf16548037788a03250fcfb89d192afc_15155""",1
2025-02-27T16:25:49.859Z,0,rayyan@rayyan.ai,153485820,"""__SYSTEM__SAMPLE__bf16548037788a03250fcfb89d192afc_15155""",1
2025-02-27T16:25:50.776Z,0,rayyan@rayyan.ai,153486057,"""__SYSTEM__SAMPLE__bf16548037788a03250fcfb89d192afc_15155""",1
2025-02-28T10:59:29.450Z,0,rayyan@rayyan.ai,83177612,"""__SYSTEM__SAMPLE__1844316c46179ea4d070527c2a6eda09_15194""",1
2025-02-28T10:59:30.738Z,0,rayyan@rayyan.ai,153485444,"""__SYSTEM__SAMPLE__1844316c46179ea4d070527c2a6eda09_15194""",1
2025-02-28T10:59:30.738Z,0,rayyan@rayyan.ai,83177899,"""__SYSTEM__SAMPLE__1844316c46179ea4d070527c2a6eda09_15194""",1
2025-02-28T10:59:30.809Z,0,rayyan@rayyan.ai,153486714,"""__SYSTEM__SAMPLE__1844316c46179ea4d070527c2a6eda09_15194""",1
2025-02-28T10:59:30.871Z,0,rayyan@rayyan.ai,153486641,"""__SYSTEM__SAMPLE__1844316c46179ea4d070527c2a6eda09_15194""",1
2025-02-28T10:59:31.805Z,0,rayyan@rayyan.ai,153485558,"""__SYSTEM__SAMPLE__1844316c46179ea4d070527c2a6eda09_15194""",1
2025-02-28T10:59:31.914Z,0,rayyan@rayyan.ai,153485667,"""__SYSTEM__SAMPLE__1844316c46179ea4d070527c2a6eda09_15194""",1
2025-03-03T08:02:32.413Z,0,rayyan@rayyan.ai,153486603,"""__SYSTEM__SAMPLE__5ef013fd1ac260e2ad077cb0f803864e_15279""",1
2025-03-03T08:02:32.567Z,0,rayyan@rayyan.ai,83177649,"""__SYSTEM__SAMPLE__5ef013fd1ac260e2ad077cb0f803864e_15279""",1
2025-03-03T08:02:33.492Z,0,rayyan@rayyan.ai,83177897,"""__SYSTEM__SAMPLE__5ef013fd1ac260e2ad077cb0f803864e_15279""",1
2025-03-03T08:02:33.768Z,0,rayyan@rayyan.ai,83177584,"""__SYSTEM__SAMPLE__5ef013fd1ac260e2ad077cb0f803864e_15279""",1
2025-03-03T08:02:33.837Z,0,rayyan@rayyan.ai,83177857,"""__SYSTEM__SAMPLE__5ef013fd1ac260e2ad077cb0f803864e_15279""",1
2025-03-03T08:02:33.837Z,0,rayyan@rayyan.ai,153486581,"""__SYSTEM__SAMPLE__5ef013fd1ac260e2ad077cb0f803864e_15279""",1
2025-03-03T08:02:33.894Z,0,rayyan@rayyan.ai,153486955,"""__SYSTEM__SAMPLE__5ef013fd1ac260e2ad077cb0f803864e_15279""",1
2025-03-03T08:02:34.014Z,0,rayyan@rayyan.ai,153486740,"""__SYSTEM__SAMPLE__5ef013fd1ac260e2ad077cb0f803864e_15279""",1
2025-03-03T08:02:34.014Z,0,rayyan@rayyan.ai,83177682,"""__SYSTEM__SAMPLE__5ef013fd1ac260e2ad077cb0f803864e_15279""",1
2025-03-03T08:02:34.456Z,0,rayyan@rayyan.ai,83177653,"""__SYSTEM__SAMPLE__5ef013fd1ac260e2ad077cb0f803864e_15279""",1
2025-03-03T08:02:34.628Z,0,rayyan@rayyan.ai,153485710,"""__SYSTEM__SAMPLE__5ef013fd1ac260e2ad077cb0f803864e_15279""",1
2025-03-03T08:02:34.677Z,0,rayyan@rayyan.ai,153486057,"""__SYSTEM__SAMPLE__5ef013fd1ac260e2ad077cb0f803864e_15279""",1
2025-03-03T08:02:34.725Z,0,rayyan@rayyan.ai,83177934,"""__SYSTEM__SAMPLE__5ef013fd1ac260e2ad077cb0f803864e_15279""",1
2025-03-03T08:02:34.822Z,0,rayyan@rayyan.ai,153486102,"""__SYSTEM__SAMPLE__5ef013fd1ac260e2ad077cb0f803864e_15279""",1
2025-03-03T08:02:34.979Z,0,rayyan@rayyan.ai,83177899,"""__SYSTEM__SAMPLE__5ef013fd1ac260e2ad077cb0f803864e_15280""",1
2025-03-03T08:02:35.159Z,0,rayyan@rayyan.ai,153486714,"""__SYSTEM__SAMPLE__5ef013fd1ac260e2ad077cb0f803864e_15280""",1
2025-03-03T08:02:35.203Z,0,rayyan@rayyan.ai,153485738,"""__SYSTEM__SAMPLE__5ef013fd1ac260e2ad077cb0f803864e_15280""",1
2025-03-03T08:02:35.626Z,0,rayyan@rayyan.ai,153485892,"""__SYSTEM__SAMPLE__5ef013fd1ac260e2ad077cb0f803864e_15280""",1
2025-03-03T08:02:35.669Z,0,rayyan@rayyan.ai,153485820,"""__SYSTEM__SAMPLE__5ef013fd1ac260e2ad077cb0f803864e_15280""",1
2025-03-03T08:02:35.838Z,0,rayyan@rayyan.ai,153487035,"""__SYSTEM__SAMPLE__5ef013fd1ac260e2ad077cb0f803864e_15280""",1
2025-03-03T08:02:35.876Z,0,rayyan@rayyan.ai,153486809,"""__SYSTEM__SAMPLE__5ef013fd1ac260e2ad077cb0f803864e_15280""",1
2025-03-03T08:02:35.912Z,0,rayyan@rayyan.ai,153485425,"""__SYSTEM__SAMPLE__5ef013fd1ac260e2ad077cb0f803864e_15280""",1
2025-03-03T08:02:35.912Z,0,rayyan@rayyan.ai,153485252,"""__SYSTEM__SAMPLE__5ef013fd1ac260e2ad077cb0f803864e_15280""",1
2025-03-03T08:02:35.955Z,0,rayyan@rayyan.ai,153486641,"""__SYSTEM__SAMPLE__5ef013fd1ac260e2ad077cb0f803864e_15280""",1
2025-03-03T08:02:35.992Z,0,rayyan@rayyan.ai,153485486,"""__SYSTEM__SAMPLE__5ef013fd1ac260e2ad077cb0f803864e_15280""",1
2025-03-03T08:02:36.047Z,0,rayyan@rayyan.ai,83177598,"""__SYSTEM__SAMPLE__5ef013fd1ac260e2ad077cb0f803864e_15281""",1
2025-03-03T08:02:36.433Z,0,rayyan@rayyan.ai,153485513,"""__SYSTEM__SAMPLE__5ef013fd1ac260e2ad077cb0f803864e_15281""",1
2025-03-03T08:02:36.473Z,0,rayyan@rayyan.ai,153486787,"""__SYSTEM__SAMPLE__5ef013fd1ac260e2ad077cb0f803864e_15281""",1
2025-03-03T08:02:36.591Z,0,rayyan@rayyan.ai,153485717,"""__SYSTEM__SAMPLE__5ef013fd1ac260e2ad077cb0f803864e_15281""",1
2025-03-03T08:02:36.629Z,0,rayyan@rayyan.ai,153486937,"""__SYSTEM__SAMPLE__5ef013fd1ac260e2ad077cb0f803864e_15281""",1
2025-03-03T08:02:36.663Z,0,rayyan@rayyan.ai,153486818,"""__SYSTEM__SAMPLE__5ef013fd1ac260e2ad077cb0f803864e_15281""",1
2025-03-03T08:02:36.890Z,0,rayyan@rayyan.ai,153486156,"""__SYSTEM__SAMPLE__5ef013fd1ac260e2ad077cb0f803864e_15281""",1
2025-03-03T08:02:36.927Z,0,rayyan@rayyan.ai,83177502,"""__SYSTEM__SAMPLE__5ef013fd1ac260e2ad077cb0f803864e_15281""",1
2025-03-03T08:02:37.082Z,0,rayyan@rayyan.ai,83177612,"""__SYSTEM__SAMPLE__5ef013fd1ac260e2ad077cb0f803864e_15281""",1
2025-03-03T08:02:37.407Z,0,rayyan@rayyan.ai,153486884,"""__SYSTEM__SAMPLE__5ef013fd1ac260e2ad077cb0f803864e_15282""",1
2025-03-03T08:02:37.569Z,0,rayyan@rayyan.ai,153486669,"""__SYSTEM__SAMPLE__5ef013fd1ac260e2ad077cb0f803864e_15282""",1
2025-03-03T08:02:37.569Z,0,rayyan@rayyan.ai,83177906,"""__SYSTEM__SAMPLE__5ef013fd1ac260e2ad077cb0f803864e_15282""",1
2025-03-03T08:02:37.569Z,0,rayyan@rayyan.ai,83177868,"""__SYSTEM__SAMPLE__5ef013fd1ac260e2ad077cb0f803864e_15282""",1
2025-03-03T08:02:37.693Z,0,rayyan@rayyan.ai,153486634,"""__SYSTEM__SAMPLE__5ef013fd1ac260e2ad077cb0f803864e_15282""",1
2025-03-03T08:02:37.825Z,0,rayyan@rayyan.ai,153486147,"""__SYSTEM__SAMPLE__5ef013fd1ac260e2ad077cb0f803864e_15282""",1
2025-03-03T08:02:37.864Z,0,rayyan@rayyan.ai,83177688,"""__SYSTEM__SAMPLE__5ef013fd1ac260e2ad077cb0f803864e_15282""",1
2025-03-03T08:02:37.906Z,0,rayyan@rayyan.ai,153485784,"""__SYSTEM__SAMPLE__5ef013fd1ac260e2ad077cb0f803864e_15282""",1
2025-03-03T08:02:37.906Z,0,rayyan@rayyan.ai,153485308,"""__SYSTEM__SAMPLE__5ef013fd1ac260e2ad077cb0f803864e_15282""",1
2025-03-03T08:02:37.906Z,0,rayyan@rayyan.ai,153485964,"""__SYSTEM__SAMPLE__5ef013fd1ac260e2ad077cb0f803864e_15282""",1
2025-03-03T08:02:38.165Z,0,rayyan@rayyan.ai,153485561,"""__SYSTEM__SAMPLE__5ef013fd1ac260e2ad077cb0f803864e_15282""",1
2025-03-03T08:02:38.199Z,0,rayyan@rayyan.ai,153485637,"""__SYSTEM__SAMPLE__5ef013fd1ac260e2ad077cb0f803864e_15282""",1
2025-03-03T08:02:38.512Z,0,rayyan@rayyan.ai,153485935,"""__SYSTEM__SAMPLE__5ef013fd1ac260e2ad077cb0f803864e_15283""",1
2025-03-03T08:02:38.616Z,0,rayyan@rayyan.ai,153486179,"""__SYSTEM__SAMPLE__5ef013fd1ac260e2ad077cb0f803864e_15283""",1
2025-03-03T08:02:38.652Z,0,rayyan@rayyan.ai,153486709,"""__SYSTEM__SAMPLE__5ef013fd1ac260e2ad077cb0f803864e_15283""",1
2025-03-03T08:02:38.687Z,0,rayyan@rayyan.ai,83177893,"""__SYSTEM__SAMPLE__5ef013fd1ac260e2ad077cb0f803864e_15283""",1
2025-03-03T08:02:38.724Z,0,rayyan@rayyan.ai,153486285,"""__SYSTEM__SAMPLE__5ef013fd1ac260e2ad077cb0f803864e_15283""",1
2025-03-03T08:02:38.761Z,0,rayyan@rayyan.ai,83177859,"""__SYSTEM__SAMPLE__5ef013fd1ac260e2ad077cb0f803864e_15283""",1
2025-03-03T08:02:39.158Z,0,rayyan@rayyan.ai,153485558,"""__SYSTEM__SAMPLE__5ef013fd1ac260e2ad077cb0f803864e_15283""",1
2025-03-03T08:02:39.191Z,0,rayyan@rayyan.ai,153485667,"""__SYSTEM__SAMPLE__5ef013fd1ac260e2ad077cb0f803864e_15283""",1
2025-03-03T08:02:39.292Z,0,rayyan@rayyan.ai,153486784,"""__SYSTEM__SAMPLE__5ef013fd1ac260e2ad077cb0f803864e_15283""",1
2025-03-03T08:02:39.697Z,0,rayyan@rayyan.ai,153485141,"""__SYSTEM__SAMPLE__5ef013fd1ac260e2ad077cb0f803864e_15284""",1
2025-03-03T08:02:40.048Z,0,rayyan@rayyan.ai,153486111,"""__SYSTEM__SAMPLE__5ef013fd1ac260e2ad077cb0f803864e_15284""",1
2025-03-03T08:02:40.121Z,0,rayyan@rayyan.ai,153485609,"""__SYSTEM__SAMPLE__5ef013fd1ac260e2ad077cb0f803864e_15284""",1
2025-03-03T08:02:40.154Z,0,rayyan@rayyan.ai,153486115,"""__SYSTEM__SAMPLE__5ef013fd1ac260e2ad077cb0f803864e_15284""",1
2025-03-03T08:02:40.219Z,0,rayyan@rayyan.ai,153485540,"""__SYSTEM__SAMPLE__5ef013fd1ac260e2ad077cb0f803864e_15284""",1
2025-03-03T08:02:40.256Z,0,rayyan@rayyan.ai,153485444,"""__SYSTEM__SAMPLE__5ef013fd1ac260e2ad077cb0f803864e_15284""",1
2025-03-03T08:02:40.335Z,0,rayyan@rayyan.ai,153485482,"""__SYSTEM__SAMPLE__5ef013fd1ac260e2ad077cb0f803864e_15284""",1
2025-03-03T08:02:41.128Z,0,rayyan@rayyan.ai,153485372,"""__SYSTEM__SAMPLE__5ef013fd1ac260e2ad077cb0f803864e_15285""",1
2025-03-03T08:02:41.356Z,0,rayyan@rayyan.ai,83178004,"""__SYSTEM__SAMPLE__5ef013fd1ac260e2ad077cb0f803864e_15285""",1
2025-03-03T08:02:41.474Z,0,rayyan@rayyan.ai,153485616,"""__SYSTEM__SAMPLE__5ef013fd1ac260e2ad077cb0f803864e_15285""",1
2025-03-03T08:02:41.535Z,0,rayyan@rayyan.ai,153486989,"""__SYSTEM__SAMPLE__5ef013fd1ac260e2ad077cb0f803864e_15285""",1
2025-03-03T08:02:41.600Z,0,rayyan@rayyan.ai,153485364,"""__SYSTEM__SAMPLE__5ef013fd1ac260e2ad077cb0f803864e_15285""",1
2025-03-03T08:02:41.640Z,0,rayyan@rayyan.ai,83177790,"""__SYSTEM__SAMPLE__5ef013fd1ac260e2ad077cb0f803864e_15285""",1
2025-03-03T08:02:41.939Z,0,rayyan@rayyan.ai,153486310,"""__SYSTEM__SAMPLE__5ef013fd1ac260e2ad077cb0f803864e_15285""",1
2025-03-03T08:02:41.939Z,0,rayyan@rayyan.ai,153486695,"""__SYSTEM__SAMPLE__5ef013fd1ac260e2ad077cb0f803864e_15285""",1
2025-03-03T08:02:41.989Z,0,rayyan@rayyan.ai,153486273,"""__SYSTEM__SAMPLE__5ef013fd1ac260e2ad077cb0f803864e_15286""",1
2025-03-03T08:02:42.980Z,0,rayyan@rayyan.ai,153485691,"""__SYSTEM__SAMPLE__5ef013fd1ac260e2ad077cb0f803864e_15286""",1
2025-03-03T08:02:42.980Z,0,rayyan@rayyan.ai,153485405,"""__SYSTEM__SAMPLE__5ef013fd1ac260e2ad077cb0f803864e_15286""",1
2025-03-03T08:02:43.474Z,0,rayyan@rayyan.ai,153486646,"""__SYSTEM__SAMPLE__5ef013fd1ac260e2ad077cb0f803864e_15286""",1
2025-03-03T08:05:23.118Z,0,rayyan@rayyan.ai,153486147,"""__SYSTEM__SAMPLE__7e180c281ac02758a82cc34f7e6794d7_15287""",1
2025-03-03T08:05:23.160Z,0,rayyan@rayyan.ai,153486873,"""__SYSTEM__SAMPLE__7e180c281ac02758a82cc34f7e6794d7_15287""",1
2025-03-03T08:05:23.232Z,0,rayyan@rayyan.ai,153486310,"""__SYSTEM__SAMPLE__7e180c281ac02758a82cc34f7e6794d7_15287""",1
2025-03-03T08:05:23.369Z,0,rayyan@rayyan.ai,153485558,"""__SYSTEM__SAMPLE__7e180c281ac02758a82cc34f7e6794d7_15287""",1
2025-03-03T08:05:23.404Z,0,rayyan@rayyan.ai,153486787,"""__SYSTEM__SAMPLE__7e180c281ac02758a82cc34f7e6794d7_15287""",1
2025-03-03T08:05:23.404Z,0,rayyan@rayyan.ai,83177653,"""__SYSTEM__SAMPLE__7e180c281ac02758a82cc34f7e6794d7_15287""",1
2025-03-03T08:05:23.538Z,0,rayyan@rayyan.ai,83177688,"""__SYSTEM__SAMPLE__7e180c281ac02758a82cc34f7e6794d7_15287""",1
2025-03-03T08:05:23.797Z,0,rayyan@rayyan.ai,83177868,"""__SYSTEM__SAMPLE__7e180c281ac02758a82cc34f7e6794d7_15287""",1
2025-03-03T08:05:23.797Z,0,rayyan@rayyan.ai,153485425,"""__SYSTEM__SAMPLE__7e180c281ac02758a82cc34f7e6794d7_15287""",1
2025-03-03T08:05:23.797Z,0,rayyan@rayyan.ai,153485935,"""__SYSTEM__SAMPLE__7e180c281ac02758a82cc34f7e6794d7_15287""",1
2025-03-03T08:05:23.879Z,0,rayyan@rayyan.ai,153485775,"""__SYSTEM__SAMPLE__7e180c281ac02758a82cc34f7e6794d7_15287""",1
2025-03-03T08:05:23.998Z,0,rayyan@rayyan.ai,83177899,"""__SYSTEM__SAMPLE__7e180c281ac02758a82cc34f7e6794d7_15288""",1
2025-03-03T08:05:24.071Z,0,rayyan@rayyan.ai,153486115,"""__SYSTEM__SAMPLE__7e180c281ac02758a82cc34f7e6794d7_15288""",1
2025-03-03T08:05:24.071Z,0,rayyan@rayyan.ai,153485604,"""__SYSTEM__SAMPLE__7e180c281ac02758a82cc34f7e6794d7_15288""",1
2025-03-03T08:05:24.071Z,0,rayyan@rayyan.ai,83177832,"""__SYSTEM__SAMPLE__7e180c281ac02758a82cc34f7e6794d7_15288""",1
2025-03-03T08:05:24.315Z,0,rayyan@rayyan.ai,83177897,"""__SYSTEM__SAMPLE__7e180c281ac02758a82cc34f7e6794d7_15288""",1
2025-03-03T08:05:25.127Z,0,rayyan@rayyan.ai,153486695,"""__SYSTEM__SAMPLE__7e180c281ac02758a82cc34f7e6794d7_15289""",1
2025-03-03T08:05:25.235Z,0,rayyan@rayyan.ai,153485800,"""__SYSTEM__SAMPLE__7e180c281ac02758a82cc34f7e6794d7_15289""",1
2025-03-03T08:05:25.235Z,0,rayyan@rayyan.ai,83177906,"""__SYSTEM__SAMPLE__7e180c281ac02758a82cc34f7e6794d7_15289""",1
2025-03-03T08:05:25.302Z,0,rayyan@rayyan.ai,153485609,"""__SYSTEM__SAMPLE__7e180c281ac02758a82cc34f7e6794d7_15289""",1
2025-03-03T08:05:25.693Z,0,rayyan@rayyan.ai,153485364,"""__SYSTEM__SAMPLE__7e180c281ac02758a82cc34f7e6794d7_15289""",1
2025-03-03T08:05:25.862Z,0,rayyan@rayyan.ai,153486164,"""__SYSTEM__SAMPLE__7e180c281ac02758a82cc34f7e6794d7_15289""",1
2025-03-03T08:05:25.862Z,0,rayyan@rayyan.ai,83177857,"""__SYSTEM__SAMPLE__7e180c281ac02758a82cc34f7e6794d7_15289""",1
2025-03-03T08:05:25.900Z,0,rayyan@rayyan.ai,153485308,"""__SYSTEM__SAMPLE__7e180c281ac02758a82cc34f7e6794d7_15289""",1
2025-03-03T08:05:25.939Z,0,rayyan@rayyan.ai,153485540,"""__SYSTEM__SAMPLE__7e180c281ac02758a82cc34f7e6794d7_15289""",1
2025-03-03T08:05:26.041Z,0,rayyan@rayyan.ai,153486955,"""__SYSTEM__SAMPLE__7e180c281ac02758a82cc34f7e6794d7_15289""",1
2025-03-03T08:05:26.085Z,0,rayyan@rayyan.ai,153485252,"""__SYSTEM__SAMPLE__7e180c281ac02758a82cc34f7e6794d7_15290""",1
2025-03-03T08:05:26.483Z,0,rayyan@rayyan.ai,153485405,"""__SYSTEM__SAMPLE__7e180c281ac02758a82cc34f7e6794d7_15290""",1
2025-03-03T08:05:26.621Z,0,rayyan@rayyan.ai,153487035,"""__SYSTEM__SAMPLE__7e180c281ac02758a82cc34f7e6794d7_15290""",1
2025-03-03T08:05:26.621Z,0,rayyan@rayyan.ai,153485710,"""__SYSTEM__SAMPLE__7e180c281ac02758a82cc34f7e6794d7_15290""",1
2025-03-03T08:05:26.937Z,0,rayyan@rayyan.ai,83177598,"""__SYSTEM__SAMPLE__7e180c281ac02758a82cc34f7e6794d7_15290""",1
2025-03-03T08:05:27.271Z,0,rayyan@rayyan.ai,153486603,"""__SYSTEM__SAMPLE__7e180c281ac02758a82cc34f7e6794d7_15291""",1
2025-03-03T08:05:27.271Z,0,rayyan@rayyan.ai,83177612,"""__SYSTEM__SAMPLE__7e180c281ac02758a82cc34f7e6794d7_15291""",1
2025-03-03T08:05:27.304Z,0,rayyan@rayyan.ai,153485486,"""__SYSTEM__SAMPLE__7e180c281ac02758a82cc34f7e6794d7_15291""",1
2025-03-03T08:05:27.304Z,0,rayyan@rayyan.ai,153486285,"""__SYSTEM__SAMPLE__7e180c281ac02758a82cc34f7e6794d7_15291""",1
2025-03-03T08:05:27.527Z,0,rayyan@rayyan.ai,153486818,"""__SYSTEM__SAMPLE__7e180c281ac02758a82cc34f7e6794d7_15291""",1
2025-03-03T08:05:27.562Z,0,rayyan@rayyan.ai,153486273,"""__SYSTEM__SAMPLE__7e180c281ac02758a82cc34f7e6794d7_15291""",1
2025-03-03T08:05:27.728Z,0,rayyan@rayyan.ai,153485513,"""__SYSTEM__SAMPLE__7e180c281ac02758a82cc34f7e6794d7_15291""",1
2025-03-03T08:05:27.760Z,0,rayyan@rayyan.ai,153486884,"""__SYSTEM__SAMPLE__7e180c281ac02758a82cc34f7e6794d7_15291""",1
2025-03-03T08:05:27.760Z,0,rayyan@rayyan.ai,153486989,"""__SYSTEM__SAMPLE__7e180c281ac02758a82cc34f7e6794d7_15291""",1
2025-03-03T08:05:27.824Z,0,rayyan@rayyan.ai,153485444,"""__SYSTEM__SAMPLE__7e180c281ac02758a82cc34f7e6794d7_15291""",1
2025-03-03T08:05:28.559Z,0,rayyan@rayyan.ai,153485964,"""__SYSTEM__SAMPLE__7e180c281ac02758a82cc34f7e6794d7_15292""",1
2025-03-03T08:05:28.559Z,0,rayyan@rayyan.ai,153486669,"""__SYSTEM__SAMPLE__7e180c281ac02758a82cc34f7e6794d7_15292""",1
2025-03-03T08:05:28.559Z,0,rayyan@rayyan.ai,153486828,"""__SYSTEM__SAMPLE__7e180c281ac02758a82cc34f7e6794d7_15292""",1
2025-03-03T08:05:28.942Z,0,rayyan@rayyan.ai,83177859,"""__SYSTEM__SAMPLE__7e180c281ac02758a82cc34f7e6794d7_15292""",1
2025-03-03T08:05:29.004Z,0,rayyan@rayyan.ai,153486778,"""__SYSTEM__SAMPLE__7e180c281ac02758a82cc34f7e6794d7_15292""",1
2025-03-03T08:05:29.037Z,0,rayyan@rayyan.ai,153486057,"""__SYSTEM__SAMPLE__7e180c281ac02758a82cc34f7e6794d7_15292""",1
2025-03-03T08:05:29.037Z,0,rayyan@rayyan.ai,83177790,"""__SYSTEM__SAMPLE__7e180c281ac02758a82cc34f7e6794d7_15292""",1
2025-03-03T08:05:29.074Z,0,rayyan@rayyan.ai,153486581,"""__SYSTEM__SAMPLE__7e180c281ac02758a82cc34f7e6794d7_15292""",1
2025-03-03T08:05:29.146Z,0,rayyan@rayyan.ai,153485148,"""__SYSTEM__SAMPLE__7e180c281ac02758a82cc34f7e6794d7_15293""",1
2025-03-03T08:05:29.510Z,0,rayyan@rayyan.ai,153485766,"""__SYSTEM__SAMPLE__7e180c281ac02758a82cc34f7e6794d7_15293""",1
2025-03-03T08:05:29.853Z,0,rayyan@rayyan.ai,83177614,"""__SYSTEM__SAMPLE__7e180c281ac02758a82cc34f7e6794d7_15293""",1
2025-03-03T08:05:29.885Z,0,rayyan@rayyan.ai,153486111,"""__SYSTEM__SAMPLE__7e180c281ac02758a82cc34f7e6794d7_15293""",1
2025-03-03T08:05:29.917Z,0,rayyan@rayyan.ai,153485616,"""__SYSTEM__SAMPLE__7e180c281ac02758a82cc34f7e6794d7_15293""",1
2025-03-03T19:32:19.436Z,0,rayyan@rayyan.ai,153485405,"""__SYSTEM__SAMPLE__3e981fa25c9d210f15f61af0b328cb3b_15336""",1
2025-03-03T19:32:20.316Z,0,rayyan@rayyan.ai,83177682,"""__SYSTEM__SAMPLE__3e981fa25c9d210f15f61af0b328cb3b_15336""",1
2025-03-03T19:32:21.359Z,0,rayyan@rayyan.ai,153485609,"""__SYSTEM__SAMPLE__3e981fa25c9d210f15f61af0b328cb3b_15336""",1
2025-03-03T19:32:21.833Z,0,rayyan@rayyan.ai,153485892,"""__SYSTEM__SAMPLE__3e981fa25c9d210f15f61af0b328cb3b_15336""",1
2025-03-03T19:32:21.833Z,0,rayyan@rayyan.ai,83177649,"""__SYSTEM__SAMPLE__3e981fa25c9d210f15f61af0b328cb3b_15336""",1
2025-03-03T19:32:23.323Z,0,rayyan@rayyan.ai,153487035,"""__SYSTEM__SAMPLE__3e981fa25c9d210f15f61af0b328cb3b_15336""",1
2025-03-06T12:29:15.731Z,0,rayyan@rayyan.ai,153486145,"""__SYSTEM__SAMPLE__6162b2583ac27b37ac06dfc5672321e9_15499""",1
2025-03-06T12:29:16.088Z,0,rayyan@rayyan.ai,153486111,"""__SYSTEM__SAMPLE__6162b2583ac27b37ac06dfc5672321e9_15499""",1
2025-03-06T12:29:16.939Z,0,rayyan@rayyan.ai,153486147,"""__SYSTEM__SAMPLE__6162b2583ac27b37ac06dfc5672321e9_15500""",1
2025-03-06T12:29:17.169Z,0,rayyan@rayyan.ai,153485444,"""__SYSTEM__SAMPLE__6162b2583ac27b37ac06dfc5672321e9_15500""",1
2025-03-06T12:29:17.402Z,0,rayyan@rayyan.ai,153485561,"""__SYSTEM__SAMPLE__6162b2583ac27b37ac06dfc5672321e9_15500""",1
2025-03-06T12:29:17.439Z,0,rayyan@rayyan.ai,153486787,"""__SYSTEM__SAMPLE__6162b2583ac27b37ac06dfc5672321e9_15500""",1
2025-03-06T12:29:17.475Z,0,rayyan@rayyan.ai,153485425,"""__SYSTEM__SAMPLE__6162b2583ac27b37ac06dfc5672321e9_15500""",1
2025-03-06T12:29:17.512Z,0,rayyan@rayyan.ai,153486809,"""__SYSTEM__SAMPLE__6162b2583ac27b37ac06dfc5672321e9_15500""",1
2025-03-06T12:29:17.546Z,0,rayyan@rayyan.ai,153486319,"""__SYSTEM__SAMPLE__6162b2583ac27b37ac06dfc5672321e9_15500""",1
2025-03-06T12:29:17.580Z,0,rayyan@rayyan.ai,153485405,"""__SYSTEM__SAMPLE__6162b2583ac27b37ac06dfc5672321e9_15500""",1
2025-03-06T12:29:17.580Z,0,rayyan@rayyan.ai,153485201,"""__SYSTEM__SAMPLE__6162b2583ac27b37ac06dfc5672321e9_15500""",1
2025-03-06T12:29:17.846Z,0,rayyan@rayyan.ai,83177584,"""__SYSTEM__SAMPLE__6162b2583ac27b37ac06dfc5672321e9_15500""",1
2025-03-06T12:29:17.846Z,0,rayyan@rayyan.ai,83177614,"""__SYSTEM__SAMPLE__6162b2583ac27b37ac06dfc5672321e9_15500""",1
2025-03-06T12:29:17.889Z,0,rayyan@rayyan.ai,83177934,"""__SYSTEM__SAMPLE__6162b2583ac27b37ac06dfc5672321e9_15500""",1
2025-03-06T12:29:17.957Z,0,rayyan@rayyan.ai,153485820,"""__SYSTEM__SAMPLE__6162b2583ac27b37ac06dfc5672321e9_15500""",1
2025-03-06T12:29:17.957Z,0,rayyan@rayyan.ai,153486581,"""__SYSTEM__SAMPLE__6162b2583ac27b37ac06dfc5672321e9_15500""",1
2025-03-06T12:29:18.397Z,0,rayyan@rayyan.ai,83177897,"""__SYSTEM__SAMPLE__6162b2583ac27b37ac06dfc5672321e9_15501""",1
2025-03-06T12:29:18.558Z,0,rayyan@rayyan.ai,83177790,"""__SYSTEM__SAMPLE__6162b2583ac27b37ac06dfc5672321e9_15501""",1
2025-03-06T12:29:18.591Z,0,rayyan@rayyan.ai,153486937,"""__SYSTEM__SAMPLE__6162b2583ac27b37ac06dfc5672321e9_15501""",1
2025-03-06T12:29:18.723Z,0,rayyan@rayyan.ai,153486646,"""__SYSTEM__SAMPLE__6162b2583ac27b37ac06dfc5672321e9_15501""",1
2025-03-06T12:29:19.322Z,0,rayyan@rayyan.ai,153486778,"""__SYSTEM__SAMPLE__6162b2583ac27b37ac06dfc5672321e9_15502""",1
2025-03-06T12:29:19.356Z,0,rayyan@rayyan.ai,153485311,"""__SYSTEM__SAMPLE__6162b2583ac27b37ac06dfc5672321e9_15502""",1
2025-03-06T12:29:19.389Z,0,rayyan@rayyan.ai,83177598,"""__SYSTEM__SAMPLE__6162b2583ac27b37ac06dfc5672321e9_15502""",1
2025-03-06T12:29:19.424Z,0,rayyan@rayyan.ai,83178008,"""__SYSTEM__SAMPLE__6162b2583ac27b37ac06dfc5672321e9_15502""",1
2025-03-06T12:29:19.491Z,0,rayyan@rayyan.ai,153486057,"""__SYSTEM__SAMPLE__6162b2583ac27b37ac06dfc5672321e9_15502""",1
2025-03-06T12:29:19.524Z,0,rayyan@rayyan.ai,153485669,"""__SYSTEM__SAMPLE__6162b2583ac27b37ac06dfc5672321e9_15502""",1
2025-03-06T12:29:19.524Z,0,rayyan@rayyan.ai,153486310,"""__SYSTEM__SAMPLE__6162b2583ac27b37ac06dfc5672321e9_15502""",1
2025-03-06T12:29:19.595Z,0,rayyan@rayyan.ai,83177906,"""__SYSTEM__SAMPLE__6162b2583ac27b37ac06dfc5672321e9_15502""",1
2025-03-06T12:29:19.665Z,0,rayyan@rayyan.ai,153485148,"""__SYSTEM__SAMPLE__6162b2583ac27b37ac06dfc5672321e9_15502""",1
2025-03-06T12:29:19.710Z,0,rayyan@rayyan.ai,153486695,"""__SYSTEM__SAMPLE__6162b2583ac27b37ac06dfc5672321e9_15502""",1
2025-03-06T12:29:19.771Z,0,rayyan@rayyan.ai,153486179,"""__SYSTEM__SAMPLE__6162b2583ac27b37ac06dfc5672321e9_15502""",1
2025-03-06T12:29:20.030Z,0,rayyan@rayyan.ai,153485766,"""__SYSTEM__SAMPLE__6162b2583ac27b37ac06dfc5672321e9_15502""",1
2025-03-06T12:29:20.061Z,0,rayyan@rayyan.ai,153486285,"""__SYSTEM__SAMPLE__6162b2583ac27b37ac06dfc5672321e9_15502""",1
2025-03-06T12:29:20.095Z,0,rayyan@rayyan.ai,153486669,"""__SYSTEM__SAMPLE__6162b2583ac27b37ac06dfc5672321e9_15503""",1
2025-03-06T12:29:20.232Z,0,rayyan@rayyan.ai,153486873,"""__SYSTEM__SAMPLE__6162b2583ac27b37ac06dfc5672321e9_15503""",1
2025-03-06T12:29:20.530Z,0,rayyan@rayyan.ai,153485482,"""__SYSTEM__SAMPLE__6162b2583ac27b37ac06dfc5672321e9_15503""",1
2025-03-06T12:29:20.631Z,0,rayyan@rayyan.ai,83177653,"""__SYSTEM__SAMPLE__6162b2583ac27b37ac06dfc5672321e9_15503""",1
2025-03-06T12:29:20.662Z,0,rayyan@rayyan.ai,153485620,"""__SYSTEM__SAMPLE__6162b2583ac27b37ac06dfc5672321e9_15503""",1
2025-03-06T12:29:20.692Z,0,rayyan@rayyan.ai,153486156,"""__SYSTEM__SAMPLE__6162b2583ac27b37ac06dfc5672321e9_15503""",1
2025-03-06T12:29:20.759Z,0,rayyan@rayyan.ai,83177892,"""__SYSTEM__SAMPLE__6162b2583ac27b37ac06dfc5672321e9_15503""",1
2025-03-06T12:29:20.963Z,0,rayyan@rayyan.ai,153486709,"""__SYSTEM__SAMPLE__6162b2583ac27b37ac06dfc5672321e9_15503""",1
2025-03-06T12:29:22.480Z,0,rayyan@rayyan.ai,153486989,"""__SYSTEM__SAMPLE__6162b2583ac27b37ac06dfc5672321e9_15504""",1
2025-03-06T12:29:22.690Z,0,rayyan@rayyan.ai,153486102,"""__SYSTEM__SAMPLE__6162b2583ac27b37ac06dfc5672321e9_15505""",1
2025-03-06T12:29:22.752Z,0,rayyan@rayyan.ai,153486818,"""__SYSTEM__SAMPLE__6162b2583ac27b37ac06dfc5672321e9_15505""",1
2025-03-06T12:29:22.784Z,0,rayyan@rayyan.ai,153485964,"""__SYSTEM__SAMPLE__6162b2583ac27b37ac06dfc5672321e9_15505""",1
2025-03-06T12:29:22.784Z,0,rayyan@rayyan.ai,153485616,"""__SYSTEM__SAMPLE__6162b2583ac27b37ac06dfc5672321e9_15505""",1
2025-03-06T12:29:23.057Z,0,rayyan@rayyan.ai,83177688,"""__SYSTEM__SAMPLE__6162b2583ac27b37ac06dfc5672321e9_15505""",1
2025-03-06T12:29:23.189Z,0,rayyan@rayyan.ai,153485592,"""__SYSTEM__SAMPLE__6162b2583ac27b37ac06dfc5672321e9_15505""",1
2025-03-06T12:29:23.263Z,0,rayyan@rayyan.ai,153485784,"""__SYSTEM__SAMPLE__6162b2583ac27b37ac06dfc5672321e9_15505""",1
2025-03-06T12:29:23.570Z,0,rayyan@rayyan.ai,83177859,"""__SYSTEM__SAMPLE__6162b2583ac27b37ac06dfc5672321e9_15505""",1
2025-03-06T16:20:57.540Z,793584,amirmohammadif@gmail.com,83177649,included,1
2025-03-06T16:21:32.741Z,793584,amirmohammadif@gmail.com,83177653,included,0
2025-03-06T20:04:44.785Z,793584,amirmohammadif@gmail.com,83177790,included,-1
2025-03-06T20:08:21.886Z,793584,amirmohammadif@gmail.com,83177857,included,1
2025-03-06T20:08:26.166Z,793584,amirmohammadif@gmail.com,83177859,included,1
2025-03-06T20:09:00.454Z,793584,amirmohammadif@gmail.com,83177892,included,1
2025-03-06T20:09:08.984Z,793584,amirmohammadif@gmail.com,83177893,included,1
2025-03-06T20:09:30.930Z,793584,amirmohammadif@gmail.com,83177897,included,1
2025-03-06T20:09:42.316Z,793584,amirmohammadif@gmail.com,83177899,included,1
2025-03-06T20:10:02.284Z,793584,amirmohammadif@gmail.com,83177906,included,-1
2025-03-07T06:27:43.163Z,793581,santip1320@gmail.com,83177502,included,-1
2025-03-07T06:36:10.981Z,793581,santip1320@gmail.com,83177612,included,-1
2025-03-07T06:36:46.992Z,793581,santip1320@gmail.com,83177614,included,-1
2025-03-09T09:15:57.611Z,563832,alice.m.oswald@durham.ac.uk,83177688,"""__EXR__Not about conservation""",1
2025-03-09T09:15:57.626Z,563832,alice.m.oswald@durham.ac.uk,83177688,included,-1
2025-03-10T14:57:57.911Z,563832,alice.m.oswald@durham.ac.uk,83177859,included,1
2025-03-10T15:22:00.886Z,563832,alice.m.oswald@durham.ac.uk,153485592,"""__EXR__Not about conservation""",1
2025-03-10T15:22:00.902Z,563832,alice.m.oswald@durham.ac.uk,153485592,included,-1
2025-03-10T15:23:14.873Z,563832,alice.m.oswald@durham.ac.uk,153485616,"""__EXR__Not about conservation""",1
2025-03-10T15:23:14.892Z,563832,alice.m.oswald@durham.ac.uk,153485616,included,-1
2025-03-10T15:45:09.585Z,563832,alice.m.oswald@durham.ac.uk,153486102,"""__EXR__Not about policy or practice""",1
2025-03-10T15:45:09.599Z,563832,alice.m.oswald@durham.ac.uk,153486102,included,-1
2025-03-11T08:57:19.238Z,793583,elina.takola@ufz.de,83177653,included,-1
2025-03-11T09:04:35.250Z,793583,elina.takola@ufz.de,83177892,included,-1
2025-03-11T09:40:31.842Z,793583,elina.takola@ufz.de,153485482,included,1
2025-03-11T10:46:54.869Z,793583,elina.takola@ufz.de,153485620,included,-1
2025-03-11T11:02:53.293Z,793583,elina.takola@ufz.de,153486156,included,-1
2025-03-11T12:49:47.482Z,793583,elina.takola@ufz.de,153486669,included,1
2025-03-11T12:50:42.503Z,793583,elina.takola@ufz.de,153486709,included,-1
2025-03-11T18:39:37.257Z,793583,elina.takola@ufz.de,153486873,included,-1
2025-03-20T10:57:32.460Z,793578,tabitha.taberer@jesus.ox.ac.uk,83177584,"""__EXR__Not about conservation""",1
2025-03-20T10:57:32.479Z,793578,tabitha.taberer@jesus.ox.ac.uk,83177584,included,-1
2025-03-20T11:00:56.332Z,793578,tabitha.taberer@jesus.ox.ac.uk,83177614,"""__EXR__Not about conservation""",1
2025-03-20T11:00:56.352Z,793578,tabitha.taberer@jesus.ox.ac.uk,83177614,included,-1
2025-03-20T12:01:30.911Z,793578,tabitha.taberer@jesus.ox.ac.uk,83177934,"""__EXR__Not about conservation""",1
2025-03-20T12:01:30.964Z,793578,tabitha.taberer@jesus.ox.ac.uk,83177934,included,-1
2025-03-20T12:11:30.150Z,793578,tabitha.taberer@jesus.ox.ac.uk,83177934,included,1
2025-03-20T12:12:15.565Z,793578,tabitha.taberer@jesus.ox.ac.uk,83177934,note-11404147,1
2025-03-20T12:22:41.682Z,793578,tabitha.taberer@jesus.ox.ac.uk,153485201,"""__EXR__Not about policy or practice""",1
2025-03-20T12:22:41.700Z,793578,tabitha.taberer@jesus.ox.ac.uk,153485201,included,-1
2025-03-20T12:30:55.437Z,793578,tabitha.taberer@jesus.ox.ac.uk,153485820,"""__EXR__Not about conservation""",1
2025-03-20T12:30:55.451Z,793578,tabitha.taberer@jesus.ox.ac.uk,153485820,included,-1
2025-03-20T13:14:45.091Z,793578,tabitha.taberer@jesus.ox.ac.uk,153486147,"""__EXR__Not about conservation""",1
2025-03-20T13:14:45.114Z,793578,tabitha.taberer@jesus.ox.ac.uk,153486147,included,-1
2025-03-20T13:23:02.394Z,793578,tabitha.taberer@jesus.ox.ac.uk,153486319,"""__EXR__Not about policy or practice""",1
2025-03-20T13:23:02.415Z,793578,tabitha.taberer@jesus.ox.ac.uk,153486319,included,-1
2025-03-20T13:33:29.775Z,793578,tabitha.taberer@jesus.ox.ac.uk,83177934,"""__EXR__Not about conservation""",deleted
2025-03-20T13:50:38.704Z,793578,tabitha.taberer@jesus.ox.ac.uk,153485405,"""__EXR__Not about factors that influence evidence use""",1
2025-03-20T13:50:38.720Z,793578,tabitha.taberer@jesus.ox.ac.uk,153485405,included,-1
2025-03-20T13:52:06.399Z,793578,tabitha.taberer@jesus.ox.ac.uk,153485425,"""__EXR__Not about factors that influence evidence use""",1
2025-03-20T13:52:06.418Z,793578,tabitha.taberer@jesus.ox.ac.uk,153485425,included,-1
2025-03-20T13:56:12.715Z,793578,tabitha.taberer@jesus.ox.ac.uk,153485444,included,1
2025-03-20T13:58:32.168Z,793578,tabitha.taberer@jesus.ox.ac.uk,153485444,note-11406958,1
2025-03-20T14:05:49.464Z,563832,alice.m.oswald@durham.ac.uk,83177688,"""__EXR__Not about conservation""",deleted
2025-03-20T14:06:08.450Z,563832,alice.m.oswald@durham.ac.uk,83177688,included,1
2025-03-20T14:09:00.772Z,793578,tabitha.taberer@jesus.ox.ac.uk,153485561,note-11407236,1
2025-03-20T14:09:02.749Z,793578,tabitha.taberer@jesus.ox.ac.uk,153485561,included,1
2025-03-20T14:17:10.482Z,563832,alice.m.oswald@durham.ac.uk,153485592,"""__EXR__Not about Evidence use""",1
2025-03-20T14:17:10.498Z,563832,alice.m.oswald@durham.ac.uk,153485592,included,-1
2025-03-20T14:17:10.514Z,563832,alice.m.oswald@durham.ac.uk,153485592,"""__EXR__Not about conservation""",deleted
2025-03-20T14:17:10.527Z,563832,alice.m.oswald@durham.ac.uk,153485592,"""__EXR__Not about evidence use""",deleted
2025-03-20T14:47:15.179Z,563832,alice.m.oswald@durham.ac.uk,153485784,"""__EXR__Not about conservation""",1
2025-03-20T14:47:15.192Z,563832,alice.m.oswald@durham.ac.uk,153485784,included,-1
2025-03-20T21:12:36.454Z,563832,alice.m.oswald@durham.ac.uk,153485964,"""__EXR__Not about Evidence use""",1
2025-03-20T21:12:36.468Z,563832,alice.m.oswald@durham.ac.uk,153485964,included,-1
2025-03-20T21:46:00.880Z,563832,alice.m.oswald@durham.ac.uk,153486818,included,1
2025-03-21T11:27:13.863Z,0,rayyan@rayyan.ai,83177598,"""__SYSTEM__SAMPLE__60b2ea219c59992ffd761532d50e40f8_16471""",1
2025-03-21T11:27:13.863Z,0,rayyan@rayyan.ai,83177682,"""__SYSTEM__SAMPLE__60b2ea219c59992ffd761532d50e40f8_16471""",1
2025-03-21T11:27:14.002Z,0,rayyan@rayyan.ai,153485892,"""__SYSTEM__SAMPLE__60b2ea219c59992ffd761532d50e40f8_16471""",1
2025-03-21T11:27:14.102Z,0,rayyan@rayyan.ai,153486145,"""__SYSTEM__SAMPLE__60b2ea219c59992ffd761532d50e40f8_16471""",1
2025-03-21T11:27:14.271Z,0,rayyan@rayyan.ai,153486999,"""__SYSTEM__SAMPLE__60b2ea219c59992ffd761532d50e40f8_16471""",1
2025-03-21T11:27:14.427Z,0,rayyan@rayyan.ai,83177832,"""__SYSTEM__SAMPLE__60b2ea219c59992ffd761532d50e40f8_16471""",1
2025-03-21T11:27:14.566Z,0,rayyan@rayyan.ai,83177688,"""__SYSTEM__SAMPLE__60b2ea219c59992ffd761532d50e40f8_16471""",1
2025-03-21T11:27:14.566Z,0,rayyan@rayyan.ai,153485252,"""__SYSTEM__SAMPLE__60b2ea219c59992ffd761532d50e40f8_16471""",1
2025-03-21T11:27:14.656Z,0,rayyan@rayyan.ai,153486989,"""__SYSTEM__SAMPLE__60b2ea219c59992ffd761532d50e40f8_16471""",1
2025-03-26T09:54:17.237Z,0,rayyan@rayyan.ai,153486319,"""__SYSTEM__SAMPLE__730a823cae12798df7c211cebf91c4ae_16733""",1
2025-03-26T09:54:17.472Z,0,rayyan@rayyan.ai,153485141,"""__SYSTEM__SAMPLE__730a823cae12798df7c211cebf91c4ae_16733""",1
2025-03-26T09:54:18.726Z,0,rayyan@rayyan.ai,153485311,"""__SYSTEM__SAMPLE__730a823cae12798df7c211cebf91c4ae_16733""",1
2025-03-26T09:54:19.937Z,0,rayyan@rayyan.ai,153485364,"""__SYSTEM__SAMPLE__730a823cae12798df7c211cebf91c4ae_16733""",1
2025-03-26T09:55:09.172Z,0,rayyan@rayyan.ai,153486884,"""__SYSTEM__SAMPLE__10a5e0f6eb0a9d1a4c4eae730730cf7f_16734""",1
2025-03-26T09:55:09.348Z,0,rayyan@rayyan.ai,153486931,"""__SYSTEM__SAMPLE__10a5e0f6eb0a9d1a4c4eae730730cf7f_16734""",1
2025-03-26T09:55:09.676Z,0,rayyan@rayyan.ai,153485558,"""__SYSTEM__SAMPLE__10a5e0f6eb0a9d1a4c4eae730730cf7f_16735""",1
2025-03-26T09:55:10.348Z,0,rayyan@rayyan.ai,153485935,"""__SYSTEM__SAMPLE__10a5e0f6eb0a9d1a4c4eae730730cf7f_16735""",1
2025-03-26T09:55:10.387Z,0,rayyan@rayyan.ai,153485717,"""__SYSTEM__SAMPLE__10a5e0f6eb0a9d1a4c4eae730730cf7f_16735""",1
2025-03-26T09:55:10.465Z,0,rayyan@rayyan.ai,153485405,"""__SYSTEM__SAMPLE__10a5e0f6eb0a9d1a4c4eae730730cf7f_16735""",1
2025-03-26T09:55:10.465Z,0,rayyan@rayyan.ai,153485513,"""__SYSTEM__SAMPLE__10a5e0f6eb0a9d1a4c4eae730730cf7f_16735""",1
2025-03-28T06:26:33.131Z,0,rayyan@rayyan.ai,153486931,"""__SYSTEM__SAMPLE__68d2ca5a6f813c5aa820c74cf5c9ce2e_16938""",1
2025-03-28T06:26:34.809Z,0,rayyan@rayyan.ai,153486828,"""__SYSTEM__SAMPLE__68d2ca5a6f813c5aa820c74cf5c9ce2e_16938""",1
2025-03-28T06:26:37.836Z,0,rayyan@rayyan.ai,83177586,"""__SYSTEM__SAMPLE__68d2ca5a6f813c5aa820c74cf5c9ce2e_16940""",1
2025-03-28T06:26:37.993Z,0,rayyan@rayyan.ai,153486740,"""__SYSTEM__SAMPLE__68d2ca5a6f813c5aa820c74cf5c9ce2e_16940""",1
2025-03-28T06:26:38.605Z,0,rayyan@rayyan.ai,153485141,"""__SYSTEM__SAMPLE__68d2ca5a6f813c5aa820c74cf5c9ce2e_16940""",1
2025-03-28T06:26:38.638Z,0,rayyan@rayyan.ai,153486273,"""__SYSTEM__SAMPLE__68d2ca5a6f813c5aa820c74cf5c9ce2e_16940""",1
2025-03-28T06:26:38.786Z,0,rayyan@rayyan.ai,153485738,"""__SYSTEM__SAMPLE__68d2ca5a6f813c5aa820c74cf5c9ce2e_16941""",1
2025-03-28T06:26:38.852Z,0,rayyan@rayyan.ai,83177682,"""__SYSTEM__SAMPLE__68d2ca5a6f813c5aa820c74cf5c9ce2e_16941""",1
2025-03-28T06:26:39.393Z,0,rayyan@rayyan.ai,153486581,"""__SYSTEM__SAMPLE__68d2ca5a6f813c5aa820c74cf5c9ce2e_16941""",1
2025-03-28T06:26:39.460Z,0,rayyan@rayyan.ai,153485637,"""__SYSTEM__SAMPLE__68d2ca5a6f813c5aa820c74cf5c9ce2e_16941""",1
2025-03-28T06:26:39.754Z,0,rayyan@rayyan.ai,153486057,"""__SYSTEM__SAMPLE__68d2ca5a6f813c5aa820c74cf5c9ce2e_16941""",1
2025-03-28T06:26:39.791Z,0,rayyan@rayyan.ai,153485385,"""__SYSTEM__SAMPLE__68d2ca5a6f813c5aa820c74cf5c9ce2e_16941""",1
2025-03-28T06:26:40.269Z,0,rayyan@rayyan.ai,153485252,"""__SYSTEM__SAMPLE__68d2ca5a6f813c5aa820c74cf5c9ce2e_16942""",1
2025-03-28T06:26:40.452Z,0,rayyan@rayyan.ai,153485372,"""__SYSTEM__SAMPLE__68d2ca5a6f813c5aa820c74cf5c9ce2e_16942""",1
2025-03-28T06:26:41.070Z,0,rayyan@rayyan.ai,153485486,"""__SYSTEM__SAMPLE__68d2ca5a6f813c5aa820c74cf5c9ce2e_16943""",1
2025-03-28T06:26:41.070Z,0,rayyan@rayyan.ai,153486646,"""__SYSTEM__SAMPLE__68d2ca5a6f813c5aa820c74cf5c9ce2e_16943""",1
2025-03-28T06:26:41.406Z,0,rayyan@rayyan.ai,153486937,"""__SYSTEM__SAMPLE__68d2ca5a6f813c5aa820c74cf5c9ce2e_16943""",1
2025-03-28T06:26:41.527Z,0,rayyan@rayyan.ai,153485691,"""__SYSTEM__SAMPLE__68d2ca5a6f813c5aa820c74cf5c9ce2e_16943""",1
2025-03-28T06:26:41.607Z,0,rayyan@rayyan.ai,153486884,"""__SYSTEM__SAMPLE__68d2ca5a6f813c5aa820c74cf5c9ce2e_16943""",1
2025-03-28T06:26:42.176Z,0,rayyan@rayyan.ai,153486955,"""__SYSTEM__SAMPLE__68d2ca5a6f813c5aa820c74cf5c9ce2e_16944""",1
2025-03-28T06:26:42.450Z,0,rayyan@rayyan.ai,153485364,"""__SYSTEM__SAMPLE__68d2ca5a6f813c5aa820c74cf5c9ce2e_16944""",1
2025-03-28T06:26:42.770Z,0,rayyan@rayyan.ai,153485308,"""__SYSTEM__SAMPLE__68d2ca5a6f813c5aa820c74cf5c9ce2e_16944""",1
2025-03-28T06:26:42.856Z,0,rayyan@rayyan.ai,153486179,"""__SYSTEM__SAMPLE__68d2ca5a6f813c5aa820c74cf5c9ce2e_16944""",1
2025-03-28T06:26:43.337Z,0,rayyan@rayyan.ai,83177868,"""__SYSTEM__SAMPLE__68d2ca5a6f813c5aa820c74cf5c9ce2e_16944""",1
2025-03-28T06:26:43.444Z,0,rayyan@rayyan.ai,83177598,"""__SYSTEM__SAMPLE__68d2ca5a6f813c5aa820c74cf5c9ce2e_16945""",1
2025-03-28T06:26:43.505Z,0,rayyan@rayyan.ai,153486634,"""__SYSTEM__SAMPLE__68d2ca5a6f813c5aa820c74cf5c9ce2e_16945""",1
2025-03-28T06:26:43.673Z,0,rayyan@rayyan.ai,153486695,"""__SYSTEM__SAMPLE__68d2ca5a6f813c5aa820c74cf5c9ce2e_16945""",1
2025-03-28T06:26:44.776Z,0,rayyan@rayyan.ai,153485604,"""__SYSTEM__SAMPLE__68d2ca5a6f813c5aa820c74cf5c9ce2e_16945""",1
2025-04-01T09:42:22.238Z,817493,sarah.luke@nottingham.ac.uk,83177502,"""__EXR__Not about conservation""",1
2025-04-01T09:42:22.253Z,817493,sarah.luke@nottingham.ac.uk,83177502,included,-1
2025-04-01T10:13:59.953Z,817493,sarah.luke@nottingham.ac.uk,83177612,"""__EXR__Not about conservation""",1
2025-04-01T10:13:59.964Z,817493,sarah.luke@nottingham.ac.uk,83177612,included,-1
2025-04-01T10:14:15.209Z,817493,sarah.luke@nottingham.ac.uk,83177614,"""__EXR__Not about conservation""",1
2025-04-01T10:14:15.227Z,817493,sarah.luke@nottingham.ac.uk,83177614,included,-1
2025-04-01T13:38:48.623Z,0,rayyan@rayyan.ai,153485425,"""__SYSTEM__SAMPLE__f4a00ea4025167ff6070212d6244523a_17119""",1
2025-04-01T13:38:50.508Z,0,rayyan@rayyan.ai,153487035,"""__SYSTEM__SAMPLE__f4a00ea4025167ff6070212d6244523a_17119""",1
2025-04-01T13:38:50.588Z,0,rayyan@rayyan.ai,153486609,"""__SYSTEM__SAMPLE__f4a00ea4025167ff6070212d6244523a_17119""",1
2025-04-01T13:38:50.588Z,0,rayyan@rayyan.ai,83177612,"""__SYSTEM__SAMPLE__f4a00ea4025167ff6070212d6244523a_17119""",1
2025-04-01T13:38:50.731Z,0,rayyan@rayyan.ai,153486714,"""__SYSTEM__SAMPLE__f4a00ea4025167ff6070212d6244523a_17119""",1
2025-04-01T13:38:51.997Z,0,rayyan@rayyan.ai,83177934,"""__SYSTEM__SAMPLE__f4a00ea4025167ff6070212d6244523a_17119""",1
2025-04-01T15:40:18.677Z,841732,i.ollard@jbs.cam.ac.uk,83177868,"""__EXR__Not about conservation""",1
2025-04-01T15:40:18.689Z,841732,i.ollard@jbs.cam.ac.uk,83177868,included,-1
2025-04-02T08:45:38.644Z,841732,i.ollard@jbs.cam.ac.uk,153485308,"""__EXR__Not about conservation""",1
2025-04-02T08:45:38.668Z,841732,i.ollard@jbs.cam.ac.uk,153485308,included,-1
2025-04-02T08:45:38.688Z,841732,i.ollard@jbs.cam.ac.uk,153485308,"""__EXR__Not about Evidence use""",1
2025-04-02T08:45:38.707Z,841732,i.ollard@jbs.cam.ac.uk,153485308,included,-1
2025-04-02T08:45:38.739Z,841732,i.ollard@jbs.cam.ac.uk,153485308,"""__EXR__Not about policy or practice""",1
2025-04-02T08:45:38.762Z,841732,i.ollard@jbs.cam.ac.uk,153485308,included,-1
2025-04-02T08:48:00.332Z,841732,i.ollard@jbs.cam.ac.uk,153485364,"""__EXR__Not about conservation""",1
2025-04-02T08:48:00.355Z,841732,i.ollard@jbs.cam.ac.uk,153485364,included,-1
2025-04-02T13:39:45.142Z,448594,phil.martin.research@gmail.com,83177790,"""Check valentin's papers""",1
2025-04-02T13:39:45.142Z,448594,phil.martin.research@gmail.com,83177897,"""Check valentin's papers""",1
2025-04-02T13:41:26.239Z,448594,phil.martin.research@gmail.com,83177790,"""Check Valentin's papers""",1
2025-04-02T13:41:26.239Z,448594,phil.martin.research@gmail.com,83177790,"""Check Valentin's papers - new""",1
2025-04-02T13:41:26.239Z,448594,phil.martin.research@gmail.com,83177897,"""Check Valentin's papers""",1
2025-04-02T13:41:26.239Z,448594,phil.martin.research@gmail.com,83177897,"""Check Valentin's papers - new""",1
2025-04-02T13:41:42.781Z,448594,phil.martin.research@gmail.com,83177790,"""Check Valentin's papers""",deleted
2025-04-02T13:41:42.781Z,448594,phil.martin.research@gmail.com,83177790,"""Check valentin's papers""",deleted
2025-04-02T13:41:42.781Z,448594,phil.martin.research@gmail.com,83177897,"""Check Valentin's papers""",deleted
2025-04-02T13:41:42.781Z,448594,phil.martin.research@gmail.com,83177897,"""Check valentin's papers""",deleted
2025-04-02T13:43:11.952Z,448594,phil.martin.research@gmail.com,83177790,"""Check Valentin's papers - new""",deleted
2025-04-02T13:43:11.952Z,448594,phil.martin.research@gmail.com,83177897,"""Check Valentin's papers - new""",deleted
2025-04-02T13:44:19.008Z,448594,phil.martin.research@gmail.com,83177790,"""To check - Valentin""",1
2025-04-02T13:44:19.008Z,448594,phil.martin.research@gmail.com,83177897,"""To check - Valentin""",1
2025-04-02T13:44:19.147Z,448594,phil.martin.research@gmail.com,153486646,"""To check - Valentin""",1
2025-04-02T13:44:19.147Z,448594,phil.martin.research@gmail.com,153486937,"""To check - Valentin""",1
2025-04-02T13:45:23.738Z,448594,phil.martin.research@gmail.com,83177790,"""To check - Valentin""",deleted
2025-04-02T13:45:23.738Z,448594,phil.martin.research@gmail.com,83177897,"""To check - Valentin""",deleted
2025-04-02T13:45:23.946Z,448594,phil.martin.research@gmail.com,153486646,"""To check - Valentin""",deleted
2025-04-02T13:45:23.946Z,448594,phil.martin.research@gmail.com,153486937,"""To check - Valentin""",deleted
2025-04-02T13:46:10.586Z,448594,phil.martin.research@gmail.com,83177790,"""To check - Valentin""",1
2025-04-02T13:46:10.586Z,448594,phil.martin.research@gmail.com,83177897,"""To check - Valentin""",1
2025-04-02T13:46:10.724Z,448594,phil.martin.research@gmail.com,153486646,"""To check - Valentin""",1
2025-04-02T13:46:10.724Z,448594,phil.martin.research@gmail.com,153486937,"""To check - Valentin""",1
2025-04-02T13:51:06.536Z,448594,phil.martin.research@gmail.com,83177790,"""To check - Valentin""",deleted
2025-04-02T13:51:06.536Z,448594,phil.martin.research@gmail.com,83177897,"""To check - Valentin""",deleted
2025-04-02T13:51:06.691Z,448594,phil.martin.research@gmail.com,153486646,"""To check - Valentin""",deleted
2025-04-02T13:51:06.691Z,448594,phil.martin.research@gmail.com,153486937,"""To check - Valentin""",deleted
2025-04-03T14:36:25.605Z,841732,i.ollard@jbs.cam.ac.uk,153486179,"""__EXR__Not about policy or practice""",1
2025-04-03T14:36:25.622Z,841732,i.ollard@jbs.cam.ac.uk,153486179,included,-1
2025-04-03T16:00:09.236Z,841732,i.ollard@jbs.cam.ac.uk,153486955,"""__EXR__Not about conservation""",1
2025-04-03T16:00:09.256Z,841732,i.ollard@jbs.cam.ac.uk,153486955,included,-1
2025-04-08T09:25:49.661Z,793578,tabitha.taberer@jesus.ox.ac.uk,153486581,"""__EXR__Not about evidence use""",1
2025-04-08T09:25:49.676Z,793578,tabitha.taberer@jesus.ox.ac.uk,153486581,included,-1
2025-04-09T08:46:31.216Z,793578,tabitha.taberer@jesus.ox.ac.uk,153486787,"""__EXR__Not about conservation""",1
2025-04-09T08:46:31.278Z,793578,tabitha.taberer@jesus.ox.ac.uk,153486787,included,-1
2025-04-09T08:49:20.351Z,793578,tabitha.taberer@jesus.ox.ac.uk,153486809,"""__EXR__Not about evidence use""",1
2025-04-09T08:49:20.369Z,793578,tabitha.taberer@jesus.ox.ac.uk,153486809,included,-1
2025-04-09T13:31:01.116Z,793586,ake@ceh.ac.uk,153486609,"""__EXR__Not about evidence use""",1
2025-04-09T13:31:01.242Z,793586,ake@ceh.ac.uk,153486609,included,-1
2025-04-09T14:19:25.357Z,793586,ake@ceh.ac.uk,153486714,"""__EXR__Not about evidence use""",1
2025-04-09T14:19:25.378Z,793586,ake@ceh.ac.uk,153486714,included,-1
2025-04-11T09:08:50.285Z,793586,ake@ceh.ac.uk,153485425,note-11904781,1
2025-04-11T09:09:00.554Z,793586,ake@ceh.ac.uk,153485425,"""__EXR__Not about conservation""",1
2025-04-11T09:09:00.573Z,793586,ake@ceh.ac.uk,153485425,included,-1
2025-04-14T07:44:08.745Z,840759,alvaro.moreno@bc3research.org,83177682,included,1
2025-04-15T11:20:58.405Z,793586,ake@ceh.ac.uk,83177612,note-11995610,1
2025-04-15T11:21:03.299Z,793586,ake@ceh.ac.uk,83177612,included,-1
2025-04-15T11:21:10.063Z,793586,ake@ceh.ac.uk,83177612,included,-1
2025-04-15T11:21:17.673Z,793586,ake@ceh.ac.uk,83177612,"""__EXR__Not about conservation""",1
2025-04-15T11:21:17.686Z,793586,ake@ceh.ac.uk,83177612,included,-1
2025-04-22T14:53:54.352Z,448594,phil.martin.research@gmail.com,83177502,"""Likely to include - check""",1
2025-04-22T14:53:54.352Z,448594,phil.martin.research@gmail.com,83177612,"""Likely to include - check""",1
2025-04-22T14:53:54.352Z,448594,phil.martin.research@gmail.com,83177682,"""Likely to include - check""",1
2025-04-22T14:53:54.352Z,448594,phil.martin.research@gmail.com,83177688,"""Likely to include - check""",1
2025-04-22T14:53:54.352Z,448594,phil.martin.research@gmail.com,83177790,"""Likely to include - check""",1
2025-04-22T14:53:54.352Z,448594,phil.martin.research@gmail.com,83177857,"""Likely to include - check""",1
2025-04-22T14:53:54.352Z,448594,phil.martin.research@gmail.com,83177859,"""Likely to include - check""",1
2025-04-22T14:53:54.352Z,448594,phil.martin.research@gmail.com,83177892,"""Likely to include - check""",1
2025-04-22T14:53:54.352Z,448594,phil.martin.research@gmail.com,83177934,"""Likely to include - check""",1
2025-04-22T14:53:54.352Z,448594,phil.martin.research@gmail.com,153485561,"""Likely to include - check""",1
2025-04-22T14:53:54.625Z,448594,phil.martin.research@gmail.com,153486884,"""Likely to include - check""",1
2025-04-22T15:41:07.914Z,448594,phil.martin.research@gmail.com,83177612,"""Aidan - to check""",1
2025-04-22T15:41:07.914Z,448594,phil.martin.research@gmail.com,153485425,"""Aidan - to check""",1
2025-04-22T15:41:07.914Z,448594,phil.martin.research@gmail.com,153486609,"""Aidan - to check""",1
2025-04-22T15:41:07.914Z,448594,phil.martin.research@gmail.com,153486714,"""Aidan - to check""",1
2025-04-22T16:22:08.368Z,0,rayyan@rayyan.ai,153485620,"""__SYSTEM__SAMPLE__3ff0d7fee4e91535b9e1dbf417bd181c_18356""",1
2025-04-22T16:22:08.368Z,0,rayyan@rayyan.ai,83178008,"""__SYSTEM__SAMPLE__3ff0d7fee4e91535b9e1dbf417bd181c_18356""",1
2025-04-22T16:22:08.368Z,0,rayyan@rayyan.ai,83177586,"""__SYSTEM__SAMPLE__3ff0d7fee4e91535b9e1dbf417bd181c_18356""",1
2025-04-22T16:22:08.368Z,0,rayyan@rayyan.ai,153486818,"""__SYSTEM__SAMPLE__3ff0d7fee4e91535b9e1dbf417bd181c_18356""",1
2025-04-22T16:22:08.368Z,0,rayyan@rayyan.ai,153485820,"""__SYSTEM__SAMPLE__3ff0d7fee4e91535b9e1dbf417bd181c_18356""",1
2025-04-22T16:22:08.438Z,0,rayyan@rayyan.ai,153486581,"""__SYSTEM__SAMPLE__3ff0d7fee4e91535b9e1dbf417bd181c_18356""",1
2025-04-22T16:22:08.438Z,0,rayyan@rayyan.ai,153487035,"""__SYSTEM__SAMPLE__3ff0d7fee4e91535b9e1dbf417bd181c_18356""",1
2025-04-22T16:22:08.438Z,0,rayyan@rayyan.ai,153486646,"""__SYSTEM__SAMPLE__3ff0d7fee4e91535b9e1dbf417bd181c_18356""",1
2025-04-22T16:22:08.438Z,0,rayyan@rayyan.ai,153485201,"""__SYSTEM__SAMPLE__3ff0d7fee4e91535b9e1dbf417bd181c_18356""",1
2025-04-22T16:22:08.438Z,0,rayyan@rayyan.ai,153486164,"""__SYSTEM__SAMPLE__3ff0d7fee4e91535b9e1dbf417bd181c_18356""",1
2025-04-22T16:22:08.438Z,0,rayyan@rayyan.ai,153486937,"""__SYSTEM__SAMPLE__3ff0d7fee4e91535b9e1dbf417bd181c_18356""",1
2025-04-22T16:22:08.438Z,0,rayyan@rayyan.ai,153485641,"""__SYSTEM__SAMPLE__3ff0d7fee4e91535b9e1dbf417bd181c_18356""",1
2025-04-22T16:22:08.502Z,0,rayyan@rayyan.ai,153485308,"""__SYSTEM__SAMPLE__3ff0d7fee4e91535b9e1dbf417bd181c_18356""",1
2025-04-22T16:22:08.502Z,0,rayyan@rayyan.ai,153486145,"""__SYSTEM__SAMPLE__3ff0d7fee4e91535b9e1dbf417bd181c_18356""",1
2025-04-22T16:22:08.502Z,0,rayyan@rayyan.ai,153485669,"""__SYSTEM__SAMPLE__3ff0d7fee4e91535b9e1dbf417bd181c_18356""",1
2025-04-22T16:22:08.502Z,0,rayyan@rayyan.ai,153485540,"""__SYSTEM__SAMPLE__3ff0d7fee4e91535b9e1dbf417bd181c_18356""",1
2025-04-22T16:22:08.717Z,0,rayyan@rayyan.ai,83177682,"""__SYSTEM__SAMPLE__3ff0d7fee4e91535b9e1dbf417bd181c_18356""",1
2025-04-22T16:22:08.717Z,0,rayyan@rayyan.ai,153486319,"""__SYSTEM__SAMPLE__3ff0d7fee4e91535b9e1dbf417bd181c_18356""",1
2025-04-22T16:22:08.717Z,0,rayyan@rayyan.ai,153485609,"""__SYSTEM__SAMPLE__3ff0d7fee4e91535b9e1dbf417bd181c_18356""",1
2025-04-22T16:22:08.717Z,0,rayyan@rayyan.ai,153486147,"""__SYSTEM__SAMPLE__3ff0d7fee4e91535b9e1dbf417bd181c_18356""",1
2025-04-22T16:22:08.786Z,0,rayyan@rayyan.ai,153485766,"""__SYSTEM__SAMPLE__3ff0d7fee4e91535b9e1dbf417bd181c_18356""",1
2025-04-22T16:22:08.786Z,0,rayyan@rayyan.ai,83177653,"""__SYSTEM__SAMPLE__3ff0d7fee4e91535b9e1dbf417bd181c_18356""",1
2025-04-22T16:22:08.786Z,0,rayyan@rayyan.ai,153485892,"""__SYSTEM__SAMPLE__3ff0d7fee4e91535b9e1dbf417bd181c_18356""",1
2025-04-22T16:22:08.786Z,0,rayyan@rayyan.ai,153485964,"""__SYSTEM__SAMPLE__3ff0d7fee4e91535b9e1dbf417bd181c_18356""",1
2025-04-22T16:22:08.786Z,0,rayyan@rayyan.ai,153485425,"""__SYSTEM__SAMPLE__3ff0d7fee4e91535b9e1dbf417bd181c_18356""",1
2025-04-22T16:22:09.029Z,0,rayyan@rayyan.ai,153485561,"""__SYSTEM__SAMPLE__3ff0d7fee4e91535b9e1dbf417bd181c_18356""",1
2025-04-22T16:22:09.029Z,0,rayyan@rayyan.ai,153486669,"""__SYSTEM__SAMPLE__3ff0d7fee4e91535b9e1dbf417bd181c_18356""",1
2025-04-22T16:22:09.098Z,0,rayyan@rayyan.ai,153485592,"""__SYSTEM__SAMPLE__3ff0d7fee4e91535b9e1dbf417bd181c_18356""",1
2025-04-22T16:22:09.098Z,0,rayyan@rayyan.ai,83177892,"""__SYSTEM__SAMPLE__3ff0d7fee4e91535b9e1dbf417bd181c_18356""",1
2025-04-22T16:22:09.098Z,0,rayyan@rayyan.ai,153485637,"""__SYSTEM__SAMPLE__3ff0d7fee4e91535b9e1dbf417bd181c_18356""",1
2025-04-22T16:22:09.098Z,0,rayyan@rayyan.ai,83177614,"""__SYSTEM__SAMPLE__3ff0d7fee4e91535b9e1dbf417bd181c_18356""",1
2025-04-22T16:22:09.098Z,0,rayyan@rayyan.ai,153485784,"""__SYSTEM__SAMPLE__3ff0d7fee4e91535b9e1dbf417bd181c_18356""",1
2025-04-22T16:22:09.098Z,0,rayyan@rayyan.ai,153486740,"""__SYSTEM__SAMPLE__3ff0d7fee4e91535b9e1dbf417bd181c_18356""",1
2025-04-22T16:22:09.098Z,0,rayyan@rayyan.ai,83177934,"""__SYSTEM__SAMPLE__3ff0d7fee4e91535b9e1dbf417bd181c_18356""",1
2025-04-22T16:22:09.098Z,0,rayyan@rayyan.ai,153486999,"""__SYSTEM__SAMPLE__3ff0d7fee4e91535b9e1dbf417bd181c_18356""",1
2025-04-22T16:22:09.098Z,0,rayyan@rayyan.ai,153486179,"""__SYSTEM__SAMPLE__3ff0d7fee4e91535b9e1dbf417bd181c_18356""",1
2025-04-22T16:22:09.159Z,0,rayyan@rayyan.ai,83177649,"""__SYSTEM__SAMPLE__3ff0d7fee4e91535b9e1dbf417bd181c_18356""",1
2025-04-22T16:22:09.159Z,0,rayyan@rayyan.ai,153486102,"""__SYSTEM__SAMPLE__3ff0d7fee4e91535b9e1dbf417bd181c_18356""",1
2025-04-22T16:22:09.159Z,0,rayyan@rayyan.ai,83177857,"""__SYSTEM__SAMPLE__3ff0d7fee4e91535b9e1dbf417bd181c_18356""",1
2025-04-22T16:22:09.224Z,0,rayyan@rayyan.ai,153486285,"""__SYSTEM__SAMPLE__3ff0d7fee4e91535b9e1dbf417bd181c_18356""",1
2025-04-22T16:22:09.224Z,0,rayyan@rayyan.ai,153485667,"""__SYSTEM__SAMPLE__3ff0d7fee4e91535b9e1dbf417bd181c_18356""",1
2025-04-22T16:22:09.224Z,0,rayyan@rayyan.ai,153485717,"""__SYSTEM__SAMPLE__3ff0d7fee4e91535b9e1dbf417bd181c_18356""",1
2025-04-22T16:22:09.224Z,0,rayyan@rayyan.ai,83177688,"""__SYSTEM__SAMPLE__3ff0d7fee4e91535b9e1dbf417bd181c_18356""",1
2025-04-22T16:22:09.224Z,0,rayyan@rayyan.ai,83177584,"""__SYSTEM__SAMPLE__3ff0d7fee4e91535b9e1dbf417bd181c_18356""",1
2025-04-22T16:22:09.224Z,0,rayyan@rayyan.ai,83177790,"""__SYSTEM__SAMPLE__3ff0d7fee4e91535b9e1dbf417bd181c_18356""",1
2025-04-22T16:22:09.224Z,0,rayyan@rayyan.ai,153486809,"""__SYSTEM__SAMPLE__3ff0d7fee4e91535b9e1dbf417bd181c_18356""",1
2025-04-22T16:22:09.224Z,0,rayyan@rayyan.ai,153485513,"""__SYSTEM__SAMPLE__3ff0d7fee4e91535b9e1dbf417bd181c_18356""",1
2025-04-22T16:22:09.372Z,0,rayyan@rayyan.ai,153486784,"""__SYSTEM__SAMPLE__3ff0d7fee4e91535b9e1dbf417bd181c_18356""",1
2025-04-22T16:22:09.372Z,0,rayyan@rayyan.ai,153485252,"""__SYSTEM__SAMPLE__3ff0d7fee4e91535b9e1dbf417bd181c_18356""",1
2025-04-22T16:22:09.372Z,0,rayyan@rayyan.ai,83177899,"""__SYSTEM__SAMPLE__3ff0d7fee4e91535b9e1dbf417bd181c_18356""",1
2025-04-22T16:22:09.372Z,0,rayyan@rayyan.ai,153486989,"""__SYSTEM__SAMPLE__3ff0d7fee4e91535b9e1dbf417bd181c_18356""",1
2025-04-22T16:22:09.438Z,0,rayyan@rayyan.ai,83177832,"""__SYSTEM__SAMPLE__3ff0d7fee4e91535b9e1dbf417bd181c_18356""",1
2025-04-22T16:22:09.438Z,0,rayyan@rayyan.ai,83177612,"""__SYSTEM__SAMPLE__3ff0d7fee4e91535b9e1dbf417bd181c_18356""",1
2025-04-22T16:22:09.438Z,0,rayyan@rayyan.ai,83177868,"""__SYSTEM__SAMPLE__3ff0d7fee4e91535b9e1dbf417bd181c_18356""",1
2025-04-22T16:22:09.438Z,0,rayyan@rayyan.ai,153485385,"""__SYSTEM__SAMPLE__3ff0d7fee4e91535b9e1dbf417bd181c_18356""",1
2025-04-22T16:22:09.438Z,0,rayyan@rayyan.ai,153486787,"""__SYSTEM__SAMPLE__3ff0d7fee4e91535b9e1dbf417bd181c_18356""",1
2025-04-22T16:22:09.520Z,0,rayyan@rayyan.ai,153486634,"""__SYSTEM__SAMPLE__3ff0d7fee4e91535b9e1dbf417bd181c_18356""",1
2025-04-22T16:22:09.520Z,0,rayyan@rayyan.ai,153486111,"""__SYSTEM__SAMPLE__3ff0d7fee4e91535b9e1dbf417bd181c_18356""",1
2025-04-22T16:22:09.520Z,0,rayyan@rayyan.ai,83177893,"""__SYSTEM__SAMPLE__3ff0d7fee4e91535b9e1dbf417bd181c_18356""",1
2025-04-22T16:22:09.584Z,0,rayyan@rayyan.ai,153485148,"""__SYSTEM__SAMPLE__3ff0d7fee4e91535b9e1dbf417bd181c_18356""",1
2025-04-22T16:22:09.584Z,0,rayyan@rayyan.ai,153485311,"""__SYSTEM__SAMPLE__3ff0d7fee4e91535b9e1dbf417bd181c_18356""",1
2025-04-22T16:22:09.584Z,0,rayyan@rayyan.ai,153486884,"""__SYSTEM__SAMPLE__3ff0d7fee4e91535b9e1dbf417bd181c_18356""",1
2025-04-22T16:22:09.653Z,0,rayyan@rayyan.ai,153485800,"""__SYSTEM__SAMPLE__3ff0d7fee4e91535b9e1dbf417bd181c_18356""",1
2025-04-22T16:22:09.653Z,0,rayyan@rayyan.ai,153485775,"""__SYSTEM__SAMPLE__3ff0d7fee4e91535b9e1dbf417bd181c_18356""",1
2025-04-22T16:22:09.653Z,0,rayyan@rayyan.ai,83177598,"""__SYSTEM__SAMPLE__3ff0d7fee4e91535b9e1dbf417bd181c_18356""",1
2025-04-22T16:22:09.653Z,0,rayyan@rayyan.ai,153485710,"""__SYSTEM__SAMPLE__3ff0d7fee4e91535b9e1dbf417bd181c_18356""",1
2025-04-22T16:22:09.653Z,0,rayyan@rayyan.ai,153486828,"""__SYSTEM__SAMPLE__3ff0d7fee4e91535b9e1dbf417bd181c_18356""",1
2025-04-22T16:22:09.653Z,0,rayyan@rayyan.ai,153485935,"""__SYSTEM__SAMPLE__3ff0d7fee4e91535b9e1dbf417bd181c_18356""",1
2025-04-22T16:22:09.709Z,0,rayyan@rayyan.ai,153485691,"""__SYSTEM__SAMPLE__3ff0d7fee4e91535b9e1dbf417bd181c_18356""",1
2025-04-22T16:22:09.709Z,0,rayyan@rayyan.ai,153485141,"""__SYSTEM__SAMPLE__3ff0d7fee4e91535b9e1dbf417bd181c_18356""",1
2025-04-22T16:22:09.709Z,0,rayyan@rayyan.ai,153486955,"""__SYSTEM__SAMPLE__3ff0d7fee4e91535b9e1dbf417bd181c_18356""",1
2025-04-22T16:22:09.709Z,0,rayyan@rayyan.ai,153485486,"""__SYSTEM__SAMPLE__3ff0d7fee4e91535b9e1dbf417bd181c_18356""",1
2025-04-22T16:22:09.767Z,0,rayyan@rayyan.ai,153486609,"""__SYSTEM__SAMPLE__3ff0d7fee4e91535b9e1dbf417bd181c_18356""",1
2025-04-22T16:22:09.767Z,0,rayyan@rayyan.ai,83177897,"""__SYSTEM__SAMPLE__3ff0d7fee4e91535b9e1dbf417bd181c_18356""",1
2025-04-22T16:22:09.767Z,0,rayyan@rayyan.ai,83177859,"""__SYSTEM__SAMPLE__3ff0d7fee4e91535b9e1dbf417bd181c_18356""",1
2025-04-22T16:22:09.767Z,0,rayyan@rayyan.ai,153485616,"""__SYSTEM__SAMPLE__3ff0d7fee4e91535b9e1dbf417bd181c_18356""",1
2025-04-22T16:22:09.767Z,0,rayyan@rayyan.ai,153486603,"""__SYSTEM__SAMPLE__3ff0d7fee4e91535b9e1dbf417bd181c_18356""",1
2025-04-22T16:22:09.767Z,0,rayyan@rayyan.ai,153486057,"""__SYSTEM__SAMPLE__3ff0d7fee4e91535b9e1dbf417bd181c_18356""",1
2025-04-22T16:22:09.832Z,0,rayyan@rayyan.ai,153486714,"""__SYSTEM__SAMPLE__3ff0d7fee4e91535b9e1dbf417bd181c_18356""",1
2025-04-22T16:22:09.832Z,0,rayyan@rayyan.ai,83178004,"""__SYSTEM__SAMPLE__3ff0d7fee4e91535b9e1dbf417bd181c_18356""",1
2025-04-22T16:22:09.832Z,0,rayyan@rayyan.ai,153486156,"""__SYSTEM__SAMPLE__3ff0d7fee4e91535b9e1dbf417bd181c_18356""",1
2025-04-22T16:22:09.832Z,0,rayyan@rayyan.ai,153486310,"""__SYSTEM__SAMPLE__3ff0d7fee4e91535b9e1dbf417bd181c_18356""",1
2025-04-22T16:22:09.832Z,0,rayyan@rayyan.ai,153486709,"""__SYSTEM__SAMPLE__3ff0d7fee4e91535b9e1dbf417bd181c_18356""",1
2025-04-22T16:22:09.832Z,0,rayyan@rayyan.ai,153486641,"""__SYSTEM__SAMPLE__3ff0d7fee4e91535b9e1dbf417bd181c_18356""",1
2025-04-22T16:22:09.832Z,0,rayyan@rayyan.ai,153485405,"""__SYSTEM__SAMPLE__3ff0d7fee4e91535b9e1dbf417bd181c_18356""",1
2025-04-22T16:22:09.898Z,0,rayyan@rayyan.ai,153486273,"""__SYSTEM__SAMPLE__3ff0d7fee4e91535b9e1dbf417bd181c_18356""",1
2025-04-22T16:22:09.898Z,0,rayyan@rayyan.ai,153485604,"""__SYSTEM__SAMPLE__3ff0d7fee4e91535b9e1dbf417bd181c_18356""",1
2025-04-22T16:22:09.898Z,0,rayyan@rayyan.ai,83177906,"""__SYSTEM__SAMPLE__3ff0d7fee4e91535b9e1dbf417bd181c_18356""",1
2025-04-22T16:22:09.898Z,0,rayyan@rayyan.ai,153486873,"""__SYSTEM__SAMPLE__3ff0d7fee4e91535b9e1dbf417bd181c_18356""",1
2025-04-22T16:22:09.962Z,0,rayyan@rayyan.ai,153485482,"""__SYSTEM__SAMPLE__3ff0d7fee4e91535b9e1dbf417bd181c_18356""",1
2025-04-22T16:22:09.962Z,0,rayyan@rayyan.ai,153485558,"""__SYSTEM__SAMPLE__3ff0d7fee4e91535b9e1dbf417bd181c_18356""",1
2025-04-22T16:22:09.962Z,0,rayyan@rayyan.ai,153485444,"""__SYSTEM__SAMPLE__3ff0d7fee4e91535b9e1dbf417bd181c_18356""",1
2025-04-22T16:22:09.962Z,0,rayyan@rayyan.ai,153486115,"""__SYSTEM__SAMPLE__3ff0d7fee4e91535b9e1dbf417bd181c_18356""",1
2025-04-22T16:22:09.962Z,0,rayyan@rayyan.ai,153486695,"""__SYSTEM__SAMPLE__3ff0d7fee4e91535b9e1dbf417bd181c_18356""",1
2025-04-22T16:22:09.962Z,0,rayyan@rayyan.ai,153486778,"""__SYSTEM__SAMPLE__3ff0d7fee4e91535b9e1dbf417bd181c_18356""",1
2025-04-22T16:22:10.026Z,0,rayyan@rayyan.ai,153485738,"""__SYSTEM__SAMPLE__3ff0d7fee4e91535b9e1dbf417bd181c_18356""",1
2025-04-22T16:22:10.026Z,0,rayyan@rayyan.ai,153486931,"""__SYSTEM__SAMPLE__3ff0d7fee4e91535b9e1dbf417bd181c_18356""",1
2025-04-22T16:22:10.026Z,0,rayyan@rayyan.ai,153485372,"""__SYSTEM__SAMPLE__3ff0d7fee4e91535b9e1dbf417bd181c_18356""",1
2025-04-22T16:22:10.026Z,0,rayyan@rayyan.ai,153485364,"""__SYSTEM__SAMPLE__3ff0d7fee4e91535b9e1dbf417bd181c_18356""",1
2025-04-22T16:22:10.026Z,0,rayyan@rayyan.ai,83177502,"""__SYSTEM__SAMPLE__3ff0d7fee4e91535b9e1dbf417bd181c_18356""",1
2025-04-22T16:27:12.483Z,840700,nick.littlewood@sruc.ac.uk,153485486,"""__EXR__Not about conservation""",1
2025-04-22T16:27:12.531Z,840700,nick.littlewood@sruc.ac.uk,153485486,included,-1
2025-04-22T16:33:36.914Z,840700,nick.littlewood@sruc.ac.uk,153485691,"""__EXR__Not about conservation""",1
2025-04-22T16:33:36.932Z,840700,nick.littlewood@sruc.ac.uk,153485691,included,-1
2025-04-23T08:31:51.892Z,840700,nick.littlewood@sruc.ac.uk,153486646,included,-1
2025-04-23T08:57:37.039Z,840700,nick.littlewood@sruc.ac.uk,153486884,included,0
2025-04-23T08:58:10.537Z,840700,nick.littlewood@sruc.ac.uk,153486937,"""__EXR__Not about conservation""",1
2025-04-23T08:58:10.556Z,840700,nick.littlewood@sruc.ac.uk,153486937,included,-1
2025-04-23T11:58:21.198Z,840700,nick.littlewood@sruc.ac.uk,153486884,"""__EXR__Not about evidence use""",1
2025-04-23T11:58:21.236Z,840700,nick.littlewood@sruc.ac.uk,153486884,included,-1
2025-04-23T13:03:19.615Z,793586,ake@ceh.ac.uk,153485669,"""__EXR__Not about conservation""",1
2025-04-23T13:03:19.634Z,793586,ake@ceh.ac.uk,153485669,included,-1
2025-04-23T13:08:24.689Z,793581,santip1320@gmail.com,83177586,included,1
2025-04-23T13:08:39.067Z,793581,santip1320@gmail.com,83177598,included,-1
2025-04-23T13:09:20.665Z,793581,santip1320@gmail.com,83177598,note-12193303,1
2025-04-23T13:12:58.750Z,793581,santip1320@gmail.com,83177832,included,-1
2025-04-23T13:15:21.546Z,793581,santip1320@gmail.com,153485141,included,-1
2025-04-23T13:16:29.281Z,793586,ake@ceh.ac.uk,153485800,"""__EXR__Not about conservation""",1
2025-04-23T13:16:29.300Z,793586,ake@ceh.ac.uk,153485800,included,-1
2025-04-23T13:16:43.595Z,793581,santip1320@gmail.com,153485148,included,1
2025-04-23T13:27:47.813Z,793581,santip1320@gmail.com,153485252,included,-1
2025-04-23T13:28:59.454Z,793586,ake@ceh.ac.uk,153486057,"""__EXR__Not about conservation""",1
2025-04-23T13:28:59.466Z,793586,ake@ceh.ac.uk,153486057,included,-1
2025-04-23T13:36:19.203Z,793581,santip1320@gmail.com,153485513,included,-1
2025-04-23T13:39:04.313Z,793581,santip1320@gmail.com,153485540,note-12194408,1
2025-04-23T13:39:06.669Z,793581,santip1320@gmail.com,153485540,included,0
2025-04-23T13:41:12.827Z,793581,santip1320@gmail.com,153485558,included,0
2025-04-23T13:50:09.390Z,793581,santip1320@gmail.com,153485604,included,1
2025-04-23T13:50:21.887Z,793581,santip1320@gmail.com,153485609,included,-1
2025-04-23T19:22:04.422Z,828219,nibedita.41282@gmail.com,153486828,included,-1
2025-04-23T19:26:55.808Z,828219,nibedita.41282@gmail.com,153486931,included,1
2025-04-23T20:14:26.761Z,808990,jhartup45@gmail.com,83177598,"""__EXR__Not about conservation""",1
2025-04-23T20:14:26.776Z,808990,jhartup45@gmail.com,83177598,included,-1
2025-04-23T20:32:35.411Z,808990,jhartup45@gmail.com,83177682,"""__EXR__Not about conservation""",1
2025-04-23T20:32:35.428Z,808990,jhartup45@gmail.com,83177682,included,-1
2025-04-24T06:46:52.128Z,808990,jhartup45@gmail.com,83177688,"""__EXR__Not about factors that influence evidence use""",1
2025-04-24T06:46:52.167Z,808990,jhartup45@gmail.com,83177688,included,-1
2025-04-24T07:28:31.287Z,808990,jhartup45@gmail.com,153485892,"""__EXR__Not about conservation""",1
2025-04-24T07:28:31.307Z,808990,jhartup45@gmail.com,153485892,included,-1
2025-04-24T08:36:24.688Z,808990,jhartup45@gmail.com,153485252,"""__EXR__Not about conservation""",1
2025-04-24T08:36:24.703Z,808990,jhartup45@gmail.com,153485252,included,-1
2025-04-24T08:40:52.135Z,808990,jhartup45@gmail.com,153486145,"""__EXR__Not about conservation""",1
2025-04-24T08:40:52.151Z,808990,jhartup45@gmail.com,153486145,included,-1
2025-04-24T08:56:29.768Z,808990,jhartup45@gmail.com,83177832,"""__EXR__Not about conservation""",1
2025-04-24T08:56:29.784Z,808990,jhartup45@gmail.com,83177832,included,-1
2025-04-24T13:28:21.874Z,448594,phil.martin.research@gmail.com,153485486,"""Nick - to check""",1
2025-04-24T13:28:21.874Z,448594,phil.martin.research@gmail.com,153485691,"""Nick - to check""",1
2025-04-24T13:28:22.262Z,448594,phil.martin.research@gmail.com,153486646,"""Nick - to check""",1
2025-04-24T13:28:22.262Z,448594,phil.martin.research@gmail.com,153486884,"""Nick - to check""",1
2025-04-24T13:28:22.262Z,448594,phil.martin.research@gmail.com,153486937,"""Nick - to check""",1
2025-04-24T13:29:40.076Z,448594,phil.martin.research@gmail.com,153486931,"""Nibu - to check""",1
2025-04-24T13:29:59.805Z,448594,phil.martin.research@gmail.com,153486828,"""Nibu - to check""",1
2025-04-24T13:30:50.045Z,448594,phil.martin.research@gmail.com,153485148,"""Santiago - to check""",1
2025-04-24T13:31:19.261Z,448594,phil.martin.research@gmail.com,83177598,"""Santiago - to check""",1
2025-04-24T13:33:00.923Z,448594,phil.martin.research@gmail.com,83177598,"""Jamie - to check""",1
2025-04-24T13:33:00.923Z,448594,phil.martin.research@gmail.com,83177682,"""Jamie - to check""",1
2025-04-24T13:33:00.923Z,448594,phil.martin.research@gmail.com,83177688,"""Jamie - to check""",1
2025-04-24T13:33:00.923Z,448594,phil.martin.research@gmail.com,83177832,"""Jamie - to check""",1
2025-04-24T13:33:00.923Z,448594,phil.martin.research@gmail.com,153485252,"""Jamie - to check""",1
2025-04-24T13:33:00.923Z,448594,phil.martin.research@gmail.com,153485892,"""Jamie - to check""",1
2025-04-24T13:33:01.057Z,448594,phil.martin.research@gmail.com,153486145,"""Jamie - to check""",1
2025-04-24T13:41:12.959Z,448594,phil.martin.research@gmail.com,153486884,"""__EXR__Not about Evidence use""",1
2025-04-24T13:41:12.969Z,448594,phil.martin.research@gmail.com,153486884,included,-1
2025-04-24T14:28:09.713Z,448594,phil.martin.research@gmail.com,153485486,"""__EXR__Not about conservation""",1
2025-04-24T14:28:09.732Z,448594,phil.martin.research@gmail.com,153485486,included,-1
2025-04-24T14:59:42.987Z,448594,phil.martin.research@gmail.com,153485691,"""__EXR__Not about conservation""",1
2025-04-24T14:59:43.007Z,448594,phil.martin.research@gmail.com,153485691,included,-1
2025-04-24T15:06:03.829Z,448594,phil.martin.research@gmail.com,153486937,"""__EXR__Not about conservation""",1
2025-04-24T15:06:03.849Z,448594,phil.martin.research@gmail.com,153486937,included,-1
2025-04-24T15:30:52.637Z,448594,phil.martin.research@gmail.com,153486646,"""__EXR__Not about Evidence use""",1
2025-04-24T15:30:52.657Z,448594,phil.martin.research@gmail.com,153486646,included,-1
2025-04-25T10:14:51.821Z,817493,sarah.luke@nottingham.ac.uk,153486884,included,1
2025-04-25T10:18:30.613Z,817493,sarah.luke@nottingham.ac.uk,153486931,included,1
2025-04-25T16:09:07.971Z,833925,achristi@ic.ac.uk,153485252,"""__EXR__Not about conservation""",1
2025-04-25T16:09:07.989Z,833925,achristi@ic.ac.uk,153485252,included,-1
2025-04-26T09:59:16.487Z,793584,amirmohammadif@gmail.com,83177502,included,-1
2025-04-26T13:11:02.788Z,793584,amirmohammadif@gmail.com,83177584,included,1
2025-04-26T13:25:45.188Z,793584,amirmohammadif@gmail.com,83177586,included,-1
2025-04-26T13:27:18.680Z,793584,amirmohammadif@gmail.com,83177598,included,1
2025-04-26T15:36:02.331Z,793584,amirmohammadif@gmail.com,83177682,included,-1
2025-04-26T15:49:02.193Z,793584,amirmohammadif@gmail.com,83177688,included,1
2025-04-26T16:00:43.459Z,793584,amirmohammadif@gmail.com,83177832,included,1
2025-04-26T16:03:18.523Z,793584,amirmohammadif@gmail.com,83177868,included,1
2025-04-27T07:45:01.691Z,793580,valentin.moser@wsl.ch,83177790,"""__EXR__Not about conservation""",1
2025-04-27T07:45:01.705Z,793580,valentin.moser@wsl.ch,83177790,included,-1
2025-04-27T07:50:45.165Z,793580,valentin.moser@wsl.ch,83177897,"""__EXR__Not about conservation""",1
2025-04-27T07:50:45.177Z,793580,valentin.moser@wsl.ch,83177897,included,-1
2025-04-27T07:54:03.820Z,793580,valentin.moser@wsl.ch,153486646,"""__EXR__Not about conservation""",1
2025-04-27T07:54:03.841Z,793580,valentin.moser@wsl.ch,153486646,included,-1
2025-04-27T07:54:14.661Z,793580,valentin.moser@wsl.ch,83177790,included,1
2025-04-27T07:54:30.691Z,793580,valentin.moser@wsl.ch,83177790,included,-1
2025-04-27T21:39:49.590Z,793584,amirmohammadif@gmail.com,83178004,included,-1
2025-04-27T21:52:24.010Z,793584,amirmohammadif@gmail.com,83178008,included,1
2025-04-28T08:53:13.899Z,833925,achristi@ic.ac.uk,153485372,"""__EXR__Not about conservation""",1
2025-04-28T08:53:13.959Z,833925,achristi@ic.ac.uk,153485372,included,-1
2025-04-29T13:21:00.519Z,793584,amirmohammadif@gmail.com,83177612,included,1
2025-04-29T13:21:10.197Z,793584,amirmohammadif@gmail.com,83177614,included,-1
2025-04-29T15:03:53.427Z,793585,c.matos@hull.ac.uk,153486989,included,1
2025-04-29T18:50:10.950Z,793576,carlos.barreto@algomau.ca,153486111,included,1
2025-04-29T19:09:34.640Z,793576,carlos.barreto@algomau.ca,153486145,"""__EXR__Not about conservation""",1
2025-04-29T19:09:34.693Z,793576,carlos.barreto@algomau.ca,153486145,included,-1
2025-04-29T20:41:36.721Z,793580,valentin.moser@wsl.ch,153486937,"""__EXR__not about conservation""",1
2025-04-29T20:41:36.743Z,793580,valentin.moser@wsl.ch,153486937,included,-1
2025-04-30T09:47:42.961Z,840756,enaut.martinezdebirgara@bc3research.org,83177502,"""__EXR__Not about conservation""",1
2025-04-30T09:47:43.026Z,840756,enaut.martinezdebirgara@bc3research.org,83177502,included,-1
2025-04-30T09:49:14.274Z,840756,enaut.martinezdebirgara@bc3research.org,83177584,"""__EXR__Not about conservation""",1
2025-04-30T09:49:14.300Z,840756,enaut.martinezdebirgara@bc3research.org,83177584,included,-1
2025-04-30T09:49:14.316Z,840756,enaut.martinezdebirgara@bc3research.org,83177584,"""__EXR__Not about Evidence use""",1
2025-04-30T09:49:14.326Z,840756,enaut.martinezdebirgara@bc3research.org,83177584,included,-1
2025-04-30T09:49:14.341Z,840756,enaut.martinezdebirgara@bc3research.org,83177584,"""__EXR__Not about factors that influence evidence use""",1
2025-04-30T09:49:14.351Z,840756,enaut.martinezdebirgara@bc3research.org,83177584,included,-1
2025-04-30T10:15:39.674Z,840756,enaut.martinezdebirgara@bc3research.org,83177586,note-12367858,1
2025-04-30T10:15:42.659Z,840756,enaut.martinezdebirgara@bc3research.org,83177586,included,1
2025-04-30T11:46:58.664Z,0,rayyan@rayyan.ai,153485201,"""__SYSTEM__SAMPLE__de73ba8f0f54a708c4e9084ca4fea915_18796""",1
2025-04-30T11:46:58.729Z,0,rayyan@rayyan.ai,153486115,"""__SYSTEM__SAMPLE__de73ba8f0f54a708c4e9084ca4fea915_18796""",1
2025-04-30T11:46:58.729Z,0,rayyan@rayyan.ai,153485738,"""__SYSTEM__SAMPLE__de73ba8f0f54a708c4e9084ca4fea915_18796""",1
2025-04-30T11:46:58.851Z,0,rayyan@rayyan.ai,83177934,"""__SYSTEM__SAMPLE__de73ba8f0f54a708c4e9084ca4fea915_18796""",1
2025-04-30T11:46:59.056Z,0,rayyan@rayyan.ai,153485513,"""__SYSTEM__SAMPLE__de73ba8f0f54a708c4e9084ca4fea915_18796""",1
2025-04-30T11:46:59.089Z,0,rayyan@rayyan.ai,153486999,"""__SYSTEM__SAMPLE__de73ba8f0f54a708c4e9084ca4fea915_18796""",1
2025-04-30T11:46:59.122Z,0,rayyan@rayyan.ai,153485405,"""__SYSTEM__SAMPLE__de73ba8f0f54a708c4e9084ca4fea915_18796""",1
2025-04-30T11:46:59.454Z,0,rayyan@rayyan.ai,83177598,"""__SYSTEM__SAMPLE__de73ba8f0f54a708c4e9084ca4fea915_18796""",1
2025-04-30T11:46:59.454Z,0,rayyan@rayyan.ai,83177868,"""__SYSTEM__SAMPLE__de73ba8f0f54a708c4e9084ca4fea915_18796""",1
2025-04-30T11:46:59.486Z,0,rayyan@rayyan.ai,153485669,"""__SYSTEM__SAMPLE__de73ba8f0f54a708c4e9084ca4fea915_18796""",1
2025-04-30T11:46:59.486Z,0,rayyan@rayyan.ai,153485637,"""__SYSTEM__SAMPLE__de73ba8f0f54a708c4e9084ca4fea915_18796""",1
2025-04-30T11:46:59.486Z,0,rayyan@rayyan.ai,153486634,"""__SYSTEM__SAMPLE__de73ba8f0f54a708c4e9084ca4fea915_18796""",1
2025-05-01T15:14:50.734Z,793577,ian.thornhill@manchester.ac.uk,83177598,"""__EXR__Not about conservation""",1
2025-05-01T15:14:50.758Z,793577,ian.thornhill@manchester.ac.uk,83177598,included,-1
2025-05-01T15:17:37.540Z,793577,ian.thornhill@manchester.ac.uk,83177868,"""__EXR__Not about conservation""",1
2025-05-01T15:17:37.574Z,793577,ian.thornhill@manchester.ac.uk,83177868,included,-1
2025-05-01T15:19:37.398Z,793577,ian.thornhill@manchester.ac.uk,153485405,"""__EXR__not about conservation""",1
2025-05-01T15:19:37.422Z,793577,ian.thornhill@manchester.ac.uk,153485405,included,-1
2025-05-01T15:24:22.666Z,793577,ian.thornhill@manchester.ac.uk,153485513,"""__EXR__Not about factors that influence evidence use""",1
2025-05-01T15:24:22.687Z,793577,ian.thornhill@manchester.ac.uk,153485513,included,-1
2025-05-01T15:28:03.241Z,793577,ian.thornhill@manchester.ac.uk,153485637,"""__EXR__not about conservation""",1
2025-05-01T15:28:03.265Z,793577,ian.thornhill@manchester.ac.uk,153485637,included,-1
2025-05-01T15:28:07.944Z,793577,ian.thornhill@manchester.ac.uk,153485669,"""__EXR__Not about conservation""",1
2025-05-01T15:28:07.965Z,793577,ian.thornhill@manchester.ac.uk,153485669,included,-1
2025-05-01T15:31:07.392Z,793577,ian.thornhill@manchester.ac.uk,153486115,included,1
2025-05-01T15:40:51.424Z,793577,ian.thornhill@manchester.ac.uk,153486999,"""__EXR__Not about factors that influence evidence use""",1
2025-05-01T15:40:51.445Z,793577,ian.thornhill@manchester.ac.uk,153486999,included,-1
2025-05-01T19:23:47.987Z,813409,isa.donoso@bc3research.org,83177598,note-12404385,1
2025-05-01T19:23:49.337Z,813409,isa.donoso@bc3research.org,83177598,included,1
2025-05-02T17:13:19.246Z,840759,alvaro.moreno@bc3research.org,153485385,"""__EXR__No about conservation""",1
2025-05-02T17:13:19.272Z,840759,alvaro.moreno@bc3research.org,153485385,included,-1
2025-05-02T17:56:20.567Z,840759,alvaro.moreno@bc3research.org,153485738,included,1
2025-05-04T10:19:22.402Z,813409,isa.donoso@bc3research.org,153485604,included,1
2025-05-04T11:55:13.801Z,840759,alvaro.moreno@bc3research.org,153485637,included,0
2025-05-04T11:55:48.531Z,840759,alvaro.moreno@bc3research.org,153485637,note-12463663,1
2025-05-04T12:42:30.209Z,840759,alvaro.moreno@bc3research.org,153486057,"""__EXR__No about conservation""",1
2025-05-04T12:42:30.234Z,840759,alvaro.moreno@bc3research.org,153486057,included,-1
2025-05-04T13:06:58.528Z,840759,alvaro.moreno@bc3research.org,153486581,included,1
2025-05-05T16:50:12.852Z,813409,isa.donoso@bc3research.org,153486634,included,1
2025-05-06T07:31:40.940Z,840756,enaut.martinezdebirgara@bc3research.org,83177598,included,0
2025-05-06T07:59:08.344Z,840756,enaut.martinezdebirgara@bc3research.org,83177612,"""__EXR__Not about conservation""",1
2025-05-06T07:59:08.396Z,840756,enaut.martinezdebirgara@bc3research.org,83177612,included,-1
2025-05-06T08:00:42.757Z,840756,enaut.martinezdebirgara@bc3research.org,83177612,note-12516920,1
2025-05-06T08:03:14.467Z,840756,enaut.martinezdebirgara@bc3research.org,83177614,"""__EXR__Not about conservation""",1
2025-05-06T08:03:14.488Z,840756,enaut.martinezdebirgara@bc3research.org,83177614,included,-1
2025-05-06T08:09:42.924Z,840756,enaut.martinezdebirgara@bc3research.org,83177649,included,1
2025-05-06T08:12:15.925Z,840756,enaut.martinezdebirgara@bc3research.org,83177653,"""__EXR__Not about conservation""",1
2025-05-06T08:12:15.945Z,840756,enaut.martinezdebirgara@bc3research.org,83177653,included,-1
2025-05-06T08:14:04.227Z,840756,enaut.martinezdebirgara@bc3research.org,83177682,"""__EXR__Not about conservation""",1
2025-05-06T08:14:04.254Z,840756,enaut.martinezdebirgara@bc3research.org,83177682,included,-1
2025-05-06T08:24:44.480Z,840756,enaut.martinezdebirgara@bc3research.org,83177688,included,1
2025-05-06T08:27:36.474Z,840756,enaut.martinezdebirgara@bc3research.org,83177790,"""__EXR__Not about conservation""",1
2025-05-06T08:27:36.496Z,840756,enaut.martinezdebirgara@bc3research.org,83177790,included,-1
2025-05-06T08:39:35.268Z,840756,enaut.martinezdebirgara@bc3research.org,83177832,"""__EXR__Not about conservation""",1
2025-05-06T08:39:35.311Z,840756,enaut.martinezdebirgara@bc3research.org,83177832,included,-1
2025-05-06T08:40:25.234Z,840756,enaut.martinezdebirgara@bc3research.org,83177832,note-12517930,1
2025-05-06T08:44:17.725Z,840756,enaut.martinezdebirgara@bc3research.org,83177857,included,0
2025-05-06T08:45:15.328Z,840756,enaut.martinezdebirgara@bc3research.org,83177857,note-12518098,1
2025-05-06T08:47:01.656Z,840756,enaut.martinezdebirgara@bc3research.org,83177859,included,1
2025-05-06T08:57:08.505Z,840756,enaut.martinezdebirgara@bc3research.org,83177868,included,1
2025-05-06T08:57:24.058Z,840756,enaut.martinezdebirgara@bc3research.org,83177868,note-12518420,1
2025-05-06T14:55:22.666Z,793584,amirmohammadif@gmail.com,83177934,included,1
2025-05-06T14:56:09.979Z,793584,amirmohammadif@gmail.com,153485141,included,1
2025-05-06T14:56:41.923Z,793584,amirmohammadif@gmail.com,153485148,included,1
2025-05-07T09:01:25.574Z,840756,enaut.martinezdebirgara@bc3research.org,153485308,"""__EXR__Not about Evidence use""",1
2025-05-07T09:01:25.623Z,840756,enaut.martinezdebirgara@bc3research.org,153485308,included,-1
2025-05-07T09:01:25.650Z,840756,enaut.martinezdebirgara@bc3research.org,153485308,"""__EXR__Not about factors that influence evidence use""",1
2025-05-07T09:01:25.667Z,840756,enaut.martinezdebirgara@bc3research.org,153485308,included,-1
2025-05-07T10:24:52.527Z,840756,enaut.martinezdebirgara@bc3research.org,83177892,"""__EXR__Not about conservation""",1
2025-05-07T10:24:52.579Z,840756,enaut.martinezdebirgara@bc3research.org,83177892,included,-1
2025-05-07T10:26:30.643Z,840756,enaut.martinezdebirgara@bc3research.org,83177893,"""__EXR__Not about conservation""",1
2025-05-07T10:26:30.664Z,840756,enaut.martinezdebirgara@bc3research.org,83177893,included,-1
2025-05-07T10:28:29.038Z,840756,enaut.martinezdebirgara@bc3research.org,83177897,"""__EXR__Not about conservation""",1
2025-05-07T10:28:29.058Z,840756,enaut.martinezdebirgara@bc3research.org,83177897,included,-1
2025-05-07T10:30:00.061Z,840756,enaut.martinezdebirgara@bc3research.org,83177899,"""__EXR__Not about conservation""",1
2025-05-07T10:30:00.093Z,840756,enaut.martinezdebirgara@bc3research.org,83177899,included,-1
2025-05-07T10:30:00.112Z,840756,enaut.martinezdebirgara@bc3research.org,83177899,"""__EXR__Not about Evidence use""",1
2025-05-07T10:30:00.129Z,840756,enaut.martinezdebirgara@bc3research.org,83177899,included,-1
2025-05-07T10:30:00.218Z,840756,enaut.martinezdebirgara@bc3research.org,83177899,"""__EXR__Not about factors that influence evidence use""",1
2025-05-07T10:30:00.232Z,840756,enaut.martinezdebirgara@bc3research.org,83177899,included,-1
2025-05-07T10:31:17.974Z,840756,enaut.martinezdebirgara@bc3research.org,83177906,"""__EXR__Not about conservation""",1
2025-05-07T10:31:18.026Z,840756,enaut.martinezdebirgara@bc3research.org,83177906,included,-1
2025-05-07T10:31:18.042Z,840756,enaut.martinezdebirgara@bc3research.org,83177906,"""__EXR__Not about Evidence use""",1
2025-05-07T10:31:18.056Z,840756,enaut.martinezdebirgara@bc3research.org,83177906,included,-1
2025-05-07T10:31:18.071Z,840756,enaut.martinezdebirgara@bc3research.org,83177906,"""__EXR__Not about factors that influence evidence use""",1
2025-05-07T10:31:18.083Z,840756,enaut.martinezdebirgara@bc3research.org,83177906,included,-1
2025-05-07T10:38:42.764Z,840756,enaut.martinezdebirgara@bc3research.org,83177934,"""__EXR__Not about conservation""",1
2025-05-07T10:38:42.816Z,840756,enaut.martinezdebirgara@bc3research.org,83177934,included,-1
2025-05-07T10:39:55.907Z,840756,enaut.martinezdebirgara@bc3research.org,83178004,"""__EXR__Not about conservation""",1
2025-05-07T10:39:55.929Z,840756,enaut.martinezdebirgara@bc3research.org,83178004,included,-1
2025-05-07T10:41:39.874Z,840756,enaut.martinezdebirgara@bc3research.org,83178008,"""__EXR__Not about conservation""",1
2025-05-07T10:41:39.948Z,840756,enaut.martinezdebirgara@bc3research.org,83178008,included,-1
2025-05-07T10:44:59.719Z,840756,enaut.martinezdebirgara@bc3research.org,153485141,"""__EXR__Not about conservation""",1
2025-05-07T10:44:59.737Z,840756,enaut.martinezdebirgara@bc3research.org,153485141,included,-1
2025-05-07T10:49:33.691Z,840756,enaut.martinezdebirgara@bc3research.org,153485141,"""__EXR__Not about conservation""",deleted
2025-05-07T10:49:33.707Z,840756,enaut.martinezdebirgara@bc3research.org,153485141,"""__EXR__Not about Evidence use""",deleted
2025-05-07T10:49:55.401Z,840756,enaut.martinezdebirgara@bc3research.org,153485141,included,0
2025-05-07T10:50:32.810Z,840756,enaut.martinezdebirgara@bc3research.org,153485141,note-12546853,1
2025-05-07T10:54:26.922Z,840756,enaut.martinezdebirgara@bc3research.org,153485148,"""__EXR__Not about Evidence use""",1
2025-05-07T10:54:26.956Z,840756,enaut.martinezdebirgara@bc3research.org,153485148,included,-1
2025-05-07T10:54:26.976Z,840756,enaut.martinezdebirgara@bc3research.org,153485148,"""__EXR__Not about factors that influence evidence use""",1
2025-05-07T10:54:26.991Z,840756,enaut.martinezdebirgara@bc3research.org,153485148,included,-1
2025-05-07T10:56:07.628Z,840756,enaut.martinezdebirgara@bc3research.org,153485201,"""__EXR__Not about conservation""",1
2025-05-07T10:56:07.647Z,840756,enaut.martinezdebirgara@bc3research.org,153485201,included,-1
2025-05-07T10:56:07.663Z,840756,enaut.martinezdebirgara@bc3research.org,153485201,"""__EXR__Not about Evidence use""",1
2025-05-07T10:56:07.674Z,840756,enaut.martinezdebirgara@bc3research.org,153485201,included,-1
2025-05-07T10:56:07.687Z,840756,enaut.martinezdebirgara@bc3research.org,153485201,"""__EXR__Not about factors that influence evidence use""",1
2025-05-07T10:56:07.701Z,840756,enaut.martinezdebirgara@bc3research.org,153485201,included,-1
2025-05-07T10:57:23.513Z,840756,enaut.martinezdebirgara@bc3research.org,153485252,"""__EXR__Not about conservation""",1
2025-05-07T10:57:23.534Z,840756,enaut.martinezdebirgara@bc3research.org,153485252,included,-1
2025-05-07T10:57:23.550Z,840756,enaut.martinezdebirgara@bc3research.org,153485252,"""__EXR__Not about Evidence use""",1
2025-05-07T10:57:23.560Z,840756,enaut.martinezdebirgara@bc3research.org,153485252,included,-1
2025-05-07T10:57:23.577Z,840756,enaut.martinezdebirgara@bc3research.org,153485252,"""__EXR__Not about factors that influence evidence use""",1
2025-05-07T10:57:23.588Z,840756,enaut.martinezdebirgara@bc3research.org,153485252,included,-1
2025-05-07T10:59:06.500Z,840756,enaut.martinezdebirgara@bc3research.org,153485311,"""__EXR__Not about conservation""",1
2025-05-07T10:59:06.525Z,840756,enaut.martinezdebirgara@bc3research.org,153485311,included,-1
2025-05-07T10:59:06.539Z,840756,enaut.martinezdebirgara@bc3research.org,153485311,"""__EXR__Not about factors that influence evidence use""",1
2025-05-07T10:59:06.550Z,840756,enaut.martinezdebirgara@bc3research.org,153485311,included,-1
2025-05-07T11:11:50.213Z,840756,enaut.martinezdebirgara@bc3research.org,153485364,"""__EXR__oadcast""",1
2025-05-07T11:11:50.255Z,840756,enaut.martinezdebirgara@bc3research.org,153485364,included,-1
2025-05-07T11:13:04.336Z,840756,enaut.martinezdebirgara@bc3research.org,153485364,"""__EXR__Not about conservation""",1
2025-05-07T11:13:04.349Z,840756,enaut.martinezdebirgara@bc3research.org,153485364,included,-1
2025-05-07T11:13:04.364Z,840756,enaut.martinezdebirgara@bc3research.org,153485364,"""__EXR__Not about Evidence use""",1
2025-05-07T11:13:04.373Z,840756,enaut.martinezdebirgara@bc3research.org,153485364,included,-1
2025-05-07T11:13:04.384Z,840756,enaut.martinezdebirgara@bc3research.org,153485364,"""__EXR__Not about factors that influence evidence use""",1
2025-05-07T11:13:04.394Z,840756,enaut.martinezdebirgara@bc3research.org,153485364,included,-1
2025-05-07T11:13:04.406Z,840756,enaut.martinezdebirgara@bc3research.org,153485364,"""__EXR__Not about policy or practice""",1
2025-05-07T11:13:04.418Z,840756,enaut.martinezdebirgara@bc3research.org,153485364,included,-1
2025-05-07T11:13:04.433Z,840756,enaut.martinezdebirgara@bc3research.org,153485364,"""__EXR__oadcast""",deleted
2025-05-07T11:13:27.650Z,840756,enaut.martinezdebirgara@bc3research.org,153485372,"""__EXR__Not about conservation""",1
2025-05-07T11:13:27.668Z,840756,enaut.martinezdebirgara@bc3research.org,153485372,included,-1
2025-05-07T11:13:27.684Z,840756,enaut.martinezdebirgara@bc3research.org,153485372,"""__EXR__Not about policy or practice""",1
2025-05-07T11:13:27.696Z,840756,enaut.martinezdebirgara@bc3research.org,153485372,included,-1
2025-05-07T11:13:27.711Z,840756,enaut.martinezdebirgara@bc3research.org,153485372,"""__EXR__Not about factors that influence evidence use""",1
2025-05-07T11:13:27.723Z,840756,enaut.martinezdebirgara@bc3research.org,153485372,included,-1
2025-05-07T11:13:27.737Z,840756,enaut.martinezdebirgara@bc3research.org,153485372,"""__EXR__Not about Evidence use""",1
2025-05-07T11:13:27.748Z,840756,enaut.martinezdebirgara@bc3research.org,153485372,included,-1
2025-05-07T11:14:25.707Z,840756,enaut.martinezdebirgara@bc3research.org,153485385,"""__EXR__Not about conservation""",1
2025-05-07T11:14:25.726Z,840756,enaut.martinezdebirgara@bc3research.org,153485385,included,-1
2025-05-07T11:14:25.746Z,840756,enaut.martinezdebirgara@bc3research.org,153485385,"""__EXR__Not about Evidence use""",1
2025-05-07T11:14:25.755Z,840756,enaut.martinezdebirgara@bc3research.org,153485385,included,-1
2025-05-07T11:14:25.770Z,840756,enaut.martinezdebirgara@bc3research.org,153485385,"""__EXR__Not about factors that influence evidence use""",1
2025-05-07T11:14:25.780Z,840756,enaut.martinezdebirgara@bc3research.org,153485385,included,-1
2025-05-07T11:14:25.811Z,840756,enaut.martinezdebirgara@bc3research.org,153485385,"""__EXR__Not about policy or practice""",1
2025-05-07T11:14:25.824Z,840756,enaut.martinezdebirgara@bc3research.org,153485385,included,-1
2025-05-07T11:16:30.797Z,840756,enaut.martinezdebirgara@bc3research.org,153485405,"""__EXR__Not about conservation""",1
2025-05-07T11:16:30.822Z,840756,enaut.martinezdebirgara@bc3research.org,153485405,included,-1
2025-05-07T11:16:30.840Z,840756,enaut.martinezdebirgara@bc3research.org,153485405,"""__EXR__Not about Evidence use""",1
2025-05-07T11:16:30.852Z,840756,enaut.martinezdebirgara@bc3research.org,153485405,included,-1
2025-05-07T11:16:30.866Z,840756,enaut.martinezdebirgara@bc3research.org,153485405,"""__EXR__Not about factors that influence evidence use""",1
2025-05-07T11:16:30.877Z,840756,enaut.martinezdebirgara@bc3research.org,153485405,included,-1
2025-05-07T11:20:53.803Z,840756,enaut.martinezdebirgara@bc3research.org,153485425,"""__EXR__Not about Evidence use""",1
2025-05-07T11:20:53.826Z,840756,enaut.martinezdebirgara@bc3research.org,153485425,included,-1
2025-05-07T11:20:53.846Z,840756,enaut.martinezdebirgara@bc3research.org,153485425,"""__EXR__Not about factors that influence evidence use""",1
2025-05-07T11:20:53.858Z,840756,enaut.martinezdebirgara@bc3research.org,153485425,included,-1
2025-05-07T11:20:53.874Z,840756,enaut.martinezdebirgara@bc3research.org,153485425,"""__EXR__Not about conservation""",1
2025-05-07T11:20:53.911Z,840756,enaut.martinezdebirgara@bc3research.org,153485425,included,-1
2025-05-07T11:25:50.420Z,840756,enaut.martinezdebirgara@bc3research.org,153485444,included,1
2025-05-07T11:32:06.930Z,840756,enaut.martinezdebirgara@bc3research.org,153485710,"""__EXR__Not about Evidence use""",1
2025-05-07T11:32:06.952Z,840756,enaut.martinezdebirgara@bc3research.org,153485710,included,-1
2025-05-07T11:32:06.965Z,840756,enaut.martinezdebirgara@bc3research.org,153485710,"""__EXR__Not about factors that influence evidence use""",1
2025-05-07T11:32:06.974Z,840756,enaut.martinezdebirgara@bc3research.org,153485710,included,-1
2025-05-07T11:34:15.658Z,840756,enaut.martinezdebirgara@bc3research.org,153485717,"""__EXR__Not about conservation""",1
2025-05-07T11:34:15.679Z,840756,enaut.martinezdebirgara@bc3research.org,153485717,included,-1
2025-05-07T11:34:15.697Z,840756,enaut.martinezdebirgara@bc3research.org,153485717,"""__EXR__Not about Evidence use""",1
2025-05-07T11:34:15.709Z,840756,enaut.martinezdebirgara@bc3research.org,153485717,included,-1
2025-05-07T11:34:15.725Z,840756,enaut.martinezdebirgara@bc3research.org,153485717,"""__EXR__Not about factors that influence evidence use""",1
2025-05-07T11:34:15.736Z,840756,enaut.martinezdebirgara@bc3research.org,153485717,included,-1
2025-05-07T11:37:41.395Z,840756,enaut.martinezdebirgara@bc3research.org,153485738,"""__EXR__Not about Evidence use""",1
2025-05-07T11:37:41.411Z,840756,enaut.martinezdebirgara@bc3research.org,153485738,included,-1
2025-05-07T11:37:41.425Z,840756,enaut.martinezdebirgara@bc3research.org,153485738,"""__EXR__Not about factors that influence evidence use""",1
2025-05-07T11:37:41.436Z,840756,enaut.martinezdebirgara@bc3research.org,153485738,included,-1
2025-05-07T11:38:16.746Z,840756,enaut.martinezdebirgara@bc3research.org,153485766,"""__EXR__Not about conservation""",1
2025-05-07T11:38:16.765Z,840756,enaut.martinezdebirgara@bc3research.org,153485766,included,-1
2025-05-07T11:38:16.779Z,840756,enaut.martinezdebirgara@bc3research.org,153485766,"""__EXR__Not about Evidence use""",1
2025-05-07T11:38:16.789Z,840756,enaut.martinezdebirgara@bc3research.org,153485766,included,-1
2025-05-07T11:38:16.803Z,840756,enaut.martinezdebirgara@bc3research.org,153485766,"""__EXR__Not about factors that influence evidence use""",1
2025-05-07T11:38:16.815Z,840756,enaut.martinezdebirgara@bc3research.org,153485766,included,-1
2025-05-07T11:38:16.830Z,840756,enaut.martinezdebirgara@bc3research.org,153485766,"""__EXR__Not about policy or practice""",1
2025-05-07T11:38:16.846Z,840756,enaut.martinezdebirgara@bc3research.org,153485766,included,-1
2025-05-07T11:40:42.896Z,840756,enaut.martinezdebirgara@bc3research.org,153485775,included,1
2025-05-07T11:41:41.464Z,840756,enaut.martinezdebirgara@bc3research.org,153485784,"""__EXR__Not about conservation""",1
2025-05-07T11:41:41.489Z,840756,enaut.martinezdebirgara@bc3research.org,153485784,included,-1
2025-05-07T11:42:08.578Z,840756,enaut.martinezdebirgara@bc3research.org,153485800,"""__EXR__Not about conservation""",1
2025-05-07T11:42:08.598Z,840756,enaut.martinezdebirgara@bc3research.org,153485800,included,-1
2025-05-07T11:42:08.614Z,840756,enaut.martinezdebirgara@bc3research.org,153485800,"""__EXR__Not about Evidence use""",1
2025-05-07T11:42:08.626Z,840756,enaut.martinezdebirgara@bc3research.org,153485800,included,-1
2025-05-07T11:42:08.640Z,840756,enaut.martinezdebirgara@bc3research.org,153485800,"""__EXR__Not about factors that influence evidence use""",1
2025-05-07T11:42:08.651Z,840756,enaut.martinezdebirgara@bc3research.org,153485800,included,-1
2025-05-07T11:42:08.665Z,840756,enaut.martinezdebirgara@bc3research.org,153485800,"""__EXR__Not about policy or practice""",1
2025-05-07T11:42:08.675Z,840756,enaut.martinezdebirgara@bc3research.org,153485800,included,-1
2025-05-07T11:42:25.709Z,840756,enaut.martinezdebirgara@bc3research.org,153485820,"""__EXR__Not about conservation""",1
2025-05-07T11:42:25.728Z,840756,enaut.martinezdebirgara@bc3research.org,153485820,included,-1
2025-05-07T11:42:25.750Z,840756,enaut.martinezdebirgara@bc3research.org,153485820,"""__EXR__Not about Evidence use""",1
2025-05-07T11:42:25.760Z,840756,enaut.martinezdebirgara@bc3research.org,153485820,included,-1
2025-05-07T11:42:25.777Z,840756,enaut.martinezdebirgara@bc3research.org,153485820,"""__EXR__Not about factors that influence evidence use""",1
2025-05-07T11:42:25.809Z,840756,enaut.martinezdebirgara@bc3research.org,153485820,included,-1
2025-05-07T11:42:25.826Z,840756,enaut.martinezdebirgara@bc3research.org,153485820,"""__EXR__Not about policy or practice""",1
2025-05-07T11:42:25.836Z,840756,enaut.martinezdebirgara@bc3research.org,153485820,included,-1
2025-05-07T11:43:11.366Z,840756,enaut.martinezdebirgara@bc3research.org,153485892,"""__EXR__Not about conservation""",1
2025-05-07T11:43:11.389Z,840756,enaut.martinezdebirgara@bc3research.org,153485892,included,-1
2025-05-07T11:43:11.404Z,840756,enaut.martinezdebirgara@bc3research.org,153485892,"""__EXR__Not about Evidence use""",1
2025-05-07T11:43:11.418Z,840756,enaut.martinezdebirgara@bc3research.org,153485892,included,-1
2025-05-07T11:43:11.433Z,840756,enaut.martinezdebirgara@bc3research.org,153485892,"""__EXR__Not about factors that influence evidence use""",1
2025-05-07T11:43:11.443Z,840756,enaut.martinezdebirgara@bc3research.org,153485892,included,-1
2025-05-07T11:43:11.467Z,840756,enaut.martinezdebirgara@bc3research.org,153485892,"""__EXR__Not about policy or practice""",1
2025-05-07T11:43:11.487Z,840756,enaut.martinezdebirgara@bc3research.org,153485892,included,-1
2025-05-07T11:49:58.214Z,840756,enaut.martinezdebirgara@bc3research.org,153485935,"""__EXR__Not about Evidence use""",1
2025-05-07T11:49:58.315Z,840756,enaut.martinezdebirgara@bc3research.org,153485935,included,-1
2025-05-07T11:49:58.328Z,840756,enaut.martinezdebirgara@bc3research.org,153485935,"""__EXR__Not about factors that influence evidence use""",1
2025-05-07T11:49:58.340Z,840756,enaut.martinezdebirgara@bc3research.org,153485935,included,-1
2025-05-07T11:52:16.992Z,840756,enaut.martinezdebirgara@bc3research.org,153485964,"""__EXR__Not about Evidence use""",1
2025-05-07T11:52:17.013Z,840756,enaut.martinezdebirgara@bc3research.org,153485964,included,-1
2025-05-07T11:52:17.031Z,840756,enaut.martinezdebirgara@bc3research.org,153485964,"""__EXR__Not about factors that influence evidence use""",1
2025-05-07T11:52:17.043Z,840756,enaut.martinezdebirgara@bc3research.org,153485964,included,-1
2025-05-07T11:52:27.553Z,840756,enaut.martinezdebirgara@bc3research.org,153486057,"""__EXR__Not about conservation""",1
2025-05-07T11:52:27.571Z,840756,enaut.martinezdebirgara@bc3research.org,153486057,included,-1
2025-05-07T11:52:27.588Z,840756,enaut.martinezdebirgara@bc3research.org,153486057,"""__EXR__Not about Evidence use""",1
2025-05-07T11:52:27.599Z,840756,enaut.martinezdebirgara@bc3research.org,153486057,included,-1
2025-05-07T11:52:27.621Z,840756,enaut.martinezdebirgara@bc3research.org,153486057,"""__EXR__Not about factors that influence evidence use""",1
2025-05-07T11:52:27.632Z,840756,enaut.martinezdebirgara@bc3research.org,153486057,included,-1
2025-05-07T11:52:27.656Z,840756,enaut.martinezdebirgara@bc3research.org,153486057,"""__EXR__Not about policy or practice""",1
2025-05-07T11:52:27.666Z,840756,enaut.martinezdebirgara@bc3research.org,153486057,included,-1
2025-05-07T11:53:35.545Z,840756,enaut.martinezdebirgara@bc3research.org,153486102,"""__EXR__Not about Evidence use""",1
2025-05-07T11:53:35.565Z,840756,enaut.martinezdebirgara@bc3research.org,153486102,included,-1
2025-05-07T11:53:35.581Z,840756,enaut.martinezdebirgara@bc3research.org,153486102,"""__EXR__Not about factors that influence evidence use""",1
2025-05-07T11:53:35.592Z,840756,enaut.martinezdebirgara@bc3research.org,153486102,included,-1
2025-05-07T11:53:35.607Z,840756,enaut.martinezdebirgara@bc3research.org,153486102,"""__EXR__Not about policy or practice""",1
2025-05-07T11:53:35.617Z,840756,enaut.martinezdebirgara@bc3research.org,153486102,included,-1
2025-05-07T11:56:04.642Z,840756,enaut.martinezdebirgara@bc3research.org,153486111,"""__EXR__Not about Evidence use""",1
2025-05-07T11:56:04.658Z,840756,enaut.martinezdebirgara@bc3research.org,153486111,included,-1
2025-05-07T11:56:04.672Z,840756,enaut.martinezdebirgara@bc3research.org,153486111,"""__EXR__Not about factors that influence evidence use""",1
2025-05-07T11:56:04.681Z,840756,enaut.martinezdebirgara@bc3research.org,153486111,included,-1
2025-05-07T11:56:14.968Z,813409,isa.donoso@bc3research.org,153486695,included,1
2025-05-07T13:10:31.488Z,840756,enaut.martinezdebirgara@bc3research.org,153486115,"""__EXR__Not about Evidence use""",1
2025-05-07T13:10:31.539Z,840756,enaut.martinezdebirgara@bc3research.org,153486115,included,-1
2025-05-07T13:10:31.560Z,840756,enaut.martinezdebirgara@bc3research.org,153486115,"""__EXR__Not about factors that influence evidence use""",1
2025-05-07T13:10:31.571Z,840756,enaut.martinezdebirgara@bc3research.org,153486115,included,-1
2025-05-07T13:10:56.711Z,840756,enaut.martinezdebirgara@bc3research.org,153486145,"""__EXR__Not about conservation""",1
2025-05-07T13:10:56.736Z,840756,enaut.martinezdebirgara@bc3research.org,153486145,included,-1
2025-05-07T13:10:56.755Z,840756,enaut.martinezdebirgara@bc3research.org,153486145,"""__EXR__Not about Evidence use""",1
2025-05-07T13:10:56.766Z,840756,enaut.martinezdebirgara@bc3research.org,153486145,included,-1
2025-05-07T13:10:56.779Z,840756,enaut.martinezdebirgara@bc3research.org,153486145,"""__EXR__Not about factors that influence evidence use""",1
2025-05-07T13:10:56.789Z,840756,enaut.martinezdebirgara@bc3research.org,153486145,included,-1
2025-05-07T13:10:56.801Z,840756,enaut.martinezdebirgara@bc3research.org,153486145,"""__EXR__Not about policy or practice""",1
2025-05-07T13:10:56.810Z,840756,enaut.martinezdebirgara@bc3research.org,153486145,included,-1
2025-05-07T13:11:33.753Z,840756,enaut.martinezdebirgara@bc3research.org,153486147,"""__EXR__Not about conservation""",1
2025-05-07T13:11:33.791Z,840756,enaut.martinezdebirgara@bc3research.org,153486147,included,-1
2025-05-07T13:14:03.217Z,840756,enaut.martinezdebirgara@bc3research.org,153486156,"""__EXR__Not about Evidence use""",1
2025-05-07T13:14:03.237Z,840756,enaut.martinezdebirgara@bc3research.org,153486156,included,-1
2025-05-07T13:14:03.508Z,840756,enaut.martinezdebirgara@bc3research.org,153486156,"""__EXR__Not about factors that influence evidence use""",1
2025-05-07T13:14:03.526Z,840756,enaut.martinezdebirgara@bc3research.org,153486156,included,-1
2025-05-07T13:14:03.607Z,840756,enaut.martinezdebirgara@bc3research.org,153486156,"""__EXR__Not about policy or practice""",1
2025-05-07T13:14:03.621Z,840756,enaut.martinezdebirgara@bc3research.org,153486156,included,-1
2025-05-07T13:15:28.287Z,840756,enaut.martinezdebirgara@bc3research.org,153486164,"""__EXR__Not about conservation""",1
2025-05-07T13:15:28.312Z,840756,enaut.martinezdebirgara@bc3research.org,153486164,included,-1
2025-05-07T13:15:28.329Z,840756,enaut.martinezdebirgara@bc3research.org,153486164,"""__EXR__Not about policy or practice""",1
2025-05-07T13:15:28.339Z,840756,enaut.martinezdebirgara@bc3research.org,153486164,included,-1
2025-05-07T13:15:28.351Z,840756,enaut.martinezdebirgara@bc3research.org,153486164,"""__EXR__Not about Evidence use""",1
2025-05-07T13:15:28.361Z,840756,enaut.martinezdebirgara@bc3research.org,153486164,included,-1
2025-05-07T13:15:28.374Z,840756,enaut.martinezdebirgara@bc3research.org,153486164,"""__EXR__Not about factors that influence evidence use""",1
2025-05-07T13:15:28.388Z,840756,enaut.martinezdebirgara@bc3research.org,153486164,included,-1
2025-05-07T13:17:08.427Z,840756,enaut.martinezdebirgara@bc3research.org,153486179,"""__EXR__Not about Evidence use""",1
2025-05-07T13:17:08.447Z,840756,enaut.martinezdebirgara@bc3research.org,153486179,included,-1
2025-05-07T13:17:08.463Z,840756,enaut.martinezdebirgara@bc3research.org,153486179,"""__EXR__Not about factors that influence evidence use""",1
2025-05-07T13:17:08.474Z,840756,enaut.martinezdebirgara@bc3research.org,153486179,included,-1
2025-05-07T13:17:08.489Z,840756,enaut.martinezdebirgara@bc3research.org,153486179,"""__EXR__Not about policy or practice""",1
2025-05-07T13:17:08.502Z,840756,enaut.martinezdebirgara@bc3research.org,153486179,included,-1
2025-05-07T13:40:40.995Z,840756,enaut.martinezdebirgara@bc3research.org,153486581,"""__EXR__Not about Evidence use""",1
2025-05-07T13:40:41.028Z,840756,enaut.martinezdebirgara@bc3research.org,153486581,included,-1
2025-05-07T13:40:41.047Z,840756,enaut.martinezdebirgara@bc3research.org,153486581,"""__EXR__Not about factors that influence evidence use""",1
2025-05-07T13:40:41.057Z,840756,enaut.martinezdebirgara@bc3research.org,153486581,included,-1
2025-05-07T13:42:10.485Z,840756,enaut.martinezdebirgara@bc3research.org,153486603,"""__EXR__Not about conservation""",1
2025-05-07T13:42:10.509Z,840756,enaut.martinezdebirgara@bc3research.org,153486603,included,-1
2025-05-07T13:42:10.527Z,840756,enaut.martinezdebirgara@bc3research.org,153486603,"""__EXR__Not about Evidence use""",1
2025-05-07T13:42:10.537Z,840756,enaut.martinezdebirgara@bc3research.org,153486603,included,-1
2025-05-07T13:42:10.549Z,840756,enaut.martinezdebirgara@bc3research.org,153486603,"""__EXR__Not about factors that influence evidence use""",1
2025-05-07T13:42:10.559Z,840756,enaut.martinezdebirgara@bc3research.org,153486603,included,-1
2025-05-07T13:42:10.573Z,840756,enaut.martinezdebirgara@bc3research.org,153486603,"""__EXR__Not about policy or practice""",1
2025-05-07T13:42:10.582Z,840756,enaut.martinezdebirgara@bc3research.org,153486603,included,-1
2025-05-07T13:43:08.831Z,840756,enaut.martinezdebirgara@bc3research.org,153486609,"""__EXR__Not about conservation""",1
2025-05-07T13:43:08.847Z,840756,enaut.martinezdebirgara@bc3research.org,153486609,included,-1
2025-05-07T13:43:08.865Z,840756,enaut.martinezdebirgara@bc3research.org,153486609,"""__EXR__Not about Evidence use""",1
2025-05-07T13:43:08.875Z,840756,enaut.martinezdebirgara@bc3research.org,153486609,included,-1
2025-05-07T13:43:08.890Z,840756,enaut.martinezdebirgara@bc3research.org,153486609,"""__EXR__Not about factors that influence evidence use""",1
2025-05-07T13:43:08.899Z,840756,enaut.martinezdebirgara@bc3research.org,153486609,included,-1
2025-05-07T13:43:08.913Z,840756,enaut.martinezdebirgara@bc3research.org,153486609,"""__EXR__Not about policy or practice""",1
2025-05-07T13:43:08.929Z,840756,enaut.martinezdebirgara@bc3research.org,153486609,included,-1
2025-05-07T13:49:51.940Z,840756,enaut.martinezdebirgara@bc3research.org,153486634,"""__EXR__Not about Evidence use""",1
2025-05-07T13:49:51.962Z,840756,enaut.martinezdebirgara@bc3research.org,153486634,included,-1
2025-05-07T13:49:51.975Z,840756,enaut.martinezdebirgara@bc3research.org,153486634,"""__EXR__Not about factors that influence evidence use""",1
2025-05-07T13:49:51.987Z,840756,enaut.martinezdebirgara@bc3research.org,153486634,included,-1
2025-05-07T13:52:30.867Z,840756,enaut.martinezdebirgara@bc3research.org,153486641,"""__EXR__Not about Evidence use""",1
2025-05-07T13:52:30.890Z,840756,enaut.martinezdebirgara@bc3research.org,153486641,included,-1
2025-05-07T13:52:30.910Z,840756,enaut.martinezdebirgara@bc3research.org,153486641,"""__EXR__Not about factors that influence evidence use""",1
2025-05-07T13:52:30.919Z,840756,enaut.martinezdebirgara@bc3research.org,153486641,included,-1
2025-05-07T13:52:46.541Z,840756,enaut.martinezdebirgara@bc3research.org,153486646,"""__EXR__Not about conservation""",1
2025-05-07T13:52:46.567Z,840756,enaut.martinezdebirgara@bc3research.org,153486646,included,-1
2025-05-07T14:07:59.941Z,840756,enaut.martinezdebirgara@bc3research.org,153486669,note-12552005,1
2025-05-07T14:08:01.253Z,840756,enaut.martinezdebirgara@bc3research.org,153486669,included,1
2025-05-07T14:12:06.071Z,840756,enaut.martinezdebirgara@bc3research.org,153486695,note-12552114,1
2025-05-07T14:12:06.470Z,840756,enaut.martinezdebirgara@bc3research.org,153486695,included,1
2025-05-07T14:12:38.138Z,840756,enaut.martinezdebirgara@bc3research.org,153486695,note-12552114,edited
2025-05-07T14:13:40.713Z,840756,enaut.martinezdebirgara@bc3research.org,153486709,"""__EXR__Not about Evidence use""",1
2025-05-07T14:13:40.736Z,840756,enaut.martinezdebirgara@bc3research.org,153486709,included,-1
2025-05-07T14:13:40.751Z,840756,enaut.martinezdebirgara@bc3research.org,153486709,"""__EXR__Not about factors that influence evidence use""",1
2025-05-07T14:13:40.763Z,840756,enaut.martinezdebirgara@bc3research.org,153486709,included,-1
2025-05-07T14:14:57.694Z,840756,enaut.martinezdebirgara@bc3research.org,153486714,"""__EXR__Not about Evidence use""",1
2025-05-07T14:14:57.718Z,840756,enaut.martinezdebirgara@bc3research.org,153486714,included,-1
2025-05-07T14:14:57.735Z,840756,enaut.martinezdebirgara@bc3research.org,153486714,"""__EXR__Not about factors that influence evidence use""",1
2025-05-07T14:14:57.747Z,840756,enaut.martinezdebirgara@bc3research.org,153486714,included,-1
2025-05-07T14:15:37.769Z,840756,enaut.martinezdebirgara@bc3research.org,153486740,"""__EXR__Not about Evidence use""",1
2025-05-07T14:15:37.795Z,840756,enaut.martinezdebirgara@bc3research.org,153486740,included,-1
2025-05-07T14:15:37.813Z,840756,enaut.martinezdebirgara@bc3research.org,153486740,"""__EXR__Not about factors that influence evidence use""",1
2025-05-07T14:15:37.823Z,840756,enaut.martinezdebirgara@bc3research.org,153486740,included,-1
2025-05-07T14:15:37.836Z,840756,enaut.martinezdebirgara@bc3research.org,153486740,"""__EXR__Not about policy or practice""",1
2025-05-07T14:15:37.846Z,840756,enaut.martinezdebirgara@bc3research.org,153486740,included,-1
2025-05-07T14:50:42.067Z,840756,enaut.martinezdebirgara@bc3research.org,153486778,"""__EXR__Not about Evidence use""",1
2025-05-07T14:50:42.133Z,840756,enaut.martinezdebirgara@bc3research.org,153486778,included,-1
2025-05-07T14:50:42.147Z,840756,enaut.martinezdebirgara@bc3research.org,153486778,"""__EXR__Not about factors that influence evidence use""",1
2025-05-07T14:50:42.162Z,840756,enaut.martinezdebirgara@bc3research.org,153486778,included,-1
2025-05-07T14:50:42.185Z,840756,enaut.martinezdebirgara@bc3research.org,153486778,"""__EXR__Not about conservation""",1
2025-05-07T14:50:42.200Z,840756,enaut.martinezdebirgara@bc3research.org,153486778,included,-1
2025-05-07T14:52:37.162Z,840756,enaut.martinezdebirgara@bc3research.org,153486784,"""__EXR__Not about Evidence use""",1
2025-05-07T14:52:37.183Z,840756,enaut.martinezdebirgara@bc3research.org,153486784,included,-1
2025-05-07T14:52:37.198Z,840756,enaut.martinezdebirgara@bc3research.org,153486784,"""__EXR__Not about factors that influence evidence use""",1
2025-05-07T14:52:37.208Z,840756,enaut.martinezdebirgara@bc3research.org,153486784,included,-1
2025-05-07T14:54:29.905Z,840756,enaut.martinezdebirgara@bc3research.org,153486787,"""__EXR__Not about Evidence use""",1
2025-05-07T14:54:29.921Z,840756,enaut.martinezdebirgara@bc3research.org,153486787,included,-1
2025-05-07T14:54:29.939Z,840756,enaut.martinezdebirgara@bc3research.org,153486787,"""__EXR__Not about factors that influence evidence use""",1
2025-05-07T14:54:29.950Z,840756,enaut.martinezdebirgara@bc3research.org,153486787,included,-1
2025-05-07T14:57:07.330Z,840756,enaut.martinezdebirgara@bc3research.org,153486809,included,0
2025-05-07T14:57:07.339Z,840756,enaut.martinezdebirgara@bc3research.org,153486809,note-12553261,1
2025-05-07T14:59:00.893Z,840756,enaut.martinezdebirgara@bc3research.org,153486818,included,1
2025-05-07T15:01:22.814Z,840756,enaut.martinezdebirgara@bc3research.org,153486828,"""__EXR__Not about Evidence use""",1
2025-05-07T15:01:22.834Z,840756,enaut.martinezdebirgara@bc3research.org,153486828,included,-1
2025-05-07T15:01:22.849Z,840756,enaut.martinezdebirgara@bc3research.org,153486828,"""__EXR__Not about factors that influence evidence use""",1
2025-05-07T15:01:22.862Z,840756,enaut.martinezdebirgara@bc3research.org,153486828,included,-1
2025-05-07T18:32:15.579Z,840756,enaut.martinezdebirgara@bc3research.org,153485482,"""__EXR__Not about conservation""",1
2025-05-07T18:32:15.637Z,840756,enaut.martinezdebirgara@bc3research.org,153485482,included,-1
2025-05-07T18:32:15.657Z,840756,enaut.martinezdebirgara@bc3research.org,153485482,"""__EXR__Not about Evidence use""",1
2025-05-07T18:32:15.669Z,840756,enaut.martinezdebirgara@bc3research.org,153485482,included,-1
2025-05-07T18:32:15.684Z,840756,enaut.martinezdebirgara@bc3research.org,153485482,"""__EXR__Not about factors that influence evidence use""",1
2025-05-07T18:32:15.697Z,840756,enaut.martinezdebirgara@bc3research.org,153485482,included,-1
2025-05-07T18:32:34.956Z,840756,enaut.martinezdebirgara@bc3research.org,153485486,"""__EXR__Not about conservation""",1
2025-05-07T18:32:34.981Z,840756,enaut.martinezdebirgara@bc3research.org,153485486,included,-1
2025-05-07T18:33:53.403Z,840756,enaut.martinezdebirgara@bc3research.org,153485513,"""__EXR__Not about Evidence use""",1
2025-05-07T18:33:53.431Z,840756,enaut.martinezdebirgara@bc3research.org,153485513,included,-1
2025-05-07T18:33:53.447Z,840756,enaut.martinezdebirgara@bc3research.org,153485513,"""__EXR__Not about factors that influence evidence use""",1
2025-05-07T18:33:53.459Z,840756,enaut.martinezdebirgara@bc3research.org,153485513,included,-1
2025-05-07T18:33:53.473Z,840756,enaut.martinezdebirgara@bc3research.org,153485513,"""__EXR__Not about conservation""",1
2025-05-07T18:33:53.485Z,840756,enaut.martinezdebirgara@bc3research.org,153485513,included,-1
2025-05-07T18:34:54.837Z,840756,enaut.martinezdebirgara@bc3research.org,153485540,"""__EXR__Not about Evidence use""",1
2025-05-07T18:34:54.859Z,840756,enaut.martinezdebirgara@bc3research.org,153485540,included,-1
2025-05-07T18:34:54.872Z,840756,enaut.martinezdebirgara@bc3research.org,153485540,"""__EXR__Not about factors that influence evidence use""",1
2025-05-07T18:34:54.885Z,840756,enaut.martinezdebirgara@bc3research.org,153485540,included,-1
2025-05-07T18:35:50.613Z,840756,enaut.martinezdebirgara@bc3research.org,153485558,"""__EXR__Not about Evidence use""",1
2025-05-07T18:35:50.644Z,840756,enaut.martinezdebirgara@bc3research.org,153485558,included,-1
2025-05-07T18:35:50.661Z,840756,enaut.martinezdebirgara@bc3research.org,153485558,"""__EXR__Not about factors that influence evidence use""",1
2025-05-07T18:35:50.673Z,840756,enaut.martinezdebirgara@bc3research.org,153485558,included,-1
2025-05-07T18:35:50.691Z,840756,enaut.martinezdebirgara@bc3research.org,153485558,"""__EXR__Not about policy or practice""",1
2025-05-07T18:35:50.717Z,840756,enaut.martinezdebirgara@bc3research.org,153485558,included,-1
2025-05-07T18:37:29.804Z,840756,enaut.martinezdebirgara@bc3research.org,153485561,"""__EXR__Not about Evidence use""",1
2025-05-07T18:37:29.823Z,840756,enaut.martinezdebirgara@bc3research.org,153485561,included,-1
2025-05-07T18:37:29.837Z,840756,enaut.martinezdebirgara@bc3research.org,153485561,"""__EXR__Not about factors that influence evidence use""",1
2025-05-07T18:37:29.849Z,840756,enaut.martinezdebirgara@bc3research.org,153485561,included,-1
2025-05-07T18:39:30.083Z,840756,enaut.martinezdebirgara@bc3research.org,153485592,"""__EXR__Not about Evidence use""",1
2025-05-07T18:39:30.354Z,840756,enaut.martinezdebirgara@bc3research.org,153485592,included,-1
2025-05-07T18:39:30.369Z,840756,enaut.martinezdebirgara@bc3research.org,153485592,"""__EXR__Not about factors that influence evidence use""",1
2025-05-07T18:39:30.383Z,840756,enaut.martinezdebirgara@bc3research.org,153485592,included,-1
2025-05-07T18:46:31.663Z,840756,enaut.martinezdebirgara@bc3research.org,153485604,"""__EXR__Not about Evidence use""",1
2025-05-07T18:46:31.681Z,840756,enaut.martinezdebirgara@bc3research.org,153485604,included,-1
2025-05-07T18:46:31.694Z,840756,enaut.martinezdebirgara@bc3research.org,153485604,"""__EXR__Not about factors that influence evidence use""",1
2025-05-07T18:46:31.709Z,840756,enaut.martinezdebirgara@bc3research.org,153485604,included,-1
2025-05-07T18:46:52.882Z,840756,enaut.martinezdebirgara@bc3research.org,153485609,"""__EXR__Not about conservation""",1
2025-05-07T18:46:52.902Z,840756,enaut.martinezdebirgara@bc3research.org,153485609,included,-1
2025-05-07T18:47:07.029Z,840756,enaut.martinezdebirgara@bc3research.org,153485616,"""__EXR__Not about conservation""",1
2025-05-07T18:47:07.047Z,840756,enaut.martinezdebirgara@bc3research.org,153485616,included,-1
2025-05-07T18:48:21.730Z,840756,enaut.martinezdebirgara@bc3research.org,153485620,"""__EXR__Not about Evidence use""",1
2025-05-07T18:48:21.752Z,840756,enaut.martinezdebirgara@bc3research.org,153485620,included,-1
2025-05-07T18:48:21.769Z,840756,enaut.martinezdebirgara@bc3research.org,153485620,"""__EXR__Not about factors that influence evidence use""",1
2025-05-07T18:48:21.779Z,840756,enaut.martinezdebirgara@bc3research.org,153485620,included,-1
2025-05-07T18:48:21.793Z,840756,enaut.martinezdebirgara@bc3research.org,153485620,"""__EXR__Not about policy or practice""",1
2025-05-07T18:48:21.805Z,840756,enaut.martinezdebirgara@bc3research.org,153485620,included,-1
2025-05-07T18:51:35.155Z,840756,enaut.martinezdebirgara@bc3research.org,153485637,"""__EXR__Not about Evidence use""",1
2025-05-07T18:51:35.172Z,840756,enaut.martinezdebirgara@bc3research.org,153485637,included,-1
2025-05-07T18:51:35.186Z,840756,enaut.martinezdebirgara@bc3research.org,153485637,"""__EXR__Not about factors that influence evidence use""",1
2025-05-07T18:51:35.197Z,840756,enaut.martinezdebirgara@bc3research.org,153485637,included,-1
2025-05-07T18:53:12.509Z,840756,enaut.martinezdebirgara@bc3research.org,153485641,"""__EXR__Not about Evidence use""",1
2025-05-07T18:53:12.527Z,840756,enaut.martinezdebirgara@bc3research.org,153485641,included,-1
2025-05-07T18:53:12.545Z,840756,enaut.martinezdebirgara@bc3research.org,153485641,"""__EXR__Not about factors that influence evidence use""",1
2025-05-07T18:53:12.557Z,840756,enaut.martinezdebirgara@bc3research.org,153485641,included,-1
2025-05-07T18:53:12.572Z,840756,enaut.martinezdebirgara@bc3research.org,153485641,"""__EXR__Not about policy or practice""",1
2025-05-07T18:53:12.584Z,840756,enaut.martinezdebirgara@bc3research.org,153485641,included,-1
2025-05-07T18:55:19.590Z,840756,enaut.martinezdebirgara@bc3research.org,153485667,"""__EXR__Not about Evidence use""",1
2025-05-07T18:55:19.621Z,840756,enaut.martinezdebirgara@bc3research.org,153485667,included,-1
2025-05-07T18:55:19.646Z,840756,enaut.martinezdebirgara@bc3research.org,153485667,"""__EXR__Not about factors that influence evidence use""",1
2025-05-07T18:55:19.658Z,840756,enaut.martinezdebirgara@bc3research.org,153485667,included,-1
2025-05-07T18:55:50.237Z,840756,enaut.martinezdebirgara@bc3research.org,153485669,"""__EXR__Not about conservation""",1
2025-05-07T18:55:50.256Z,840756,enaut.martinezdebirgara@bc3research.org,153485669,included,-1
2025-05-07T18:56:45.552Z,840756,enaut.martinezdebirgara@bc3research.org,153485691,"""__EXR__Not about conservation""",1
2025-05-07T18:56:45.571Z,840756,enaut.martinezdebirgara@bc3research.org,153485691,included,-1
2025-05-07T18:59:19.775Z,840756,enaut.martinezdebirgara@bc3research.org,153486273,"""__EXR__Not about Evidence use""",1
2025-05-07T18:59:19.792Z,840756,enaut.martinezdebirgara@bc3research.org,153486273,included,-1
2025-05-07T18:59:19.808Z,840756,enaut.martinezdebirgara@bc3research.org,153486273,"""__EXR__Not about factors that influence evidence use""",1
2025-05-07T18:59:19.819Z,840756,enaut.martinezdebirgara@bc3research.org,153486273,included,-1
2025-05-07T19:02:47.433Z,840756,enaut.martinezdebirgara@bc3research.org,153486285,"""__EXR__Not about Evidence use""",1
2025-05-07T19:02:47.457Z,840756,enaut.martinezdebirgara@bc3research.org,153486285,included,-1
2025-05-07T19:02:47.477Z,840756,enaut.martinezdebirgara@bc3research.org,153486285,"""__EXR__Not about factors that influence evidence use""",1
2025-05-07T19:02:47.494Z,840756,enaut.martinezdebirgara@bc3research.org,153486285,included,-1
2025-05-07T19:04:29.677Z,840756,enaut.martinezdebirgara@bc3research.org,153486310,"""__EXR__Not about Evidence use""",1
2025-05-07T19:04:29.708Z,840756,enaut.martinezdebirgara@bc3research.org,153486310,included,-1
2025-05-07T19:04:29.724Z,840756,enaut.martinezdebirgara@bc3research.org,153486310,"""__EXR__Not about factors that influence evidence use""",1
2025-05-07T19:04:29.736Z,840756,enaut.martinezdebirgara@bc3research.org,153486310,included,-1
2025-05-07T19:06:55.888Z,840756,enaut.martinezdebirgara@bc3research.org,153486319,"""__EXR__Not about Evidence use""",1
2025-05-07T19:06:55.908Z,840756,enaut.martinezdebirgara@bc3research.org,153486319,included,-1
2025-05-07T19:06:55.920Z,840756,enaut.martinezdebirgara@bc3research.org,153486319,"""__EXR__Not about factors that influence evidence use""",1
2025-05-07T19:06:55.930Z,840756,enaut.martinezdebirgara@bc3research.org,153486319,included,-1
2025-05-07T19:07:35.683Z,840756,enaut.martinezdebirgara@bc3research.org,153486873,"""__EXR__Not about Evidence use""",1
2025-05-07T19:07:35.702Z,840756,enaut.martinezdebirgara@bc3research.org,153486873,included,-1
2025-05-07T19:07:35.717Z,840756,enaut.martinezdebirgara@bc3research.org,153486873,"""__EXR__Not about factors that influence evidence use""",1
2025-05-07T19:07:35.727Z,840756,enaut.martinezdebirgara@bc3research.org,153486873,included,-1
2025-05-07T19:14:55.484Z,840756,enaut.martinezdebirgara@bc3research.org,153486884,"""__EXR__Not about Evidence use""",1
2025-05-07T19:14:55.501Z,840756,enaut.martinezdebirgara@bc3research.org,153486884,included,-1
2025-05-07T19:14:55.515Z,840756,enaut.martinezdebirgara@bc3research.org,153486884,"""__EXR__Not about factors that influence evidence use""",1
2025-05-07T19:14:55.526Z,840756,enaut.martinezdebirgara@bc3research.org,153486884,included,-1
2025-05-07T19:14:55.538Z,840756,enaut.martinezdebirgara@bc3research.org,153486884,"""__EXR__Not about conservation""",deleted
2025-05-07T19:16:12.430Z,840756,enaut.martinezdebirgara@bc3research.org,153486931,included,1
2025-05-07T19:17:37.766Z,840756,enaut.martinezdebirgara@bc3research.org,153486931,note-12558293,1
2025-05-07T19:20:09.999Z,840756,enaut.martinezdebirgara@bc3research.org,153486884,note-12558341,1
2025-05-07T19:21:20.495Z,840756,enaut.martinezdebirgara@bc3research.org,153486937,"""__EXR__Not about conservation""",1
2025-05-07T19:21:20.511Z,840756,enaut.martinezdebirgara@bc3research.org,153486937,included,-1
2025-05-07T19:21:50.883Z,840756,enaut.martinezdebirgara@bc3research.org,153486955,"""__EXR__Not about conservation""",1
2025-05-07T19:21:50.900Z,840756,enaut.martinezdebirgara@bc3research.org,153486955,included,-1
2025-05-07T19:25:13.553Z,840756,enaut.martinezdebirgara@bc3research.org,153486989,"""__EXR__Not about Evidence use""",1
2025-05-07T19:25:13.573Z,840756,enaut.martinezdebirgara@bc3research.org,153486989,included,-1
2025-05-07T19:25:13.589Z,840756,enaut.martinezdebirgara@bc3research.org,153486989,"""__EXR__Not about factors that influence evidence use""",1
2025-05-07T19:25:13.600Z,840756,enaut.martinezdebirgara@bc3research.org,153486989,included,-1
2025-05-07T19:25:13.614Z,840756,enaut.martinezdebirgara@bc3research.org,153486989,"""__EXR__Not about policy or practice""",1
2025-05-07T19:25:13.625Z,840756,enaut.martinezdebirgara@bc3research.org,153486989,included,-1
2025-05-07T19:25:36.408Z,840756,enaut.martinezdebirgara@bc3research.org,153486999,"""__EXR__Not about Evidence use""",1
2025-05-07T19:25:36.420Z,840756,enaut.martinezdebirgara@bc3research.org,153486999,included,-1
2025-05-07T19:25:36.434Z,840756,enaut.martinezdebirgara@bc3research.org,153486999,"""__EXR__Not about factors that influence evidence use""",1
2025-05-07T19:25:36.447Z,840756,enaut.martinezdebirgara@bc3research.org,153486999,included,-1
2025-05-07T19:25:36.463Z,840756,enaut.martinezdebirgara@bc3research.org,153486999,"""__EXR__Not about policy or practice""",1
2025-05-07T19:25:36.472Z,840756,enaut.martinezdebirgara@bc3research.org,153486999,included,-1
2025-05-07T19:27:26.183Z,840756,enaut.martinezdebirgara@bc3research.org,153487035,"""__EXR__Not about Evidence use""",1
2025-05-07T19:27:26.199Z,840756,enaut.martinezdebirgara@bc3research.org,153487035,included,-1
2025-05-07T19:27:26.215Z,840756,enaut.martinezdebirgara@bc3research.org,153487035,"""__EXR__Not about factors that influence evidence use""",1
2025-05-07T19:27:26.227Z,840756,enaut.martinezdebirgara@bc3research.org,153487035,included,-1
2025-05-08T07:11:48.557Z,448594,phil.martin.research@gmail.com,153485385,"""Alvaro - to check""",1
2025-05-08T07:11:48.557Z,448594,phil.martin.research@gmail.com,153486057,"""Alvaro - to check""",1
2025-05-08T07:12:04.579Z,448594,phil.martin.research@gmail.com,153485637,"""Alvaro - to check""",1
2025-05-08T07:12:22.750Z,448594,phil.martin.research@gmail.com,83177682,"""Alvaro - to check""",1
2025-05-08T07:12:22.750Z,448594,phil.martin.research@gmail.com,153485738,"""Alvaro - to check""",1
2025-05-08T07:12:22.750Z,448594,phil.martin.research@gmail.com,153486581,"""Alvaro - to check""",1
2025-05-08T07:13:17.026Z,448594,phil.martin.research@gmail.com,83177586,"""Enaut - to check""",1
2025-05-08T07:13:17.026Z,448594,phil.martin.research@gmail.com,83177649,"""Enaut - to check""",1
2025-05-08T07:13:17.026Z,448594,phil.martin.research@gmail.com,83177688,"""Enaut - to check""",1
2025-05-08T07:13:17.026Z,448594,phil.martin.research@gmail.com,83177859,"""Enaut - to check""",1
2025-05-08T07:13:17.026Z,448594,phil.martin.research@gmail.com,83177868,"""Enaut - to check""",1
2025-05-08T07:13:17.026Z,448594,phil.martin.research@gmail.com,153485444,"""Enaut - to check""",1
2025-05-08T07:13:17.026Z,448594,phil.martin.research@gmail.com,153485775,"""Enaut - to check""",1
2025-05-08T07:13:17.026Z,448594,phil.martin.research@gmail.com,153486669,"""Enaut - to check""",1
2025-05-08T07:13:17.026Z,448594,phil.martin.research@gmail.com,153486695,"""Enaut - to check""",1
2025-05-08T07:13:17.026Z,448594,phil.martin.research@gmail.com,153486818,"""Enaut - to check""",1
2025-05-08T07:13:17.026Z,448594,phil.martin.research@gmail.com,153486931,"""Enaut - to check""",1
2025-05-08T07:13:37.131Z,448594,phil.martin.research@gmail.com,83177598,"""Enaut - to check""",1
2025-05-08T07:13:37.131Z,448594,phil.martin.research@gmail.com,83177857,"""Enaut - to check""",1
2025-05-08T07:13:37.131Z,448594,phil.martin.research@gmail.com,153485141,"""Enaut - to check""",1
2025-05-08T07:13:37.131Z,448594,phil.martin.research@gmail.com,153486809,"""Enaut - to check""",1
2025-05-08T07:13:57.416Z,448594,phil.martin.research@gmail.com,83177502,"""Enaut - to check""",1
2025-05-08T07:13:57.416Z,448594,phil.martin.research@gmail.com,83177584,"""Enaut - to check""",1
2025-05-08T07:13:57.416Z,448594,phil.martin.research@gmail.com,83177612,"""Enaut - to check""",1
2025-05-08T07:13:57.416Z,448594,phil.martin.research@gmail.com,83177614,"""Enaut - to check""",1
2025-05-08T07:13:57.416Z,448594,phil.martin.research@gmail.com,83177653,"""Enaut - to check""",1
2025-05-08T07:13:57.416Z,448594,phil.martin.research@gmail.com,83177682,"""Enaut - to check""",1
2025-05-08T07:13:57.416Z,448594,phil.martin.research@gmail.com,83177790,"""Enaut - to check""",1
2025-05-08T07:13:57.416Z,448594,phil.martin.research@gmail.com,83177832,"""Enaut - to check""",1
2025-05-08T07:13:57.416Z,448594,phil.martin.research@gmail.com,83177892,"""Enaut - to check""",1
2025-05-08T07:13:57.416Z,448594,phil.martin.research@gmail.com,83177893,"""Enaut - to check""",1
2025-05-08T07:13:57.416Z,448594,phil.martin.research@gmail.com,83177897,"""Enaut - to check""",1
2025-05-08T07:13:57.416Z,448594,phil.martin.research@gmail.com,83177899,"""Enaut - to check""",1
2025-05-08T07:13:57.416Z,448594,phil.martin.research@gmail.com,83177906,"""Enaut - to check""",1
2025-05-08T07:13:57.416Z,448594,phil.martin.research@gmail.com,83177934,"""Enaut - to check""",1
2025-05-08T07:13:57.416Z,448594,phil.martin.research@gmail.com,83178004,"""Enaut - to check""",1
2025-05-08T07:13:57.416Z,448594,phil.martin.research@gmail.com,83178008,"""Enaut - to check""",1
2025-05-08T07:13:57.416Z,448594,phil.martin.research@gmail.com,153485148,"""Enaut - to check""",1
2025-05-08T07:13:57.416Z,448594,phil.martin.research@gmail.com,153485201,"""Enaut - to check""",1
2025-05-08T07:13:57.416Z,448594,phil.martin.research@gmail.com,153485252,"""Enaut - to check""",1
2025-05-08T07:13:57.416Z,448594,phil.martin.research@gmail.com,153485308,"""Enaut - to check""",1
2025-05-08T07:13:57.416Z,448594,phil.martin.research@gmail.com,153485311,"""Enaut - to check""",1
2025-05-08T07:13:57.416Z,448594,phil.martin.research@gmail.com,153485364,"""Enaut - to check""",1
2025-05-08T07:13:57.416Z,448594,phil.martin.research@gmail.com,153485372,"""Enaut - to check""",1
2025-05-08T07:13:57.416Z,448594,phil.martin.research@gmail.com,153485385,"""Enaut - to check""",1
2025-05-08T07:13:57.416Z,448594,phil.martin.research@gmail.com,153485405,"""Enaut - to check""",1
2025-05-08T07:13:57.416Z,448594,phil.martin.research@gmail.com,153485425,"""Enaut - to check""",1
2025-05-08T07:13:57.416Z,448594,phil.martin.research@gmail.com,153485482,"""Enaut - to check""",1
2025-05-08T07:13:57.416Z,448594,phil.martin.research@gmail.com,153485486,"""Enaut - to check""",1
2025-05-08T07:13:57.416Z,448594,phil.martin.research@gmail.com,153485513,"""Enaut - to check""",1
2025-05-08T07:13:57.416Z,448594,phil.martin.research@gmail.com,153485540,"""Enaut - to check""",1
2025-05-08T07:13:57.416Z,448594,phil.martin.research@gmail.com,153485558,"""Enaut - to check""",1
2025-05-08T07:13:57.416Z,448594,phil.martin.research@gmail.com,153485561,"""Enaut - to check""",1
2025-05-08T07:13:57.416Z,448594,phil.martin.research@gmail.com,153485592,"""Enaut - to check""",1
2025-05-08T07:13:57.416Z,448594,phil.martin.research@gmail.com,153485604,"""Enaut - to check""",1
2025-05-08T07:13:57.416Z,448594,phil.martin.research@gmail.com,153485609,"""Enaut - to check""",1
2025-05-08T07:13:57.416Z,448594,phil.martin.research@gmail.com,153485616,"""Enaut - to check""",1
2025-05-08T07:13:57.416Z,448594,phil.martin.research@gmail.com,153485620,"""Enaut - to check""",1
2025-05-08T07:13:57.416Z,448594,phil.martin.research@gmail.com,153485637,"""Enaut - to check""",1
2025-05-08T07:13:57.416Z,448594,phil.martin.research@gmail.com,153485641,"""Enaut - to check""",1
2025-05-08T07:13:57.416Z,448594,phil.martin.research@gmail.com,153485667,"""Enaut - to check""",1
2025-05-08T07:13:57.416Z,448594,phil.martin.research@gmail.com,153485669,"""Enaut - to check""",1
2025-05-08T07:13:57.416Z,448594,phil.martin.research@gmail.com,153485691,"""Enaut - to check""",1
2025-05-08T07:13:57.416Z,448594,phil.martin.research@gmail.com,153485710,"""Enaut - to check""",1
2025-05-08T07:13:57.416Z,448594,phil.martin.research@gmail.com,153485717,"""Enaut - to check""",1
2025-05-08T07:13:57.416Z,448594,phil.martin.research@gmail.com,153485738,"""Enaut - to check""",1
2025-05-08T07:13:57.416Z,448594,phil.martin.research@gmail.com,153485766,"""Enaut - to check""",1
2025-05-08T07:13:57.416Z,448594,phil.martin.research@gmail.com,153485784,"""Enaut - to check""",1
2025-05-08T07:13:57.416Z,448594,phil.martin.research@gmail.com,153485800,"""Enaut - to check""",1
2025-05-08T07:13:57.416Z,448594,phil.martin.research@gmail.com,153485820,"""Enaut - to check""",1
2025-05-08T07:13:57.416Z,448594,phil.martin.research@gmail.com,153485892,"""Enaut - to check""",1
2025-05-08T07:13:57.598Z,448594,phil.martin.research@gmail.com,153485935,"""Enaut - to check""",1
2025-05-08T07:13:57.598Z,448594,phil.martin.research@gmail.com,153485964,"""Enaut - to check""",1
2025-05-08T07:13:57.598Z,448594,phil.martin.research@gmail.com,153486057,"""Enaut - to check""",1
2025-05-08T07:13:57.598Z,448594,phil.martin.research@gmail.com,153486102,"""Enaut - to check""",1
2025-05-08T07:13:57.598Z,448594,phil.martin.research@gmail.com,153486111,"""Enaut - to check""",1
2025-05-08T07:13:57.598Z,448594,phil.martin.research@gmail.com,153486115,"""Enaut - to check""",1
2025-05-08T07:13:57.598Z,448594,phil.martin.research@gmail.com,153486145,"""Enaut - to check""",1
2025-05-08T07:13:57.598Z,448594,phil.martin.research@gmail.com,153486147,"""Enaut - to check""",1
2025-05-08T07:13:57.598Z,448594,phil.martin.research@gmail.com,153486156,"""Enaut - to check""",1
2025-05-08T07:13:57.598Z,448594,phil.martin.research@gmail.com,153486164,"""Enaut - to check""",1
2025-05-08T07:13:57.598Z,448594,phil.martin.research@gmail.com,153486179,"""Enaut - to check""",1
2025-05-08T07:13:57.598Z,448594,phil.martin.research@gmail.com,153486273,"""Enaut - to check""",1
2025-05-08T07:13:57.598Z,448594,phil.martin.research@gmail.com,153486285,"""Enaut - to check""",1
2025-05-08T07:13:57.598Z,448594,phil.martin.research@gmail.com,153486310,"""Enaut - to check""",1
2025-05-08T07:13:57.598Z,448594,phil.martin.research@gmail.com,153486319,"""Enaut - to check""",1
2025-05-08T07:13:57.598Z,448594,phil.martin.research@gmail.com,153486581,"""Enaut - to check""",1
2025-05-08T07:13:57.598Z,448594,phil.martin.research@gmail.com,153486603,"""Enaut - to check""",1
2025-05-08T07:13:57.598Z,448594,phil.martin.research@gmail.com,153486609,"""Enaut - to check""",1
2025-05-08T07:13:57.598Z,448594,phil.martin.research@gmail.com,153486634,"""Enaut - to check""",1
2025-05-08T07:13:57.598Z,448594,phil.martin.research@gmail.com,153486641,"""Enaut - to check""",1
2025-05-08T07:13:57.598Z,448594,phil.martin.research@gmail.com,153486646,"""Enaut - to check""",1
2025-05-08T07:13:57.598Z,448594,phil.martin.research@gmail.com,153486709,"""Enaut - to check""",1
2025-05-08T07:13:57.598Z,448594,phil.martin.research@gmail.com,153486714,"""Enaut - to check""",1
2025-05-08T07:13:57.598Z,448594,phil.martin.research@gmail.com,153486740,"""Enaut - to check""",1
2025-05-08T07:13:57.598Z,448594,phil.martin.research@gmail.com,153486778,"""Enaut - to check""",1
2025-05-08T07:13:57.598Z,448594,phil.martin.research@gmail.com,153486784,"""Enaut - to check""",1
2025-05-08T07:13:57.598Z,448594,phil.martin.research@gmail.com,153486787,"""Enaut - to check""",1
2025-05-08T07:13:57.598Z,448594,phil.martin.research@gmail.com,153486828,"""Enaut - to check""",1
2025-05-08T07:13:57.598Z,448594,phil.martin.research@gmail.com,153486873,"""Enaut - to check""",1
2025-05-08T07:13:57.598Z,448594,phil.martin.research@gmail.com,153486884,"""Enaut - to check""",1
2025-05-08T07:13:57.598Z,448594,phil.martin.research@gmail.com,153486937,"""Enaut - to check""",1
2025-05-08T07:13:57.598Z,448594,phil.martin.research@gmail.com,153486955,"""Enaut - to check""",1
2025-05-08T07:13:57.598Z,448594,phil.martin.research@gmail.com,153486989,"""Enaut - to check""",1
2025-05-08T07:13:57.598Z,448594,phil.martin.research@gmail.com,153486999,"""Enaut - to check""",1
2025-05-08T07:13:57.598Z,448594,phil.martin.research@gmail.com,153487035,"""Enaut - to check""",1
2025-05-08T07:15:50.502Z,448594,phil.martin.research@gmail.com,83177598,"""Isa - to check""",1
2025-05-08T07:15:50.502Z,448594,phil.martin.research@gmail.com,153485604,"""Isa - to check""",1
2025-05-08T07:15:50.502Z,448594,phil.martin.research@gmail.com,153486634,"""Isa - to check""",1
2025-05-08T07:15:50.502Z,448594,phil.martin.research@gmail.com,153486695,"""Isa - to check""",1
2025-05-08T07:18:24.181Z,448594,phil.martin.research@gmail.com,83177598,included,0
2025-05-08T07:37:16.923Z,448594,phil.martin.research@gmail.com,153485604,included,1
2025-05-08T07:38:15.693Z,448594,phil.martin.research@gmail.com,153486634,"""__EXR__Not about evidence use""",1
2025-05-08T07:38:15.706Z,448594,phil.martin.research@gmail.com,153486634,included,-1
2025-05-08T07:45:54.178Z,448594,phil.martin.research@gmail.com,153486695,included,1
2025-05-08T08:07:36.974Z,840756,enaut.martinezdebirgara@bc3research.org,83177598,note-12567579,1
2025-05-08T08:08:50.017Z,840756,enaut.martinezdebirgara@bc3research.org,83177857,note-12518098,edited
2025-05-08T11:57:56.005Z,448594,phil.martin.research@gmail.com,83177682,"""__EXR__Not about conservation""",1
2025-05-08T11:57:56.030Z,448594,phil.martin.research@gmail.com,83177682,included,-1
2025-05-08T12:13:40.990Z,448594,phil.martin.research@gmail.com,153485637,"""__EXR__Not about evidence use""",1
2025-05-08T12:13:41.014Z,448594,phil.martin.research@gmail.com,153485637,included,-1
2025-05-08T12:26:01.280Z,448594,phil.martin.research@gmail.com,153486581,"""__EXR__Not about factors that influence evidence use""",1
2025-05-08T12:26:01.297Z,448594,phil.martin.research@gmail.com,153486581,included,-1
2025-05-08T12:29:53.163Z,448594,phil.martin.research@gmail.com,153485738,"""__EXR__Not about factors that influence evidence use""",1
2025-05-08T12:29:53.198Z,448594,phil.martin.research@gmail.com,153485738,included,-1
2025-05-08T12:34:26.044Z,448594,phil.martin.research@gmail.com,153486057,"""__EXR__Not about conservation""",1
2025-05-08T12:34:26.061Z,448594,phil.martin.research@gmail.com,153486057,included,-1
2025-05-08T12:36:43.325Z,448594,phil.martin.research@gmail.com,153485385,"""__EXR__Not about evidence use""",1
2025-05-08T12:36:43.339Z,448594,phil.martin.research@gmail.com,153485385,included,-1
2025-05-08T12:38:18.097Z,448594,phil.martin.research@gmail.com,153485775,included,1
2025-05-08T12:38:36.434Z,448594,phil.martin.research@gmail.com,83177897,"""__EXR__Not about conservation""",1
2025-05-08T12:38:36.457Z,448594,phil.martin.research@gmail.com,83177897,included,-1
2025-05-08T12:39:09.913Z,448594,phil.martin.research@gmail.com,83177934,"""__EXR__Not about conservation""",1
2025-05-08T12:39:09.927Z,448594,phil.martin.research@gmail.com,83177934,included,-1
2025-05-08T12:40:18.019Z,448594,phil.martin.research@gmail.com,83177857,included,0
2025-05-08T12:41:06.598Z,448594,phil.martin.research@gmail.com,83177502,"""__EXR__Not about conservation""",1
2025-05-08T12:41:06.612Z,448594,phil.martin.research@gmail.com,83177502,included,-1
2025-05-08T12:41:52.389Z,448594,phil.martin.research@gmail.com,83177892,included,1
2025-05-08T12:43:15.504Z,448594,phil.martin.research@gmail.com,83177612,"""__EXR__Not about conservation""",1
2025-05-08T12:43:15.521Z,448594,phil.martin.research@gmail.com,83177612,included,-1
2025-05-08T12:44:37.377Z,448594,phil.martin.research@gmail.com,83177688,included,1
2025-05-08T12:44:54.514Z,448594,phil.martin.research@gmail.com,83177859,included,1
2025-05-08T12:45:09.824Z,448594,phil.martin.research@gmail.com,153486818,included,1
2025-05-08T12:45:59.919Z,448594,phil.martin.research@gmail.com,153485444,included,1
2025-05-08T12:56:32.061Z,448594,phil.martin.research@gmail.com,153485935,included,0
2025-05-08T12:57:35.470Z,448594,phil.martin.research@gmail.com,153485561,"""__EXR__Not about evidence use""",1
2025-05-08T12:57:35.489Z,448594,phil.martin.research@gmail.com,153485561,included,-1
2025-05-08T12:58:59.774Z,448594,phil.martin.research@gmail.com,153486115,included,0
2025-05-08T12:59:29.599Z,448594,phil.martin.research@gmail.com,153486778,"""__EXR__Not about conservation""",1
2025-05-08T12:59:29.615Z,448594,phil.martin.research@gmail.com,153486778,included,-1
2025-05-08T12:59:53.233Z,448594,phil.martin.research@gmail.com,83177790,"""__EXR__Not about conservation""",1
2025-05-08T12:59:53.251Z,448594,phil.martin.research@gmail.com,83177790,included,-1
2025-05-08T13:01:44.768Z,448594,phil.martin.research@gmail.com,153487035,included,0
2025-05-08T13:01:52.684Z,448594,phil.martin.research@gmail.com,153486989,"""__EXR__Not about evidence use""",1
2025-05-08T13:01:52.732Z,448594,phil.martin.research@gmail.com,153486989,included,-1
2025-05-08T13:02:49.880Z,448594,phil.martin.research@gmail.com,83177832,"""__EXR__Not about conservation""",1
2025-05-08T13:02:49.896Z,448594,phil.martin.research@gmail.com,83177832,included,-1
2025-05-08T13:03:24.215Z,448594,phil.martin.research@gmail.com,83178008,"""__EXR__Not about conservation""",1
2025-05-08T13:03:24.232Z,448594,phil.martin.research@gmail.com,83178008,included,-1
2025-05-08T13:03:51.548Z,448594,phil.martin.research@gmail.com,153485148,"""__EXR__Not about evidence use""",1
2025-05-08T13:03:51.565Z,448594,phil.martin.research@gmail.com,153485148,included,-1
2025-05-08T13:04:10.477Z,448594,phil.martin.research@gmail.com,153485669,"""__EXR__Not about conservation""",1
2025-05-08T13:04:10.493Z,448594,phil.martin.research@gmail.com,153485669,included,-1
2025-05-08T13:04:15.234Z,448594,phil.martin.research@gmail.com,153486999,"""__EXR__Not about evidence use""",1
2025-05-08T13:04:15.246Z,448594,phil.martin.research@gmail.com,153486999,included,-1
2025-05-08T13:04:18.962Z,448594,phil.martin.research@gmail.com,153485892,"""__EXR__Not about conservation""",1
2025-05-08T13:04:19.057Z,448594,phil.martin.research@gmail.com,153485892,included,-1
2025-05-08T13:04:25.313Z,448594,phil.martin.research@gmail.com,153485252,"""__EXR__Not about conservation""",1
2025-05-08T13:04:25.328Z,448594,phil.martin.research@gmail.com,153485252,included,-1
2025-05-08T13:05:40.569Z,448594,phil.martin.research@gmail.com,83177586,"""__EXR__Not about conservation""",1
2025-05-08T13:05:40.584Z,448594,phil.martin.research@gmail.com,83177586,included,-1
2025-05-08T13:06:03.306Z,448594,phil.martin.research@gmail.com,153485141,"""__EXR__Not about evidence use""",1
2025-05-08T13:06:03.328Z,448594,phil.martin.research@gmail.com,153485141,included,-1
2025-05-08T13:06:22.196Z,448594,phil.martin.research@gmail.com,153485609,"""__EXR__Not about conservation""",1
2025-05-08T13:06:22.214Z,448594,phil.martin.research@gmail.com,153485609,included,-1
2025-05-08T13:06:47.704Z,448594,phil.martin.research@gmail.com,153485641,"""__EXR__Not about evidence use""",1
2025-05-08T13:06:47.729Z,448594,phil.martin.research@gmail.com,153485641,included,-1
2025-05-08T13:06:56.834Z,448594,phil.martin.research@gmail.com,153486164,"""__EXR__Not about conservation""",1
2025-05-08T13:06:56.849Z,448594,phil.martin.research@gmail.com,153486164,included,-1
2025-05-08T13:07:24.901Z,448594,phil.martin.research@gmail.com,153486285,"""__EXR__Not about conservation""",1
2025-05-08T13:07:24.918Z,448594,phil.martin.research@gmail.com,153486285,included,-1
2025-05-08T13:07:42.060Z,448594,phil.martin.research@gmail.com,153486873,"""__EXR__Not about conservation""",1
2025-05-08T13:07:42.083Z,448594,phil.martin.research@gmail.com,153486873,included,-1
2025-05-08T13:07:53.499Z,448594,phil.martin.research@gmail.com,153486609,"""__EXR__Not about evidence use""",1
2025-05-08T13:07:53.517Z,448594,phil.martin.research@gmail.com,153486609,included,-1
2025-05-08T13:08:03.621Z,448594,phil.martin.research@gmail.com,153485800,"""__EXR__Not about conservation""",1
2025-05-08T13:08:03.636Z,448594,phil.martin.research@gmail.com,153485800,included,-1
2025-05-08T13:08:13.819Z,448594,phil.martin.research@gmail.com,153485513,"""__EXR__Not about evidence use""",1
2025-05-08T13:08:13.835Z,448594,phil.martin.research@gmail.com,153485513,included,-1
2025-05-08T13:10:09.259Z,448594,phil.martin.research@gmail.com,153485364,"""__EXR__Not about conservation""",1
2025-05-08T13:10:09.276Z,448594,phil.martin.research@gmail.com,153485364,included,-1
2025-05-08T13:10:19.488Z,448594,phil.martin.research@gmail.com,153486740,"""__EXR__Not about conservation""",1
2025-05-08T13:10:19.505Z,448594,phil.martin.research@gmail.com,153486740,included,-1
2025-05-08T13:10:23.021Z,448594,phil.martin.research@gmail.com,153486145,"""__EXR__Not about conservation""",1
2025-05-08T13:10:23.037Z,448594,phil.martin.research@gmail.com,153486145,included,-1
2025-05-08T13:11:17.656Z,448594,phil.martin.research@gmail.com,83177649,"""__EXR__Not about evidence use""",1
2025-05-08T13:11:17.673Z,448594,phil.martin.research@gmail.com,83177649,included,-1
2025-05-08T13:12:05.892Z,448594,phil.martin.research@gmail.com,153485311,"""__EXR__Not about conservation""",1
2025-05-08T13:12:05.906Z,448594,phil.martin.research@gmail.com,153485311,included,-1
2025-05-08T13:12:10.947Z,448594,phil.martin.research@gmail.com,153485620,"""__EXR__Not about evidence use""",1
2025-05-08T13:12:10.961Z,448594,phil.martin.research@gmail.com,153485620,included,-1
2025-05-08T13:12:19.259Z,448594,phil.martin.research@gmail.com,153485201,"""__EXR__Not about evidence use""",1
2025-05-08T13:12:19.272Z,448594,phil.martin.research@gmail.com,153485201,included,-1
2025-05-08T13:12:30.728Z,448594,phil.martin.research@gmail.com,83177584,"""__EXR__Not about conservation""",1
2025-05-08T13:12:30.744Z,448594,phil.martin.research@gmail.com,83177584,included,-1
2025-05-08T13:13:27.367Z,448594,phil.martin.research@gmail.com,153485405,"""__EXR__Not about evidence use""",1
2025-05-08T13:13:27.383Z,448594,phil.martin.research@gmail.com,153485405,included,-1
2025-05-08T13:15:02.150Z,448594,phil.martin.research@gmail.com,83177868,"""__EXR__Not about conservation""",1
2025-05-08T13:15:02.178Z,448594,phil.martin.research@gmail.com,83177868,included,-1
2025-05-08T13:15:32.041Z,448594,phil.martin.research@gmail.com,153486669,included,1
2025-05-08T13:16:07.873Z,448594,phil.martin.research@gmail.com,153486931,included,1
2025-05-08T13:17:21.999Z,448594,phil.martin.research@gmail.com,153485717,"""__EXR__Not about conservation""",1
2025-05-08T13:17:22.014Z,448594,phil.martin.research@gmail.com,153485717,included,-1
2025-05-08T13:17:32.815Z,448594,phil.martin.research@gmail.com,153486102,"""__EXR__Not about evidence use""",1
2025-05-08T13:17:32.832Z,448594,phil.martin.research@gmail.com,153486102,included,-1
2025-05-08T13:17:49.028Z,448594,phil.martin.research@gmail.com,153485820,"""__EXR__Not about conservation""",1
2025-05-08T13:17:49.041Z,448594,phil.martin.research@gmail.com,153485820,included,-1
2025-05-08T13:17:57.613Z,448594,phil.martin.research@gmail.com,153485540,"""__EXR__Not about evidence use""",1
2025-05-08T13:17:57.631Z,448594,phil.martin.research@gmail.com,153485540,included,-1
2025-05-08T13:18:02.294Z,448594,phil.martin.research@gmail.com,153486709,"""__EXR__Not about evidence use""",1
2025-05-08T13:18:02.326Z,448594,phil.martin.research@gmail.com,153486709,included,-1
2025-05-08T13:18:18.100Z,448594,phil.martin.research@gmail.com,153485558,"""__EXR__Not about evidence use""",1
2025-05-08T13:18:18.116Z,448594,phil.martin.research@gmail.com,153485558,included,-1
2025-05-08T13:18:40.373Z,448594,phil.martin.research@gmail.com,153486714,"""__EXR__Not about evidence use""",1
2025-05-08T13:18:40.400Z,448594,phil.martin.research@gmail.com,153486714,included,-1
2025-05-08T13:19:13.721Z,448594,phil.martin.research@gmail.com,153485784,"""__EXR__Not about conservation""",1
2025-05-08T13:19:13.738Z,448594,phil.martin.research@gmail.com,153485784,included,-1
2025-05-08T13:19:59.195Z,448594,phil.martin.research@gmail.com,153486179,"""__EXR__Not about evidence use""",1
2025-05-08T13:19:59.208Z,448594,phil.martin.research@gmail.com,153486179,included,-1
2025-05-08T13:20:03.164Z,448594,phil.martin.research@gmail.com,153485372,"""__EXR__Not about conservation""",1
2025-05-08T13:20:03.204Z,448594,phil.martin.research@gmail.com,153485372,included,-1
2025-05-08T13:20:06.684Z,448594,phil.martin.research@gmail.com,153486955,"""__EXR__Not about conservation""",1
2025-05-08T13:20:06.698Z,448594,phil.martin.research@gmail.com,153486955,included,-1
2025-05-08T13:20:21.655Z,448594,phil.martin.research@gmail.com,153485616,"""__EXR__Not about conservation""",1
2025-05-08T13:20:21.672Z,448594,phil.martin.research@gmail.com,153485616,included,-1
2025-05-08T13:20:34.337Z,448594,phil.martin.research@gmail.com,83177899,"""__EXR__Not about conservation""",1
2025-05-08T13:20:34.352Z,448594,phil.martin.research@gmail.com,83177899,included,-1
2025-05-08T13:20:52.857Z,448594,phil.martin.research@gmail.com,83177653,"""__EXR__Not about conservation""",1
2025-05-08T13:20:52.873Z,448594,phil.martin.research@gmail.com,83177653,included,-1
2025-05-08T13:21:57.256Z,448594,phil.martin.research@gmail.com,153486641,included,1
2025-05-08T13:22:08.700Z,448594,phil.martin.research@gmail.com,153486787,"""__EXR__Not about conservation""",1
2025-05-08T13:22:08.715Z,448594,phil.martin.research@gmail.com,153486787,included,-1
2025-05-08T13:22:38.920Z,448594,phil.martin.research@gmail.com,153485766,"""__EXR__Not about conservation""",1
2025-05-08T13:22:38.959Z,448594,phil.martin.research@gmail.com,153485766,included,-1
2025-05-08T13:22:43.477Z,448594,phil.martin.research@gmail.com,153486147,"""__EXR__Not about conservation""",1
2025-05-08T13:22:43.494Z,448594,phil.martin.research@gmail.com,153486147,included,-1
2025-05-08T13:23:06.123Z,448594,phil.martin.research@gmail.com,153486273,"""__EXR__Not about evidence use""",1
2025-05-08T13:23:06.142Z,448594,phil.martin.research@gmail.com,153486273,included,-1
2025-05-08T13:23:31.449Z,448594,phil.martin.research@gmail.com,83177614,"""__EXR__Not about conservation""",1
2025-05-08T13:23:31.464Z,448594,phil.martin.research@gmail.com,83177614,included,-1
2025-05-08T13:23:42.198Z,448594,phil.martin.research@gmail.com,153486828,"""__EXR__Not about evidence use""",1
2025-05-08T13:23:42.211Z,448594,phil.martin.research@gmail.com,153486828,included,-1
2025-05-08T13:24:31.650Z,448594,phil.martin.research@gmail.com,153486809,included,1
2025-05-08T13:25:05.523Z,448594,phil.martin.research@gmail.com,83178004,"""__EXR__Not about conservation""",1
2025-05-08T13:25:05.537Z,448594,phil.martin.research@gmail.com,83178004,included,-1
2025-05-08T13:25:17.389Z,448594,phil.martin.research@gmail.com,153486319,"""__EXR__Not about evidence use""",1
2025-05-08T13:25:17.402Z,448594,phil.martin.research@gmail.com,153486319,included,-1
2025-05-08T13:26:28.127Z,448594,phil.martin.research@gmail.com,153486310,included,0
2025-05-08T13:26:37.790Z,448594,phil.martin.research@gmail.com,153485425,"""__EXR__Not about conservation""",1
2025-05-08T13:26:37.815Z,448594,phil.martin.research@gmail.com,153485425,included,-1
2025-05-08T13:26:47.036Z,448594,phil.martin.research@gmail.com,153486111,"""__EXR__Not about evidence use""",1
2025-05-08T13:26:47.055Z,448594,phil.martin.research@gmail.com,153486111,included,-1
2025-05-08T13:27:20.714Z,448594,phil.martin.research@gmail.com,153485482,"""__EXR__Not about evidence use""",1
2025-05-08T13:27:20.726Z,448594,phil.martin.research@gmail.com,153485482,included,-1
2025-05-08T13:27:40.402Z,448594,phil.martin.research@gmail.com,153486156,"""__EXR__Not about evidence use""",1
2025-05-08T13:27:40.420Z,448594,phil.martin.research@gmail.com,153486156,included,-1
2025-05-08T13:27:56.417Z,448594,phil.martin.research@gmail.com,153485592,"""__EXR__Not about conservation""",1
2025-05-08T13:27:56.430Z,448594,phil.martin.research@gmail.com,153485592,included,-1
2025-05-08T13:28:12.916Z,448594,phil.martin.research@gmail.com,153485964,"""__EXR__Not about evidence use""",1
2025-05-08T13:28:12.929Z,448594,phil.martin.research@gmail.com,153485964,included,-1
2025-05-08T13:29:27.185Z,448594,phil.martin.research@gmail.com,153485710,"""__EXR__Not about conservation""",1
2025-05-08T13:29:27.204Z,448594,phil.martin.research@gmail.com,153485710,included,-1
2025-05-08T13:30:17.684Z,448594,phil.martin.research@gmail.com,153486603,included,0
2025-05-08T13:30:41.819Z,448594,phil.martin.research@gmail.com,153486784,"""__EXR__Not about evidence use""",1
2025-05-08T13:30:41.835Z,448594,phil.martin.research@gmail.com,153486784,included,-1
2025-05-08T13:30:44.915Z,448594,phil.martin.research@gmail.com,153485308,"""__EXR__Not about conservation""",1
2025-05-08T13:30:44.927Z,448594,phil.martin.research@gmail.com,153485308,included,-1
2025-05-08T13:31:31.064Z,448594,phil.martin.research@gmail.com,153485667,included,1
2025-05-08T13:32:00.655Z,448594,phil.martin.research@gmail.com,83177893,"""__EXR__Not about conservation""",1
2025-05-08T13:32:00.670Z,448594,phil.martin.research@gmail.com,83177893,included,-1
2025-05-08T13:32:15.558Z,448594,phil.martin.research@gmail.com,83177906,"""__EXR__Not about factors that influence evidence use""",1
2025-05-08T13:32:15.571Z,448594,phil.martin.research@gmail.com,83177906,included,-1
2025-05-08T15:02:09.611Z,448594,phil.martin.research@gmail.com,83177598,included,-1
2025-05-08T15:03:41.185Z,448594,phil.martin.research@gmail.com,83177857,"""__EXR__Not about conservation""",1
2025-05-08T15:03:41.208Z,448594,phil.martin.research@gmail.com,83177857,included,-1
2025-05-08T15:05:30.746Z,840756,enaut.martinezdebirgara@bc3research.org,153485141,"""__EXR__Not about conservation""",1
2025-05-08T15:05:30.770Z,840756,enaut.martinezdebirgara@bc3research.org,153485141,included,-1
2025-05-08T15:05:32.862Z,840756,enaut.martinezdebirgara@bc3research.org,153485540,included,-1
2025-05-08T15:08:31.756Z,448594,phil.martin.research@gmail.com,153485935,included,-1
2025-05-08T15:10:28.355Z,448594,phil.martin.research@gmail.com,153486115,included,-1
2025-05-08T15:13:01.409Z,448594,phil.martin.research@gmail.com,153486310,included,1
2025-05-08T15:14:55.488Z,448594,phil.martin.research@gmail.com,153486603,included,-1
2025-05-08T15:16:24.595Z,840756,enaut.martinezdebirgara@bc3research.org,153486809,included,1
2025-05-08T15:19:19.495Z,448594,phil.martin.research@gmail.com,153487035,included,-1
2025-05-08T20:54:12.972Z,793584,amirmohammadif@gmail.com,153485201,included,-1
2025-05-08T21:39:25.291Z,793584,amirmohammadif@gmail.com,153485308,included,1
2025-05-08T21:39:32.739Z,793584,amirmohammadif@gmail.com,153485311,included,-1
2025-05-08T21:42:00.002Z,793584,amirmohammadif@gmail.com,153485385,included,1
2025-05-08T21:43:06.414Z,793584,amirmohammadif@gmail.com,153485405,included,-1
2025-05-08T21:45:03.281Z,793584,amirmohammadif@gmail.com,153485482,included,1
2025-05-08T21:45:12.326Z,793584,amirmohammadif@gmail.com,153485486,included,-1
2025-05-08T21:46:42.525Z,793584,amirmohammadif@gmail.com,153485558,included,1
2025-05-08T21:46:47.410Z,793584,amirmohammadif@gmail.com,153485561,included,1
2025-05-08T21:48:12.859Z,793584,amirmohammadif@gmail.com,153485592,included,1
2025-05-08T21:48:38.310Z,793584,amirmohammadif@gmail.com,153485604,included,1
2025-05-08T21:49:03.854Z,793584,amirmohammadif@gmail.com,153485637,included,1
2025-05-08T21:49:14.359Z,793584,amirmohammadif@gmail.com,153485641,included,1
2025-05-08T21:50:09.859Z,793584,amirmohammadif@gmail.com,153485667,included,1
2025-05-08T21:50:13.242Z,793584,amirmohammadif@gmail.com,153485710,included,-1
2025-05-08T21:50:17.299Z,793584,amirmohammadif@gmail.com,153485710,included,1
2025-05-08T21:50:41.763Z,793584,amirmohammadif@gmail.com,153485717,included,-1
2025-05-08T21:51:26.546Z,793584,amirmohammadif@gmail.com,153485738,included,-1
2025-05-08T21:52:24.576Z,793584,amirmohammadif@gmail.com,153485800,included,1
2025-05-08T21:56:33.298Z,793584,amirmohammadif@gmail.com,153485964,included,1
2025-05-09T10:25:57.278Z,448594,phil.martin.research@gmail.com,83177649,included,1
2025-05-09T10:26:04.194Z,448594,phil.martin.research@gmail.com,83177649,"""__EXR__Not about evidence use""",deleted
2025-05-09T10:43:02.109Z,448594,phil.martin.research@gmail.com,83177868,included,1
