created_at,user_id,user_email,article_id,key,value
2025-01-30T08:43:35.973Z,0,rayyan@rayyan.ai,153486327,"""__SYSTEM__SAMPLE__c8ec392c388730c4c6deb36dc3dfd181_13326""",1
2025-01-30T08:43:36.415Z,0,rayyan@rayyan.ai,153485835,"""__SYSTEM__SAMPLE__c8ec392c388730c4c6deb36dc3dfd181_13326""",1
2025-02-27T16:25:48.813Z,0,rayyan@rayyan.ai,153486501,"""__SYSTEM__SAMPLE__bf16548037788a03250fcfb89d192afc_15155""",1
2025-02-27T16:25:49.281Z,0,rayyan@rayyan.ai,153487189,"""__SYSTEM__SAMPLE__bf16548037788a03250fcfb89d192afc_15155""",1
2025-02-27T16:25:49.374Z,0,rayyan@rayyan.ai,83177931,"""__SYSTEM__SAMPLE__bf16548037788a03250fcfb89d192afc_15155""",1
2025-02-27T16:25:49.796Z,0,rayyan@rayyan.ai,153486910,"""__SYSTEM__SAMPLE__bf16548037788a03250fcfb89d192afc_15155""",1
2025-02-27T16:25:50.776Z,0,rayyan@rayyan.ai,153487023,"""__SYSTEM__SAMPLE__bf16548037788a03250fcfb89d192afc_15155""",1
2025-02-27T16:25:50.891Z,0,rayyan@rayyan.ai,153486327,"""__SYSTEM__SAMPLE__bf16548037788a03250fcfb89d192afc_15155""",1
2025-02-28T10:59:28.823Z,0,rayyan@rayyan.ai,153486016,"""__SYSTEM__SAMPLE__1844316c46179ea4d070527c2a6eda09_15194""",1
2025-02-28T10:59:30.639Z,0,rayyan@rayyan.ai,153487211,"""__SYSTEM__SAMPLE__1844316c46179ea4d070527c2a6eda09_15194""",1
2025-02-28T10:59:30.639Z,0,rayyan@rayyan.ai,83178001,"""__SYSTEM__SAMPLE__1844316c46179ea4d070527c2a6eda09_15194""",1
2025-02-28T10:59:31.751Z,0,rayyan@rayyan.ai,153486441,"""__SYSTEM__SAMPLE__1844316c46179ea4d070527c2a6eda09_15194""",1
2025-02-28T10:59:31.862Z,0,rayyan@rayyan.ai,83177773,"""__SYSTEM__SAMPLE__1844316c46179ea4d070527c2a6eda09_15194""",1
2025-02-28T10:59:32.027Z,0,rayyan@rayyan.ai,153486338,"""__SYSTEM__SAMPLE__1844316c46179ea4d070527c2a6eda09_15194""",1
2025-03-03T08:02:32.567Z,0,rayyan@rayyan.ai,153486978,"""__SYSTEM__SAMPLE__5ef013fd1ac260e2ad077cb0f803864e_15279""",1
2025-03-03T08:02:32.704Z,0,rayyan@rayyan.ai,83177775,"""__SYSTEM__SAMPLE__5ef013fd1ac260e2ad077cb0f803864e_15279""",1
2025-03-03T08:02:33.571Z,0,rayyan@rayyan.ai,153486294,"""__SYSTEM__SAMPLE__5ef013fd1ac260e2ad077cb0f803864e_15279""",1
2025-03-03T08:02:34.512Z,0,rayyan@rayyan.ai,153486355,"""__SYSTEM__SAMPLE__5ef013fd1ac260e2ad077cb0f803864e_15279""",1
2025-03-03T08:02:35.022Z,0,rayyan@rayyan.ai,153486768,"""__SYSTEM__SAMPLE__5ef013fd1ac260e2ad077cb0f803864e_15280""",1
2025-03-03T08:02:35.591Z,0,rayyan@rayyan.ai,153485314,"""__SYSTEM__SAMPLE__5ef013fd1ac260e2ad077cb0f803864e_15280""",1
2025-03-03T08:02:35.669Z,0,rayyan@rayyan.ai,153485835,"""__SYSTEM__SAMPLE__5ef013fd1ac260e2ad077cb0f803864e_15280""",1
2025-03-03T08:02:35.753Z,0,rayyan@rayyan.ai,153486322,"""__SYSTEM__SAMPLE__5ef013fd1ac260e2ad077cb0f803864e_15280""",1
2025-03-03T08:02:35.838Z,0,rayyan@rayyan.ai,153485702,"""__SYSTEM__SAMPLE__5ef013fd1ac260e2ad077cb0f803864e_15280""",1
2025-03-03T08:02:36.357Z,0,rayyan@rayyan.ai,153486534,"""__SYSTEM__SAMPLE__5ef013fd1ac260e2ad077cb0f803864e_15281""",1
2025-03-03T08:02:36.591Z,0,rayyan@rayyan.ai,153486327,"""__SYSTEM__SAMPLE__5ef013fd1ac260e2ad077cb0f803864e_15281""",1
2025-03-03T08:02:37.082Z,0,rayyan@rayyan.ai,153486860,"""__SYSTEM__SAMPLE__5ef013fd1ac260e2ad077cb0f803864e_15281""",1
2025-03-03T08:02:37.569Z,0,rayyan@rayyan.ai,153486816,"""__SYSTEM__SAMPLE__5ef013fd1ac260e2ad077cb0f803864e_15282""",1
2025-03-03T08:02:37.651Z,0,rayyan@rayyan.ai,153487010,"""__SYSTEM__SAMPLE__5ef013fd1ac260e2ad077cb0f803864e_15282""",1
2025-03-03T08:02:37.651Z,0,rayyan@rayyan.ai,153486094,"""__SYSTEM__SAMPLE__5ef013fd1ac260e2ad077cb0f803864e_15282""",1
2025-03-03T08:02:37.693Z,0,rayyan@rayyan.ai,153486040,"""__SYSTEM__SAMPLE__5ef013fd1ac260e2ad077cb0f803864e_15282""",1
2025-03-03T08:02:37.741Z,0,rayyan@rayyan.ai,153486431,"""__SYSTEM__SAMPLE__5ef013fd1ac260e2ad077cb0f803864e_15282""",1
2025-03-03T08:02:37.906Z,0,rayyan@rayyan.ai,153487170,"""__SYSTEM__SAMPLE__5ef013fd1ac260e2ad077cb0f803864e_15282""",1
2025-03-03T08:02:38.436Z,0,rayyan@rayyan.ai,153485244,"""__SYSTEM__SAMPLE__5ef013fd1ac260e2ad077cb0f803864e_15283""",1
2025-03-03T08:02:38.548Z,0,rayyan@rayyan.ai,153486741,"""__SYSTEM__SAMPLE__5ef013fd1ac260e2ad077cb0f803864e_15283""",1
2025-03-03T08:02:38.548Z,0,rayyan@rayyan.ai,153487002,"""__SYSTEM__SAMPLE__5ef013fd1ac260e2ad077cb0f803864e_15283""",1
2025-03-03T08:02:38.582Z,0,rayyan@rayyan.ai,153485955,"""__SYSTEM__SAMPLE__5ef013fd1ac260e2ad077cb0f803864e_15283""",1
2025-03-03T08:02:38.652Z,0,rayyan@rayyan.ai,153486144,"""__SYSTEM__SAMPLE__5ef013fd1ac260e2ad077cb0f803864e_15283""",1
2025-03-03T08:02:38.652Z,0,rayyan@rayyan.ai,83177773,"""__SYSTEM__SAMPLE__5ef013fd1ac260e2ad077cb0f803864e_15283""",1
2025-03-03T08:02:38.761Z,0,rayyan@rayyan.ai,153487059,"""__SYSTEM__SAMPLE__5ef013fd1ac260e2ad077cb0f803864e_15283""",1
2025-03-03T08:02:38.874Z,0,rayyan@rayyan.ai,153486519,"""__SYSTEM__SAMPLE__5ef013fd1ac260e2ad077cb0f803864e_15283""",1
2025-03-03T08:02:38.874Z,0,rayyan@rayyan.ai,153485267,"""__SYSTEM__SAMPLE__5ef013fd1ac260e2ad077cb0f803864e_15283""",1
2025-03-03T08:02:39.122Z,0,rayyan@rayyan.ai,83177671,"""__SYSTEM__SAMPLE__5ef013fd1ac260e2ad077cb0f803864e_15283""",1
2025-03-03T08:02:39.122Z,0,rayyan@rayyan.ai,153487252,"""__SYSTEM__SAMPLE__5ef013fd1ac260e2ad077cb0f803864e_15283""",1
2025-03-03T08:02:39.338Z,0,rayyan@rayyan.ai,153486885,"""__SYSTEM__SAMPLE__5ef013fd1ac260e2ad077cb0f803864e_15284""",1
2025-03-03T08:02:39.409Z,0,rayyan@rayyan.ai,83177945,"""__SYSTEM__SAMPLE__5ef013fd1ac260e2ad077cb0f803864e_15284""",1
2025-03-03T08:02:39.599Z,0,rayyan@rayyan.ai,153485968,"""__SYSTEM__SAMPLE__5ef013fd1ac260e2ad077cb0f803864e_15284""",1
2025-03-03T08:02:39.599Z,0,rayyan@rayyan.ai,153485822,"""__SYSTEM__SAMPLE__5ef013fd1ac260e2ad077cb0f803864e_15284""",1
2025-03-03T08:02:39.733Z,0,rayyan@rayyan.ai,153486969,"""__SYSTEM__SAMPLE__5ef013fd1ac260e2ad077cb0f803864e_15284""",1
2025-03-03T08:02:39.772Z,0,rayyan@rayyan.ai,153487189,"""__SYSTEM__SAMPLE__5ef013fd1ac260e2ad077cb0f803864e_15284""",1
2025-03-03T08:02:40.011Z,0,rayyan@rayyan.ai,83178016,"""__SYSTEM__SAMPLE__5ef013fd1ac260e2ad077cb0f803864e_15284""",1
2025-03-03T08:02:40.086Z,0,rayyan@rayyan.ai,153486973,"""__SYSTEM__SAMPLE__5ef013fd1ac260e2ad077cb0f803864e_15284""",1
2025-03-03T08:02:40.121Z,0,rayyan@rayyan.ai,153486225,"""__SYSTEM__SAMPLE__5ef013fd1ac260e2ad077cb0f803864e_15284""",1
2025-03-03T08:02:40.219Z,0,rayyan@rayyan.ai,153487159,"""__SYSTEM__SAMPLE__5ef013fd1ac260e2ad077cb0f803864e_15284""",1
2025-03-03T08:02:40.219Z,0,rayyan@rayyan.ai,83177696,"""__SYSTEM__SAMPLE__5ef013fd1ac260e2ad077cb0f803864e_15284""",1
2025-03-03T08:02:40.818Z,0,rayyan@rayyan.ai,153486338,"""__SYSTEM__SAMPLE__5ef013fd1ac260e2ad077cb0f803864e_15285""",1
2025-03-03T08:02:41.320Z,0,rayyan@rayyan.ai,153486359,"""__SYSTEM__SAMPLE__5ef013fd1ac260e2ad077cb0f803864e_15285""",1
2025-03-03T08:02:41.356Z,0,rayyan@rayyan.ai,83178026,"""__SYSTEM__SAMPLE__5ef013fd1ac260e2ad077cb0f803864e_15285""",1
2025-03-03T08:02:41.600Z,0,rayyan@rayyan.ai,153486604,"""__SYSTEM__SAMPLE__5ef013fd1ac260e2ad077cb0f803864e_15285""",1
2025-03-03T08:02:41.718Z,0,rayyan@rayyan.ai,153487211,"""__SYSTEM__SAMPLE__5ef013fd1ac260e2ad077cb0f803864e_15285""",1
2025-03-03T08:02:41.939Z,0,rayyan@rayyan.ai,153485403,"""__SYSTEM__SAMPLE__5ef013fd1ac260e2ad077cb0f803864e_15285""",1
2025-03-03T08:02:42.629Z,0,rayyan@rayyan.ai,83177660,"""__SYSTEM__SAMPLE__5ef013fd1ac260e2ad077cb0f803864e_15286""",1
2025-03-03T08:02:42.629Z,0,rayyan@rayyan.ai,153485841,"""__SYSTEM__SAMPLE__5ef013fd1ac260e2ad077cb0f803864e_15286""",1
2025-03-03T08:02:42.668Z,0,rayyan@rayyan.ai,153486400,"""__SYSTEM__SAMPLE__5ef013fd1ac260e2ad077cb0f803864e_15286""",1
2025-03-03T08:02:42.980Z,0,rayyan@rayyan.ai,153486112,"""__SYSTEM__SAMPLE__5ef013fd1ac260e2ad077cb0f803864e_15286""",1
2025-03-03T08:02:43.095Z,0,rayyan@rayyan.ai,153487023,"""__SYSTEM__SAMPLE__5ef013fd1ac260e2ad077cb0f803864e_15286""",1
2025-03-03T08:02:43.136Z,0,rayyan@rayyan.ai,153486016,"""__SYSTEM__SAMPLE__5ef013fd1ac260e2ad077cb0f803864e_15286""",1
2025-03-03T08:02:43.172Z,0,rayyan@rayyan.ai,153485938,"""__SYSTEM__SAMPLE__5ef013fd1ac260e2ad077cb0f803864e_15286""",1
2025-03-03T08:02:43.474Z,0,rayyan@rayyan.ai,153486441,"""__SYSTEM__SAMPLE__5ef013fd1ac260e2ad077cb0f803864e_15286""",1
2025-03-03T08:02:43.510Z,0,rayyan@rayyan.ai,153486823,"""__SYSTEM__SAMPLE__5ef013fd1ac260e2ad077cb0f803864e_15286""",1
2025-03-03T08:05:23.118Z,0,rayyan@rayyan.ai,153487189,"""__SYSTEM__SAMPLE__7e180c281ac02758a82cc34f7e6794d7_15287""",1
2025-03-03T08:05:23.197Z,0,rayyan@rayyan.ai,153487159,"""__SYSTEM__SAMPLE__7e180c281ac02758a82cc34f7e6794d7_15287""",1
2025-03-03T08:05:23.269Z,0,rayyan@rayyan.ai,153486604,"""__SYSTEM__SAMPLE__7e180c281ac02758a82cc34f7e6794d7_15287""",1
2025-03-03T08:05:23.336Z,0,rayyan@rayyan.ai,153486501,"""__SYSTEM__SAMPLE__7e180c281ac02758a82cc34f7e6794d7_15287""",1
2025-03-03T08:05:23.336Z,0,rayyan@rayyan.ai,153486441,"""__SYSTEM__SAMPLE__7e180c281ac02758a82cc34f7e6794d7_15287""",1
2025-03-03T08:05:23.404Z,0,rayyan@rayyan.ai,153485244,"""__SYSTEM__SAMPLE__7e180c281ac02758a82cc34f7e6794d7_15287""",1
2025-03-03T08:05:23.404Z,0,rayyan@rayyan.ai,83177831,"""__SYSTEM__SAMPLE__7e180c281ac02758a82cc34f7e6794d7_15287""",1
2025-03-03T08:05:23.437Z,0,rayyan@rayyan.ai,153487023,"""__SYSTEM__SAMPLE__7e180c281ac02758a82cc34f7e6794d7_15287""",1
2025-03-03T08:05:23.879Z,0,rayyan@rayyan.ai,83178001,"""__SYSTEM__SAMPLE__7e180c281ac02758a82cc34f7e6794d7_15287""",1
2025-03-03T08:05:23.918Z,0,rayyan@rayyan.ai,153486064,"""__SYSTEM__SAMPLE__7e180c281ac02758a82cc34f7e6794d7_15287""",1
2025-03-03T08:05:23.918Z,0,rayyan@rayyan.ai,153487059,"""__SYSTEM__SAMPLE__7e180c281ac02758a82cc34f7e6794d7_15287""",1
2025-03-03T08:05:23.962Z,0,rayyan@rayyan.ai,153485955,"""__SYSTEM__SAMPLE__7e180c281ac02758a82cc34f7e6794d7_15288""",1
2025-03-03T08:05:23.998Z,0,rayyan@rayyan.ai,153487010,"""__SYSTEM__SAMPLE__7e180c281ac02758a82cc34f7e6794d7_15288""",1
2025-03-03T08:05:24.071Z,0,rayyan@rayyan.ai,153486741,"""__SYSTEM__SAMPLE__7e180c281ac02758a82cc34f7e6794d7_15288""",1
2025-03-03T08:05:24.315Z,0,rayyan@rayyan.ai,153485135,"""__SYSTEM__SAMPLE__7e180c281ac02758a82cc34f7e6794d7_15288""",1
2025-03-03T08:05:24.419Z,0,rayyan@rayyan.ai,83177773,"""__SYSTEM__SAMPLE__7e180c281ac02758a82cc34f7e6794d7_15288""",1
2025-03-03T08:05:24.894Z,0,rayyan@rayyan.ai,153486040,"""__SYSTEM__SAMPLE__7e180c281ac02758a82cc34f7e6794d7_15288""",1
2025-03-03T08:05:24.894Z,0,rayyan@rayyan.ai,83177945,"""__SYSTEM__SAMPLE__7e180c281ac02758a82cc34f7e6794d7_15288""",1
2025-03-03T08:05:25.045Z,0,rayyan@rayyan.ai,153485851,"""__SYSTEM__SAMPLE__7e180c281ac02758a82cc34f7e6794d7_15288""",1
2025-03-03T08:05:25.127Z,0,rayyan@rayyan.ai,153486338,"""__SYSTEM__SAMPLE__7e180c281ac02758a82cc34f7e6794d7_15289""",1
2025-03-03T08:05:25.164Z,0,rayyan@rayyan.ai,153485841,"""__SYSTEM__SAMPLE__7e180c281ac02758a82cc34f7e6794d7_15289""",1
2025-03-03T08:05:25.197Z,0,rayyan@rayyan.ai,153485314,"""__SYSTEM__SAMPLE__7e180c281ac02758a82cc34f7e6794d7_15289""",1
2025-03-03T08:05:25.302Z,0,rayyan@rayyan.ai,153486327,"""__SYSTEM__SAMPLE__7e180c281ac02758a82cc34f7e6794d7_15289""",1
2025-03-03T08:05:25.760Z,0,rayyan@rayyan.ai,153486978,"""__SYSTEM__SAMPLE__7e180c281ac02758a82cc34f7e6794d7_15289""",1
2025-03-03T08:05:25.822Z,0,rayyan@rayyan.ai,153486485,"""__SYSTEM__SAMPLE__7e180c281ac02758a82cc34f7e6794d7_15289""",1
2025-03-03T08:05:26.008Z,0,rayyan@rayyan.ai,153486339,"""__SYSTEM__SAMPLE__7e180c281ac02758a82cc34f7e6794d7_15289""",1
2025-03-03T08:05:26.117Z,0,rayyan@rayyan.ai,153486238,"""__SYSTEM__SAMPLE__7e180c281ac02758a82cc34f7e6794d7_15290""",1
2025-03-03T08:05:26.588Z,0,rayyan@rayyan.ai,83177696,"""__SYSTEM__SAMPLE__7e180c281ac02758a82cc34f7e6794d7_15290""",1
2025-03-03T08:05:26.657Z,0,rayyan@rayyan.ai,153485675,"""__SYSTEM__SAMPLE__7e180c281ac02758a82cc34f7e6794d7_15290""",1
2025-03-03T08:05:26.870Z,0,rayyan@rayyan.ai,153486519,"""__SYSTEM__SAMPLE__7e180c281ac02758a82cc34f7e6794d7_15290""",1
2025-03-03T08:05:27.044Z,0,rayyan@rayyan.ai,153486144,"""__SYSTEM__SAMPLE__7e180c281ac02758a82cc34f7e6794d7_15290""",1
2025-03-03T08:05:27.271Z,0,rayyan@rayyan.ai,153486849,"""__SYSTEM__SAMPLE__7e180c281ac02758a82cc34f7e6794d7_15291""",1
2025-03-03T08:05:27.271Z,0,rayyan@rayyan.ai,153485702,"""__SYSTEM__SAMPLE__7e180c281ac02758a82cc34f7e6794d7_15291""",1
2025-03-03T08:05:27.271Z,0,rayyan@rayyan.ai,153487002,"""__SYSTEM__SAMPLE__7e180c281ac02758a82cc34f7e6794d7_15291""",1
2025-03-03T08:05:27.338Z,0,rayyan@rayyan.ai,153486112,"""__SYSTEM__SAMPLE__7e180c281ac02758a82cc34f7e6794d7_15291""",1
2025-03-03T08:05:27.370Z,0,rayyan@rayyan.ai,153486936,"""__SYSTEM__SAMPLE__7e180c281ac02758a82cc34f7e6794d7_15291""",1
2025-03-03T08:05:27.697Z,0,rayyan@rayyan.ai,153487170,"""__SYSTEM__SAMPLE__7e180c281ac02758a82cc34f7e6794d7_15291""",1
2025-03-03T08:05:27.760Z,0,rayyan@rayyan.ai,153486823,"""__SYSTEM__SAMPLE__7e180c281ac02758a82cc34f7e6794d7_15291""",1
2025-03-03T08:05:27.791Z,0,rayyan@rayyan.ai,153486768,"""__SYSTEM__SAMPLE__7e180c281ac02758a82cc34f7e6794d7_15291""",1
2025-03-03T08:05:27.824Z,0,rayyan@rayyan.ai,83177775,"""__SYSTEM__SAMPLE__7e180c281ac02758a82cc34f7e6794d7_15291""",1
2025-03-03T08:05:27.857Z,0,rayyan@rayyan.ai,153486355,"""__SYSTEM__SAMPLE__7e180c281ac02758a82cc34f7e6794d7_15291""",1
2025-03-03T08:05:28.334Z,0,rayyan@rayyan.ai,153485961,"""__SYSTEM__SAMPLE__7e180c281ac02758a82cc34f7e6794d7_15292""",1
2025-03-03T08:05:28.368Z,0,rayyan@rayyan.ai,153486094,"""__SYSTEM__SAMPLE__7e180c281ac02758a82cc34f7e6794d7_15292""",1
2025-03-03T08:05:28.462Z,0,rayyan@rayyan.ai,153486359,"""__SYSTEM__SAMPLE__7e180c281ac02758a82cc34f7e6794d7_15292""",1
2025-03-03T08:05:28.526Z,0,rayyan@rayyan.ai,153487037,"""__SYSTEM__SAMPLE__7e180c281ac02758a82cc34f7e6794d7_15292""",1
2025-03-03T08:05:28.973Z,0,rayyan@rayyan.ai,83178016,"""__SYSTEM__SAMPLE__7e180c281ac02758a82cc34f7e6794d7_15292""",1
2025-03-03T08:05:29.004Z,0,rayyan@rayyan.ai,153487213,"""__SYSTEM__SAMPLE__7e180c281ac02758a82cc34f7e6794d7_15292""",1
2025-03-03T08:05:29.037Z,0,rayyan@rayyan.ai,153485968,"""__SYSTEM__SAMPLE__7e180c281ac02758a82cc34f7e6794d7_15292""",1
2025-03-03T08:05:29.074Z,0,rayyan@rayyan.ai,153486016,"""__SYSTEM__SAMPLE__7e180c281ac02758a82cc34f7e6794d7_15292""",1
2025-03-03T08:05:29.479Z,0,rayyan@rayyan.ai,153486431,"""__SYSTEM__SAMPLE__7e180c281ac02758a82cc34f7e6794d7_15293""",1
2025-03-03T08:05:29.479Z,0,rayyan@rayyan.ai,153486910,"""__SYSTEM__SAMPLE__7e180c281ac02758a82cc34f7e6794d7_15293""",1
2025-03-03T08:05:30.052Z,0,rayyan@rayyan.ai,153485938,"""__SYSTEM__SAMPLE__7e180c281ac02758a82cc34f7e6794d7_15293""",1
2025-03-03T14:31:30.944Z,0,rayyan@rayyan.ai,153486978,"""__SYSTEM__SAMPLE__aa2f77d5999837bbef538b5bfab94a9e_15318""",1
2025-03-03T14:31:31.222Z,0,rayyan@rayyan.ai,153485267,"""__SYSTEM__SAMPLE__aa2f77d5999837bbef538b5bfab94a9e_15318""",1
2025-03-03T14:31:31.444Z,0,rayyan@rayyan.ai,153486322,"""__SYSTEM__SAMPLE__aa2f77d5999837bbef538b5bfab94a9e_15318""",1
2025-03-03T19:32:21.671Z,0,rayyan@rayyan.ai,153487010,"""__SYSTEM__SAMPLE__3e981fa25c9d210f15f61af0b328cb3b_15336""",1
2025-03-03T19:32:21.833Z,0,rayyan@rayyan.ai,153486001,"""__SYSTEM__SAMPLE__3e981fa25c9d210f15f61af0b328cb3b_15336""",1
2025-03-03T19:32:21.833Z,0,rayyan@rayyan.ai,153485938,"""__SYSTEM__SAMPLE__3e981fa25c9d210f15f61af0b328cb3b_15336""",1
2025-03-03T19:32:22.089Z,0,rayyan@rayyan.ai,83177773,"""__SYSTEM__SAMPLE__3e981fa25c9d210f15f61af0b328cb3b_15336""",1
2025-03-03T19:32:23.250Z,0,rayyan@rayyan.ai,83177696,"""__SYSTEM__SAMPLE__3e981fa25c9d210f15f61af0b328cb3b_15336""",1
2025-03-03T19:32:23.323Z,0,rayyan@rayyan.ai,153487002,"""__SYSTEM__SAMPLE__3e981fa25c9d210f15f61af0b328cb3b_15336""",1
2025-03-06T12:29:13.705Z,0,rayyan@rayyan.ai,153486969,"""__SYSTEM__SAMPLE__6162b2583ac27b37ac06dfc5672321e9_15498""",1
2025-03-06T12:29:15.678Z,0,rayyan@rayyan.ai,153486973,"""__SYSTEM__SAMPLE__6162b2583ac27b37ac06dfc5672321e9_15498""",1
2025-03-06T12:29:15.731Z,0,rayyan@rayyan.ai,153487159,"""__SYSTEM__SAMPLE__6162b2583ac27b37ac06dfc5672321e9_15499""",1
2025-03-06T12:29:15.870Z,0,rayyan@rayyan.ai,153486978,"""__SYSTEM__SAMPLE__6162b2583ac27b37ac06dfc5672321e9_15499""",1
2025-03-06T12:29:15.870Z,0,rayyan@rayyan.ai,83177773,"""__SYSTEM__SAMPLE__6162b2583ac27b37ac06dfc5672321e9_15499""",1
2025-03-06T12:29:15.913Z,0,rayyan@rayyan.ai,153486400,"""__SYSTEM__SAMPLE__6162b2583ac27b37ac06dfc5672321e9_15499""",1
2025-03-06T12:29:16.591Z,0,rayyan@rayyan.ai,153486188,"""__SYSTEM__SAMPLE__6162b2583ac27b37ac06dfc5672321e9_15499""",1
2025-03-06T12:29:16.709Z,0,rayyan@rayyan.ai,153485968,"""__SYSTEM__SAMPLE__6162b2583ac27b37ac06dfc5672321e9_15499""",1
2025-03-06T12:29:16.742Z,0,rayyan@rayyan.ai,153485841,"""__SYSTEM__SAMPLE__6162b2583ac27b37ac06dfc5672321e9_15499""",1
2025-03-06T12:29:16.742Z,0,rayyan@rayyan.ai,153486338,"""__SYSTEM__SAMPLE__6162b2583ac27b37ac06dfc5672321e9_15499""",1
2025-03-06T12:29:16.784Z,0,rayyan@rayyan.ai,153486936,"""__SYSTEM__SAMPLE__6162b2583ac27b37ac06dfc5672321e9_15499""",1
2025-03-06T12:29:16.784Z,0,rayyan@rayyan.ai,153485835,"""__SYSTEM__SAMPLE__6162b2583ac27b37ac06dfc5672321e9_15499""",1
2025-03-06T12:29:16.902Z,0,rayyan@rayyan.ai,153487189,"""__SYSTEM__SAMPLE__6162b2583ac27b37ac06dfc5672321e9_15500""",1
2025-03-06T12:29:16.976Z,0,rayyan@rayyan.ai,153486144,"""__SYSTEM__SAMPLE__6162b2583ac27b37ac06dfc5672321e9_15500""",1
2025-03-06T12:29:17.402Z,0,rayyan@rayyan.ai,153486768,"""__SYSTEM__SAMPLE__6162b2583ac27b37ac06dfc5672321e9_15500""",1
2025-03-06T12:29:18.397Z,0,rayyan@rayyan.ai,153486534,"""__SYSTEM__SAMPLE__6162b2583ac27b37ac06dfc5672321e9_15501""",1
2025-03-06T12:29:18.723Z,0,rayyan@rayyan.ai,153486519,"""__SYSTEM__SAMPLE__6162b2583ac27b37ac06dfc5672321e9_15501""",1
2025-03-06T12:29:18.788Z,0,rayyan@rayyan.ai,83178026,"""__SYSTEM__SAMPLE__6162b2583ac27b37ac06dfc5672321e9_15501""",1
2025-03-06T12:29:18.788Z,0,rayyan@rayyan.ai,153487252,"""__SYSTEM__SAMPLE__6162b2583ac27b37ac06dfc5672321e9_15501""",1
2025-03-06T12:29:18.820Z,0,rayyan@rayyan.ai,153487010,"""__SYSTEM__SAMPLE__6162b2583ac27b37ac06dfc5672321e9_15501""",1
2025-03-06T12:29:18.820Z,0,rayyan@rayyan.ai,153486507,"""__SYSTEM__SAMPLE__6162b2583ac27b37ac06dfc5672321e9_15501""",1
2025-03-06T12:29:18.820Z,0,rayyan@rayyan.ai,153486885,"""__SYSTEM__SAMPLE__6162b2583ac27b37ac06dfc5672321e9_15501""",1
2025-03-06T12:29:18.889Z,0,rayyan@rayyan.ai,153487037,"""__SYSTEM__SAMPLE__6162b2583ac27b37ac06dfc5672321e9_15501""",1
2025-03-06T12:29:19.356Z,0,rayyan@rayyan.ai,153486339,"""__SYSTEM__SAMPLE__6162b2583ac27b37ac06dfc5672321e9_15502""",1
2025-03-06T12:29:19.389Z,0,rayyan@rayyan.ai,153486406,"""__SYSTEM__SAMPLE__6162b2583ac27b37ac06dfc5672321e9_15502""",1
2025-03-06T12:29:19.389Z,0,rayyan@rayyan.ai,153486454,"""__SYSTEM__SAMPLE__6162b2583ac27b37ac06dfc5672321e9_15502""",1
2025-03-06T12:29:19.524Z,0,rayyan@rayyan.ai,83178001,"""__SYSTEM__SAMPLE__6162b2583ac27b37ac06dfc5672321e9_15502""",1
2025-03-06T12:29:19.665Z,0,rayyan@rayyan.ai,83177660,"""__SYSTEM__SAMPLE__6162b2583ac27b37ac06dfc5672321e9_15502""",1
2025-03-06T12:29:19.803Z,0,rayyan@rayyan.ai,153486327,"""__SYSTEM__SAMPLE__6162b2583ac27b37ac06dfc5672321e9_15502""",1
2025-03-06T12:29:19.996Z,0,rayyan@rayyan.ai,153486001,"""__SYSTEM__SAMPLE__6162b2583ac27b37ac06dfc5672321e9_15502""",1
2025-03-06T12:29:20.061Z,0,rayyan@rayyan.ai,153485702,"""__SYSTEM__SAMPLE__6162b2583ac27b37ac06dfc5672321e9_15502""",1
2025-03-06T12:29:21.349Z,0,rayyan@rayyan.ai,153485851,"""__SYSTEM__SAMPLE__6162b2583ac27b37ac06dfc5672321e9_15504""",1
2025-03-06T12:29:21.349Z,0,rayyan@rayyan.ai,83177931,"""__SYSTEM__SAMPLE__6162b2583ac27b37ac06dfc5672321e9_15504""",1
2025-03-06T12:29:21.384Z,0,rayyan@rayyan.ai,153486860,"""__SYSTEM__SAMPLE__6162b2583ac27b37ac06dfc5672321e9_15504""",1
2025-03-06T12:29:21.455Z,0,rayyan@rayyan.ai,83178016,"""__SYSTEM__SAMPLE__6162b2583ac27b37ac06dfc5672321e9_15504""",1
2025-03-06T12:29:21.455Z,0,rayyan@rayyan.ai,153485675,"""__SYSTEM__SAMPLE__6162b2583ac27b37ac06dfc5672321e9_15504""",1
2025-03-06T12:29:21.491Z,0,rayyan@rayyan.ai,153485938,"""__SYSTEM__SAMPLE__6162b2583ac27b37ac06dfc5672321e9_15504""",1
2025-03-06T12:29:22.134Z,0,rayyan@rayyan.ai,83177696,"""__SYSTEM__SAMPLE__6162b2583ac27b37ac06dfc5672321e9_15504""",1
2025-03-06T12:29:22.361Z,0,rayyan@rayyan.ai,153485135,"""__SYSTEM__SAMPLE__6162b2583ac27b37ac06dfc5672321e9_15504""",1
2025-03-06T12:29:22.391Z,0,rayyan@rayyan.ai,153485955,"""__SYSTEM__SAMPLE__6162b2583ac27b37ac06dfc5672321e9_15504""",1
2025-03-06T12:29:22.480Z,0,rayyan@rayyan.ai,153487002,"""__SYSTEM__SAMPLE__6162b2583ac27b37ac06dfc5672321e9_15504""",1
2025-03-06T12:29:22.480Z,0,rayyan@rayyan.ai,153486604,"""__SYSTEM__SAMPLE__6162b2583ac27b37ac06dfc5672321e9_15504""",1
2025-03-06T12:29:22.566Z,0,rayyan@rayyan.ai,83177671,"""__SYSTEM__SAMPLE__6162b2583ac27b37ac06dfc5672321e9_15504""",1
2025-03-21T11:27:13.085Z,0,rayyan@rayyan.ai,153486969,"""__SYSTEM__SAMPLE__60b2ea219c59992ffd761532d50e40f8_16471""",1
2025-03-21T11:27:13.313Z,0,rayyan@rayyan.ai,153486441,"""__SYSTEM__SAMPLE__60b2ea219c59992ffd761532d50e40f8_16471""",1
2025-03-21T11:27:14.197Z,0,rayyan@rayyan.ai,153486978,"""__SYSTEM__SAMPLE__60b2ea219c59992ffd761532d50e40f8_16471""",1
2025-03-21T11:27:14.197Z,0,rayyan@rayyan.ai,153486823,"""__SYSTEM__SAMPLE__60b2ea219c59992ffd761532d50e40f8_16471""",1
2025-03-21T11:27:14.271Z,0,rayyan@rayyan.ai,83178016,"""__SYSTEM__SAMPLE__60b2ea219c59992ffd761532d50e40f8_16471""",1
2025-03-21T11:27:15.698Z,0,rayyan@rayyan.ai,153486485,"""__SYSTEM__SAMPLE__60b2ea219c59992ffd761532d50e40f8_16471""",1
2025-03-21T11:27:15.781Z,0,rayyan@rayyan.ai,153485938,"""__SYSTEM__SAMPLE__60b2ea219c59992ffd761532d50e40f8_16471""",1
2025-03-21T14:12:50.083Z,0,rayyan@rayyan.ai,153485835,"""__SYSTEM__SAMPLE__332ded61f9b01bac2631a91b57c712dc_16484""",1
2025-03-21T14:12:51.755Z,0,rayyan@rayyan.ai,83178016,"""__SYSTEM__SAMPLE__332ded61f9b01bac2631a91b57c712dc_16484""",1
2025-03-21T14:12:51.857Z,0,rayyan@rayyan.ai,153487213,"""__SYSTEM__SAMPLE__332ded61f9b01bac2631a91b57c712dc_16484""",1
2025-03-21T14:12:51.953Z,0,rayyan@rayyan.ai,153485760,"""__SYSTEM__SAMPLE__332ded61f9b01bac2631a91b57c712dc_16484""",1
2025-03-21T14:12:52.043Z,0,rayyan@rayyan.ai,153486094,"""__SYSTEM__SAMPLE__332ded61f9b01bac2631a91b57c712dc_16484""",1
2025-03-21T14:12:52.043Z,0,rayyan@rayyan.ai,153486534,"""__SYSTEM__SAMPLE__332ded61f9b01bac2631a91b57c712dc_16484""",1
2025-03-21T14:12:53.183Z,0,rayyan@rayyan.ai,153486454,"""__SYSTEM__SAMPLE__332ded61f9b01bac2631a91b57c712dc_16484""",1
2025-03-26T09:54:16.343Z,0,rayyan@rayyan.ai,153486355,"""__SYSTEM__SAMPLE__730a823cae12798df7c211cebf91c4ae_16733""",1
2025-03-26T09:54:16.670Z,0,rayyan@rayyan.ai,153487211,"""__SYSTEM__SAMPLE__730a823cae12798df7c211cebf91c4ae_16733""",1
2025-03-26T09:54:16.876Z,0,rayyan@rayyan.ai,153485851,"""__SYSTEM__SAMPLE__730a823cae12798df7c211cebf91c4ae_16733""",1
2025-03-26T09:54:17.574Z,0,rayyan@rayyan.ai,153486339,"""__SYSTEM__SAMPLE__730a823cae12798df7c211cebf91c4ae_16733""",1
2025-03-26T09:54:17.574Z,0,rayyan@rayyan.ai,153485702,"""__SYSTEM__SAMPLE__730a823cae12798df7c211cebf91c4ae_16733""",1
2025-03-26T09:54:17.574Z,0,rayyan@rayyan.ai,153485938,"""__SYSTEM__SAMPLE__730a823cae12798df7c211cebf91c4ae_16733""",1
2025-03-26T09:54:19.003Z,0,rayyan@rayyan.ai,153486294,"""__SYSTEM__SAMPLE__730a823cae12798df7c211cebf91c4ae_16733""",1
2025-03-26T09:54:19.884Z,0,rayyan@rayyan.ai,153486910,"""__SYSTEM__SAMPLE__730a823cae12798df7c211cebf91c4ae_16733""",1
2025-03-26T09:55:08.537Z,0,rayyan@rayyan.ai,83177660,"""__SYSTEM__SAMPLE__10a5e0f6eb0a9d1a4c4eae730730cf7f_16734""",1
2025-03-26T09:55:08.942Z,0,rayyan@rayyan.ai,153486481,"""__SYSTEM__SAMPLE__10a5e0f6eb0a9d1a4c4eae730730cf7f_16734""",1
2025-03-26T09:55:08.988Z,0,rayyan@rayyan.ai,153487188,"""__SYSTEM__SAMPLE__10a5e0f6eb0a9d1a4c4eae730730cf7f_16734""",1
2025-03-26T09:55:09.256Z,0,rayyan@rayyan.ai,153486534,"""__SYSTEM__SAMPLE__10a5e0f6eb0a9d1a4c4eae730730cf7f_16734""",1
2025-03-26T09:55:09.348Z,0,rayyan@rayyan.ai,153485675,"""__SYSTEM__SAMPLE__10a5e0f6eb0a9d1a4c4eae730730cf7f_16734""",1
2025-03-26T09:55:10.229Z,0,rayyan@rayyan.ai,153486016,"""__SYSTEM__SAMPLE__10a5e0f6eb0a9d1a4c4eae730730cf7f_16735""",1
2025-03-26T09:55:10.348Z,0,rayyan@rayyan.ai,153487002,"""__SYSTEM__SAMPLE__10a5e0f6eb0a9d1a4c4eae730730cf7f_16735""",1
2025-03-26T09:55:10.348Z,0,rayyan@rayyan.ai,153487211,"""__SYSTEM__SAMPLE__10a5e0f6eb0a9d1a4c4eae730730cf7f_16735""",1
2025-03-26T09:55:10.423Z,0,rayyan@rayyan.ai,83178001,"""__SYSTEM__SAMPLE__10a5e0f6eb0a9d1a4c4eae730730cf7f_16735""",1
2025-03-26T09:55:10.948Z,0,rayyan@rayyan.ai,153486040,"""__SYSTEM__SAMPLE__10a5e0f6eb0a9d1a4c4eae730730cf7f_16735""",1
2025-03-28T06:26:35.937Z,0,rayyan@rayyan.ai,153485841,"""__SYSTEM__SAMPLE__68d2ca5a6f813c5aa820c74cf5c9ce2e_16939""",1
2025-03-28T06:26:35.937Z,0,rayyan@rayyan.ai,153486534,"""__SYSTEM__SAMPLE__68d2ca5a6f813c5aa820c74cf5c9ce2e_16939""",1
2025-03-28T06:26:35.937Z,0,rayyan@rayyan.ai,153486016,"""__SYSTEM__SAMPLE__68d2ca5a6f813c5aa820c74cf5c9ce2e_16939""",1
2025-03-28T06:26:35.937Z,0,rayyan@rayyan.ai,153487211,"""__SYSTEM__SAMPLE__68d2ca5a6f813c5aa820c74cf5c9ce2e_16939""",1
2025-03-28T06:26:35.937Z,0,rayyan@rayyan.ai,83177696,"""__SYSTEM__SAMPLE__68d2ca5a6f813c5aa820c74cf5c9ce2e_16939""",1
2025-03-28T06:26:35.937Z,0,rayyan@rayyan.ai,153485822,"""__SYSTEM__SAMPLE__68d2ca5a6f813c5aa820c74cf5c9ce2e_16939""",1
2025-03-28T06:26:35.985Z,0,rayyan@rayyan.ai,153487170,"""__SYSTEM__SAMPLE__68d2ca5a6f813c5aa820c74cf5c9ce2e_16939""",1
2025-03-28T06:26:35.985Z,0,rayyan@rayyan.ai,83177660,"""__SYSTEM__SAMPLE__68d2ca5a6f813c5aa820c74cf5c9ce2e_16939""",1
2025-03-28T06:26:35.985Z,0,rayyan@rayyan.ai,153485135,"""__SYSTEM__SAMPLE__68d2ca5a6f813c5aa820c74cf5c9ce2e_16939""",1
2025-03-28T06:26:35.985Z,0,rayyan@rayyan.ai,153486481,"""__SYSTEM__SAMPLE__68d2ca5a6f813c5aa820c74cf5c9ce2e_16939""",1
2025-03-28T06:26:35.985Z,0,rayyan@rayyan.ai,153486003,"""__SYSTEM__SAMPLE__68d2ca5a6f813c5aa820c74cf5c9ce2e_16939""",1
2025-03-28T06:26:36.056Z,0,rayyan@rayyan.ai,153486144,"""__SYSTEM__SAMPLE__68d2ca5a6f813c5aa820c74cf5c9ce2e_16939""",1
2025-03-28T06:26:36.056Z,0,rayyan@rayyan.ai,83178001,"""__SYSTEM__SAMPLE__68d2ca5a6f813c5aa820c74cf5c9ce2e_16939""",1
2025-03-28T06:26:36.134Z,0,rayyan@rayyan.ai,153487159,"""__SYSTEM__SAMPLE__68d2ca5a6f813c5aa820c74cf5c9ce2e_16939""",1
2025-03-28T06:26:36.134Z,0,rayyan@rayyan.ai,153487010,"""__SYSTEM__SAMPLE__68d2ca5a6f813c5aa820c74cf5c9ce2e_16939""",1
2025-03-28T06:26:36.134Z,0,rayyan@rayyan.ai,153486400,"""__SYSTEM__SAMPLE__68d2ca5a6f813c5aa820c74cf5c9ce2e_16939""",1
2025-03-28T06:26:36.189Z,0,rayyan@rayyan.ai,153485314,"""__SYSTEM__SAMPLE__68d2ca5a6f813c5aa820c74cf5c9ce2e_16939""",1
2025-03-28T06:26:36.189Z,0,rayyan@rayyan.ai,153487059,"""__SYSTEM__SAMPLE__68d2ca5a6f813c5aa820c74cf5c9ce2e_16939""",1
2025-03-28T06:26:36.189Z,0,rayyan@rayyan.ai,153487252,"""__SYSTEM__SAMPLE__68d2ca5a6f813c5aa820c74cf5c9ce2e_16939""",1
2025-03-28T06:26:36.189Z,0,rayyan@rayyan.ai,153485760,"""__SYSTEM__SAMPLE__68d2ca5a6f813c5aa820c74cf5c9ce2e_16939""",1
2025-03-28T06:26:36.189Z,0,rayyan@rayyan.ai,153487188,"""__SYSTEM__SAMPLE__68d2ca5a6f813c5aa820c74cf5c9ce2e_16939""",1
2025-03-28T06:26:36.189Z,0,rayyan@rayyan.ai,153487213,"""__SYSTEM__SAMPLE__68d2ca5a6f813c5aa820c74cf5c9ce2e_16939""",1
2025-03-28T06:26:36.238Z,0,rayyan@rayyan.ai,153486322,"""__SYSTEM__SAMPLE__68d2ca5a6f813c5aa820c74cf5c9ce2e_16939""",1
2025-03-28T06:26:36.889Z,0,rayyan@rayyan.ai,153485955,"""__SYSTEM__SAMPLE__68d2ca5a6f813c5aa820c74cf5c9ce2e_16939""",1
2025-03-28T06:26:36.889Z,0,rayyan@rayyan.ai,153486816,"""__SYSTEM__SAMPLE__68d2ca5a6f813c5aa820c74cf5c9ce2e_16939""",1
2025-03-28T06:26:36.889Z,0,rayyan@rayyan.ai,153486064,"""__SYSTEM__SAMPLE__68d2ca5a6f813c5aa820c74cf5c9ce2e_16939""",1
2025-03-28T06:26:36.889Z,0,rayyan@rayyan.ai,83177773,"""__SYSTEM__SAMPLE__68d2ca5a6f813c5aa820c74cf5c9ce2e_16939""",1
2025-03-28T06:26:36.889Z,0,rayyan@rayyan.ai,153486359,"""__SYSTEM__SAMPLE__68d2ca5a6f813c5aa820c74cf5c9ce2e_16939""",1
2025-03-28T06:26:36.889Z,0,rayyan@rayyan.ai,153486485,"""__SYSTEM__SAMPLE__68d2ca5a6f813c5aa820c74cf5c9ce2e_16939""",1
2025-03-28T06:26:36.889Z,0,rayyan@rayyan.ai,153486406,"""__SYSTEM__SAMPLE__68d2ca5a6f813c5aa820c74cf5c9ce2e_16939""",1
2025-03-28T06:26:36.889Z,0,rayyan@rayyan.ai,153485675,"""__SYSTEM__SAMPLE__68d2ca5a6f813c5aa820c74cf5c9ce2e_16939""",1
2025-03-28T06:26:36.933Z,0,rayyan@rayyan.ai,153486969,"""__SYSTEM__SAMPLE__68d2ca5a6f813c5aa820c74cf5c9ce2e_16939""",1
2025-03-28T06:26:36.933Z,0,rayyan@rayyan.ai,153486431,"""__SYSTEM__SAMPLE__68d2ca5a6f813c5aa820c74cf5c9ce2e_16939""",1
2025-03-28T06:26:36.933Z,0,rayyan@rayyan.ai,83177945,"""__SYSTEM__SAMPLE__68d2ca5a6f813c5aa820c74cf5c9ce2e_16939""",1
2025-03-28T06:26:36.933Z,0,rayyan@rayyan.ai,153485244,"""__SYSTEM__SAMPLE__68d2ca5a6f813c5aa820c74cf5c9ce2e_16939""",1
2025-03-28T06:26:36.933Z,0,rayyan@rayyan.ai,153485871,"""__SYSTEM__SAMPLE__68d2ca5a6f813c5aa820c74cf5c9ce2e_16939""",1
2025-03-28T06:26:36.985Z,0,rayyan@rayyan.ai,153485242,"""__SYSTEM__SAMPLE__68d2ca5a6f813c5aa820c74cf5c9ce2e_16939""",1
2025-03-28T06:26:36.985Z,0,rayyan@rayyan.ai,153486885,"""__SYSTEM__SAMPLE__68d2ca5a6f813c5aa820c74cf5c9ce2e_16939""",1
2025-03-28T06:26:36.985Z,0,rayyan@rayyan.ai,153486978,"""__SYSTEM__SAMPLE__68d2ca5a6f813c5aa820c74cf5c9ce2e_16939""",1
2025-03-28T06:26:36.985Z,0,rayyan@rayyan.ai,153485835,"""__SYSTEM__SAMPLE__68d2ca5a6f813c5aa820c74cf5c9ce2e_16939""",1
2025-03-28T06:26:36.985Z,0,rayyan@rayyan.ai,153485851,"""__SYSTEM__SAMPLE__68d2ca5a6f813c5aa820c74cf5c9ce2e_16939""",1
2025-03-28T06:26:37.049Z,0,rayyan@rayyan.ai,153486441,"""__SYSTEM__SAMPLE__68d2ca5a6f813c5aa820c74cf5c9ce2e_16939""",1
2025-03-28T06:26:37.049Z,0,rayyan@rayyan.ai,153486040,"""__SYSTEM__SAMPLE__68d2ca5a6f813c5aa820c74cf5c9ce2e_16939""",1
2025-03-28T06:26:37.049Z,0,rayyan@rayyan.ai,153486152,"""__SYSTEM__SAMPLE__68d2ca5a6f813c5aa820c74cf5c9ce2e_16939""",1
2025-03-28T06:26:37.049Z,0,rayyan@rayyan.ai,153485702,"""__SYSTEM__SAMPLE__68d2ca5a6f813c5aa820c74cf5c9ce2e_16939""",1
2025-03-28T06:26:37.049Z,0,rayyan@rayyan.ai,153486171,"""__SYSTEM__SAMPLE__68d2ca5a6f813c5aa820c74cf5c9ce2e_16939""",1
2025-03-28T06:26:37.138Z,0,rayyan@rayyan.ai,153486823,"""__SYSTEM__SAMPLE__68d2ca5a6f813c5aa820c74cf5c9ce2e_16939""",1
2025-03-28T06:26:37.138Z,0,rayyan@rayyan.ai,153486339,"""__SYSTEM__SAMPLE__68d2ca5a6f813c5aa820c74cf5c9ce2e_16939""",1
2025-03-28T06:26:37.138Z,0,rayyan@rayyan.ai,153486741,"""__SYSTEM__SAMPLE__68d2ca5a6f813c5aa820c74cf5c9ce2e_16939""",1
2025-03-28T06:26:37.138Z,0,rayyan@rayyan.ai,153486595,"""__SYSTEM__SAMPLE__68d2ca5a6f813c5aa820c74cf5c9ce2e_16939""",1
2025-03-28T06:26:37.138Z,0,rayyan@rayyan.ai,153485403,"""__SYSTEM__SAMPLE__68d2ca5a6f813c5aa820c74cf5c9ce2e_16939""",1
2025-03-28T06:26:37.138Z,0,rayyan@rayyan.ai,153486519,"""__SYSTEM__SAMPLE__68d2ca5a6f813c5aa820c74cf5c9ce2e_16939""",1
2025-03-28T06:26:37.194Z,0,rayyan@rayyan.ai,83177671,"""__SYSTEM__SAMPLE__68d2ca5a6f813c5aa820c74cf5c9ce2e_16939""",1
2025-03-28T06:26:37.194Z,0,rayyan@rayyan.ai,153486849,"""__SYSTEM__SAMPLE__68d2ca5a6f813c5aa820c74cf5c9ce2e_16939""",1
2025-03-28T06:26:37.194Z,0,rayyan@rayyan.ai,153485267,"""__SYSTEM__SAMPLE__68d2ca5a6f813c5aa820c74cf5c9ce2e_16939""",1
2025-03-28T06:26:37.262Z,0,rayyan@rayyan.ai,153486973,"""__SYSTEM__SAMPLE__68d2ca5a6f813c5aa820c74cf5c9ce2e_16939""",1
2025-03-28T06:26:37.262Z,0,rayyan@rayyan.ai,153486112,"""__SYSTEM__SAMPLE__68d2ca5a6f813c5aa820c74cf5c9ce2e_16939""",1
2025-03-28T06:26:37.262Z,0,rayyan@rayyan.ai,153486454,"""__SYSTEM__SAMPLE__68d2ca5a6f813c5aa820c74cf5c9ce2e_16939""",1
2025-03-28T06:26:37.262Z,0,rayyan@rayyan.ai,83177931,"""__SYSTEM__SAMPLE__68d2ca5a6f813c5aa820c74cf5c9ce2e_16939""",1
2025-03-28T06:26:37.262Z,0,rayyan@rayyan.ai,153486507,"""__SYSTEM__SAMPLE__68d2ca5a6f813c5aa820c74cf5c9ce2e_16939""",1
2025-03-28T06:26:37.262Z,0,rayyan@rayyan.ai,153486355,"""__SYSTEM__SAMPLE__68d2ca5a6f813c5aa820c74cf5c9ce2e_16939""",1
2025-03-28T06:26:37.262Z,0,rayyan@rayyan.ai,153486327,"""__SYSTEM__SAMPLE__68d2ca5a6f813c5aa820c74cf5c9ce2e_16939""",1
2025-03-28T06:26:37.262Z,0,rayyan@rayyan.ai,153486792,"""__SYSTEM__SAMPLE__68d2ca5a6f813c5aa820c74cf5c9ce2e_16939""",1
2025-03-28T06:26:37.457Z,0,rayyan@rayyan.ai,153485938,"""__SYSTEM__SAMPLE__68d2ca5a6f813c5aa820c74cf5c9ce2e_16939""",1
2025-03-28T06:26:37.457Z,0,rayyan@rayyan.ai,153486604,"""__SYSTEM__SAMPLE__68d2ca5a6f813c5aa820c74cf5c9ce2e_16939""",1
2025-03-28T06:26:37.457Z,0,rayyan@rayyan.ai,153485194,"""__SYSTEM__SAMPLE__68d2ca5a6f813c5aa820c74cf5c9ce2e_16939""",1
2025-03-28T06:26:37.496Z,0,rayyan@rayyan.ai,153485968,"""__SYSTEM__SAMPLE__68d2ca5a6f813c5aa820c74cf5c9ce2e_16939""",1
2025-03-28T06:26:37.496Z,0,rayyan@rayyan.ai,153485961,"""__SYSTEM__SAMPLE__68d2ca5a6f813c5aa820c74cf5c9ce2e_16939""",1
2025-03-28T06:26:37.496Z,0,rayyan@rayyan.ai,153486768,"""__SYSTEM__SAMPLE__68d2ca5a6f813c5aa820c74cf5c9ce2e_16939""",1
2025-03-28T06:26:37.496Z,0,rayyan@rayyan.ai,83177596,"""__SYSTEM__SAMPLE__68d2ca5a6f813c5aa820c74cf5c9ce2e_16939""",1
2025-03-28T06:26:37.496Z,0,rayyan@rayyan.ai,153487037,"""__SYSTEM__SAMPLE__68d2ca5a6f813c5aa820c74cf5c9ce2e_16939""",1
2025-03-28T06:26:37.496Z,0,rayyan@rayyan.ai,153485958,"""__SYSTEM__SAMPLE__68d2ca5a6f813c5aa820c74cf5c9ce2e_16939""",1
2025-03-28T06:26:37.496Z,0,rayyan@rayyan.ai,153486188,"""__SYSTEM__SAMPLE__68d2ca5a6f813c5aa820c74cf5c9ce2e_16939""",1
2025-03-28T06:26:37.532Z,0,rayyan@rayyan.ai,153486139,"""__SYSTEM__SAMPLE__68d2ca5a6f813c5aa820c74cf5c9ce2e_16939""",1
2025-03-28T06:26:37.532Z,0,rayyan@rayyan.ai,153486238,"""__SYSTEM__SAMPLE__68d2ca5a6f813c5aa820c74cf5c9ce2e_16939""",1
2025-03-28T06:26:37.532Z,0,rayyan@rayyan.ai,83178016,"""__SYSTEM__SAMPLE__68d2ca5a6f813c5aa820c74cf5c9ce2e_16939""",1
2025-03-28T06:26:37.532Z,0,rayyan@rayyan.ai,83177775,"""__SYSTEM__SAMPLE__68d2ca5a6f813c5aa820c74cf5c9ce2e_16939""",1
2025-03-28T06:26:37.570Z,0,rayyan@rayyan.ai,153486501,"""__SYSTEM__SAMPLE__68d2ca5a6f813c5aa820c74cf5c9ce2e_16939""",1
2025-03-28T06:26:37.570Z,0,rayyan@rayyan.ai,153486094,"""__SYSTEM__SAMPLE__68d2ca5a6f813c5aa820c74cf5c9ce2e_16939""",1
2025-03-28T06:26:37.570Z,0,rayyan@rayyan.ai,153486294,"""__SYSTEM__SAMPLE__68d2ca5a6f813c5aa820c74cf5c9ce2e_16939""",1
2025-03-28T06:26:37.570Z,0,rayyan@rayyan.ai,153487189,"""__SYSTEM__SAMPLE__68d2ca5a6f813c5aa820c74cf5c9ce2e_16939""",1
2025-03-28T06:26:37.570Z,0,rayyan@rayyan.ai,153486958,"""__SYSTEM__SAMPLE__68d2ca5a6f813c5aa820c74cf5c9ce2e_16939""",1
2025-03-28T06:26:37.570Z,0,rayyan@rayyan.ai,153486860,"""__SYSTEM__SAMPLE__68d2ca5a6f813c5aa820c74cf5c9ce2e_16939""",1
2025-03-28T06:26:37.570Z,0,rayyan@rayyan.ai,153486936,"""__SYSTEM__SAMPLE__68d2ca5a6f813c5aa820c74cf5c9ce2e_16939""",1
2025-03-28T06:26:37.607Z,0,rayyan@rayyan.ai,153486338,"""__SYSTEM__SAMPLE__68d2ca5a6f813c5aa820c74cf5c9ce2e_16939""",1
2025-03-28T06:26:37.607Z,0,rayyan@rayyan.ai,153486225,"""__SYSTEM__SAMPLE__68d2ca5a6f813c5aa820c74cf5c9ce2e_16939""",1
2025-03-28T06:26:37.607Z,0,rayyan@rayyan.ai,153487023,"""__SYSTEM__SAMPLE__68d2ca5a6f813c5aa820c74cf5c9ce2e_16939""",1
2025-03-28T06:26:37.607Z,0,rayyan@rayyan.ai,153487002,"""__SYSTEM__SAMPLE__68d2ca5a6f813c5aa820c74cf5c9ce2e_16939""",1
2025-03-28T06:26:37.645Z,0,rayyan@rayyan.ai,83177831,"""__SYSTEM__SAMPLE__68d2ca5a6f813c5aa820c74cf5c9ce2e_16939""",1
2025-03-28T06:26:37.645Z,0,rayyan@rayyan.ai,153486001,"""__SYSTEM__SAMPLE__68d2ca5a6f813c5aa820c74cf5c9ce2e_16939""",1
2025-03-28T06:26:37.645Z,0,rayyan@rayyan.ai,153486910,"""__SYSTEM__SAMPLE__68d2ca5a6f813c5aa820c74cf5c9ce2e_16939""",1
2025-03-28T06:26:37.645Z,0,rayyan@rayyan.ai,83178026,"""__SYSTEM__SAMPLE__68d2ca5a6f813c5aa820c74cf5c9ce2e_16939""",1
2025-03-28T12:09:16.436Z,793585,c.matos@hull.ac.uk,83177671,included,1
2025-03-28T12:14:42.876Z,793585,c.matos@hull.ac.uk,83177696,"""__EXR__not about conservation""",1
2025-03-28T12:14:42.899Z,793585,c.matos@hull.ac.uk,83177696,included,-1
2025-03-28T12:35:51.674Z,793585,c.matos@hull.ac.uk,83177931,included,1
2025-03-28T12:49:28.568Z,793585,c.matos@hull.ac.uk,83178016,included,1
2025-03-28T12:50:17.350Z,793585,c.matos@hull.ac.uk,153485135,"""__EXR__not about conservation""",1
2025-03-28T12:50:17.376Z,793585,c.matos@hull.ac.uk,153485135,included,-1
2025-03-30T04:58:15.333Z,793580,valentin.moser@wsl.ch,83178026,included,1
2025-03-30T14:19:17.732Z,793580,valentin.moser@wsl.ch,153486534,included,1
2025-03-30T14:39:49.153Z,793580,valentin.moser@wsl.ch,153486507,"""__EXR__Not about evidence use""",1
2025-03-30T14:39:49.171Z,793580,valentin.moser@wsl.ch,153486507,included,-1
2025-03-30T14:40:02.105Z,793580,valentin.moser@wsl.ch,153486519,included,1
2025-03-30T14:46:56.169Z,793580,valentin.moser@wsl.ch,153486885,"""__EXR__Not about evidence use""",1
2025-03-30T14:46:56.186Z,793580,valentin.moser@wsl.ch,153486885,included,-1
2025-03-30T14:49:28.035Z,793580,valentin.moser@wsl.ch,153487010,"""__EXR__Not about evidence use""",1
2025-03-30T14:49:28.054Z,793580,valentin.moser@wsl.ch,153487010,included,-1
2025-03-31T09:48:53.895Z,809822,tltk2@cam.ac.uk,153486969,"""__EXR__Not about policy or practice""",1
2025-03-31T09:48:53.916Z,809822,tltk2@cam.ac.uk,153486969,included,-1
2025-03-31T09:50:35.511Z,809822,tltk2@cam.ac.uk,153486973,"""__EXR__Not about conservation""",1
2025-03-31T09:50:35.529Z,809822,tltk2@cam.ac.uk,153486973,included,-1
2025-03-31T16:40:38.333Z,793585,c.matos@hull.ac.uk,153485851,"""__EXR__Not about factors that influence evidence use""",1
2025-03-31T16:40:38.346Z,793585,c.matos@hull.ac.uk,153485851,included,-1
2025-03-31T16:41:03.111Z,793585,c.matos@hull.ac.uk,153485851,included,0
2025-03-31T16:41:10.896Z,793585,c.matos@hull.ac.uk,153485851,"""__EXR__Not about factors that influence evidence use""",deleted
2025-04-01T13:38:48.623Z,0,rayyan@rayyan.ai,153487002,"""__SYSTEM__SAMPLE__f4a00ea4025167ff6070212d6244523a_17119""",1
2025-04-01T13:38:48.874Z,0,rayyan@rayyan.ai,153485968,"""__SYSTEM__SAMPLE__f4a00ea4025167ff6070212d6244523a_17119""",1
2025-04-01T13:38:49.359Z,0,rayyan@rayyan.ai,153485760,"""__SYSTEM__SAMPLE__f4a00ea4025167ff6070212d6244523a_17119""",1
2025-04-01T13:38:50.508Z,0,rayyan@rayyan.ai,153486338,"""__SYSTEM__SAMPLE__f4a00ea4025167ff6070212d6244523a_17119""",1
2025-04-01T13:38:50.588Z,0,rayyan@rayyan.ai,83177671,"""__SYSTEM__SAMPLE__f4a00ea4025167ff6070212d6244523a_17119""",1
2025-04-01T13:38:50.668Z,0,rayyan@rayyan.ai,153486885,"""__SYSTEM__SAMPLE__f4a00ea4025167ff6070212d6244523a_17119""",1
2025-04-01T13:38:50.668Z,0,rayyan@rayyan.ai,153487059,"""__SYSTEM__SAMPLE__f4a00ea4025167ff6070212d6244523a_17119""",1
2025-04-01T13:38:51.839Z,0,rayyan@rayyan.ai,153485702,"""__SYSTEM__SAMPLE__f4a00ea4025167ff6070212d6244523a_17119""",1
2025-04-01T14:38:15.952Z,817493,sarah.luke@nottingham.ac.uk,83177660,"""__EXR__Not about conservation""",1
2025-04-01T14:38:15.966Z,817493,sarah.luke@nottingham.ac.uk,83177660,included,-1
2025-04-01T15:33:04.954Z,817493,sarah.luke@nottingham.ac.uk,153485675,"""__EXR__Not about factors that influence evidence use""",1
2025-04-01T15:33:04.996Z,817493,sarah.luke@nottingham.ac.uk,153485675,included,-1
2025-04-02T08:52:42.956Z,793586,ake@ceh.ac.uk,153485760,"""__EXR__Not about conservation""",1
2025-04-02T08:52:42.977Z,793586,ake@ceh.ac.uk,153485760,included,-1
2025-04-02T13:39:45.142Z,448594,phil.martin.research@gmail.com,83178026,"""Check valentin's papers""",1
2025-04-02T13:39:45.574Z,448594,phil.martin.research@gmail.com,153486507,"""Check valentin's papers""",1
2025-04-02T13:39:45.574Z,448594,phil.martin.research@gmail.com,153486519,"""Check valentin's papers""",1
2025-04-02T13:39:45.574Z,448594,phil.martin.research@gmail.com,153486534,"""Check valentin's papers""",1
2025-04-02T13:39:45.574Z,448594,phil.martin.research@gmail.com,153486885,"""Check valentin's papers""",1
2025-04-02T13:39:45.574Z,448594,phil.martin.research@gmail.com,153487010,"""Check valentin's papers""",1
2025-04-02T13:40:04.597Z,448594,phil.martin.research@gmail.com,83178026,"""Check valentin's papers""",1
2025-04-02T13:40:04.597Z,448594,phil.martin.research@gmail.com,153486519,"""Check valentin's papers""",1
2025-04-02T13:40:04.597Z,448594,phil.martin.research@gmail.com,153486534,"""Check valentin's papers""",1
2025-04-02T13:41:26.286Z,448594,phil.martin.research@gmail.com,83178026,"""Check Valentin's papers""",1
2025-04-02T13:41:26.286Z,448594,phil.martin.research@gmail.com,83178026,"""Check Valentin's papers - new""",1
2025-04-02T13:41:27.015Z,448594,phil.martin.research@gmail.com,153486507,"""Check Valentin's papers""",1
2025-04-02T13:41:27.015Z,448594,phil.martin.research@gmail.com,153486507,"""Check Valentin's papers - new""",1
2025-04-02T13:41:27.015Z,448594,phil.martin.research@gmail.com,153486519,"""Check Valentin's papers""",1
2025-04-02T13:41:27.015Z,448594,phil.martin.research@gmail.com,153486519,"""Check Valentin's papers - new""",1
2025-04-02T13:41:27.015Z,448594,phil.martin.research@gmail.com,153486534,"""Check Valentin's papers""",1
2025-04-02T13:41:27.015Z,448594,phil.martin.research@gmail.com,153486534,"""Check Valentin's papers - new""",1
2025-04-02T13:41:27.065Z,448594,phil.martin.research@gmail.com,153486885,"""Check Valentin's papers""",1
2025-04-02T13:41:27.065Z,448594,phil.martin.research@gmail.com,153486885,"""Check Valentin's papers - new""",1
2025-04-02T13:41:27.065Z,448594,phil.martin.research@gmail.com,153487010,"""Check Valentin's papers""",1
2025-04-02T13:41:27.065Z,448594,phil.martin.research@gmail.com,153487010,"""Check Valentin's papers - new""",1
2025-04-02T13:41:43.596Z,448594,phil.martin.research@gmail.com,83178026,"""Check Valentin's papers""",deleted
2025-04-02T13:41:43.596Z,448594,phil.martin.research@gmail.com,83178026,"""Check valentin's papers""",deleted
2025-04-02T13:41:43.696Z,448594,phil.martin.research@gmail.com,153486507,"""Check Valentin's papers""",deleted
2025-04-02T13:41:43.696Z,448594,phil.martin.research@gmail.com,153486507,"""Check valentin's papers""",deleted
2025-04-02T13:41:43.696Z,448594,phil.martin.research@gmail.com,153486519,"""Check Valentin's papers""",deleted
2025-04-02T13:41:43.696Z,448594,phil.martin.research@gmail.com,153486519,"""Check valentin's papers""",deleted
2025-04-02T13:41:43.696Z,448594,phil.martin.research@gmail.com,153486534,"""Check Valentin's papers""",deleted
2025-04-02T13:41:43.696Z,448594,phil.martin.research@gmail.com,153486534,"""Check valentin's papers""",deleted
2025-04-02T13:41:43.741Z,448594,phil.martin.research@gmail.com,153486885,"""Check Valentin's papers""",deleted
2025-04-02T13:41:43.741Z,448594,phil.martin.research@gmail.com,153486885,"""Check valentin's papers""",deleted
2025-04-02T13:41:43.741Z,448594,phil.martin.research@gmail.com,153487010,"""Check Valentin's papers""",deleted
2025-04-02T13:41:43.741Z,448594,phil.martin.research@gmail.com,153487010,"""Check valentin's papers""",deleted
2025-04-02T13:43:11.952Z,448594,phil.martin.research@gmail.com,83178026,"""Check Valentin's papers - new""",deleted
2025-04-02T13:43:12.050Z,448594,phil.martin.research@gmail.com,153486507,"""Check Valentin's papers - new""",deleted
2025-04-02T13:43:12.050Z,448594,phil.martin.research@gmail.com,153486519,"""Check Valentin's papers - new""",deleted
2025-04-02T13:43:12.050Z,448594,phil.martin.research@gmail.com,153486534,"""Check Valentin's papers - new""",deleted
2025-04-02T13:43:12.050Z,448594,phil.martin.research@gmail.com,153486885,"""Check Valentin's papers - new""",deleted
2025-04-02T13:43:12.050Z,448594,phil.martin.research@gmail.com,153487010,"""Check Valentin's papers - new""",deleted
2025-04-02T13:44:19.008Z,448594,phil.martin.research@gmail.com,83178026,"""To check - Valentin""",1
2025-04-02T13:44:19.147Z,448594,phil.martin.research@gmail.com,153486507,"""To check - Valentin""",1
2025-04-02T13:44:19.147Z,448594,phil.martin.research@gmail.com,153486519,"""To check - Valentin""",1
2025-04-02T13:44:19.147Z,448594,phil.martin.research@gmail.com,153486534,"""To check - Valentin""",1
2025-04-02T13:44:19.147Z,448594,phil.martin.research@gmail.com,153486885,"""To check - Valentin""",1
2025-04-02T13:44:19.147Z,448594,phil.martin.research@gmail.com,153487010,"""To check - Valentin""",1
2025-04-02T13:44:19.147Z,448594,phil.martin.research@gmail.com,153487037,"""To check - Valentin""",1
2025-04-02T13:44:19.179Z,448594,phil.martin.research@gmail.com,153487252,"""To check - Valentin""",1
2025-04-02T13:45:23.738Z,448594,phil.martin.research@gmail.com,83178026,"""To check - Valentin""",deleted
2025-04-02T13:45:23.946Z,448594,phil.martin.research@gmail.com,153486507,"""To check - Valentin""",deleted
2025-04-02T13:45:23.946Z,448594,phil.martin.research@gmail.com,153486519,"""To check - Valentin""",deleted
2025-04-02T13:45:23.946Z,448594,phil.martin.research@gmail.com,153486534,"""To check - Valentin""",deleted
2025-04-02T13:45:23.946Z,448594,phil.martin.research@gmail.com,153486885,"""To check - Valentin""",deleted
2025-04-02T13:45:23.946Z,448594,phil.martin.research@gmail.com,153487010,"""To check - Valentin""",deleted
2025-04-02T13:45:23.946Z,448594,phil.martin.research@gmail.com,153487037,"""To check - Valentin""",deleted
2025-04-02T13:45:23.978Z,448594,phil.martin.research@gmail.com,153487252,"""To check - Valentin""",deleted
2025-04-02T13:46:10.586Z,448594,phil.martin.research@gmail.com,83178026,"""To check - Valentin""",1
2025-04-02T13:46:10.724Z,448594,phil.martin.research@gmail.com,153486507,"""To check - Valentin""",1
2025-04-02T13:46:10.724Z,448594,phil.martin.research@gmail.com,153486519,"""To check - Valentin""",1
2025-04-02T13:46:10.724Z,448594,phil.martin.research@gmail.com,153486534,"""To check - Valentin""",1
2025-04-02T13:46:10.724Z,448594,phil.martin.research@gmail.com,153486885,"""To check - Valentin""",1
2025-04-02T13:46:10.724Z,448594,phil.martin.research@gmail.com,153487010,"""To check - Valentin""",1
2025-04-02T13:46:10.724Z,448594,phil.martin.research@gmail.com,153487037,"""To check - Valentin""",1
2025-04-02T13:46:10.767Z,448594,phil.martin.research@gmail.com,153487252,"""To check - Valentin""",1
2025-04-02T13:51:06.536Z,448594,phil.martin.research@gmail.com,83178026,"""To check - Valentin""",deleted
2025-04-02T13:51:06.691Z,448594,phil.martin.research@gmail.com,153486507,"""To check - Valentin""",deleted
2025-04-02T13:51:06.691Z,448594,phil.martin.research@gmail.com,153486519,"""To check - Valentin""",deleted
2025-04-02T13:51:06.691Z,448594,phil.martin.research@gmail.com,153486534,"""To check - Valentin""",deleted
2025-04-02T13:51:06.691Z,448594,phil.martin.research@gmail.com,153486885,"""To check - Valentin""",deleted
2025-04-02T13:51:06.691Z,448594,phil.martin.research@gmail.com,153487010,"""To check - Valentin""",deleted
2025-04-02T13:51:06.691Z,448594,phil.martin.research@gmail.com,153487037,"""To check - Valentin""",deleted
2025-04-02T13:51:06.742Z,448594,phil.martin.research@gmail.com,153487252,"""To check - Valentin""",deleted
2025-04-02T14:03:52.316Z,793585,c.matos@hull.ac.uk,153485675,included,1
2025-04-03T16:11:21.872Z,793585,c.matos@hull.ac.uk,153485938,"""__EXR__Not about factors that influence evidence use""",1
2025-04-03T16:11:21.886Z,793585,c.matos@hull.ac.uk,153485938,included,-1
2025-04-03T16:13:19.568Z,793585,c.matos@hull.ac.uk,153485955,"""__EXR__Not about factors that influence evidence use""",1
2025-04-03T16:13:19.586Z,793585,c.matos@hull.ac.uk,153485955,included,-1
2025-04-04T08:13:43.318Z,448594,phil.martin.research@gmail.com,153486507,"""Valentin - to check""",1
2025-04-04T08:13:43.318Z,448594,phil.martin.research@gmail.com,153486885,"""Valentin - to check""",1
2025-04-04T08:13:43.318Z,448594,phil.martin.research@gmail.com,153487010,"""Valentin - to check""",1
2025-04-04T08:14:20.064Z,448594,phil.martin.research@gmail.com,83178026,"""Valentin - to check""",1
2025-04-04T08:14:20.064Z,448594,phil.martin.research@gmail.com,153486519,"""Valentin - to check""",1
2025-04-04T08:14:20.064Z,448594,phil.martin.research@gmail.com,153486534,"""Valentin - to check""",1
2025-04-04T08:29:20.405Z,448594,phil.martin.research@gmail.com,153486519,included,1
2025-04-04T08:48:22.945Z,448594,phil.martin.research@gmail.com,153486507,included,1
2025-04-04T09:14:42.264Z,448594,phil.martin.research@gmail.com,153486534,included,1
2025-04-04T09:43:30.198Z,448594,phil.martin.research@gmail.com,153487010,"""__EXR__Not about Evidence use""",1
2025-04-04T09:43:30.209Z,448594,phil.martin.research@gmail.com,153487010,included,-1
2025-04-04T09:50:00.902Z,448594,phil.martin.research@gmail.com,83178026,included,1
2025-04-04T09:55:48.947Z,448594,phil.martin.research@gmail.com,153486885,"""__EXR__Not about conservation""",1
2025-04-04T09:55:48.959Z,448594,phil.martin.research@gmail.com,153486885,included,-1
2025-04-04T10:20:59.546Z,448594,phil.martin.research@gmail.com,83177671,"""Catia - to check""",1
2025-04-04T10:20:59.546Z,448594,phil.martin.research@gmail.com,83177931,"""Catia - to check""",1
2025-04-04T10:20:59.546Z,448594,phil.martin.research@gmail.com,83178016,"""Catia - to check""",1
2025-04-04T10:20:59.546Z,448594,phil.martin.research@gmail.com,153485675,"""Catia - to check""",1
2025-04-04T10:21:14.934Z,448594,phil.martin.research@gmail.com,153485851,"""Catia - to check""",1
2025-04-04T10:21:32.943Z,448594,phil.martin.research@gmail.com,83177696,"""Catia - to check""",1
2025-04-04T10:21:32.943Z,448594,phil.martin.research@gmail.com,153485135,"""Catia - to check""",1
2025-04-04T10:21:33.200Z,448594,phil.martin.research@gmail.com,153485938,"""Catia - to check""",1
2025-04-04T10:21:33.200Z,448594,phil.martin.research@gmail.com,153485955,"""Catia - to check""",1
2025-04-04T10:35:09.455Z,448594,phil.martin.research@gmail.com,83177931,included,1
2025-04-04T12:05:46.893Z,448594,phil.martin.research@gmail.com,83177671,"""__EXR__Not about conservation""",1
2025-04-04T12:05:46.941Z,448594,phil.martin.research@gmail.com,83177671,included,-1
2025-04-04T12:08:16.465Z,448594,phil.martin.research@gmail.com,153485955,"""__EXR__Not about policy or practice""",1
2025-04-04T12:08:16.486Z,448594,phil.martin.research@gmail.com,153485955,included,-1
2025-04-04T12:11:49.091Z,448594,phil.martin.research@gmail.com,153485135,"""__EXR__Not about conservation""",1
2025-04-04T12:11:49.108Z,448594,phil.martin.research@gmail.com,153485135,included,-1
2025-04-04T12:19:35.196Z,448594,phil.martin.research@gmail.com,83177696,"""__EXR__Not about Evidence use""",1
2025-04-04T12:19:35.209Z,448594,phil.martin.research@gmail.com,83177696,included,-1
2025-04-04T12:21:15.744Z,448594,phil.martin.research@gmail.com,83178016,"""__EXR__Not about conservation""",1
2025-04-04T12:21:15.763Z,448594,phil.martin.research@gmail.com,83178016,included,-1
2025-04-04T12:24:46.997Z,448594,phil.martin.research@gmail.com,153485675,"""__EXR__Not about conservation""",1
2025-04-04T12:24:47.023Z,448594,phil.martin.research@gmail.com,153485675,included,-1
2025-04-04T12:25:09.727Z,448594,phil.martin.research@gmail.com,153485851,"""__EXR__Not about conservation""",1
2025-04-04T12:25:09.743Z,448594,phil.martin.research@gmail.com,153485851,included,-1
2025-04-04T12:25:54.535Z,448594,phil.martin.research@gmail.com,153485938,"""__EXR__Not about policy or practice""",1
2025-04-04T12:25:54.547Z,448594,phil.martin.research@gmail.com,153485938,included,-1
2025-04-04T12:30:43.931Z,448594,phil.martin.research@gmail.com,83177671,included,1
2025-04-05T12:05:49.812Z,809970,ib451@cam.ac.uk,83177596,included,-1
2025-04-05T12:06:36.345Z,809970,ib451@cam.ac.uk,83177660,included,-1
2025-04-05T12:09:32.347Z,809970,ib451@cam.ac.uk,83177671,included,1
2025-04-05T12:14:19.826Z,809970,ib451@cam.ac.uk,83177696,included,-1
2025-04-05T12:14:29.542Z,809970,ib451@cam.ac.uk,83177596,included,-1
2025-04-05T12:14:44.501Z,809970,ib451@cam.ac.uk,83177660,"""__EXR__Not about conservation""",1
2025-04-05T12:14:44.512Z,809970,ib451@cam.ac.uk,83177660,included,-1
2025-04-05T12:14:55.359Z,809970,ib451@cam.ac.uk,83177596,"""__EXR__Not about conservation""",1
2025-04-05T12:14:55.376Z,809970,ib451@cam.ac.uk,83177596,included,-1
2025-04-05T12:15:09.980Z,809970,ib451@cam.ac.uk,83177696,"""__EXR__Not about conservation""",1
2025-04-05T12:15:09.990Z,809970,ib451@cam.ac.uk,83177696,included,-1
2025-04-05T12:16:53.351Z,809970,ib451@cam.ac.uk,83177773,included,1
2025-04-05T12:21:59.086Z,809970,ib451@cam.ac.uk,83177831,"""__EXR__Not about conservation""",1
2025-04-05T12:21:59.106Z,809970,ib451@cam.ac.uk,83177831,included,-1
2025-04-05T12:28:22.212Z,809970,ib451@cam.ac.uk,83177931,included,1
2025-04-05T12:34:08.582Z,809970,ib451@cam.ac.uk,83177945,note-11765269,1
2025-04-05T12:34:08.953Z,809970,ib451@cam.ac.uk,83177945,included,0
2025-04-05T12:38:14.751Z,809970,ib451@cam.ac.uk,83177775,note-11765340,1
2025-04-05T12:38:14.793Z,809970,ib451@cam.ac.uk,83177775,included,1
2025-04-05T12:47:59.054Z,809970,ib451@cam.ac.uk,83178001,included,1
2025-04-05T12:47:59.066Z,809970,ib451@cam.ac.uk,83178001,note-11765445,1
2025-04-05T12:49:27.727Z,809970,ib451@cam.ac.uk,83178016,"""__EXR__Not about factors that influence evidence use""",1
2025-04-05T12:49:27.744Z,809970,ib451@cam.ac.uk,83178016,included,-1
2025-04-05T12:50:30.961Z,809970,ib451@cam.ac.uk,83178026,"""__EXR__Not about factors that influence evidence use""",1
2025-04-05T12:50:30.975Z,809970,ib451@cam.ac.uk,83178026,included,-1
2025-04-05T12:51:01.515Z,809970,ib451@cam.ac.uk,153485135,"""__EXR__Not about conservation""",1
2025-04-05T12:51:01.530Z,809970,ib451@cam.ac.uk,153485135,included,-1
2025-04-05T12:51:17.728Z,809970,ib451@cam.ac.uk,153485194,"""__EXR__Not about conservation""",1
2025-04-05T12:51:17.745Z,809970,ib451@cam.ac.uk,153485194,included,-1
2025-04-05T12:52:23.577Z,809970,ib451@cam.ac.uk,153485242,"""__EXR__Not about factors that influence evidence use""",1
2025-04-05T12:52:23.590Z,809970,ib451@cam.ac.uk,153485242,included,-1
2025-04-05T12:53:09.868Z,809970,ib451@cam.ac.uk,153485244,"""__EXR__Not about conservation""",1
2025-04-05T12:53:09.889Z,809970,ib451@cam.ac.uk,153485244,included,-1
2025-04-05T12:58:50.620Z,809970,ib451@cam.ac.uk,153485267,note-11765602,1
2025-04-05T12:58:50.795Z,809970,ib451@cam.ac.uk,153485267,included,0
2025-04-05T13:02:20.463Z,809970,ib451@cam.ac.uk,153485314,"""__EXR__Not about Evidence use""",1
2025-04-05T13:02:20.483Z,809970,ib451@cam.ac.uk,153485314,included,-1
2025-04-05T13:04:19.830Z,809970,ib451@cam.ac.uk,153485403,"""__EXR__Not about conservation""",1
2025-04-05T13:04:19.848Z,809970,ib451@cam.ac.uk,153485403,included,-1
2025-04-05T13:04:38.086Z,809970,ib451@cam.ac.uk,153485403,note-11765682,1
2025-04-05T13:05:58.660Z,809970,ib451@cam.ac.uk,153485675,"""__EXR__Not about conservation""",1
2025-04-05T13:05:58.677Z,809970,ib451@cam.ac.uk,153485675,included,-1
2025-04-05T13:09:40.347Z,809970,ib451@cam.ac.uk,153485702,"""__EXR__Not about factors that influence evidence use""",1
2025-04-05T13:09:40.359Z,809970,ib451@cam.ac.uk,153485702,included,-1
2025-04-05T13:10:10.625Z,809970,ib451@cam.ac.uk,153485760,"""__EXR__Not about Evidence use""",1
2025-04-05T13:10:10.640Z,809970,ib451@cam.ac.uk,153485760,included,-1
2025-04-05T13:11:16.216Z,809970,ib451@cam.ac.uk,153485822,"""__EXR__Not about Evidence use""",1
2025-04-05T13:11:16.235Z,809970,ib451@cam.ac.uk,153485822,included,-1
2025-04-05T13:12:26.680Z,809970,ib451@cam.ac.uk,153485835,"""__EXR__Not about Evidence use""",1
2025-04-05T13:12:26.704Z,809970,ib451@cam.ac.uk,153485835,included,-1
2025-04-05T13:13:41.690Z,809970,ib451@cam.ac.uk,153485841,"""__EXR__Not about factors that influence evidence use""",1
2025-04-05T13:13:41.706Z,809970,ib451@cam.ac.uk,153485841,included,-1
2025-04-05T13:15:15.516Z,809970,ib451@cam.ac.uk,153485851,"""__EXR__Not about factors that influence evidence use""",1
2025-04-05T13:15:15.528Z,809970,ib451@cam.ac.uk,153485851,included,-1
2025-04-05T13:15:32.351Z,809970,ib451@cam.ac.uk,153485871,"""__EXR__Not about conservation""",1
2025-04-05T13:15:32.365Z,809970,ib451@cam.ac.uk,153485871,included,-1
2025-04-05T13:15:32.384Z,809970,ib451@cam.ac.uk,153485871,"""__EXR__Not about Evidence use""",deleted
2025-04-05T13:17:34.472Z,809970,ib451@cam.ac.uk,153485938,"""__EXR__Not about factors that influence evidence use""",1
2025-04-05T13:17:34.487Z,809970,ib451@cam.ac.uk,153485938,included,-1
2025-04-05T13:18:00.976Z,809970,ib451@cam.ac.uk,153485955,"""__EXR__Not about conservation""",1
2025-04-05T13:18:00.991Z,809970,ib451@cam.ac.uk,153485955,included,-1
2025-04-05T13:18:32.688Z,809970,ib451@cam.ac.uk,153485958,"""__EXR__Not about conservation""",1
2025-04-05T13:18:32.707Z,809970,ib451@cam.ac.uk,153485958,included,-1
2025-04-05T13:19:42.889Z,809970,ib451@cam.ac.uk,153485961,"""__EXR__Not about Evidence use""",1
2025-04-05T13:19:42.903Z,809970,ib451@cam.ac.uk,153485961,included,-1
2025-04-05T13:19:57.762Z,809970,ib451@cam.ac.uk,153485968,"""__EXR__Not about Evidence use""",1
2025-04-05T13:19:57.777Z,809970,ib451@cam.ac.uk,153485968,included,-1
2025-04-05T13:20:37.204Z,809970,ib451@cam.ac.uk,153486001,"""__EXR__Not about Evidence use""",1
2025-04-05T13:20:37.220Z,809970,ib451@cam.ac.uk,153486001,included,-1
2025-04-05T13:21:00.945Z,809970,ib451@cam.ac.uk,153486003,"""__EXR__Not about conservation""",1
2025-04-05T13:21:00.961Z,809970,ib451@cam.ac.uk,153486003,included,-1
2025-04-05T13:21:32.395Z,809970,ib451@cam.ac.uk,153486016,"""__EXR__Not about Evidence use""",1
2025-04-05T13:21:32.410Z,809970,ib451@cam.ac.uk,153486016,included,-1
2025-04-05T13:22:11.278Z,809970,ib451@cam.ac.uk,153486040,"""__EXR__Not about conservation""",1
2025-04-05T13:22:11.290Z,809970,ib451@cam.ac.uk,153486040,included,-1
2025-04-05T13:23:00.549Z,809970,ib451@cam.ac.uk,153486064,"""__EXR__Not about Evidence use""",1
2025-04-05T13:23:00.565Z,809970,ib451@cam.ac.uk,153486064,included,-1
2025-04-05T13:23:29.751Z,809970,ib451@cam.ac.uk,153486094,"""__EXR__Not about Evidence use""",1
2025-04-05T13:23:29.766Z,809970,ib451@cam.ac.uk,153486094,included,-1
2025-04-05T13:23:50.381Z,809970,ib451@cam.ac.uk,153486112,"""__EXR__Not about conservation""",1
2025-04-05T13:23:50.401Z,809970,ib451@cam.ac.uk,153486112,included,-1
2025-04-06T12:41:58.461Z,809970,ib451@cam.ac.uk,153486139,"""__EXR__Not about Evidence use""",1
2025-04-06T12:41:58.521Z,809970,ib451@cam.ac.uk,153486139,included,-1
2025-04-06T12:43:25.668Z,809970,ib451@cam.ac.uk,153486144,"""__EXR__Not about Evidence use""",1
2025-04-06T12:43:25.690Z,809970,ib451@cam.ac.uk,153486144,included,-1
2025-04-06T12:43:56.083Z,809970,ib451@cam.ac.uk,153486152,"""__EXR__Not about Evidence use""",1
2025-04-06T12:43:56.107Z,809970,ib451@cam.ac.uk,153486152,included,-1
2025-04-06T12:44:14.330Z,809970,ib451@cam.ac.uk,153486171,"""__EXR__Not about conservation""",1
2025-04-06T12:44:14.352Z,809970,ib451@cam.ac.uk,153486171,included,-1
2025-04-06T12:44:58.331Z,809970,ib451@cam.ac.uk,153486188,"""__EXR__Not about Evidence use""",1
2025-04-06T12:44:58.347Z,809970,ib451@cam.ac.uk,153486188,included,-1
2025-04-06T12:46:29.689Z,809970,ib451@cam.ac.uk,153486225,"""__EXR__Not about Evidence use""",1
2025-04-06T12:46:29.707Z,809970,ib451@cam.ac.uk,153486225,included,-1
2025-04-06T12:49:04.506Z,809970,ib451@cam.ac.uk,153486238,"""__EXR__Not about factors that influence evidence use""",1
2025-04-06T12:49:04.524Z,809970,ib451@cam.ac.uk,153486238,included,-1
2025-04-06T12:49:33.399Z,809970,ib451@cam.ac.uk,153486294,"""__EXR__Not about conservation""",1
2025-04-06T12:49:33.417Z,809970,ib451@cam.ac.uk,153486294,included,-1
2025-04-06T12:49:56.128Z,809970,ib451@cam.ac.uk,153486322,"""__EXR__Not about conservation""",1
2025-04-06T12:49:56.146Z,809970,ib451@cam.ac.uk,153486322,included,-1
2025-04-06T12:51:08.154Z,809970,ib451@cam.ac.uk,153486327,"""__EXR__Not about Evidence use""",1
2025-04-06T12:51:08.172Z,809970,ib451@cam.ac.uk,153486327,included,-1
2025-04-06T12:52:43.206Z,809970,ib451@cam.ac.uk,153486338,"""__EXR__Not about Evidence use""",1
2025-04-06T12:52:43.226Z,809970,ib451@cam.ac.uk,153486338,included,-1
2025-04-06T12:53:42.192Z,809970,ib451@cam.ac.uk,153486339,"""__EXR__Not about Evidence use""",1
2025-04-06T12:53:42.210Z,809970,ib451@cam.ac.uk,153486339,included,-1
2025-04-06T12:58:46.767Z,809970,ib451@cam.ac.uk,153486355,"""__EXR__Not about Evidence use""",1
2025-04-06T12:58:46.783Z,809970,ib451@cam.ac.uk,153486355,included,-1
2025-04-06T13:00:10.342Z,809970,ib451@cam.ac.uk,153486359,"""__EXR__Not about Evidence use""",1
2025-04-06T13:00:10.360Z,809970,ib451@cam.ac.uk,153486359,included,-1
2025-04-06T13:01:06.175Z,809970,ib451@cam.ac.uk,153486400,"""__EXR__Not about Evidence use""",1
2025-04-06T13:01:06.189Z,809970,ib451@cam.ac.uk,153486400,included,-1
2025-04-06T13:01:26.027Z,809970,ib451@cam.ac.uk,153486406,"""__EXR__Not about Evidence use""",1
2025-04-06T13:01:26.049Z,809970,ib451@cam.ac.uk,153486406,included,-1
2025-04-06T13:02:41.446Z,809970,ib451@cam.ac.uk,153486431,included,1
2025-04-06T13:03:36.685Z,809970,ib451@cam.ac.uk,153486441,"""__EXR__Not about Evidence use""",1
2025-04-06T13:03:36.702Z,809970,ib451@cam.ac.uk,153486441,included,-1
2025-04-06T13:04:13.867Z,809970,ib451@cam.ac.uk,153486454,"""__EXR__Not about Evidence use""",1
2025-04-06T13:04:13.883Z,809970,ib451@cam.ac.uk,153486454,included,-1
2025-04-06T13:07:24.919Z,809970,ib451@cam.ac.uk,153486481,note-11784192,1
2025-04-06T13:07:24.944Z,809970,ib451@cam.ac.uk,153486481,included,0
2025-04-06T13:11:40.415Z,809970,ib451@cam.ac.uk,153486485,"""__EXR__Not about Evidence use""",1
2025-04-06T13:11:40.433Z,809970,ib451@cam.ac.uk,153486485,included,-1
2025-04-06T13:12:10.359Z,809970,ib451@cam.ac.uk,153486501,"""__EXR__Not about Evidence use""",1
2025-04-06T13:12:10.376Z,809970,ib451@cam.ac.uk,153486501,included,-1
2025-04-06T13:15:15.458Z,809970,ib451@cam.ac.uk,153486507,note-11784341,1
2025-04-06T13:15:15.722Z,809970,ib451@cam.ac.uk,153486507,included,0
2025-04-06T13:16:18.477Z,809970,ib451@cam.ac.uk,153486519,included,1
2025-04-06T13:18:09.765Z,809970,ib451@cam.ac.uk,153486534,included,1
2025-04-06T13:19:11.376Z,809970,ib451@cam.ac.uk,153486595,"""__EXR__Not about Evidence use""",1
2025-04-06T13:19:11.394Z,809970,ib451@cam.ac.uk,153486595,included,-1
2025-04-06T13:20:07.611Z,809970,ib451@cam.ac.uk,153486604,"""__EXR__Not about Evidence use""",1
2025-04-06T13:20:07.626Z,809970,ib451@cam.ac.uk,153486604,included,-1
2025-04-06T13:24:15.533Z,809970,ib451@cam.ac.uk,153486741,included,1
2025-04-06T13:27:48.624Z,809970,ib451@cam.ac.uk,153486768,note-11784514,1
2025-04-06T13:27:48.630Z,809970,ib451@cam.ac.uk,153486768,included,0
2025-04-06T13:28:41.994Z,809970,ib451@cam.ac.uk,153486792,"""__EXR__Not about Evidence use""",1
2025-04-06T13:28:42.033Z,809970,ib451@cam.ac.uk,153486792,included,-1
2025-04-06T13:29:25.393Z,809970,ib451@cam.ac.uk,153486816,"""__EXR__Not about Evidence use""",1
2025-04-06T13:29:25.412Z,809970,ib451@cam.ac.uk,153486816,included,-1
2025-04-06T13:30:23.537Z,809970,ib451@cam.ac.uk,153486823,"""__EXR__Not about conservation""",1
2025-04-06T13:30:23.552Z,809970,ib451@cam.ac.uk,153486823,included,-1
2025-04-06T13:35:36.367Z,809970,ib451@cam.ac.uk,153486849,note-11784612,1
2025-04-06T13:35:36.375Z,809970,ib451@cam.ac.uk,153486849,included,0
2025-04-06T13:36:38.857Z,809970,ib451@cam.ac.uk,153486860,"""__EXR__Not about Evidence use""",1
2025-04-06T13:36:38.875Z,809970,ib451@cam.ac.uk,153486860,included,-1
2025-04-06T13:38:47.151Z,809970,ib451@cam.ac.uk,153486885,"""__EXR__Not about factors that influence evidence use""",1
2025-04-06T13:38:47.168Z,809970,ib451@cam.ac.uk,153486885,included,-1
2025-04-06T13:38:47.181Z,809970,ib451@cam.ac.uk,153486885,"""__EXR__Not about Evidence use""",deleted
2025-04-06T13:39:09.829Z,809970,ib451@cam.ac.uk,153486910,"""__EXR__Not about conservation""",1
2025-04-06T13:39:09.846Z,809970,ib451@cam.ac.uk,153486910,included,-1
2025-04-06T13:39:48.785Z,809970,ib451@cam.ac.uk,153486936,"""__EXR__Not about Evidence use""",1
2025-04-06T13:39:48.803Z,809970,ib451@cam.ac.uk,153486936,included,-1
2025-04-06T13:40:53.002Z,809970,ib451@cam.ac.uk,153486958,"""__EXR__Not about Evidence use""",1
2025-04-06T13:40:53.020Z,809970,ib451@cam.ac.uk,153486958,included,-1
2025-04-06T13:41:46.785Z,809970,ib451@cam.ac.uk,153486969,"""__EXR__Not about Evidence use""",1
2025-04-06T13:41:46.801Z,809970,ib451@cam.ac.uk,153486969,included,-1
2025-04-06T13:42:57.427Z,809970,ib451@cam.ac.uk,153486973,"""__EXR__Not about Evidence use""",1
2025-04-06T13:42:57.442Z,809970,ib451@cam.ac.uk,153486973,included,-1
2025-04-06T13:43:40.081Z,809970,ib451@cam.ac.uk,153486978,"""__EXR__Not about Evidence use""",1
2025-04-06T13:43:40.098Z,809970,ib451@cam.ac.uk,153486978,included,-1
2025-04-06T13:43:40.113Z,809970,ib451@cam.ac.uk,153486978,"""__EXR__Not about conservation""",1
2025-04-06T13:43:40.123Z,809970,ib451@cam.ac.uk,153486978,included,-1
2025-04-06T13:50:09.648Z,809970,ib451@cam.ac.uk,153487002,included,0
2025-04-06T13:51:26.909Z,809970,ib451@cam.ac.uk,153487010,"""__EXR__Not about Evidence use""",1
2025-04-06T13:51:26.926Z,809970,ib451@cam.ac.uk,153487010,included,-1
2025-04-06T13:52:31.704Z,809970,ib451@cam.ac.uk,153487023,"""__EXR__Not about factors that influence evidence use""",1
2025-04-06T13:52:31.719Z,809970,ib451@cam.ac.uk,153487023,included,-1
2025-04-06T13:52:31.731Z,809970,ib451@cam.ac.uk,153487023,"""__EXR__Not about Evidence use""",deleted
2025-04-06T13:52:54.455Z,809970,ib451@cam.ac.uk,153487037,"""__EXR__Not about Evidence use""",1
2025-04-06T13:52:54.471Z,809970,ib451@cam.ac.uk,153487037,included,-1
2025-04-06T13:53:55.921Z,809970,ib451@cam.ac.uk,153487059,"""__EXR__Not about factors that influence evidence use""",1
2025-04-06T13:53:55.935Z,809970,ib451@cam.ac.uk,153487059,included,-1
2025-04-06T13:55:31.287Z,809970,ib451@cam.ac.uk,153487159,"""__EXR__Not about factors that influence evidence use""",1
2025-04-06T13:55:31.309Z,809970,ib451@cam.ac.uk,153487159,included,-1
2025-04-06T13:56:52.290Z,809970,ib451@cam.ac.uk,153487170,"""__EXR__Not about Evidence use""",1
2025-04-06T13:56:52.307Z,809970,ib451@cam.ac.uk,153487170,included,-1
2025-04-06T13:57:07.611Z,809970,ib451@cam.ac.uk,153487188,"""__EXR__Not about Evidence use""",1
2025-04-06T13:57:07.628Z,809970,ib451@cam.ac.uk,153487188,included,-1
2025-04-06T13:57:56.361Z,809970,ib451@cam.ac.uk,153487189,"""__EXR__Not about Evidence use""",1
2025-04-06T13:57:56.378Z,809970,ib451@cam.ac.uk,153487189,included,-1
2025-04-06T14:01:33.559Z,809970,ib451@cam.ac.uk,153487211,included,1
2025-04-06T14:04:17.738Z,809970,ib451@cam.ac.uk,153487213,"""__EXR__Not about Evidence use""",1
2025-04-06T14:04:17.751Z,809970,ib451@cam.ac.uk,153487213,included,-1
2025-04-06T14:06:23.010Z,809970,ib451@cam.ac.uk,153487252,note-11785206,1
2025-04-06T14:06:23.856Z,809970,ib451@cam.ac.uk,153487252,included,0
2025-04-07T11:26:18.454Z,817493,sarah.luke@nottingham.ac.uk,153486481,included,-1
2025-04-07T11:26:22.260Z,817493,sarah.luke@nottingham.ac.uk,153486481,included,-1
2025-04-07T11:28:45.721Z,817493,sarah.luke@nottingham.ac.uk,153486534,included,1
2025-04-07T14:49:49.930Z,448594,phil.martin.research@gmail.com,83177671,"""Iris - to check""",1
2025-04-07T14:49:49.930Z,448594,phil.martin.research@gmail.com,83177773,"""Iris - to check""",1
2025-04-07T14:49:49.930Z,448594,phil.martin.research@gmail.com,83177775,"""Iris - to check""",1
2025-04-07T14:49:49.930Z,448594,phil.martin.research@gmail.com,83177931,"""Iris - to check""",1
2025-04-07T14:49:49.930Z,448594,phil.martin.research@gmail.com,83178001,"""Iris - to check""",1
2025-04-07T14:49:49.930Z,448594,phil.martin.research@gmail.com,153486431,"""Iris - to check""",1
2025-04-07T14:49:49.930Z,448594,phil.martin.research@gmail.com,153486519,"""Iris - to check""",1
2025-04-07T14:49:49.930Z,448594,phil.martin.research@gmail.com,153486534,"""Iris - to check""",1
2025-04-07T14:49:49.930Z,448594,phil.martin.research@gmail.com,153486741,"""Iris - to check""",1
2025-04-07T14:49:49.930Z,448594,phil.martin.research@gmail.com,153487211,"""Iris - to check""",1
2025-04-07T14:49:50.033Z,448594,phil.martin.research@gmail.com,83177671,"""Valentin - to check""",deleted
2025-04-07T14:49:50.033Z,448594,phil.martin.research@gmail.com,83177773,"""Valentin - to check""",deleted
2025-04-07T14:49:50.033Z,448594,phil.martin.research@gmail.com,83177775,"""Valentin - to check""",deleted
2025-04-07T14:49:50.033Z,448594,phil.martin.research@gmail.com,83177931,"""Valentin - to check""",deleted
2025-04-07T14:49:50.033Z,448594,phil.martin.research@gmail.com,83178001,"""Valentin - to check""",deleted
2025-04-07T14:49:50.033Z,448594,phil.martin.research@gmail.com,153486431,"""Valentin - to check""",deleted
2025-04-07T14:49:50.033Z,448594,phil.martin.research@gmail.com,153486519,"""Valentin - to check""",deleted
2025-04-07T14:49:50.033Z,448594,phil.martin.research@gmail.com,153486534,"""Valentin - to check""",deleted
2025-04-07T14:49:50.033Z,448594,phil.martin.research@gmail.com,153486741,"""Valentin - to check""",deleted
2025-04-07T14:49:50.033Z,448594,phil.martin.research@gmail.com,153487211,"""Valentin - to check""",deleted
2025-04-07T14:50:11.636Z,448594,phil.martin.research@gmail.com,83177945,"""Iris - to check""",1
2025-04-07T14:50:11.636Z,448594,phil.martin.research@gmail.com,153485267,"""Iris - to check""",1
2025-04-07T14:50:11.636Z,448594,phil.martin.research@gmail.com,153486481,"""Iris - to check""",1
2025-04-07T14:50:11.636Z,448594,phil.martin.research@gmail.com,153486507,"""Iris - to check""",1
2025-04-07T14:50:11.636Z,448594,phil.martin.research@gmail.com,153486768,"""Iris - to check""",1
2025-04-07T14:50:11.636Z,448594,phil.martin.research@gmail.com,153486849,"""Iris - to check""",1
2025-04-07T14:50:11.636Z,448594,phil.martin.research@gmail.com,153487002,"""Iris - to check""",1
2025-04-07T14:50:11.636Z,448594,phil.martin.research@gmail.com,153487252,"""Iris - to check""",1
2025-04-07T14:50:11.647Z,448594,phil.martin.research@gmail.com,83177945,"""Valentin - to check""",deleted
2025-04-07T14:50:11.647Z,448594,phil.martin.research@gmail.com,153485267,"""Valentin - to check""",deleted
2025-04-07T14:50:11.647Z,448594,phil.martin.research@gmail.com,153486481,"""Valentin - to check""",deleted
2025-04-07T14:50:11.647Z,448594,phil.martin.research@gmail.com,153486507,"""Valentin - to check""",deleted
2025-04-07T14:50:11.647Z,448594,phil.martin.research@gmail.com,153486768,"""Valentin - to check""",deleted
2025-04-07T14:50:11.647Z,448594,phil.martin.research@gmail.com,153486849,"""Valentin - to check""",deleted
2025-04-07T14:50:11.647Z,448594,phil.martin.research@gmail.com,153487002,"""Valentin - to check""",deleted
2025-04-07T14:50:11.647Z,448594,phil.martin.research@gmail.com,153487252,"""Valentin - to check""",deleted
2025-04-07T14:50:29.019Z,448594,phil.martin.research@gmail.com,83177596,"""Iris - to check""",1
2025-04-07T14:50:29.019Z,448594,phil.martin.research@gmail.com,83177596,"""Catia - to check""",deleted
2025-04-07T14:50:29.019Z,448594,phil.martin.research@gmail.com,83177596,"""Valentin - to check""",deleted
2025-04-07T14:50:29.019Z,448594,phil.martin.research@gmail.com,83177660,"""Iris - to check""",1
2025-04-07T14:50:29.019Z,448594,phil.martin.research@gmail.com,83177660,"""Catia - to check""",deleted
2025-04-07T14:50:29.019Z,448594,phil.martin.research@gmail.com,83177660,"""Valentin - to check""",deleted
2025-04-07T14:50:29.019Z,448594,phil.martin.research@gmail.com,83177696,"""Iris - to check""",1
2025-04-07T14:50:29.019Z,448594,phil.martin.research@gmail.com,83177696,"""Catia - to check""",deleted
2025-04-07T14:50:29.019Z,448594,phil.martin.research@gmail.com,83177696,"""Valentin - to check""",deleted
2025-04-07T14:50:29.019Z,448594,phil.martin.research@gmail.com,83177831,"""Iris - to check""",1
2025-04-07T14:50:29.019Z,448594,phil.martin.research@gmail.com,83177831,"""Catia - to check""",deleted
2025-04-07T14:50:29.019Z,448594,phil.martin.research@gmail.com,83177831,"""Valentin - to check""",deleted
2025-04-07T14:50:29.019Z,448594,phil.martin.research@gmail.com,83178016,"""Iris - to check""",1
2025-04-07T14:50:29.019Z,448594,phil.martin.research@gmail.com,83178016,"""Catia - to check""",deleted
2025-04-07T14:50:29.019Z,448594,phil.martin.research@gmail.com,83178016,"""Valentin - to check""",deleted
2025-04-07T14:50:29.019Z,448594,phil.martin.research@gmail.com,83178026,"""Iris - to check""",1
2025-04-07T14:50:29.019Z,448594,phil.martin.research@gmail.com,83178026,"""Catia - to check""",deleted
2025-04-07T14:50:29.019Z,448594,phil.martin.research@gmail.com,83178026,"""Valentin - to check""",deleted
2025-04-07T14:50:29.019Z,448594,phil.martin.research@gmail.com,153485135,"""Iris - to check""",1
2025-04-07T14:50:29.019Z,448594,phil.martin.research@gmail.com,153485135,"""Catia - to check""",deleted
2025-04-07T14:50:29.019Z,448594,phil.martin.research@gmail.com,153485135,"""Valentin - to check""",deleted
2025-04-07T14:50:29.019Z,448594,phil.martin.research@gmail.com,153485194,"""Iris - to check""",1
2025-04-07T14:50:29.019Z,448594,phil.martin.research@gmail.com,153485194,"""Catia - to check""",deleted
2025-04-07T14:50:29.019Z,448594,phil.martin.research@gmail.com,153485194,"""Valentin - to check""",deleted
2025-04-07T14:50:29.019Z,448594,phil.martin.research@gmail.com,153485242,"""Iris - to check""",1
2025-04-07T14:50:29.019Z,448594,phil.martin.research@gmail.com,153485242,"""Catia - to check""",deleted
2025-04-07T14:50:29.019Z,448594,phil.martin.research@gmail.com,153485242,"""Valentin - to check""",deleted
2025-04-07T14:50:29.019Z,448594,phil.martin.research@gmail.com,153485244,"""Iris - to check""",1
2025-04-07T14:50:29.019Z,448594,phil.martin.research@gmail.com,153485244,"""Catia - to check""",deleted
2025-04-07T14:50:29.019Z,448594,phil.martin.research@gmail.com,153485244,"""Valentin - to check""",deleted
2025-04-07T14:50:29.019Z,448594,phil.martin.research@gmail.com,153485314,"""Iris - to check""",1
2025-04-07T14:50:29.019Z,448594,phil.martin.research@gmail.com,153485314,"""Catia - to check""",deleted
2025-04-07T14:50:29.019Z,448594,phil.martin.research@gmail.com,153485314,"""Valentin - to check""",deleted
2025-04-07T14:50:29.019Z,448594,phil.martin.research@gmail.com,153485403,"""Iris - to check""",1
2025-04-07T14:50:29.019Z,448594,phil.martin.research@gmail.com,153485403,"""Catia - to check""",deleted
2025-04-07T14:50:29.019Z,448594,phil.martin.research@gmail.com,153485403,"""Valentin - to check""",deleted
2025-04-07T14:50:29.019Z,448594,phil.martin.research@gmail.com,153485675,"""Iris - to check""",1
2025-04-07T14:50:29.019Z,448594,phil.martin.research@gmail.com,153485675,"""Catia - to check""",deleted
2025-04-07T14:50:29.019Z,448594,phil.martin.research@gmail.com,153485675,"""Valentin - to check""",deleted
2025-04-07T14:50:29.019Z,448594,phil.martin.research@gmail.com,153485702,"""Iris - to check""",1
2025-04-07T14:50:29.019Z,448594,phil.martin.research@gmail.com,153485702,"""Catia - to check""",deleted
2025-04-07T14:50:29.019Z,448594,phil.martin.research@gmail.com,153485702,"""Valentin - to check""",deleted
2025-04-07T14:50:29.019Z,448594,phil.martin.research@gmail.com,153485760,"""Iris - to check""",1
2025-04-07T14:50:29.019Z,448594,phil.martin.research@gmail.com,153485760,"""Catia - to check""",deleted
2025-04-07T14:50:29.019Z,448594,phil.martin.research@gmail.com,153485760,"""Valentin - to check""",deleted
2025-04-07T14:50:29.019Z,448594,phil.martin.research@gmail.com,153485822,"""Iris - to check""",1
2025-04-07T14:50:29.019Z,448594,phil.martin.research@gmail.com,153485822,"""Catia - to check""",deleted
2025-04-07T14:50:29.019Z,448594,phil.martin.research@gmail.com,153485822,"""Valentin - to check""",deleted
2025-04-07T14:50:29.019Z,448594,phil.martin.research@gmail.com,153485835,"""Iris - to check""",1
2025-04-07T14:50:29.019Z,448594,phil.martin.research@gmail.com,153485835,"""Catia - to check""",deleted
2025-04-07T14:50:29.126Z,448594,phil.martin.research@gmail.com,153485835,"""Valentin - to check""",deleted
2025-04-07T14:50:29.126Z,448594,phil.martin.research@gmail.com,153485841,"""Iris - to check""",1
2025-04-07T14:50:29.126Z,448594,phil.martin.research@gmail.com,153485841,"""Catia - to check""",deleted
2025-04-07T14:50:29.126Z,448594,phil.martin.research@gmail.com,153485841,"""Valentin - to check""",deleted
2025-04-07T14:50:29.126Z,448594,phil.martin.research@gmail.com,153485851,"""Iris - to check""",1
2025-04-07T14:50:29.126Z,448594,phil.martin.research@gmail.com,153485851,"""Catia - to check""",deleted
2025-04-07T14:50:29.126Z,448594,phil.martin.research@gmail.com,153485851,"""Valentin - to check""",deleted
2025-04-07T14:50:29.126Z,448594,phil.martin.research@gmail.com,153485871,"""Iris - to check""",1
2025-04-07T14:50:29.126Z,448594,phil.martin.research@gmail.com,153485871,"""Catia - to check""",deleted
2025-04-07T14:50:29.126Z,448594,phil.martin.research@gmail.com,153485871,"""Valentin - to check""",deleted
2025-04-07T14:50:29.126Z,448594,phil.martin.research@gmail.com,153485938,"""Iris - to check""",1
2025-04-07T14:50:29.126Z,448594,phil.martin.research@gmail.com,153485938,"""Catia - to check""",deleted
2025-04-07T14:50:29.126Z,448594,phil.martin.research@gmail.com,153485938,"""Valentin - to check""",deleted
2025-04-07T14:50:29.126Z,448594,phil.martin.research@gmail.com,153485955,"""Iris - to check""",1
2025-04-07T14:50:29.126Z,448594,phil.martin.research@gmail.com,153485955,"""Catia - to check""",deleted
2025-04-07T14:50:29.126Z,448594,phil.martin.research@gmail.com,153485955,"""Valentin - to check""",deleted
2025-04-07T14:50:29.126Z,448594,phil.martin.research@gmail.com,153485958,"""Iris - to check""",1
2025-04-07T14:50:29.126Z,448594,phil.martin.research@gmail.com,153485958,"""Catia - to check""",deleted
2025-04-07T14:50:29.126Z,448594,phil.martin.research@gmail.com,153485958,"""Valentin - to check""",deleted
2025-04-07T14:50:29.126Z,448594,phil.martin.research@gmail.com,153485961,"""Iris - to check""",1
2025-04-07T14:50:29.126Z,448594,phil.martin.research@gmail.com,153485961,"""Catia - to check""",deleted
2025-04-07T14:50:29.126Z,448594,phil.martin.research@gmail.com,153485961,"""Valentin - to check""",deleted
2025-04-07T14:50:29.126Z,448594,phil.martin.research@gmail.com,153485968,"""Iris - to check""",1
2025-04-07T14:50:29.126Z,448594,phil.martin.research@gmail.com,153485968,"""Catia - to check""",deleted
2025-04-07T14:50:29.126Z,448594,phil.martin.research@gmail.com,153485968,"""Valentin - to check""",deleted
2025-04-07T14:50:29.126Z,448594,phil.martin.research@gmail.com,153486001,"""Iris - to check""",1
2025-04-07T14:50:29.126Z,448594,phil.martin.research@gmail.com,153486001,"""Catia - to check""",deleted
2025-04-07T14:50:29.126Z,448594,phil.martin.research@gmail.com,153486001,"""Valentin - to check""",deleted
2025-04-07T14:50:29.126Z,448594,phil.martin.research@gmail.com,153486003,"""Iris - to check""",1
2025-04-07T14:50:29.126Z,448594,phil.martin.research@gmail.com,153486003,"""Catia - to check""",deleted
2025-04-07T14:50:29.126Z,448594,phil.martin.research@gmail.com,153486003,"""Valentin - to check""",deleted
2025-04-07T14:50:29.126Z,448594,phil.martin.research@gmail.com,153486016,"""Iris - to check""",1
2025-04-07T14:50:29.126Z,448594,phil.martin.research@gmail.com,153486016,"""Catia - to check""",deleted
2025-04-07T14:50:29.126Z,448594,phil.martin.research@gmail.com,153486016,"""Valentin - to check""",deleted
2025-04-07T14:50:29.126Z,448594,phil.martin.research@gmail.com,153486040,"""Iris - to check""",1
2025-04-07T14:50:29.126Z,448594,phil.martin.research@gmail.com,153486040,"""Catia - to check""",deleted
2025-04-07T14:50:29.126Z,448594,phil.martin.research@gmail.com,153486040,"""Valentin - to check""",deleted
2025-04-07T14:50:29.126Z,448594,phil.martin.research@gmail.com,153486064,"""Iris - to check""",1
2025-04-07T14:50:29.126Z,448594,phil.martin.research@gmail.com,153486064,"""Catia - to check""",deleted
2025-04-07T14:50:29.126Z,448594,phil.martin.research@gmail.com,153486064,"""Valentin - to check""",deleted
2025-04-07T14:50:29.126Z,448594,phil.martin.research@gmail.com,153486094,"""Iris - to check""",1
2025-04-07T14:50:29.126Z,448594,phil.martin.research@gmail.com,153486094,"""Catia - to check""",deleted
2025-04-07T14:50:29.126Z,448594,phil.martin.research@gmail.com,153486094,"""Valentin - to check""",deleted
2025-04-07T14:50:29.126Z,448594,phil.martin.research@gmail.com,153486112,"""Iris - to check""",1
2025-04-07T14:50:29.126Z,448594,phil.martin.research@gmail.com,153486112,"""Catia - to check""",deleted
2025-04-07T14:50:29.126Z,448594,phil.martin.research@gmail.com,153486112,"""Valentin - to check""",deleted
2025-04-07T14:50:29.126Z,448594,phil.martin.research@gmail.com,153486139,"""Iris - to check""",1
2025-04-07T14:50:29.126Z,448594,phil.martin.research@gmail.com,153486139,"""Catia - to check""",deleted
2025-04-07T14:50:29.126Z,448594,phil.martin.research@gmail.com,153486139,"""Valentin - to check""",deleted
2025-04-07T14:50:29.126Z,448594,phil.martin.research@gmail.com,153486144,"""Iris - to check""",1
2025-04-07T14:50:29.231Z,448594,phil.martin.research@gmail.com,153486144,"""Catia - to check""",deleted
2025-04-07T14:50:29.231Z,448594,phil.martin.research@gmail.com,153486144,"""Valentin - to check""",deleted
2025-04-07T14:50:29.231Z,448594,phil.martin.research@gmail.com,153486152,"""Iris - to check""",1
2025-04-07T14:50:29.231Z,448594,phil.martin.research@gmail.com,153486152,"""Catia - to check""",deleted
2025-04-07T14:50:29.231Z,448594,phil.martin.research@gmail.com,153486152,"""Valentin - to check""",deleted
2025-04-07T14:50:29.231Z,448594,phil.martin.research@gmail.com,153486171,"""Iris - to check""",1
2025-04-07T14:50:29.231Z,448594,phil.martin.research@gmail.com,153486171,"""Catia - to check""",deleted
2025-04-07T14:50:29.231Z,448594,phil.martin.research@gmail.com,153486171,"""Valentin - to check""",deleted
2025-04-07T14:50:29.231Z,448594,phil.martin.research@gmail.com,153486188,"""Iris - to check""",1
2025-04-07T14:50:29.231Z,448594,phil.martin.research@gmail.com,153486188,"""Catia - to check""",deleted
2025-04-07T14:50:29.231Z,448594,phil.martin.research@gmail.com,153486188,"""Valentin - to check""",deleted
2025-04-07T14:50:29.231Z,448594,phil.martin.research@gmail.com,153486225,"""Iris - to check""",1
2025-04-07T14:50:29.231Z,448594,phil.martin.research@gmail.com,153486225,"""Catia - to check""",deleted
2025-04-07T14:50:29.231Z,448594,phil.martin.research@gmail.com,153486225,"""Valentin - to check""",deleted
2025-04-07T14:50:29.231Z,448594,phil.martin.research@gmail.com,153486238,"""Iris - to check""",1
2025-04-07T14:50:29.231Z,448594,phil.martin.research@gmail.com,153486238,"""Catia - to check""",deleted
2025-04-07T14:50:29.231Z,448594,phil.martin.research@gmail.com,153486238,"""Valentin - to check""",deleted
2025-04-07T14:50:29.231Z,448594,phil.martin.research@gmail.com,153486294,"""Iris - to check""",1
2025-04-07T14:50:29.231Z,448594,phil.martin.research@gmail.com,153486294,"""Catia - to check""",deleted
2025-04-07T14:50:29.231Z,448594,phil.martin.research@gmail.com,153486294,"""Valentin - to check""",deleted
2025-04-07T14:50:29.231Z,448594,phil.martin.research@gmail.com,153486322,"""Iris - to check""",1
2025-04-07T14:50:29.231Z,448594,phil.martin.research@gmail.com,153486322,"""Catia - to check""",deleted
2025-04-07T14:50:29.231Z,448594,phil.martin.research@gmail.com,153486322,"""Valentin - to check""",deleted
2025-04-07T14:50:29.231Z,448594,phil.martin.research@gmail.com,153486327,"""Iris - to check""",1
2025-04-07T14:50:29.231Z,448594,phil.martin.research@gmail.com,153486327,"""Catia - to check""",deleted
2025-04-07T14:50:29.231Z,448594,phil.martin.research@gmail.com,153486327,"""Valentin - to check""",deleted
2025-04-07T14:50:29.231Z,448594,phil.martin.research@gmail.com,153486338,"""Iris - to check""",1
2025-04-07T14:50:29.231Z,448594,phil.martin.research@gmail.com,153486338,"""Catia - to check""",deleted
2025-04-07T14:50:29.231Z,448594,phil.martin.research@gmail.com,153486338,"""Valentin - to check""",deleted
2025-04-07T14:50:29.231Z,448594,phil.martin.research@gmail.com,153486339,"""Iris - to check""",1
2025-04-07T14:50:29.231Z,448594,phil.martin.research@gmail.com,153486339,"""Catia - to check""",deleted
2025-04-07T14:50:29.231Z,448594,phil.martin.research@gmail.com,153486339,"""Valentin - to check""",deleted
2025-04-07T14:50:29.231Z,448594,phil.martin.research@gmail.com,153486355,"""Iris - to check""",1
2025-04-07T14:50:29.231Z,448594,phil.martin.research@gmail.com,153486355,"""Catia - to check""",deleted
2025-04-07T14:50:29.231Z,448594,phil.martin.research@gmail.com,153486355,"""Valentin - to check""",deleted
2025-04-07T14:50:29.231Z,448594,phil.martin.research@gmail.com,153486359,"""Iris - to check""",1
2025-04-07T14:50:29.231Z,448594,phil.martin.research@gmail.com,153486359,"""Catia - to check""",deleted
2025-04-07T14:50:29.231Z,448594,phil.martin.research@gmail.com,153486359,"""Valentin - to check""",deleted
2025-04-07T14:50:29.231Z,448594,phil.martin.research@gmail.com,153486400,"""Iris - to check""",1
2025-04-07T14:50:29.231Z,448594,phil.martin.research@gmail.com,153486400,"""Catia - to check""",deleted
2025-04-07T14:50:29.231Z,448594,phil.martin.research@gmail.com,153486400,"""Valentin - to check""",deleted
2025-04-07T14:50:29.231Z,448594,phil.martin.research@gmail.com,153486406,"""Iris - to check""",1
2025-04-07T14:50:29.231Z,448594,phil.martin.research@gmail.com,153486406,"""Catia - to check""",deleted
2025-04-07T14:50:29.231Z,448594,phil.martin.research@gmail.com,153486406,"""Valentin - to check""",deleted
2025-04-07T14:50:29.231Z,448594,phil.martin.research@gmail.com,153486441,"""Iris - to check""",1
2025-04-07T14:50:29.231Z,448594,phil.martin.research@gmail.com,153486441,"""Catia - to check""",deleted
2025-04-07T14:50:29.231Z,448594,phil.martin.research@gmail.com,153486441,"""Valentin - to check""",deleted
2025-04-07T14:50:29.231Z,448594,phil.martin.research@gmail.com,153486454,"""Iris - to check""",1
2025-04-07T14:50:29.231Z,448594,phil.martin.research@gmail.com,153486454,"""Catia - to check""",deleted
2025-04-07T14:50:29.231Z,448594,phil.martin.research@gmail.com,153486454,"""Valentin - to check""",deleted
2025-04-07T14:50:29.334Z,448594,phil.martin.research@gmail.com,153486485,"""Iris - to check""",1
2025-04-07T14:50:29.334Z,448594,phil.martin.research@gmail.com,153486485,"""Catia - to check""",deleted
2025-04-07T14:50:29.334Z,448594,phil.martin.research@gmail.com,153486485,"""Valentin - to check""",deleted
2025-04-07T14:50:29.334Z,448594,phil.martin.research@gmail.com,153486501,"""Iris - to check""",1
2025-04-07T14:50:29.334Z,448594,phil.martin.research@gmail.com,153486501,"""Catia - to check""",deleted
2025-04-07T14:50:29.334Z,448594,phil.martin.research@gmail.com,153486501,"""Valentin - to check""",deleted
2025-04-07T14:50:29.334Z,448594,phil.martin.research@gmail.com,153486595,"""Iris - to check""",1
2025-04-07T14:50:29.334Z,448594,phil.martin.research@gmail.com,153486595,"""Catia - to check""",deleted
2025-04-07T14:50:29.334Z,448594,phil.martin.research@gmail.com,153486595,"""Valentin - to check""",deleted
2025-04-07T14:50:29.334Z,448594,phil.martin.research@gmail.com,153486604,"""Iris - to check""",1
2025-04-07T14:50:29.334Z,448594,phil.martin.research@gmail.com,153486604,"""Catia - to check""",deleted
2025-04-07T14:50:29.334Z,448594,phil.martin.research@gmail.com,153486604,"""Valentin - to check""",deleted
2025-04-07T14:50:29.334Z,448594,phil.martin.research@gmail.com,153486792,"""Iris - to check""",1
2025-04-07T14:50:29.334Z,448594,phil.martin.research@gmail.com,153486792,"""Catia - to check""",deleted
2025-04-07T14:50:29.334Z,448594,phil.martin.research@gmail.com,153486792,"""Valentin - to check""",deleted
2025-04-07T14:50:29.334Z,448594,phil.martin.research@gmail.com,153486816,"""Iris - to check""",1
2025-04-07T14:50:29.334Z,448594,phil.martin.research@gmail.com,153486816,"""Catia - to check""",deleted
2025-04-07T14:50:29.334Z,448594,phil.martin.research@gmail.com,153486816,"""Valentin - to check""",deleted
2025-04-07T14:50:29.334Z,448594,phil.martin.research@gmail.com,153486823,"""Iris - to check""",1
2025-04-07T14:50:29.334Z,448594,phil.martin.research@gmail.com,153486823,"""Catia - to check""",deleted
2025-04-07T14:50:29.334Z,448594,phil.martin.research@gmail.com,153486823,"""Valentin - to check""",deleted
2025-04-07T14:50:29.334Z,448594,phil.martin.research@gmail.com,153486860,"""Iris - to check""",1
2025-04-07T14:50:29.334Z,448594,phil.martin.research@gmail.com,153486860,"""Catia - to check""",deleted
2025-04-07T14:50:29.334Z,448594,phil.martin.research@gmail.com,153486860,"""Valentin - to check""",deleted
2025-04-07T14:50:29.334Z,448594,phil.martin.research@gmail.com,153486885,"""Iris - to check""",1
2025-04-07T14:50:29.334Z,448594,phil.martin.research@gmail.com,153486885,"""Catia - to check""",deleted
2025-04-07T14:50:29.334Z,448594,phil.martin.research@gmail.com,153486885,"""Valentin - to check""",deleted
2025-04-07T14:50:29.334Z,448594,phil.martin.research@gmail.com,153486910,"""Iris - to check""",1
2025-04-07T14:50:29.334Z,448594,phil.martin.research@gmail.com,153486910,"""Catia - to check""",deleted
2025-04-07T14:50:29.334Z,448594,phil.martin.research@gmail.com,153486910,"""Valentin - to check""",deleted
2025-04-07T14:50:29.334Z,448594,phil.martin.research@gmail.com,153486936,"""Iris - to check""",1
2025-04-07T14:50:29.334Z,448594,phil.martin.research@gmail.com,153486936,"""Catia - to check""",deleted
2025-04-07T14:50:29.334Z,448594,phil.martin.research@gmail.com,153486936,"""Valentin - to check""",deleted
2025-04-07T14:50:29.334Z,448594,phil.martin.research@gmail.com,153486958,"""Iris - to check""",1
2025-04-07T14:50:29.334Z,448594,phil.martin.research@gmail.com,153486958,"""Catia - to check""",deleted
2025-04-07T14:50:29.334Z,448594,phil.martin.research@gmail.com,153486958,"""Valentin - to check""",deleted
2025-04-07T14:50:29.334Z,448594,phil.martin.research@gmail.com,153486969,"""Iris - to check""",1
2025-04-07T14:50:29.334Z,448594,phil.martin.research@gmail.com,153486969,"""Catia - to check""",deleted
2025-04-07T14:50:29.334Z,448594,phil.martin.research@gmail.com,153486969,"""Valentin - to check""",deleted
2025-04-07T14:50:29.334Z,448594,phil.martin.research@gmail.com,153486973,"""Iris - to check""",1
2025-04-07T14:50:29.334Z,448594,phil.martin.research@gmail.com,153486973,"""Catia - to check""",deleted
2025-04-07T14:50:29.334Z,448594,phil.martin.research@gmail.com,153486973,"""Valentin - to check""",deleted
2025-04-07T14:50:29.334Z,448594,phil.martin.research@gmail.com,153486978,"""Iris - to check""",1
2025-04-07T14:50:29.334Z,448594,phil.martin.research@gmail.com,153486978,"""Catia - to check""",deleted
2025-04-07T14:50:29.334Z,448594,phil.martin.research@gmail.com,153486978,"""Valentin - to check""",deleted
2025-04-07T14:50:29.334Z,448594,phil.martin.research@gmail.com,153487010,"""Iris - to check""",1
2025-04-07T14:50:29.334Z,448594,phil.martin.research@gmail.com,153487010,"""Catia - to check""",deleted
2025-04-07T14:50:29.334Z,448594,phil.martin.research@gmail.com,153487010,"""Valentin - to check""",deleted
2025-04-07T14:50:29.334Z,448594,phil.martin.research@gmail.com,153487023,"""Iris - to check""",1
2025-04-07T14:50:29.334Z,448594,phil.martin.research@gmail.com,153487023,"""Catia - to check""",deleted
2025-04-07T14:50:29.436Z,448594,phil.martin.research@gmail.com,153487023,"""Valentin - to check""",deleted
2025-04-07T14:50:29.436Z,448594,phil.martin.research@gmail.com,153487037,"""Iris - to check""",1
2025-04-07T14:50:29.436Z,448594,phil.martin.research@gmail.com,153487037,"""Catia - to check""",deleted
2025-04-07T14:50:29.436Z,448594,phil.martin.research@gmail.com,153487037,"""Valentin - to check""",deleted
2025-04-07T14:50:29.436Z,448594,phil.martin.research@gmail.com,153487059,"""Iris - to check""",1
2025-04-07T14:50:29.436Z,448594,phil.martin.research@gmail.com,153487059,"""Catia - to check""",deleted
2025-04-07T14:50:29.436Z,448594,phil.martin.research@gmail.com,153487059,"""Valentin - to check""",deleted
2025-04-07T14:50:29.436Z,448594,phil.martin.research@gmail.com,153487159,"""Iris - to check""",1
2025-04-07T14:50:29.436Z,448594,phil.martin.research@gmail.com,153487159,"""Catia - to check""",deleted
2025-04-07T14:50:29.436Z,448594,phil.martin.research@gmail.com,153487159,"""Valentin - to check""",deleted
2025-04-07T14:50:29.436Z,448594,phil.martin.research@gmail.com,153487170,"""Iris - to check""",1
2025-04-07T14:50:29.436Z,448594,phil.martin.research@gmail.com,153487170,"""Catia - to check""",deleted
2025-04-07T14:50:29.436Z,448594,phil.martin.research@gmail.com,153487170,"""Valentin - to check""",deleted
2025-04-07T14:50:29.436Z,448594,phil.martin.research@gmail.com,153487188,"""Iris - to check""",1
2025-04-07T14:50:29.436Z,448594,phil.martin.research@gmail.com,153487188,"""Catia - to check""",deleted
2025-04-07T14:50:29.436Z,448594,phil.martin.research@gmail.com,153487188,"""Valentin - to check""",deleted
2025-04-07T14:50:29.436Z,448594,phil.martin.research@gmail.com,153487189,"""Iris - to check""",1
2025-04-07T14:50:29.436Z,448594,phil.martin.research@gmail.com,153487189,"""Catia - to check""",deleted
2025-04-07T14:50:29.436Z,448594,phil.martin.research@gmail.com,153487189,"""Valentin - to check""",deleted
2025-04-07T14:50:29.436Z,448594,phil.martin.research@gmail.com,153487213,"""Iris - to check""",1
2025-04-07T14:50:29.436Z,448594,phil.martin.research@gmail.com,153487213,"""Catia - to check""",deleted
2025-04-07T14:50:29.436Z,448594,phil.martin.research@gmail.com,153487213,"""Valentin - to check""",deleted
2025-04-07T14:51:24.281Z,448594,phil.martin.research@gmail.com,83177660,"""Iris - to check""",deleted
2025-04-07T14:51:24.281Z,448594,phil.martin.research@gmail.com,83177660,"""Catia - to check""",deleted
2025-04-07T14:51:24.349Z,448594,phil.martin.research@gmail.com,153485675,"""Iris - to check""",deleted
2025-04-07T14:51:24.349Z,448594,phil.martin.research@gmail.com,153485675,"""Catia - to check""",deleted
2025-04-07T14:51:24.484Z,448594,phil.martin.research@gmail.com,153486481,"""Iris - to check""",deleted
2025-04-07T14:51:24.484Z,448594,phil.martin.research@gmail.com,153486481,"""Catia - to check""",deleted
2025-04-07T14:51:54.357Z,448594,phil.martin.research@gmail.com,153486534,"""Sarah - to check""",1
2025-04-07T14:51:54.358Z,448594,phil.martin.research@gmail.com,153486534,"""Iris - to check""",deleted
2025-04-07T14:51:54.363Z,448594,phil.martin.research@gmail.com,153486534,"""Catia - to check""",deleted
2025-04-07T14:52:07.161Z,448594,phil.martin.research@gmail.com,83177660,"""Sarah - to check""",1
2025-04-07T14:52:07.161Z,448594,phil.martin.research@gmail.com,153485675,"""Sarah - to check""",1
2025-04-07T14:52:07.275Z,448594,phil.martin.research@gmail.com,153486481,"""Sarah - to check""",1
2025-04-08T09:06:50.129Z,793578,tabitha.taberer@jesus.ox.ac.uk,153486144,included,0
2025-04-08T09:48:24.716Z,793585,c.matos@hull.ac.uk,83178016,"""__EXR__Not about evidence use""",1
2025-04-08T09:48:24.736Z,793585,c.matos@hull.ac.uk,83178016,included,-1
2025-04-08T09:54:45.994Z,793585,c.matos@hull.ac.uk,153485675,included,-1
2025-04-08T10:05:58.169Z,793578,tabitha.taberer@jesus.ox.ac.uk,153486768,"""__EXR__Not about factors that influence evidence use""",1
2025-04-08T10:05:58.188Z,793578,tabitha.taberer@jesus.ox.ac.uk,153486768,included,-1
2025-04-08T17:17:58.265Z,793576,carlos.barreto@algomau.ca,83177773,"""__EXR__Not about conservation""",1
2025-04-08T17:17:58.281Z,793576,carlos.barreto@algomau.ca,83177773,included,-1
2025-04-08T20:48:19.895Z,793576,carlos.barreto@algomau.ca,153485835,"""__EXR__Not about conservation""",1
2025-04-08T20:48:19.910Z,793576,carlos.barreto@algomau.ca,153485835,included,-1
2025-04-08T20:57:29.098Z,793576,carlos.barreto@algomau.ca,153485841,"""__EXR__Not about conservation""",1
2025-04-08T20:57:29.118Z,793576,carlos.barreto@algomau.ca,153485841,included,-1
2025-04-08T21:03:24.273Z,793576,carlos.barreto@algomau.ca,153485968,"""__EXR__Not about conservation""",1
2025-04-08T21:03:24.292Z,793576,carlos.barreto@algomau.ca,153485968,included,-1
2025-04-09T09:36:02.612Z,793580,valentin.moser@wsl.ch,153486507,included,1
2025-04-09T10:04:41.325Z,793578,tabitha.taberer@jesus.ox.ac.uk,153487189,"""__EXR__Not about evidence use""",1
2025-04-09T10:04:41.339Z,793578,tabitha.taberer@jesus.ox.ac.uk,153487189,included,-1
2025-04-09T10:38:19.967Z,448594,phil.martin.research@gmail.com,83177671,"""Iris - to check""",1
2025-04-09T10:38:19.967Z,448594,phil.martin.research@gmail.com,83177773,"""Iris - to check""",1
2025-04-09T10:38:19.967Z,448594,phil.martin.research@gmail.com,83177775,"""Iris - to check""",1
2025-04-09T10:38:19.967Z,448594,phil.martin.research@gmail.com,83177931,"""Iris - to check""",1
2025-04-09T10:38:19.967Z,448594,phil.martin.research@gmail.com,83178001,"""Iris - to check""",1
2025-04-09T10:38:19.967Z,448594,phil.martin.research@gmail.com,153486431,"""Iris - to check""",1
2025-04-09T10:38:19.967Z,448594,phil.martin.research@gmail.com,153486519,"""Iris - to check""",1
2025-04-09T10:38:19.967Z,448594,phil.martin.research@gmail.com,153486534,"""Iris - to check""",1
2025-04-09T10:38:19.967Z,448594,phil.martin.research@gmail.com,153486741,"""Iris - to check""",1
2025-04-09T10:38:19.967Z,448594,phil.martin.research@gmail.com,153487211,"""Iris - to check""",1
2025-04-09T10:38:35.602Z,448594,phil.martin.research@gmail.com,83177596,"""Iris - to check""",1
2025-04-09T10:38:35.602Z,448594,phil.martin.research@gmail.com,83177660,"""Iris - to check""",1
2025-04-09T10:38:35.602Z,448594,phil.martin.research@gmail.com,83177696,"""Iris - to check""",1
2025-04-09T10:38:35.602Z,448594,phil.martin.research@gmail.com,83177831,"""Iris - to check""",1
2025-04-09T10:38:35.602Z,448594,phil.martin.research@gmail.com,83178016,"""Iris - to check""",1
2025-04-09T10:38:35.602Z,448594,phil.martin.research@gmail.com,83178026,"""Iris - to check""",1
2025-04-09T10:38:35.602Z,448594,phil.martin.research@gmail.com,153485135,"""Iris - to check""",1
2025-04-09T10:38:35.602Z,448594,phil.martin.research@gmail.com,153485194,"""Iris - to check""",1
2025-04-09T10:38:35.602Z,448594,phil.martin.research@gmail.com,153485242,"""Iris - to check""",1
2025-04-09T10:38:35.602Z,448594,phil.martin.research@gmail.com,153485244,"""Iris - to check""",1
2025-04-09T10:38:35.602Z,448594,phil.martin.research@gmail.com,153485314,"""Iris - to check""",1
2025-04-09T10:38:35.602Z,448594,phil.martin.research@gmail.com,153485403,"""Iris - to check""",1
2025-04-09T10:38:35.602Z,448594,phil.martin.research@gmail.com,153485675,"""Iris - to check""",1
2025-04-09T10:38:35.602Z,448594,phil.martin.research@gmail.com,153485702,"""Iris - to check""",1
2025-04-09T10:38:35.602Z,448594,phil.martin.research@gmail.com,153485760,"""Iris - to check""",1
2025-04-09T10:38:35.602Z,448594,phil.martin.research@gmail.com,153485822,"""Iris - to check""",1
2025-04-09T10:38:35.602Z,448594,phil.martin.research@gmail.com,153485835,"""Iris - to check""",1
2025-04-09T10:38:35.602Z,448594,phil.martin.research@gmail.com,153485841,"""Iris - to check""",1
2025-04-09T10:38:35.602Z,448594,phil.martin.research@gmail.com,153485851,"""Iris - to check""",1
2025-04-09T10:38:35.602Z,448594,phil.martin.research@gmail.com,153485871,"""Iris - to check""",1
2025-04-09T10:38:35.602Z,448594,phil.martin.research@gmail.com,153485938,"""Iris - to check""",1
2025-04-09T10:38:35.602Z,448594,phil.martin.research@gmail.com,153485955,"""Iris - to check""",1
2025-04-09T10:38:35.602Z,448594,phil.martin.research@gmail.com,153485958,"""Iris - to check""",1
2025-04-09T10:38:35.602Z,448594,phil.martin.research@gmail.com,153485961,"""Iris - to check""",1
2025-04-09T10:38:35.602Z,448594,phil.martin.research@gmail.com,153485968,"""Iris - to check""",1
2025-04-09T10:38:35.602Z,448594,phil.martin.research@gmail.com,153486001,"""Iris - to check""",1
2025-04-09T10:38:35.602Z,448594,phil.martin.research@gmail.com,153486003,"""Iris - to check""",1
2025-04-09T10:38:35.602Z,448594,phil.martin.research@gmail.com,153486016,"""Iris - to check""",1
2025-04-09T10:38:35.602Z,448594,phil.martin.research@gmail.com,153486040,"""Iris - to check""",1
2025-04-09T10:38:35.602Z,448594,phil.martin.research@gmail.com,153486064,"""Iris - to check""",1
2025-04-09T10:38:35.602Z,448594,phil.martin.research@gmail.com,153486094,"""Iris - to check""",1
2025-04-09T10:38:35.602Z,448594,phil.martin.research@gmail.com,153486112,"""Iris - to check""",1
2025-04-09T10:38:35.602Z,448594,phil.martin.research@gmail.com,153486139,"""Iris - to check""",1
2025-04-09T10:38:35.602Z,448594,phil.martin.research@gmail.com,153486144,"""Iris - to check""",1
2025-04-09T10:38:35.602Z,448594,phil.martin.research@gmail.com,153486152,"""Iris - to check""",1
2025-04-09T10:38:35.602Z,448594,phil.martin.research@gmail.com,153486171,"""Iris - to check""",1
2025-04-09T10:38:35.602Z,448594,phil.martin.research@gmail.com,153486188,"""Iris - to check""",1
2025-04-09T10:38:35.602Z,448594,phil.martin.research@gmail.com,153486225,"""Iris - to check""",1
2025-04-09T10:38:35.602Z,448594,phil.martin.research@gmail.com,153486238,"""Iris - to check""",1
2025-04-09T10:38:35.602Z,448594,phil.martin.research@gmail.com,153486294,"""Iris - to check""",1
2025-04-09T10:38:35.602Z,448594,phil.martin.research@gmail.com,153486322,"""Iris - to check""",1
2025-04-09T10:38:35.602Z,448594,phil.martin.research@gmail.com,153486327,"""Iris - to check""",1
2025-04-09T10:38:35.602Z,448594,phil.martin.research@gmail.com,153486338,"""Iris - to check""",1
2025-04-09T10:38:35.602Z,448594,phil.martin.research@gmail.com,153486339,"""Iris - to check""",1
2025-04-09T10:38:35.602Z,448594,phil.martin.research@gmail.com,153486355,"""Iris - to check""",1
2025-04-09T10:38:35.602Z,448594,phil.martin.research@gmail.com,153486359,"""Iris - to check""",1
2025-04-09T10:38:35.602Z,448594,phil.martin.research@gmail.com,153486400,"""Iris - to check""",1
2025-04-09T10:38:35.602Z,448594,phil.martin.research@gmail.com,153486406,"""Iris - to check""",1
2025-04-09T10:38:35.602Z,448594,phil.martin.research@gmail.com,153486441,"""Iris - to check""",1
2025-04-09T10:38:35.602Z,448594,phil.martin.research@gmail.com,153486454,"""Iris - to check""",1
2025-04-09T10:38:35.722Z,448594,phil.martin.research@gmail.com,153486485,"""Iris - to check""",1
2025-04-09T10:38:35.722Z,448594,phil.martin.research@gmail.com,153486501,"""Iris - to check""",1
2025-04-09T10:38:35.722Z,448594,phil.martin.research@gmail.com,153486595,"""Iris - to check""",1
2025-04-09T10:38:35.722Z,448594,phil.martin.research@gmail.com,153486604,"""Iris - to check""",1
2025-04-09T10:38:35.722Z,448594,phil.martin.research@gmail.com,153486792,"""Iris - to check""",1
2025-04-09T10:38:35.722Z,448594,phil.martin.research@gmail.com,153486816,"""Iris - to check""",1
2025-04-09T10:38:35.722Z,448594,phil.martin.research@gmail.com,153486823,"""Iris - to check""",1
2025-04-09T10:38:35.722Z,448594,phil.martin.research@gmail.com,153486860,"""Iris - to check""",1
2025-04-09T10:38:35.722Z,448594,phil.martin.research@gmail.com,153486885,"""Iris - to check""",1
2025-04-09T10:38:35.722Z,448594,phil.martin.research@gmail.com,153486910,"""Iris - to check""",1
2025-04-09T10:38:35.722Z,448594,phil.martin.research@gmail.com,153486936,"""Iris - to check""",1
2025-04-09T10:38:35.722Z,448594,phil.martin.research@gmail.com,153486958,"""Iris - to check""",1
2025-04-09T10:38:35.722Z,448594,phil.martin.research@gmail.com,153486969,"""Iris - to check""",1
2025-04-09T10:38:35.722Z,448594,phil.martin.research@gmail.com,153486973,"""Iris - to check""",1
2025-04-09T10:38:35.722Z,448594,phil.martin.research@gmail.com,153486978,"""Iris - to check""",1
2025-04-09T10:38:35.722Z,448594,phil.martin.research@gmail.com,153487010,"""Iris - to check""",1
2025-04-09T10:38:35.722Z,448594,phil.martin.research@gmail.com,153487023,"""Iris - to check""",1
2025-04-09T10:38:35.722Z,448594,phil.martin.research@gmail.com,153487037,"""Iris - to check""",1
2025-04-09T10:38:35.722Z,448594,phil.martin.research@gmail.com,153487059,"""Iris - to check""",1
2025-04-09T10:38:35.722Z,448594,phil.martin.research@gmail.com,153487159,"""Iris - to check""",1
2025-04-09T10:38:35.722Z,448594,phil.martin.research@gmail.com,153487170,"""Iris - to check""",1
2025-04-09T10:38:35.722Z,448594,phil.martin.research@gmail.com,153487188,"""Iris - to check""",1
2025-04-09T10:38:35.722Z,448594,phil.martin.research@gmail.com,153487189,"""Iris - to check""",1
2025-04-09T10:38:35.722Z,448594,phil.martin.research@gmail.com,153487213,"""Iris - to check""",1
2025-04-09T10:38:46.254Z,448594,phil.martin.research@gmail.com,83177945,"""Iris - to check""",1
2025-04-09T10:38:46.254Z,448594,phil.martin.research@gmail.com,153485267,"""Iris - to check""",1
2025-04-09T10:38:46.254Z,448594,phil.martin.research@gmail.com,153486481,"""Iris - to check""",1
2025-04-09T10:38:46.254Z,448594,phil.martin.research@gmail.com,153486507,"""Iris - to check""",1
2025-04-09T10:38:46.254Z,448594,phil.martin.research@gmail.com,153486768,"""Iris - to check""",1
2025-04-09T10:38:46.254Z,448594,phil.martin.research@gmail.com,153486849,"""Iris - to check""",1
2025-04-09T10:38:46.254Z,448594,phil.martin.research@gmail.com,153487002,"""Iris - to check""",1
2025-04-09T10:38:46.254Z,448594,phil.martin.research@gmail.com,153487252,"""Iris - to check""",1
2025-04-09T10:39:56.953Z,448594,phil.martin.research@gmail.com,83177596,"""__EXR__Not about conservation""",1
2025-04-09T10:39:56.963Z,448594,phil.martin.research@gmail.com,83177596,included,-1
2025-04-09T10:40:22.766Z,448594,phil.martin.research@gmail.com,83177660,"""__EXR__Not about conservation""",1
2025-04-09T10:40:22.776Z,448594,phil.martin.research@gmail.com,83177660,included,-1
2025-04-09T10:41:21.152Z,448594,phil.martin.research@gmail.com,83177773,included,1
2025-04-09T10:52:50.571Z,448594,phil.martin.research@gmail.com,83177775,"""__EXR__Not about conservation""",1
2025-04-09T10:52:50.584Z,448594,phil.martin.research@gmail.com,83177775,included,-1
2025-04-09T10:53:12.905Z,448594,phil.martin.research@gmail.com,83177831,"""__EXR__Not about conservation""",1
2025-04-09T10:53:12.918Z,448594,phil.martin.research@gmail.com,83177831,included,-1
2025-04-09T10:54:11.856Z,448594,phil.martin.research@gmail.com,83177945,"""__EXR__Not about conservation""",1
2025-04-09T10:54:11.876Z,448594,phil.martin.research@gmail.com,83177945,included,-1
2025-04-09T10:58:22.330Z,448594,phil.martin.research@gmail.com,83178001,"""__EXR__Not about conservation""",1
2025-04-09T10:58:22.345Z,448594,phil.martin.research@gmail.com,83178001,included,-1
2025-04-09T10:59:44.251Z,448594,phil.martin.research@gmail.com,153486359,"""__EXR__Not about Evidence use""",1
2025-04-09T10:59:44.265Z,448594,phil.martin.research@gmail.com,153486359,included,-1
2025-04-09T11:00:50.101Z,448594,phil.martin.research@gmail.com,153485961,"""__EXR__Not about factors that influence evidence use""",1
2025-04-09T11:00:50.115Z,448594,phil.martin.research@gmail.com,153485961,included,-1
2025-04-09T11:02:09.666Z,448594,phil.martin.research@gmail.com,153487252,included,1
2025-04-09T12:14:00.806Z,448594,phil.martin.research@gmail.com,153486849,"""__EXR__Not about Evidence use""",1
2025-04-09T12:14:00.877Z,448594,phil.martin.research@gmail.com,153486849,included,-1
2025-04-09T12:15:07.572Z,448594,phil.martin.research@gmail.com,153486431,included,1
2025-04-09T12:17:32.967Z,448594,phil.martin.research@gmail.com,153486001,"""__EXR__Not about Evidence use""",1
2025-04-09T12:17:32.996Z,448594,phil.martin.research@gmail.com,153486001,included,-1
2025-04-09T12:18:37.243Z,448594,phil.martin.research@gmail.com,153487170,included,1
2025-04-09T12:19:47.252Z,448594,phil.martin.research@gmail.com,153485314,"""__EXR__Not about Evidence use""",1
2025-04-09T12:19:47.278Z,448594,phil.martin.research@gmail.com,153485314,included,-1
2025-04-09T12:21:23.558Z,448594,phil.martin.research@gmail.com,153485835,included,1
2025-04-09T12:24:12.756Z,448594,phil.martin.research@gmail.com,153485403,"""__EXR__Not about conservation""",1
2025-04-09T12:24:12.774Z,448594,phil.martin.research@gmail.com,153485403,included,-1
2025-04-09T12:29:42.280Z,448594,phil.martin.research@gmail.com,153485267,"""__EXR__Not about policy or practice""",1
2025-04-09T12:29:42.305Z,448594,phil.martin.research@gmail.com,153485267,included,-1
2025-04-09T12:30:42.553Z,448594,phil.martin.research@gmail.com,153486144,included,1
2025-04-09T12:32:05.113Z,448594,phil.martin.research@gmail.com,153486441,"""__EXR__Not about Evidence use""",1
2025-04-09T12:32:05.141Z,448594,phil.martin.research@gmail.com,153486441,included,-1
2025-04-09T12:32:54.938Z,448594,phil.martin.research@gmail.com,153487189,"""__EXR__Not about Evidence use""",1
2025-04-09T12:32:54.960Z,448594,phil.martin.research@gmail.com,153487189,included,-1
2025-04-09T12:33:27.908Z,448594,phil.martin.research@gmail.com,153487211,included,1
2025-04-09T12:34:53.438Z,448594,phil.martin.research@gmail.com,153486238,"""__EXR__Not about factors that influence evidence use""",1
2025-04-09T12:34:53.461Z,448594,phil.martin.research@gmail.com,153486238,included,-1
2025-04-09T12:35:31.078Z,448594,phil.martin.research@gmail.com,153486604,"""__EXR__Not about Evidence use""",1
2025-04-09T12:35:31.105Z,448594,phil.martin.research@gmail.com,153486604,included,-1
2025-04-09T12:36:26.759Z,448594,phil.martin.research@gmail.com,153487037,"""__EXR__Not about Evidence use""",1
2025-04-09T12:36:26.783Z,448594,phil.martin.research@gmail.com,153487037,included,-1
2025-04-09T12:37:22.023Z,448594,phil.martin.research@gmail.com,153486139,"""__EXR__Not about Evidence use""",1
2025-04-09T12:37:22.046Z,448594,phil.martin.research@gmail.com,153486139,included,-1
2025-04-09T12:38:18.341Z,448594,phil.martin.research@gmail.com,153485702,included,1
2025-04-09T12:39:12.963Z,448594,phil.martin.research@gmail.com,153486327,"""__EXR__Not about conservation""",1
2025-04-09T12:39:12.978Z,448594,phil.martin.research@gmail.com,153486327,included,-1
2025-04-09T12:40:03.758Z,448594,phil.martin.research@gmail.com,153486400,"""__EXR__Not about Evidence use""",1
2025-04-09T12:40:03.779Z,448594,phil.martin.research@gmail.com,153486400,included,-1
2025-04-09T12:40:33.260Z,448594,phil.martin.research@gmail.com,153485841,"""__EXR__Not about policy or practice""",1
2025-04-09T12:40:33.278Z,448594,phil.martin.research@gmail.com,153485841,included,-1
2025-04-09T12:41:19.720Z,448594,phil.martin.research@gmail.com,153486016,"""__EXR__Not about conservation""",1
2025-04-09T12:41:19.739Z,448594,phil.martin.research@gmail.com,153486016,included,-1
2025-04-09T12:42:23.474Z,448594,phil.martin.research@gmail.com,153486040,"""__EXR__Not about conservation""",1
2025-04-09T12:42:23.488Z,448594,phil.martin.research@gmail.com,153486040,included,-1
2025-04-09T12:43:11.499Z,448594,phil.martin.research@gmail.com,153486936,"""__EXR__Not about Evidence use""",1
2025-04-09T12:43:11.519Z,448594,phil.martin.research@gmail.com,153486936,included,-1
2025-04-09T12:43:51.849Z,448594,phil.martin.research@gmail.com,153485968,"""__EXR__Not about conservation""",1
2025-04-09T12:43:51.870Z,448594,phil.martin.research@gmail.com,153485968,included,-1
2025-04-09T12:46:21.789Z,448594,phil.martin.research@gmail.com,153486225,"""__EXR__Not about Evidence use""",1
2025-04-09T12:46:21.805Z,448594,phil.martin.research@gmail.com,153486225,included,-1
2025-04-09T12:46:37.132Z,448594,phil.martin.research@gmail.com,153486860,"""__EXR__Not about Evidence use""",1
2025-04-09T12:46:37.148Z,448594,phil.martin.research@gmail.com,153486860,included,-1
2025-04-09T12:47:17.968Z,448594,phil.martin.research@gmail.com,153486454,"""__EXR__Not about Evidence use""",1
2025-04-09T12:47:18.012Z,448594,phil.martin.research@gmail.com,153486454,included,-1
2025-04-09T12:48:03.322Z,448594,phil.martin.research@gmail.com,153487213,"""__EXR__Not about Evidence use""",1
2025-04-09T12:48:03.341Z,448594,phil.martin.research@gmail.com,153487213,included,-1
2025-04-09T12:48:35.068Z,448594,phil.martin.research@gmail.com,153487159,"""__EXR__Not about conservation""",1
2025-04-09T12:48:35.084Z,448594,phil.martin.research@gmail.com,153487159,included,-1
2025-04-09T12:48:53.961Z,448594,phil.martin.research@gmail.com,153486958,"""__EXR__Not about Evidence use""",1
2025-04-09T12:48:53.976Z,448594,phil.martin.research@gmail.com,153486958,included,-1
2025-04-09T12:49:46.214Z,448594,phil.martin.research@gmail.com,153486322,"""__EXR__Not about conservation""",1
2025-04-09T12:49:46.250Z,448594,phil.martin.research@gmail.com,153486322,included,-1
2025-04-09T12:50:22.276Z,448594,phil.martin.research@gmail.com,153486978,"""__EXR__Not about conservation""",1
2025-04-09T12:50:22.315Z,448594,phil.martin.research@gmail.com,153486978,included,-1
2025-04-09T12:51:18.470Z,448594,phil.martin.research@gmail.com,153486064,"""__EXR__Not about Evidence use""",1
2025-04-09T12:51:18.485Z,448594,phil.martin.research@gmail.com,153486064,included,-1
2025-04-09T12:51:39.852Z,448594,phil.martin.research@gmail.com,153486595,"""__EXR__Not about Evidence use""",1
2025-04-09T12:51:39.871Z,448594,phil.martin.research@gmail.com,153486595,included,-1
2025-04-09T12:51:53.523Z,448594,phil.martin.research@gmail.com,153486294,"""__EXR__Not about conservation""",1
2025-04-09T12:51:53.536Z,448594,phil.martin.research@gmail.com,153486294,included,-1
2025-04-09T12:52:13.963Z,448594,phil.martin.research@gmail.com,153486501,"""__EXR__Not about Evidence use""",1
2025-04-09T12:52:13.978Z,448594,phil.martin.research@gmail.com,153486501,included,-1
2025-04-09T12:52:17.341Z,448594,phil.martin.research@gmail.com,153485958,"""__EXR__Not about conservation""",1
2025-04-09T12:52:17.355Z,448594,phil.martin.research@gmail.com,153485958,included,-1
2025-04-09T12:52:24.876Z,448594,phil.martin.research@gmail.com,153486910,"""__EXR__Not about conservation""",1
2025-04-09T12:52:24.894Z,448594,phil.martin.research@gmail.com,153486910,included,-1
2025-04-09T12:52:47.996Z,448594,phil.martin.research@gmail.com,153485760,"""__EXR__Not about conservation""",1
2025-04-09T12:52:48.016Z,448594,phil.martin.research@gmail.com,153485760,included,-1
2025-04-09T12:53:38.135Z,448594,phil.martin.research@gmail.com,153486485,"""__EXR__Not about Evidence use""",1
2025-04-09T12:53:38.150Z,448594,phil.martin.research@gmail.com,153486485,included,-1
2025-04-09T12:53:55.512Z,448594,phil.martin.research@gmail.com,153486003,"""__EXR__Not about Evidence use""",1
2025-04-09T12:53:55.528Z,448594,phil.martin.research@gmail.com,153486003,included,-1
2025-04-09T12:54:14.224Z,448594,phil.martin.research@gmail.com,153486152,"""__EXR__Not about Evidence use""",1
2025-04-09T12:54:14.241Z,448594,phil.martin.research@gmail.com,153486152,included,-1
2025-04-09T12:54:42.908Z,448594,phil.martin.research@gmail.com,153487059,"""__EXR__Not about Evidence use""",1
2025-04-09T12:54:42.928Z,448594,phil.martin.research@gmail.com,153487059,included,-1
2025-04-09T12:54:58.295Z,448594,phil.martin.research@gmail.com,153485242,"""__EXR__Not about conservation""",1
2025-04-09T12:54:58.311Z,448594,phil.martin.research@gmail.com,153485242,included,-1
2025-04-09T12:55:04.834Z,448594,phil.martin.research@gmail.com,153485244,"""__EXR__Not about conservation""",1
2025-04-09T12:55:04.850Z,448594,phil.martin.research@gmail.com,153485244,included,-1
2025-04-09T12:55:13.459Z,448594,phil.martin.research@gmail.com,153486188,"""__EXR__Not about Evidence use""",1
2025-04-09T12:55:13.469Z,448594,phil.martin.research@gmail.com,153486188,included,-1
2025-04-09T12:55:28.527Z,448594,phil.martin.research@gmail.com,153485871,"""__EXR__Not about conservation""",1
2025-04-09T12:55:28.541Z,448594,phil.martin.research@gmail.com,153485871,included,-1
2025-04-09T12:55:36.874Z,448594,phil.martin.research@gmail.com,153486112,"""__EXR__Not about conservation""",1
2025-04-09T12:55:36.895Z,448594,phil.martin.research@gmail.com,153486112,included,-1
2025-04-09T12:55:39.531Z,448594,phil.martin.research@gmail.com,153486171,"""__EXR__Not about conservation""",1
2025-04-09T12:55:39.543Z,448594,phil.martin.research@gmail.com,153486171,included,-1
2025-04-09T12:55:45.703Z,448594,phil.martin.research@gmail.com,153487188,"""__EXR__Not about conservation""",1
2025-04-09T12:55:45.717Z,448594,phil.martin.research@gmail.com,153487188,included,-1
2025-04-09T12:55:52.227Z,448594,phil.martin.research@gmail.com,153485194,"""__EXR__Not about conservation""",1
2025-04-09T12:55:52.248Z,448594,phil.martin.research@gmail.com,153485194,included,-1
2025-04-09T12:58:33.940Z,448594,phil.martin.research@gmail.com,153486481,"""__EXR__Not about Evidence use""",1
2025-04-09T12:58:33.956Z,448594,phil.martin.research@gmail.com,153486481,included,-1
2025-04-09T12:59:36.316Z,448594,phil.martin.research@gmail.com,153486768,"""__EXR__Not about factors that influence evidence use""",1
2025-04-09T12:59:36.340Z,448594,phil.martin.research@gmail.com,153486768,included,-1
2025-04-09T13:00:16.623Z,448594,phil.martin.research@gmail.com,153485822,"""__EXR__Not about Evidence use""",1
2025-04-09T13:00:16.638Z,448594,phil.martin.research@gmail.com,153485822,included,-1
2025-04-09T13:00:40.514Z,448594,phil.martin.research@gmail.com,153486816,"""__EXR__Not about Evidence use""",1
2025-04-09T13:00:40.530Z,448594,phil.martin.research@gmail.com,153486816,included,-1
2025-04-09T13:01:38.834Z,448594,phil.martin.research@gmail.com,153486406,"""__EXR__Not about Evidence use""",1
2025-04-09T13:01:38.855Z,448594,phil.martin.research@gmail.com,153486406,included,-1
2025-04-09T13:01:52.720Z,448594,phil.martin.research@gmail.com,153486094,"""__EXR__Not about Evidence use""",1
2025-04-09T13:01:52.744Z,448594,phil.martin.research@gmail.com,153486094,included,-1
2025-04-09T13:02:14.325Z,448594,phil.martin.research@gmail.com,153486973,"""__EXR__Not about conservation""",1
2025-04-09T13:02:14.356Z,448594,phil.martin.research@gmail.com,153486973,included,-1
2025-04-09T13:03:23.734Z,448594,phil.martin.research@gmail.com,153486823,"""__EXR__Not about conservation""",1
2025-04-09T13:03:23.748Z,448594,phil.martin.research@gmail.com,153486823,included,-1
2025-04-09T13:03:34.723Z,448594,phil.martin.research@gmail.com,153486338,"""__EXR__Not about Evidence use""",1
2025-04-09T13:03:34.739Z,448594,phil.martin.research@gmail.com,153486338,included,-1
2025-04-09T13:04:05.666Z,448594,phil.martin.research@gmail.com,153486355,"""__EXR__Not about Evidence use""",1
2025-04-09T13:04:05.683Z,448594,phil.martin.research@gmail.com,153486355,included,-1
2025-04-09T13:04:24.613Z,448594,phil.martin.research@gmail.com,153486792,"""__EXR__Not about Evidence use""",1
2025-04-09T13:04:24.630Z,448594,phil.martin.research@gmail.com,153486792,included,-1
2025-04-09T13:04:59.572Z,448594,phil.martin.research@gmail.com,153486339,"""__EXR__Not about Evidence use""",1
2025-04-09T13:04:59.586Z,448594,phil.martin.research@gmail.com,153486339,included,-1
2025-04-09T13:05:32.400Z,448594,phil.martin.research@gmail.com,153487023,"""__EXR__Not about factors that influence evidence use""",1
2025-04-09T13:05:32.416Z,448594,phil.martin.research@gmail.com,153487023,included,-1
2025-04-09T13:08:12.311Z,448594,phil.martin.research@gmail.com,153487002,"""__EXR__Not about Evidence use""",1
2025-04-09T13:08:12.327Z,448594,phil.martin.research@gmail.com,153487002,included,-1
2025-04-09T13:09:23.070Z,448594,phil.martin.research@gmail.com,153486741,"""__EXR__Not about factors that influence evidence use""",1
2025-04-09T13:09:23.088Z,448594,phil.martin.research@gmail.com,153486741,included,-1
