created_at,user_id,user_email,article_id,key,value
2025-01-30T08:43:35.973Z,0,rayyan@rayyan.ai,153486046,"""__SYSTEM__SAMPLE__c8ec392c388730c4c6deb36dc3dfd181_13326""",1
2025-01-30T08:43:36.146Z,0,rayyan@rayyan.ai,153486385,"""__SYSTEM__SAMPLE__c8ec392c388730c4c6deb36dc3dfd181_13326""",1
2025-01-30T08:43:36.286Z,0,rayyan@rayyan.ai,153486621,"""__SYSTEM__SAMPLE__c8ec392c388730c4c6deb36dc3dfd181_13326""",1
2025-01-30T08:43:36.286Z,0,rayyan@rayyan.ai,153486226,"""__SYSTEM__SAMPLE__c8ec392c388730c4c6deb36dc3dfd181_13326""",1
2025-01-30T08:43:36.286Z,0,rayyan@rayyan.ai,153486843,"""__SYSTEM__SAMPLE__c8ec392c388730c4c6deb36dc3dfd181_13326""",1
2025-01-30T08:43:36.415Z,0,rayyan@rayyan.ai,153486091,"""__SYSTEM__SAMPLE__c8ec392c388730c4c6deb36dc3dfd181_13326""",1
2025-01-30T08:43:36.415Z,0,rayyan@rayyan.ai,153486921,"""__SYSTEM__SAMPLE__c8ec392c388730c4c6deb36dc3dfd181_13326""",1
2025-01-30T08:43:36.710Z,0,rayyan@rayyan.ai,153486645,"""__SYSTEM__SAMPLE__c8ec392c388730c4c6deb36dc3dfd181_13326""",1
2025-01-30T08:43:36.859Z,0,rayyan@rayyan.ai,153485990,"""__SYSTEM__SAMPLE__c8ec392c388730c4c6deb36dc3dfd181_13326""",1
2025-02-27T16:25:47.861Z,0,rayyan@rayyan.ai,153487180,"""__SYSTEM__SAMPLE__bf16548037788a03250fcfb89d192afc_15155""",1
2025-02-27T16:25:47.861Z,0,rayyan@rayyan.ai,153486991,"""__SYSTEM__SAMPLE__bf16548037788a03250fcfb89d192afc_15155""",1
2025-02-27T16:25:48.428Z,0,rayyan@rayyan.ai,153486855,"""__SYSTEM__SAMPLE__bf16548037788a03250fcfb89d192afc_15155""",1
2025-02-27T16:25:48.813Z,0,rayyan@rayyan.ai,153486649,"""__SYSTEM__SAMPLE__bf16548037788a03250fcfb89d192afc_15155""",1
2025-02-27T16:25:48.964Z,0,rayyan@rayyan.ai,153486616,"""__SYSTEM__SAMPLE__bf16548037788a03250fcfb89d192afc_15155""",1
2025-02-27T16:25:48.964Z,0,rayyan@rayyan.ai,153485211,"""__SYSTEM__SAMPLE__bf16548037788a03250fcfb89d192afc_15155""",1
2025-02-27T16:25:49.281Z,0,rayyan@rayyan.ai,153486766,"""__SYSTEM__SAMPLE__bf16548037788a03250fcfb89d192afc_15155""",1
2025-02-27T16:25:49.281Z,0,rayyan@rayyan.ai,153485511,"""__SYSTEM__SAMPLE__bf16548037788a03250fcfb89d192afc_15155""",1
2025-02-27T16:25:49.600Z,0,rayyan@rayyan.ai,153486506,"""__SYSTEM__SAMPLE__bf16548037788a03250fcfb89d192afc_15155""",1
2025-02-28T10:59:29.266Z,0,rayyan@rayyan.ai,153487072,"""__SYSTEM__SAMPLE__1844316c46179ea4d070527c2a6eda09_15194""",1
2025-02-28T10:59:30.338Z,0,rayyan@rayyan.ai,83177935,"""__SYSTEM__SAMPLE__1844316c46179ea4d070527c2a6eda09_15194""",1
2025-02-28T10:59:30.540Z,0,rayyan@rayyan.ai,83177667,"""__SYSTEM__SAMPLE__1844316c46179ea4d070527c2a6eda09_15194""",1
2025-02-28T10:59:30.738Z,0,rayyan@rayyan.ai,153487070,"""__SYSTEM__SAMPLE__1844316c46179ea4d070527c2a6eda09_15194""",1
2025-02-28T10:59:30.809Z,0,rayyan@rayyan.ai,153486991,"""__SYSTEM__SAMPLE__1844316c46179ea4d070527c2a6eda09_15194""",1
2025-02-28T10:59:31.914Z,0,rayyan@rayyan.ai,153486648,"""__SYSTEM__SAMPLE__1844316c46179ea4d070527c2a6eda09_15194""",1
2025-02-28T10:59:31.914Z,0,rayyan@rayyan.ai,153486091,"""__SYSTEM__SAMPLE__1844316c46179ea4d070527c2a6eda09_15194""",1
2025-02-28T10:59:32.027Z,0,rayyan@rayyan.ai,153485952,"""__SYSTEM__SAMPLE__1844316c46179ea4d070527c2a6eda09_15194""",1
2025-03-03T08:02:32.211Z,0,rayyan@rayyan.ai,153487180,"""__SYSTEM__SAMPLE__5ef013fd1ac260e2ad077cb0f803864e_15279""",1
2025-03-03T08:02:33.894Z,0,rayyan@rayyan.ai,153486671,"""__SYSTEM__SAMPLE__5ef013fd1ac260e2ad077cb0f803864e_15279""",1
2025-03-03T08:02:34.512Z,0,rayyan@rayyan.ai,153486530,"""__SYSTEM__SAMPLE__5ef013fd1ac260e2ad077cb0f803864e_15279""",1
2025-03-03T08:02:34.892Z,0,rayyan@rayyan.ai,153486890,"""__SYSTEM__SAMPLE__5ef013fd1ac260e2ad077cb0f803864e_15280""",1
2025-03-03T08:02:35.022Z,0,rayyan@rayyan.ai,153486325,"""__SYSTEM__SAMPLE__5ef013fd1ac260e2ad077cb0f803864e_15280""",1
2025-03-03T08:02:35.591Z,0,rayyan@rayyan.ai,153487072,"""__SYSTEM__SAMPLE__5ef013fd1ac260e2ad077cb0f803864e_15280""",1
2025-03-03T08:02:35.591Z,0,rayyan@rayyan.ai,153485140,"""__SYSTEM__SAMPLE__5ef013fd1ac260e2ad077cb0f803864e_15280""",1
2025-03-03T08:02:35.797Z,0,rayyan@rayyan.ai,153485302,"""__SYSTEM__SAMPLE__5ef013fd1ac260e2ad077cb0f803864e_15280""",1
2025-03-03T08:02:35.838Z,0,rayyan@rayyan.ai,153486091,"""__SYSTEM__SAMPLE__5ef013fd1ac260e2ad077cb0f803864e_15280""",1
2025-03-03T08:02:35.876Z,0,rayyan@rayyan.ai,153485361,"""__SYSTEM__SAMPLE__5ef013fd1ac260e2ad077cb0f803864e_15280""",1
2025-03-03T08:02:35.955Z,0,rayyan@rayyan.ai,153486468,"""__SYSTEM__SAMPLE__5ef013fd1ac260e2ad077cb0f803864e_15280""",1
2025-03-03T08:02:36.047Z,0,rayyan@rayyan.ai,83177598,"""__SYSTEM__SAMPLE__5ef013fd1ac260e2ad077cb0f803864e_15281""",1
2025-03-03T08:02:36.126Z,0,rayyan@rayyan.ai,153486215,"""__SYSTEM__SAMPLE__5ef013fd1ac260e2ad077cb0f803864e_15281""",1
2025-03-03T08:02:36.126Z,0,rayyan@rayyan.ai,83177763,"""__SYSTEM__SAMPLE__5ef013fd1ac260e2ad077cb0f803864e_15281""",1
2025-03-03T08:02:36.162Z,0,rayyan@rayyan.ai,153487020,"""__SYSTEM__SAMPLE__5ef013fd1ac260e2ad077cb0f803864e_15281""",1
2025-03-03T08:02:36.357Z,0,rayyan@rayyan.ai,153487076,"""__SYSTEM__SAMPLE__5ef013fd1ac260e2ad077cb0f803864e_15281""",1
2025-03-03T08:02:36.395Z,0,rayyan@rayyan.ai,153485380,"""__SYSTEM__SAMPLE__5ef013fd1ac260e2ad077cb0f803864e_15281""",1
2025-03-03T08:02:36.510Z,0,rayyan@rayyan.ai,83177980,"""__SYSTEM__SAMPLE__5ef013fd1ac260e2ad077cb0f803864e_15281""",1
2025-03-03T08:02:36.663Z,0,rayyan@rayyan.ai,153485379,"""__SYSTEM__SAMPLE__5ef013fd1ac260e2ad077cb0f803864e_15281""",1
2025-03-03T08:02:36.705Z,0,rayyan@rayyan.ai,83177828,"""__SYSTEM__SAMPLE__5ef013fd1ac260e2ad077cb0f803864e_15281""",1
2025-03-03T08:02:37.407Z,0,rayyan@rayyan.ai,153485327,"""__SYSTEM__SAMPLE__5ef013fd1ac260e2ad077cb0f803864e_15282""",1
2025-03-03T08:02:37.446Z,0,rayyan@rayyan.ai,153485729,"""__SYSTEM__SAMPLE__5ef013fd1ac260e2ad077cb0f803864e_15282""",1
2025-03-03T08:02:37.693Z,0,rayyan@rayyan.ai,153486634,"""__SYSTEM__SAMPLE__5ef013fd1ac260e2ad077cb0f803864e_15282""",1
2025-03-03T08:02:37.783Z,0,rayyan@rayyan.ai,153486991,"""__SYSTEM__SAMPLE__5ef013fd1ac260e2ad077cb0f803864e_15282""",1
2025-03-03T08:02:38.391Z,0,rayyan@rayyan.ai,153486130,"""__SYSTEM__SAMPLE__5ef013fd1ac260e2ad077cb0f803864e_15282""",1
2025-03-03T08:02:38.436Z,0,rayyan@rayyan.ai,153485990,"""__SYSTEM__SAMPLE__5ef013fd1ac260e2ad077cb0f803864e_15283""",1
2025-03-03T08:02:38.616Z,0,rayyan@rayyan.ai,153485676,"""__SYSTEM__SAMPLE__5ef013fd1ac260e2ad077cb0f803864e_15283""",1
2025-03-03T08:02:38.724Z,0,rayyan@rayyan.ai,153486134,"""__SYSTEM__SAMPLE__5ef013fd1ac260e2ad077cb0f803864e_15283""",1
2025-03-03T08:02:38.761Z,0,rayyan@rayyan.ai,83178002,"""__SYSTEM__SAMPLE__5ef013fd1ac260e2ad077cb0f803864e_15283""",1
2025-03-03T08:02:38.838Z,0,rayyan@rayyan.ai,153486529,"""__SYSTEM__SAMPLE__5ef013fd1ac260e2ad077cb0f803864e_15283""",1
2025-03-03T08:02:39.084Z,0,rayyan@rayyan.ai,153486983,"""__SYSTEM__SAMPLE__5ef013fd1ac260e2ad077cb0f803864e_15283""",1
2025-03-03T08:02:39.158Z,0,rayyan@rayyan.ai,153487070,"""__SYSTEM__SAMPLE__5ef013fd1ac260e2ad077cb0f803864e_15283""",1
2025-03-03T08:02:39.338Z,0,rayyan@rayyan.ai,83177935,"""__SYSTEM__SAMPLE__5ef013fd1ac260e2ad077cb0f803864e_15284""",1
2025-03-03T08:02:39.373Z,0,rayyan@rayyan.ai,153486430,"""__SYSTEM__SAMPLE__5ef013fd1ac260e2ad077cb0f803864e_15284""",1
2025-03-03T08:02:39.733Z,0,rayyan@rayyan.ai,153486605,"""__SYSTEM__SAMPLE__5ef013fd1ac260e2ad077cb0f803864e_15284""",1
2025-03-03T08:02:40.011Z,0,rayyan@rayyan.ai,153485839,"""__SYSTEM__SAMPLE__5ef013fd1ac260e2ad077cb0f803864e_15284""",1
2025-03-03T08:02:40.011Z,0,rayyan@rayyan.ai,153486114,"""__SYSTEM__SAMPLE__5ef013fd1ac260e2ad077cb0f803864e_15284""",1
2025-03-03T08:02:40.300Z,0,rayyan@rayyan.ai,153486317,"""__SYSTEM__SAMPLE__5ef013fd1ac260e2ad077cb0f803864e_15284""",1
2025-03-03T08:02:40.300Z,0,rayyan@rayyan.ai,153486985,"""__SYSTEM__SAMPLE__5ef013fd1ac260e2ad077cb0f803864e_15284""",1
2025-03-03T08:02:40.376Z,0,rayyan@rayyan.ai,83177938,"""__SYSTEM__SAMPLE__5ef013fd1ac260e2ad077cb0f803864e_15285""",1
2025-03-03T08:02:41.090Z,0,rayyan@rayyan.ai,153486766,"""__SYSTEM__SAMPLE__5ef013fd1ac260e2ad077cb0f803864e_15285""",1
2025-03-03T08:02:41.090Z,0,rayyan@rayyan.ai,83177625,"""__SYSTEM__SAMPLE__5ef013fd1ac260e2ad077cb0f803864e_15285""",1
2025-03-03T08:02:41.090Z,0,rayyan@rayyan.ai,153486295,"""__SYSTEM__SAMPLE__5ef013fd1ac260e2ad077cb0f803864e_15285""",1
2025-03-03T08:02:41.426Z,0,rayyan@rayyan.ai,153486046,"""__SYSTEM__SAMPLE__5ef013fd1ac260e2ad077cb0f803864e_15285""",1
2025-03-03T08:02:41.535Z,0,rayyan@rayyan.ai,153485452,"""__SYSTEM__SAMPLE__5ef013fd1ac260e2ad077cb0f803864e_15285""",1
2025-03-03T08:02:41.600Z,0,rayyan@rayyan.ai,153486628,"""__SYSTEM__SAMPLE__5ef013fd1ac260e2ad077cb0f803864e_15285""",1
2025-03-03T08:02:41.939Z,0,rayyan@rayyan.ai,153486647,"""__SYSTEM__SAMPLE__5ef013fd1ac260e2ad077cb0f803864e_15285""",1
2025-03-03T08:02:41.939Z,0,rayyan@rayyan.ai,153486695,"""__SYSTEM__SAMPLE__5ef013fd1ac260e2ad077cb0f803864e_15285""",1
2025-03-03T08:02:41.989Z,0,rayyan@rayyan.ai,153486077,"""__SYSTEM__SAMPLE__5ef013fd1ac260e2ad077cb0f803864e_15286""",1
2025-03-03T08:02:42.411Z,0,rayyan@rayyan.ai,153485569,"""__SYSTEM__SAMPLE__5ef013fd1ac260e2ad077cb0f803864e_15286""",1
2025-03-03T08:02:42.824Z,0,rayyan@rayyan.ai,153485164,"""__SYSTEM__SAMPLE__5ef013fd1ac260e2ad077cb0f803864e_15286""",1
2025-03-03T08:02:42.824Z,0,rayyan@rayyan.ai,153485902,"""__SYSTEM__SAMPLE__5ef013fd1ac260e2ad077cb0f803864e_15286""",1
2025-03-03T08:02:42.824Z,0,rayyan@rayyan.ai,153485511,"""__SYSTEM__SAMPLE__5ef013fd1ac260e2ad077cb0f803864e_15286""",1
2025-03-03T08:02:42.980Z,0,rayyan@rayyan.ai,153486226,"""__SYSTEM__SAMPLE__5ef013fd1ac260e2ad077cb0f803864e_15286""",1
2025-03-03T08:02:43.172Z,0,rayyan@rayyan.ai,153485979,"""__SYSTEM__SAMPLE__5ef013fd1ac260e2ad077cb0f803864e_15286""",1
2025-03-03T08:02:43.510Z,0,rayyan@rayyan.ai,153486649,"""__SYSTEM__SAMPLE__5ef013fd1ac260e2ad077cb0f803864e_15286""",1
2025-03-03T08:05:23.197Z,0,rayyan@rayyan.ai,153487070,"""__SYSTEM__SAMPLE__7e180c281ac02758a82cc34f7e6794d7_15287""",1
2025-03-03T08:05:23.369Z,0,rayyan@rayyan.ai,153487072,"""__SYSTEM__SAMPLE__7e180c281ac02758a82cc34f7e6794d7_15287""",1
2025-03-03T08:05:23.470Z,0,rayyan@rayyan.ai,153486797,"""__SYSTEM__SAMPLE__7e180c281ac02758a82cc34f7e6794d7_15287""",1
2025-03-03T08:05:23.470Z,0,rayyan@rayyan.ai,153486985,"""__SYSTEM__SAMPLE__7e180c281ac02758a82cc34f7e6794d7_15287""",1
2025-03-03T08:05:23.538Z,0,rayyan@rayyan.ai,153486046,"""__SYSTEM__SAMPLE__7e180c281ac02758a82cc34f7e6794d7_15287""",1
2025-03-03T08:05:23.797Z,0,rayyan@rayyan.ai,153486939,"""__SYSTEM__SAMPLE__7e180c281ac02758a82cc34f7e6794d7_15287""",1
2025-03-03T08:05:23.836Z,0,rayyan@rayyan.ai,153486616,"""__SYSTEM__SAMPLE__7e180c281ac02758a82cc34f7e6794d7_15287""",1
2025-03-03T08:05:23.998Z,0,rayyan@rayyan.ai,153485729,"""__SYSTEM__SAMPLE__7e180c281ac02758a82cc34f7e6794d7_15288""",1
2025-03-03T08:05:24.071Z,0,rayyan@rayyan.ai,153485604,"""__SYSTEM__SAMPLE__7e180c281ac02758a82cc34f7e6794d7_15288""",1
2025-03-03T08:05:24.283Z,0,rayyan@rayyan.ai,153486468,"""__SYSTEM__SAMPLE__7e180c281ac02758a82cc34f7e6794d7_15288""",1
2025-03-03T08:05:24.384Z,0,rayyan@rayyan.ai,153486091,"""__SYSTEM__SAMPLE__7e180c281ac02758a82cc34f7e6794d7_15288""",1
2025-03-03T08:05:24.419Z,0,rayyan@rayyan.ai,153485676,"""__SYSTEM__SAMPLE__7e180c281ac02758a82cc34f7e6794d7_15288""",1
2025-03-03T08:05:24.483Z,0,rayyan@rayyan.ai,153485327,"""__SYSTEM__SAMPLE__7e180c281ac02758a82cc34f7e6794d7_15288""",1
2025-03-03T08:05:24.836Z,0,rayyan@rayyan.ai,153486648,"""__SYSTEM__SAMPLE__7e180c281ac02758a82cc34f7e6794d7_15288""",1
2025-03-03T08:05:24.894Z,0,rayyan@rayyan.ai,153485452,"""__SYSTEM__SAMPLE__7e180c281ac02758a82cc34f7e6794d7_15288""",1
2025-03-03T08:05:24.992Z,0,rayyan@rayyan.ai,153486148,"""__SYSTEM__SAMPLE__7e180c281ac02758a82cc34f7e6794d7_15288""",1
2025-03-03T08:05:25.045Z,0,rayyan@rayyan.ai,153486855,"""__SYSTEM__SAMPLE__7e180c281ac02758a82cc34f7e6794d7_15288""",1
2025-03-03T08:05:25.089Z,0,rayyan@rayyan.ai,153485302,"""__SYSTEM__SAMPLE__7e180c281ac02758a82cc34f7e6794d7_15289""",1
2025-03-03T08:05:25.127Z,0,rayyan@rayyan.ai,153486695,"""__SYSTEM__SAMPLE__7e180c281ac02758a82cc34f7e6794d7_15289""",1
2025-03-03T08:05:25.302Z,0,rayyan@rayyan.ai,153486647,"""__SYSTEM__SAMPLE__7e180c281ac02758a82cc34f7e6794d7_15289""",1
2025-03-03T08:05:25.693Z,0,rayyan@rayyan.ai,153486509,"""__SYSTEM__SAMPLE__7e180c281ac02758a82cc34f7e6794d7_15289""",1
2025-03-03T08:05:25.822Z,0,rayyan@rayyan.ai,153486114,"""__SYSTEM__SAMPLE__7e180c281ac02758a82cc34f7e6794d7_15289""",1
2025-03-03T08:05:26.041Z,0,rayyan@rayyan.ai,153486962,"""__SYSTEM__SAMPLE__7e180c281ac02758a82cc34f7e6794d7_15289""",1
2025-03-03T08:05:26.374Z,0,rayyan@rayyan.ai,83177980,"""__SYSTEM__SAMPLE__7e180c281ac02758a82cc34f7e6794d7_15290""",1
2025-03-03T08:05:26.446Z,0,rayyan@rayyan.ai,153485839,"""__SYSTEM__SAMPLE__7e180c281ac02758a82cc34f7e6794d7_15290""",1
2025-03-03T08:05:26.657Z,0,rayyan@rayyan.ai,153486983,"""__SYSTEM__SAMPLE__7e180c281ac02758a82cc34f7e6794d7_15290""",1
2025-03-03T08:05:26.937Z,0,rayyan@rayyan.ai,83177598,"""__SYSTEM__SAMPLE__7e180c281ac02758a82cc34f7e6794d7_15290""",1
2025-03-03T08:05:27.044Z,0,rayyan@rayyan.ai,153487020,"""__SYSTEM__SAMPLE__7e180c281ac02758a82cc34f7e6794d7_15290""",1
2025-03-03T08:05:27.271Z,0,rayyan@rayyan.ai,153485569,"""__SYSTEM__SAMPLE__7e180c281ac02758a82cc34f7e6794d7_15291""",1
2025-03-03T08:05:27.338Z,0,rayyan@rayyan.ai,83177828,"""__SYSTEM__SAMPLE__7e180c281ac02758a82cc34f7e6794d7_15291""",1
2025-03-03T08:05:27.401Z,0,rayyan@rayyan.ai,153485380,"""__SYSTEM__SAMPLE__7e180c281ac02758a82cc34f7e6794d7_15291""",1
2025-03-03T08:05:27.527Z,0,rayyan@rayyan.ai,153485902,"""__SYSTEM__SAMPLE__7e180c281ac02758a82cc34f7e6794d7_15291""",1
2025-03-03T08:05:27.628Z,0,rayyan@rayyan.ai,153486766,"""__SYSTEM__SAMPLE__7e180c281ac02758a82cc34f7e6794d7_15291""",1
2025-03-03T08:05:27.697Z,0,rayyan@rayyan.ai,153485990,"""__SYSTEM__SAMPLE__7e180c281ac02758a82cc34f7e6794d7_15291""",1
2025-03-03T08:05:27.857Z,0,rayyan@rayyan.ai,83177667,"""__SYSTEM__SAMPLE__7e180c281ac02758a82cc34f7e6794d7_15291""",1
2025-03-03T08:05:27.857Z,0,rayyan@rayyan.ai,153485281,"""__SYSTEM__SAMPLE__7e180c281ac02758a82cc34f7e6794d7_15291""",1
2025-03-03T08:05:28.302Z,0,rayyan@rayyan.ai,153487180,"""__SYSTEM__SAMPLE__7e180c281ac02758a82cc34f7e6794d7_15292""",1
2025-03-03T08:05:28.334Z,0,rayyan@rayyan.ai,153485379,"""__SYSTEM__SAMPLE__7e180c281ac02758a82cc34f7e6794d7_15292""",1
2025-03-03T08:05:28.401Z,0,rayyan@rayyan.ai,153486631,"""__SYSTEM__SAMPLE__7e180c281ac02758a82cc34f7e6794d7_15292""",1
2025-03-03T08:05:28.432Z,0,rayyan@rayyan.ai,153485361,"""__SYSTEM__SAMPLE__7e180c281ac02758a82cc34f7e6794d7_15292""",1
2025-03-03T08:05:28.432Z,0,rayyan@rayyan.ai,153486628,"""__SYSTEM__SAMPLE__7e180c281ac02758a82cc34f7e6794d7_15292""",1
2025-03-03T08:05:28.462Z,0,rayyan@rayyan.ai,153486430,"""__SYSTEM__SAMPLE__7e180c281ac02758a82cc34f7e6794d7_15292""",1
2025-03-03T08:05:28.495Z,0,rayyan@rayyan.ai,153486671,"""__SYSTEM__SAMPLE__7e180c281ac02758a82cc34f7e6794d7_15292""",1
2025-03-03T08:05:28.526Z,0,rayyan@rayyan.ai,153486130,"""__SYSTEM__SAMPLE__7e180c281ac02758a82cc34f7e6794d7_15292""",1
2025-03-03T08:05:28.657Z,0,rayyan@rayyan.ai,153486134,"""__SYSTEM__SAMPLE__7e180c281ac02758a82cc34f7e6794d7_15292""",1
2025-03-03T08:05:28.973Z,0,rayyan@rayyan.ai,153485140,"""__SYSTEM__SAMPLE__7e180c281ac02758a82cc34f7e6794d7_15292""",1
2025-03-03T08:05:29.037Z,0,rayyan@rayyan.ai,153486605,"""__SYSTEM__SAMPLE__7e180c281ac02758a82cc34f7e6794d7_15292""",1
2025-03-03T08:05:29.146Z,0,rayyan@rayyan.ai,153486529,"""__SYSTEM__SAMPLE__7e180c281ac02758a82cc34f7e6794d7_15293""",1
2025-03-03T08:05:29.479Z,0,rayyan@rayyan.ai,153487060,"""__SYSTEM__SAMPLE__7e180c281ac02758a82cc34f7e6794d7_15293""",1
2025-03-03T08:05:29.760Z,0,rayyan@rayyan.ai,153486506,"""__SYSTEM__SAMPLE__7e180c281ac02758a82cc34f7e6794d7_15293""",1
2025-03-03T08:05:29.822Z,0,rayyan@rayyan.ai,153486991,"""__SYSTEM__SAMPLE__7e180c281ac02758a82cc34f7e6794d7_15293""",1
2025-03-03T08:05:30.052Z,0,rayyan@rayyan.ai,153486621,"""__SYSTEM__SAMPLE__7e180c281ac02758a82cc34f7e6794d7_15293""",1
2025-03-03T08:05:30.052Z,0,rayyan@rayyan.ai,153485557,"""__SYSTEM__SAMPLE__7e180c281ac02758a82cc34f7e6794d7_15293""",1
2025-03-03T14:31:31.222Z,0,rayyan@rayyan.ai,153485380,"""__SYSTEM__SAMPLE__aa2f77d5999837bbef538b5bfab94a9e_15318""",1
2025-03-03T14:31:31.444Z,0,rayyan@rayyan.ai,153485233,"""__SYSTEM__SAMPLE__aa2f77d5999837bbef538b5bfab94a9e_15318""",1
2025-03-03T19:32:20.106Z,0,rayyan@rayyan.ai,83177763,"""__SYSTEM__SAMPLE__3e981fa25c9d210f15f61af0b328cb3b_15336""",1
2025-03-03T19:32:20.316Z,0,rayyan@rayyan.ai,153486649,"""__SYSTEM__SAMPLE__3e981fa25c9d210f15f61af0b328cb3b_15336""",1
2025-03-03T19:32:20.316Z,0,rayyan@rayyan.ai,153487180,"""__SYSTEM__SAMPLE__3e981fa25c9d210f15f61af0b328cb3b_15336""",1
2025-03-03T19:32:21.671Z,0,rayyan@rayyan.ai,153486991,"""__SYSTEM__SAMPLE__3e981fa25c9d210f15f61af0b328cb3b_15336""",1
2025-03-03T19:32:21.671Z,0,rayyan@rayyan.ai,153486682,"""__SYSTEM__SAMPLE__3e981fa25c9d210f15f61af0b328cb3b_15336""",1
2025-03-03T19:32:21.973Z,0,rayyan@rayyan.ai,153486921,"""__SYSTEM__SAMPLE__3e981fa25c9d210f15f61af0b328cb3b_15336""",1
2025-03-03T19:32:23.171Z,0,rayyan@rayyan.ai,153486797,"""__SYSTEM__SAMPLE__3e981fa25c9d210f15f61af0b328cb3b_15336""",1
2025-03-03T19:32:23.323Z,0,rayyan@rayyan.ai,153485990,"""__SYSTEM__SAMPLE__3e981fa25c9d210f15f61af0b328cb3b_15336""",1
2025-03-03T19:32:23.394Z,0,rayyan@rayyan.ai,153486148,"""__SYSTEM__SAMPLE__3e981fa25c9d210f15f61af0b328cb3b_15336""",1
2025-03-03T19:32:23.394Z,0,rayyan@rayyan.ai,83177828,"""__SYSTEM__SAMPLE__3e981fa25c9d210f15f61af0b328cb3b_15336""",1
2025-03-06T12:29:14.527Z,0,rayyan@rayyan.ai,153487072,"""__SYSTEM__SAMPLE__6162b2583ac27b37ac06dfc5672321e9_15498""",1
2025-03-06T12:29:14.605Z,0,rayyan@rayyan.ai,153487060,"""__SYSTEM__SAMPLE__6162b2583ac27b37ac06dfc5672321e9_15498""",1
2025-03-06T12:29:14.922Z,0,rayyan@rayyan.ai,153486883,"""__SYSTEM__SAMPLE__6162b2583ac27b37ac06dfc5672321e9_15498""",1
2025-03-06T12:29:15.958Z,0,rayyan@rayyan.ai,153486962,"""__SYSTEM__SAMPLE__6162b2583ac27b37ac06dfc5672321e9_15499""",1
2025-03-06T12:29:15.958Z,0,rayyan@rayyan.ai,153485164,"""__SYSTEM__SAMPLE__6162b2583ac27b37ac06dfc5672321e9_15499""",1
2025-03-06T12:29:16.507Z,0,rayyan@rayyan.ai,153485839,"""__SYSTEM__SAMPLE__6162b2583ac27b37ac06dfc5672321e9_15499""",1
2025-03-06T12:29:16.591Z,0,rayyan@rayyan.ai,153486890,"""__SYSTEM__SAMPLE__6162b2583ac27b37ac06dfc5672321e9_15499""",1
2025-03-06T12:29:16.591Z,0,rayyan@rayyan.ai,153486046,"""__SYSTEM__SAMPLE__6162b2583ac27b37ac06dfc5672321e9_15499""",1
2025-03-06T12:29:16.784Z,0,rayyan@rayyan.ai,153486616,"""__SYSTEM__SAMPLE__6162b2583ac27b37ac06dfc5672321e9_15499""",1
2025-03-06T12:29:16.822Z,0,rayyan@rayyan.ai,153485676,"""__SYSTEM__SAMPLE__6162b2583ac27b37ac06dfc5672321e9_15499""",1
2025-03-06T12:29:17.089Z,0,rayyan@rayyan.ai,153486468,"""__SYSTEM__SAMPLE__6162b2583ac27b37ac06dfc5672321e9_15500""",1
2025-03-06T12:29:17.475Z,0,rayyan@rayyan.ai,153486649,"""__SYSTEM__SAMPLE__6162b2583ac27b37ac06dfc5672321e9_15500""",1
2025-03-06T12:29:17.889Z,0,rayyan@rayyan.ai,153486671,"""__SYSTEM__SAMPLE__6162b2583ac27b37ac06dfc5672321e9_15500""",1
2025-03-06T12:29:18.527Z,0,rayyan@rayyan.ai,153487020,"""__SYSTEM__SAMPLE__6162b2583ac27b37ac06dfc5672321e9_15501""",1
2025-03-06T12:29:18.558Z,0,rayyan@rayyan.ai,153486985,"""__SYSTEM__SAMPLE__6162b2583ac27b37ac06dfc5672321e9_15501""",1
2025-03-06T12:29:18.625Z,0,rayyan@rayyan.ai,153486226,"""__SYSTEM__SAMPLE__6162b2583ac27b37ac06dfc5672321e9_15501""",1
2025-03-06T12:29:18.625Z,0,rayyan@rayyan.ai,153486605,"""__SYSTEM__SAMPLE__6162b2583ac27b37ac06dfc5672321e9_15501""",1
2025-03-06T12:29:18.856Z,0,rayyan@rayyan.ai,153486231,"""__SYSTEM__SAMPLE__6162b2583ac27b37ac06dfc5672321e9_15501""",1
2025-03-06T12:29:18.889Z,0,rayyan@rayyan.ai,153486983,"""__SYSTEM__SAMPLE__6162b2583ac27b37ac06dfc5672321e9_15501""",1
2025-03-06T12:29:19.096Z,0,rayyan@rayyan.ai,83177938,"""__SYSTEM__SAMPLE__6162b2583ac27b37ac06dfc5672321e9_15502""",1
2025-03-06T12:29:19.389Z,0,rayyan@rayyan.ai,83177598,"""__SYSTEM__SAMPLE__6162b2583ac27b37ac06dfc5672321e9_15502""",1
2025-03-06T12:29:19.457Z,0,rayyan@rayyan.ai,83178002,"""__SYSTEM__SAMPLE__6162b2583ac27b37ac06dfc5672321e9_15502""",1
2025-03-06T12:29:19.629Z,0,rayyan@rayyan.ai,153486529,"""__SYSTEM__SAMPLE__6162b2583ac27b37ac06dfc5672321e9_15502""",1
2025-03-06T12:29:19.710Z,0,rayyan@rayyan.ai,153486695,"""__SYSTEM__SAMPLE__6162b2583ac27b37ac06dfc5672321e9_15502""",1
2025-03-06T12:29:19.803Z,0,rayyan@rayyan.ai,83177667,"""__SYSTEM__SAMPLE__6162b2583ac27b37ac06dfc5672321e9_15502""",1
2025-03-06T12:29:19.996Z,0,rayyan@rayyan.ai,83177828,"""__SYSTEM__SAMPLE__6162b2583ac27b37ac06dfc5672321e9_15502""",1
2025-03-06T12:29:19.996Z,0,rayyan@rayyan.ai,153486797,"""__SYSTEM__SAMPLE__6162b2583ac27b37ac06dfc5672321e9_15502""",1
2025-03-06T12:29:20.030Z,0,rayyan@rayyan.ai,83177625,"""__SYSTEM__SAMPLE__6162b2583ac27b37ac06dfc5672321e9_15502""",1
2025-03-06T12:29:20.061Z,0,rayyan@rayyan.ai,153485979,"""__SYSTEM__SAMPLE__6162b2583ac27b37ac06dfc5672321e9_15502""",1
2025-03-06T12:29:20.061Z,0,rayyan@rayyan.ai,153486645,"""__SYSTEM__SAMPLE__6162b2583ac27b37ac06dfc5672321e9_15502""",1
2025-03-06T12:29:21.349Z,0,rayyan@rayyan.ai,153485902,"""__SYSTEM__SAMPLE__6162b2583ac27b37ac06dfc5672321e9_15504""",1
2025-03-06T12:29:21.455Z,0,rayyan@rayyan.ai,153485153,"""__SYSTEM__SAMPLE__6162b2583ac27b37ac06dfc5672321e9_15504""",1
2025-03-06T12:29:21.938Z,0,rayyan@rayyan.ai,153485452,"""__SYSTEM__SAMPLE__6162b2583ac27b37ac06dfc5672321e9_15504""",1
2025-03-06T12:29:22.134Z,0,rayyan@rayyan.ai,153485155,"""__SYSTEM__SAMPLE__6162b2583ac27b37ac06dfc5672321e9_15504""",1
2025-03-06T12:29:22.134Z,0,rayyan@rayyan.ai,153486148,"""__SYSTEM__SAMPLE__6162b2583ac27b37ac06dfc5672321e9_15504""",1
2025-03-06T12:29:22.391Z,0,rayyan@rayyan.ai,153486509,"""__SYSTEM__SAMPLE__6162b2583ac27b37ac06dfc5672321e9_15504""",1
2025-03-06T12:29:22.450Z,0,rayyan@rayyan.ai,153485140,"""__SYSTEM__SAMPLE__6162b2583ac27b37ac06dfc5672321e9_15504""",1
2025-03-06T12:29:22.450Z,0,rayyan@rayyan.ai,153485990,"""__SYSTEM__SAMPLE__6162b2583ac27b37ac06dfc5672321e9_15504""",1
2025-03-06T12:29:22.480Z,0,rayyan@rayyan.ai,153486766,"""__SYSTEM__SAMPLE__6162b2583ac27b37ac06dfc5672321e9_15504""",1
2025-03-06T12:29:22.566Z,0,rayyan@rayyan.ai,153485380,"""__SYSTEM__SAMPLE__6162b2583ac27b37ac06dfc5672321e9_15504""",1
2025-03-21T11:27:13.477Z,0,rayyan@rayyan.ai,153485677,"""__SYSTEM__SAMPLE__60b2ea219c59992ffd761532d50e40f8_16471""",1
2025-03-21T11:27:13.477Z,0,rayyan@rayyan.ai,153485361,"""__SYSTEM__SAMPLE__60b2ea219c59992ffd761532d50e40f8_16471""",1
2025-03-21T11:27:13.659Z,0,rayyan@rayyan.ai,153485302,"""__SYSTEM__SAMPLE__60b2ea219c59992ffd761532d50e40f8_16471""",1
2025-03-21T11:27:13.863Z,0,rayyan@rayyan.ai,83177598,"""__SYSTEM__SAMPLE__60b2ea219c59992ffd761532d50e40f8_16471""",1
2025-03-21T11:27:13.863Z,0,rayyan@rayyan.ai,83178002,"""__SYSTEM__SAMPLE__60b2ea219c59992ffd761532d50e40f8_16471""",1
2025-03-21T11:27:14.355Z,0,rayyan@rayyan.ai,153485189,"""__SYSTEM__SAMPLE__60b2ea219c59992ffd761532d50e40f8_16471""",1
2025-03-21T11:27:14.355Z,0,rayyan@rayyan.ai,153485281,"""__SYSTEM__SAMPLE__60b2ea219c59992ffd761532d50e40f8_16471""",1
2025-03-21T11:27:14.566Z,0,rayyan@rayyan.ai,153486325,"""__SYSTEM__SAMPLE__60b2ea219c59992ffd761532d50e40f8_16471""",1
2025-03-21T11:27:15.698Z,0,rayyan@rayyan.ai,153485952,"""__SYSTEM__SAMPLE__60b2ea219c59992ffd761532d50e40f8_16471""",1
2025-03-21T11:27:15.781Z,0,rayyan@rayyan.ai,153486985,"""__SYSTEM__SAMPLE__60b2ea219c59992ffd761532d50e40f8_16471""",1
2025-03-21T14:12:50.083Z,0,rayyan@rayyan.ai,153486231,"""__SYSTEM__SAMPLE__332ded61f9b01bac2631a91b57c712dc_16484""",1
2025-03-21T14:12:51.475Z,0,rayyan@rayyan.ai,153485250,"""__SYSTEM__SAMPLE__332ded61f9b01bac2631a91b57c712dc_16484""",1
2025-03-21T14:12:51.626Z,0,rayyan@rayyan.ai,153486983,"""__SYSTEM__SAMPLE__332ded61f9b01bac2631a91b57c712dc_16484""",1
2025-03-21T14:12:52.194Z,0,rayyan@rayyan.ai,153487070,"""__SYSTEM__SAMPLE__332ded61f9b01bac2631a91b57c712dc_16484""",1
2025-03-21T14:12:53.302Z,0,rayyan@rayyan.ai,153485189,"""__SYSTEM__SAMPLE__332ded61f9b01bac2631a91b57c712dc_16484""",1
2025-03-21T14:12:53.474Z,0,rayyan@rayyan.ai,153486385,"""__SYSTEM__SAMPLE__332ded61f9b01bac2631a91b57c712dc_16484""",1
2025-03-26T09:54:16.343Z,0,rayyan@rayyan.ai,153486231,"""__SYSTEM__SAMPLE__730a823cae12798df7c211cebf91c4ae_16733""",1
2025-03-26T09:54:17.365Z,0,rayyan@rayyan.ai,153486645,"""__SYSTEM__SAMPLE__730a823cae12798df7c211cebf91c4ae_16733""",1
2025-03-26T09:54:17.472Z,0,rayyan@rayyan.ai,83177667,"""__SYSTEM__SAMPLE__730a823cae12798df7c211cebf91c4ae_16733""",1
2025-03-26T09:55:09.086Z,0,rayyan@rayyan.ai,153485902,"""__SYSTEM__SAMPLE__10a5e0f6eb0a9d1a4c4eae730730cf7f_16734""",1
2025-03-26T09:55:09.172Z,0,rayyan@rayyan.ai,153486529,"""__SYSTEM__SAMPLE__10a5e0f6eb0a9d1a4c4eae730730cf7f_16734""",1
2025-03-26T09:55:09.172Z,0,rayyan@rayyan.ai,153485281,"""__SYSTEM__SAMPLE__10a5e0f6eb0a9d1a4c4eae730730cf7f_16734""",1
2025-03-26T09:55:09.256Z,0,rayyan@rayyan.ai,153485327,"""__SYSTEM__SAMPLE__10a5e0f6eb0a9d1a4c4eae730730cf7f_16734""",1
2025-03-26T09:55:09.256Z,0,rayyan@rayyan.ai,153486063,"""__SYSTEM__SAMPLE__10a5e0f6eb0a9d1a4c4eae730730cf7f_16734""",1
2025-03-26T09:55:09.348Z,0,rayyan@rayyan.ai,153486628,"""__SYSTEM__SAMPLE__10a5e0f6eb0a9d1a4c4eae730730cf7f_16734""",1
2025-03-26T09:55:09.497Z,0,rayyan@rayyan.ai,153487180,"""__SYSTEM__SAMPLE__10a5e0f6eb0a9d1a4c4eae730730cf7f_16734""",1
2025-03-26T09:55:09.543Z,0,rayyan@rayyan.ai,153485729,"""__SYSTEM__SAMPLE__10a5e0f6eb0a9d1a4c4eae730730cf7f_16734""",1
2025-03-26T09:55:09.589Z,0,rayyan@rayyan.ai,153486983,"""__SYSTEM__SAMPLE__10a5e0f6eb0a9d1a4c4eae730730cf7f_16735""",1
2025-03-26T09:55:09.635Z,0,rayyan@rayyan.ai,153486775,"""__SYSTEM__SAMPLE__10a5e0f6eb0a9d1a4c4eae730730cf7f_16735""",1
2025-03-26T09:55:09.676Z,0,rayyan@rayyan.ai,153485380,"""__SYSTEM__SAMPLE__10a5e0f6eb0a9d1a4c4eae730730cf7f_16735""",1
2025-03-26T09:55:10.184Z,0,rayyan@rayyan.ai,153485979,"""__SYSTEM__SAMPLE__10a5e0f6eb0a9d1a4c4eae730730cf7f_16735""",1
2025-03-26T09:55:10.229Z,0,rayyan@rayyan.ai,153486921,"""__SYSTEM__SAMPLE__10a5e0f6eb0a9d1a4c4eae730730cf7f_16735""",1
2025-03-26T09:55:10.348Z,0,rayyan@rayyan.ai,153486605,"""__SYSTEM__SAMPLE__10a5e0f6eb0a9d1a4c4eae730730cf7f_16735""",1
2025-03-26T09:55:10.504Z,0,rayyan@rayyan.ai,83177667,"""__SYSTEM__SAMPLE__10a5e0f6eb0a9d1a4c4eae730730cf7f_16735""",1
2025-03-26T09:55:10.670Z,0,rayyan@rayyan.ai,153485155,"""__SYSTEM__SAMPLE__10a5e0f6eb0a9d1a4c4eae730730cf7f_16735""",1
2025-03-28T06:26:43.373Z,0,rayyan@rayyan.ai,153486616,"""__SYSTEM__SAMPLE__68d2ca5a6f813c5aa820c74cf5c9ce2e_16945""",1
2025-03-28T06:26:43.373Z,0,rayyan@rayyan.ai,153486843,"""__SYSTEM__SAMPLE__68d2ca5a6f813c5aa820c74cf5c9ce2e_16945""",1
2025-03-28T06:26:43.411Z,0,rayyan@rayyan.ai,153486647,"""__SYSTEM__SAMPLE__68d2ca5a6f813c5aa820c74cf5c9ce2e_16945""",1
2025-03-28T06:26:43.411Z,0,rayyan@rayyan.ai,153486621,"""__SYSTEM__SAMPLE__68d2ca5a6f813c5aa820c74cf5c9ce2e_16945""",1
2025-03-28T06:26:43.411Z,0,rayyan@rayyan.ai,153486430,"""__SYSTEM__SAMPLE__68d2ca5a6f813c5aa820c74cf5c9ce2e_16945""",1
2025-03-28T06:26:43.411Z,0,rayyan@rayyan.ai,153485164,"""__SYSTEM__SAMPLE__68d2ca5a6f813c5aa820c74cf5c9ce2e_16945""",1
2025-03-28T06:26:43.411Z,0,rayyan@rayyan.ai,153486985,"""__SYSTEM__SAMPLE__68d2ca5a6f813c5aa820c74cf5c9ce2e_16945""",1
2025-03-28T06:26:43.411Z,0,rayyan@rayyan.ai,153486530,"""__SYSTEM__SAMPLE__68d2ca5a6f813c5aa820c74cf5c9ce2e_16945""",1
2025-03-28T06:26:43.411Z,0,rayyan@rayyan.ai,153485902,"""__SYSTEM__SAMPLE__68d2ca5a6f813c5aa820c74cf5c9ce2e_16945""",1
2025-03-28T06:26:43.444Z,0,rayyan@rayyan.ai,83177598,"""__SYSTEM__SAMPLE__68d2ca5a6f813c5aa820c74cf5c9ce2e_16945""",1
2025-03-28T06:26:43.444Z,0,rayyan@rayyan.ai,153487070,"""__SYSTEM__SAMPLE__68d2ca5a6f813c5aa820c74cf5c9ce2e_16945""",1
2025-03-28T06:26:43.444Z,0,rayyan@rayyan.ai,153485281,"""__SYSTEM__SAMPLE__68d2ca5a6f813c5aa820c74cf5c9ce2e_16945""",1
2025-03-28T06:26:43.444Z,0,rayyan@rayyan.ai,153487020,"""__SYSTEM__SAMPLE__68d2ca5a6f813c5aa820c74cf5c9ce2e_16945""",1
2025-03-28T06:26:43.475Z,0,rayyan@rayyan.ai,153486295,"""__SYSTEM__SAMPLE__68d2ca5a6f813c5aa820c74cf5c9ce2e_16945""",1
2025-03-28T06:26:43.475Z,0,rayyan@rayyan.ai,153486091,"""__SYSTEM__SAMPLE__68d2ca5a6f813c5aa820c74cf5c9ce2e_16945""",1
2025-03-28T06:26:43.475Z,0,rayyan@rayyan.ai,83177667,"""__SYSTEM__SAMPLE__68d2ca5a6f813c5aa820c74cf5c9ce2e_16945""",1
2025-03-28T06:26:43.475Z,0,rayyan@rayyan.ai,153486855,"""__SYSTEM__SAMPLE__68d2ca5a6f813c5aa820c74cf5c9ce2e_16945""",1
2025-03-28T06:26:43.475Z,0,rayyan@rayyan.ai,153486962,"""__SYSTEM__SAMPLE__68d2ca5a6f813c5aa820c74cf5c9ce2e_16945""",1
2025-03-28T06:26:43.475Z,0,rayyan@rayyan.ai,153485233,"""__SYSTEM__SAMPLE__68d2ca5a6f813c5aa820c74cf5c9ce2e_16945""",1
2025-03-28T06:26:43.475Z,0,rayyan@rayyan.ai,153486440,"""__SYSTEM__SAMPLE__68d2ca5a6f813c5aa820c74cf5c9ce2e_16945""",1
2025-03-28T06:26:43.475Z,0,rayyan@rayyan.ai,153486077,"""__SYSTEM__SAMPLE__68d2ca5a6f813c5aa820c74cf5c9ce2e_16945""",1
2025-03-28T06:26:43.475Z,0,rayyan@rayyan.ai,153486317,"""__SYSTEM__SAMPLE__68d2ca5a6f813c5aa820c74cf5c9ce2e_16945""",1
2025-03-28T06:26:43.505Z,0,rayyan@rayyan.ai,153485952,"""__SYSTEM__SAMPLE__68d2ca5a6f813c5aa820c74cf5c9ce2e_16945""",1
2025-03-28T06:26:43.505Z,0,rayyan@rayyan.ai,153486385,"""__SYSTEM__SAMPLE__68d2ca5a6f813c5aa820c74cf5c9ce2e_16945""",1
2025-03-28T06:26:43.505Z,0,rayyan@rayyan.ai,153486634,"""__SYSTEM__SAMPLE__68d2ca5a6f813c5aa820c74cf5c9ce2e_16945""",1
2025-03-28T06:26:43.505Z,0,rayyan@rayyan.ai,153486921,"""__SYSTEM__SAMPLE__68d2ca5a6f813c5aa820c74cf5c9ce2e_16945""",1
2025-03-28T06:26:43.505Z,0,rayyan@rayyan.ai,153485250,"""__SYSTEM__SAMPLE__68d2ca5a6f813c5aa820c74cf5c9ce2e_16945""",1
2025-03-28T06:26:43.505Z,0,rayyan@rayyan.ai,153486934,"""__SYSTEM__SAMPLE__68d2ca5a6f813c5aa820c74cf5c9ce2e_16945""",1
2025-03-28T06:26:43.505Z,0,rayyan@rayyan.ai,153486134,"""__SYSTEM__SAMPLE__68d2ca5a6f813c5aa820c74cf5c9ce2e_16945""",1
2025-03-28T06:26:43.505Z,0,rayyan@rayyan.ai,153485929,"""__SYSTEM__SAMPLE__68d2ca5a6f813c5aa820c74cf5c9ce2e_16945""",1
2025-03-28T06:26:43.505Z,0,rayyan@rayyan.ai,83178002,"""__SYSTEM__SAMPLE__68d2ca5a6f813c5aa820c74cf5c9ce2e_16945""",1
2025-03-28T06:26:43.505Z,0,rayyan@rayyan.ai,153485606,"""__SYSTEM__SAMPLE__68d2ca5a6f813c5aa820c74cf5c9ce2e_16945""",1
2025-03-28T06:26:43.538Z,0,rayyan@rayyan.ai,153485327,"""__SYSTEM__SAMPLE__68d2ca5a6f813c5aa820c74cf5c9ce2e_16945""",1
2025-03-28T06:26:43.538Z,0,rayyan@rayyan.ai,153486883,"""__SYSTEM__SAMPLE__68d2ca5a6f813c5aa820c74cf5c9ce2e_16945""",1
2025-03-28T06:26:43.538Z,0,rayyan@rayyan.ai,153486991,"""__SYSTEM__SAMPLE__68d2ca5a6f813c5aa820c74cf5c9ce2e_16945""",1
2025-03-28T06:26:43.569Z,0,rayyan@rayyan.ai,153487076,"""__SYSTEM__SAMPLE__68d2ca5a6f813c5aa820c74cf5c9ce2e_16945""",1
2025-03-28T06:26:43.601Z,0,rayyan@rayyan.ai,153485979,"""__SYSTEM__SAMPLE__68d2ca5a6f813c5aa820c74cf5c9ce2e_16945""",1
2025-03-28T06:26:43.642Z,0,rayyan@rayyan.ai,153486046,"""__SYSTEM__SAMPLE__68d2ca5a6f813c5aa820c74cf5c9ce2e_16945""",1
2025-03-28T06:26:43.642Z,0,rayyan@rayyan.ai,153485677,"""__SYSTEM__SAMPLE__68d2ca5a6f813c5aa820c74cf5c9ce2e_16945""",1
2025-03-28T06:26:43.642Z,0,rayyan@rayyan.ai,153486890,"""__SYSTEM__SAMPLE__68d2ca5a6f813c5aa820c74cf5c9ce2e_16945""",1
2025-03-28T06:26:43.642Z,0,rayyan@rayyan.ai,153486797,"""__SYSTEM__SAMPLE__68d2ca5a6f813c5aa820c74cf5c9ce2e_16945""",1
2025-03-28T06:26:43.642Z,0,rayyan@rayyan.ai,83177935,"""__SYSTEM__SAMPLE__68d2ca5a6f813c5aa820c74cf5c9ce2e_16945""",1
2025-03-28T06:26:43.673Z,0,rayyan@rayyan.ai,153486695,"""__SYSTEM__SAMPLE__68d2ca5a6f813c5aa820c74cf5c9ce2e_16945""",1
2025-03-28T06:26:43.673Z,0,rayyan@rayyan.ai,153486050,"""__SYSTEM__SAMPLE__68d2ca5a6f813c5aa820c74cf5c9ce2e_16945""",1
2025-03-28T06:26:43.673Z,0,rayyan@rayyan.ai,153485676,"""__SYSTEM__SAMPLE__68d2ca5a6f813c5aa820c74cf5c9ce2e_16945""",1
2025-03-28T06:26:43.673Z,0,rayyan@rayyan.ai,153486226,"""__SYSTEM__SAMPLE__68d2ca5a6f813c5aa820c74cf5c9ce2e_16945""",1
2025-03-28T06:26:43.673Z,0,rayyan@rayyan.ai,153485189,"""__SYSTEM__SAMPLE__68d2ca5a6f813c5aa820c74cf5c9ce2e_16945""",1
2025-03-28T06:26:43.673Z,0,rayyan@rayyan.ai,83177763,"""__SYSTEM__SAMPLE__68d2ca5a6f813c5aa820c74cf5c9ce2e_16945""",1
2025-03-28T06:26:43.879Z,0,rayyan@rayyan.ai,153486114,"""__SYSTEM__SAMPLE__68d2ca5a6f813c5aa820c74cf5c9ce2e_16945""",1
2025-03-28T06:26:43.879Z,0,rayyan@rayyan.ai,153485557,"""__SYSTEM__SAMPLE__68d2ca5a6f813c5aa820c74cf5c9ce2e_16945""",1
2025-03-28T06:26:43.879Z,0,rayyan@rayyan.ai,153486215,"""__SYSTEM__SAMPLE__68d2ca5a6f813c5aa820c74cf5c9ce2e_16945""",1
2025-03-28T06:26:43.879Z,0,rayyan@rayyan.ai,83177938,"""__SYSTEM__SAMPLE__68d2ca5a6f813c5aa820c74cf5c9ce2e_16945""",1
2025-03-28T06:26:43.879Z,0,rayyan@rayyan.ai,153485211,"""__SYSTEM__SAMPLE__68d2ca5a6f813c5aa820c74cf5c9ce2e_16945""",1
2025-03-28T06:26:44.369Z,0,rayyan@rayyan.ai,153486130,"""__SYSTEM__SAMPLE__68d2ca5a6f813c5aa820c74cf5c9ce2e_16945""",1
2025-03-28T06:26:44.369Z,0,rayyan@rayyan.ai,153485990,"""__SYSTEM__SAMPLE__68d2ca5a6f813c5aa820c74cf5c9ce2e_16945""",1
2025-03-28T06:26:44.369Z,0,rayyan@rayyan.ai,153486684,"""__SYSTEM__SAMPLE__68d2ca5a6f813c5aa820c74cf5c9ce2e_16945""",1
2025-03-28T06:26:44.369Z,0,rayyan@rayyan.ai,83177625,"""__SYSTEM__SAMPLE__68d2ca5a6f813c5aa820c74cf5c9ce2e_16945""",1
2025-03-28T06:26:44.369Z,0,rayyan@rayyan.ai,153486509,"""__SYSTEM__SAMPLE__68d2ca5a6f813c5aa820c74cf5c9ce2e_16945""",1
2025-03-28T06:26:44.570Z,0,rayyan@rayyan.ai,153486255,"""__SYSTEM__SAMPLE__68d2ca5a6f813c5aa820c74cf5c9ce2e_16945""",1
2025-03-28T06:26:44.570Z,0,rayyan@rayyan.ai,153487060,"""__SYSTEM__SAMPLE__68d2ca5a6f813c5aa820c74cf5c9ce2e_16945""",1
2025-03-28T06:26:44.570Z,0,rayyan@rayyan.ai,153486231,"""__SYSTEM__SAMPLE__68d2ca5a6f813c5aa820c74cf5c9ce2e_16945""",1
2025-03-28T06:26:44.570Z,0,rayyan@rayyan.ai,153486248,"""__SYSTEM__SAMPLE__68d2ca5a6f813c5aa820c74cf5c9ce2e_16945""",1
2025-03-28T06:26:44.570Z,0,rayyan@rayyan.ai,153486645,"""__SYSTEM__SAMPLE__68d2ca5a6f813c5aa820c74cf5c9ce2e_16945""",1
2025-03-28T06:26:44.570Z,0,rayyan@rayyan.ai,153486648,"""__SYSTEM__SAMPLE__68d2ca5a6f813c5aa820c74cf5c9ce2e_16945""",1
2025-03-28T06:26:44.611Z,0,rayyan@rayyan.ai,153485839,"""__SYSTEM__SAMPLE__68d2ca5a6f813c5aa820c74cf5c9ce2e_16945""",1
2025-03-28T06:26:44.611Z,0,rayyan@rayyan.ai,153486281,"""__SYSTEM__SAMPLE__68d2ca5a6f813c5aa820c74cf5c9ce2e_16945""",1
2025-03-28T06:26:44.611Z,0,rayyan@rayyan.ai,153487140,"""__SYSTEM__SAMPLE__68d2ca5a6f813c5aa820c74cf5c9ce2e_16945""",1
2025-03-28T06:26:44.611Z,0,rayyan@rayyan.ai,153486631,"""__SYSTEM__SAMPLE__68d2ca5a6f813c5aa820c74cf5c9ce2e_16945""",1
2025-03-28T06:26:44.611Z,0,rayyan@rayyan.ai,153485379,"""__SYSTEM__SAMPLE__68d2ca5a6f813c5aa820c74cf5c9ce2e_16945""",1
2025-03-28T06:26:44.611Z,0,rayyan@rayyan.ai,153485153,"""__SYSTEM__SAMPLE__68d2ca5a6f813c5aa820c74cf5c9ce2e_16945""",1
2025-03-28T06:26:44.611Z,0,rayyan@rayyan.ai,153485361,"""__SYSTEM__SAMPLE__68d2ca5a6f813c5aa820c74cf5c9ce2e_16945""",1
2025-03-28T06:26:44.611Z,0,rayyan@rayyan.ai,153486468,"""__SYSTEM__SAMPLE__68d2ca5a6f813c5aa820c74cf5c9ce2e_16945""",1
2025-03-28T06:26:44.647Z,0,rayyan@rayyan.ai,153485380,"""__SYSTEM__SAMPLE__68d2ca5a6f813c5aa820c74cf5c9ce2e_16945""",1
2025-03-28T06:26:44.647Z,0,rayyan@rayyan.ai,83177828,"""__SYSTEM__SAMPLE__68d2ca5a6f813c5aa820c74cf5c9ce2e_16945""",1
2025-03-28T06:26:44.647Z,0,rayyan@rayyan.ai,153485337,"""__SYSTEM__SAMPLE__68d2ca5a6f813c5aa820c74cf5c9ce2e_16945""",1
2025-03-28T06:26:44.647Z,0,rayyan@rayyan.ai,153487072,"""__SYSTEM__SAMPLE__68d2ca5a6f813c5aa820c74cf5c9ce2e_16945""",1
2025-03-28T06:26:44.647Z,0,rayyan@rayyan.ai,153486529,"""__SYSTEM__SAMPLE__68d2ca5a6f813c5aa820c74cf5c9ce2e_16945""",1
2025-03-28T06:26:44.647Z,0,rayyan@rayyan.ai,153486628,"""__SYSTEM__SAMPLE__68d2ca5a6f813c5aa820c74cf5c9ce2e_16945""",1
2025-03-28T06:26:44.684Z,0,rayyan@rayyan.ai,153486249,"""__SYSTEM__SAMPLE__68d2ca5a6f813c5aa820c74cf5c9ce2e_16945""",1
2025-03-28T06:26:44.684Z,0,rayyan@rayyan.ai,153486671,"""__SYSTEM__SAMPLE__68d2ca5a6f813c5aa820c74cf5c9ce2e_16945""",1
2025-03-28T06:26:44.684Z,0,rayyan@rayyan.ai,153486775,"""__SYSTEM__SAMPLE__68d2ca5a6f813c5aa820c74cf5c9ce2e_16945""",1
2025-03-28T06:26:44.684Z,0,rayyan@rayyan.ai,153485879,"""__SYSTEM__SAMPLE__68d2ca5a6f813c5aa820c74cf5c9ce2e_16945""",1
2025-03-28T06:26:44.684Z,0,rayyan@rayyan.ai,153485569,"""__SYSTEM__SAMPLE__68d2ca5a6f813c5aa820c74cf5c9ce2e_16945""",1
2025-03-28T06:26:44.684Z,0,rayyan@rayyan.ai,153486312,"""__SYSTEM__SAMPLE__68d2ca5a6f813c5aa820c74cf5c9ce2e_16945""",1
2025-03-28T06:26:44.684Z,0,rayyan@rayyan.ai,153485302,"""__SYSTEM__SAMPLE__68d2ca5a6f813c5aa820c74cf5c9ce2e_16945""",1
2025-03-28T06:26:44.716Z,0,rayyan@rayyan.ai,153486766,"""__SYSTEM__SAMPLE__68d2ca5a6f813c5aa820c74cf5c9ce2e_16945""",1
2025-03-28T06:26:44.716Z,0,rayyan@rayyan.ai,153486649,"""__SYSTEM__SAMPLE__68d2ca5a6f813c5aa820c74cf5c9ce2e_16945""",1
2025-03-28T06:26:44.716Z,0,rayyan@rayyan.ai,153485511,"""__SYSTEM__SAMPLE__68d2ca5a6f813c5aa820c74cf5c9ce2e_16945""",1
2025-03-28T06:26:44.747Z,0,rayyan@rayyan.ai,153485155,"""__SYSTEM__SAMPLE__68d2ca5a6f813c5aa820c74cf5c9ce2e_16945""",1
2025-03-28T06:26:44.747Z,0,rayyan@rayyan.ai,83177980,"""__SYSTEM__SAMPLE__68d2ca5a6f813c5aa820c74cf5c9ce2e_16945""",1
2025-03-28T06:26:44.747Z,0,rayyan@rayyan.ai,153486325,"""__SYSTEM__SAMPLE__68d2ca5a6f813c5aa820c74cf5c9ce2e_16945""",1
2025-03-28T06:26:44.747Z,0,rayyan@rayyan.ai,153486605,"""__SYSTEM__SAMPLE__68d2ca5a6f813c5aa820c74cf5c9ce2e_16945""",1
2025-03-28T06:26:44.747Z,0,rayyan@rayyan.ai,153485140,"""__SYSTEM__SAMPLE__68d2ca5a6f813c5aa820c74cf5c9ce2e_16945""",1
2025-03-28T06:26:44.747Z,0,rayyan@rayyan.ai,153485729,"""__SYSTEM__SAMPLE__68d2ca5a6f813c5aa820c74cf5c9ce2e_16945""",1
2025-03-28T06:26:44.776Z,0,rayyan@rayyan.ai,153485604,"""__SYSTEM__SAMPLE__68d2ca5a6f813c5aa820c74cf5c9ce2e_16945""",1
2025-03-28T06:26:44.776Z,0,rayyan@rayyan.ai,153485417,"""__SYSTEM__SAMPLE__68d2ca5a6f813c5aa820c74cf5c9ce2e_16945""",1
2025-03-28T06:26:44.776Z,0,rayyan@rayyan.ai,153486939,"""__SYSTEM__SAMPLE__68d2ca5a6f813c5aa820c74cf5c9ce2e_16945""",1
2025-03-28T06:26:44.776Z,0,rayyan@rayyan.ai,153486506,"""__SYSTEM__SAMPLE__68d2ca5a6f813c5aa820c74cf5c9ce2e_16945""",1
2025-03-28T06:26:44.776Z,0,rayyan@rayyan.ai,153486063,"""__SYSTEM__SAMPLE__68d2ca5a6f813c5aa820c74cf5c9ce2e_16945""",1
2025-03-28T06:26:44.807Z,0,rayyan@rayyan.ai,153485452,"""__SYSTEM__SAMPLE__68d2ca5a6f813c5aa820c74cf5c9ce2e_16945""",1
2025-03-28T06:26:44.807Z,0,rayyan@rayyan.ai,153486148,"""__SYSTEM__SAMPLE__68d2ca5a6f813c5aa820c74cf5c9ce2e_16945""",1
2025-03-28T06:26:44.807Z,0,rayyan@rayyan.ai,153487180,"""__SYSTEM__SAMPLE__68d2ca5a6f813c5aa820c74cf5c9ce2e_16945""",1
2025-03-28T06:26:44.807Z,0,rayyan@rayyan.ai,153486983,"""__SYSTEM__SAMPLE__68d2ca5a6f813c5aa820c74cf5c9ce2e_16945""",1
2025-03-28T06:26:44.807Z,0,rayyan@rayyan.ai,153486682,"""__SYSTEM__SAMPLE__68d2ca5a6f813c5aa820c74cf5c9ce2e_16945""",1
2025-03-28T12:53:14.718Z,793585,c.matos@hull.ac.uk,153485140,included,1
2025-03-28T12:57:03.981Z,793585,c.matos@hull.ac.uk,153485153,included,0
2025-03-28T12:58:02.297Z,793585,c.matos@hull.ac.uk,153485155,"""__EXR__Not about Evidence use""",1
2025-03-28T12:58:02.315Z,793585,c.matos@hull.ac.uk,153485155,included,-1
2025-03-30T14:13:04.395Z,793580,valentin.moser@wsl.ch,153486226,"""__EXR__Not about evidence use""",1
2025-03-30T14:13:04.413Z,793580,valentin.moser@wsl.ch,153486226,included,-1
2025-03-30T14:14:13.825Z,793580,valentin.moser@wsl.ch,153486231,"""__EXR__Not about evidence use""",1
2025-03-30T14:14:13.848Z,793580,valentin.moser@wsl.ch,153486231,included,-1
2025-03-30T14:48:01.785Z,793580,valentin.moser@wsl.ch,153486985,included,1
2025-03-30T14:51:49.843Z,793580,valentin.moser@wsl.ch,153487020,"""__EXR__Not about evidence use""",1
2025-03-30T14:51:49.859Z,793580,valentin.moser@wsl.ch,153487020,included,-1
2025-03-31T09:41:27.292Z,809822,tltk2@cam.ac.uk,153486883,"""__EXR__Not about conservation""",1
2025-03-31T09:41:27.314Z,809822,tltk2@cam.ac.uk,153486883,included,-1
2025-03-31T09:41:27.329Z,809822,tltk2@cam.ac.uk,153486883,"""__EXR__not about conservation""",deleted
2025-03-31T10:14:18.568Z,809822,tltk2@cam.ac.uk,153487060,included,1
2025-03-31T10:15:20.494Z,809822,tltk2@cam.ac.uk,153487072,"""__EXR__Not about conservation""",1
2025-03-31T10:15:20.532Z,809822,tltk2@cam.ac.uk,153487072,included,-1
2025-03-31T16:05:23.774Z,793585,c.matos@hull.ac.uk,153485380,included,1
2025-03-31T16:11:40.261Z,793585,c.matos@hull.ac.uk,153485452,"""__EXR__Not about factors that influence evidence use""",1
2025-03-31T16:11:40.280Z,793585,c.matos@hull.ac.uk,153485452,included,-1
2025-04-01T13:38:49.056Z,0,rayyan@rayyan.ai,153485979,"""__SYSTEM__SAMPLE__f4a00ea4025167ff6070212d6244523a_17119""",1
2025-04-01T13:38:49.359Z,0,rayyan@rayyan.ai,153486616,"""__SYSTEM__SAMPLE__f4a00ea4025167ff6070212d6244523a_17119""",1
2025-04-01T13:38:51.839Z,0,rayyan@rayyan.ai,153487076,"""__SYSTEM__SAMPLE__f4a00ea4025167ff6070212d6244523a_17119""",1
2025-04-01T13:38:51.997Z,0,rayyan@rayyan.ai,153486430,"""__SYSTEM__SAMPLE__f4a00ea4025167ff6070212d6244523a_17119""",1
2025-04-01T15:12:58.360Z,817493,sarah.luke@nottingham.ac.uk,153485281,included,1
2025-04-01T15:18:20.451Z,817493,sarah.luke@nottingham.ac.uk,153485327,"""__EXR__Not about conservation""",1
2025-04-01T15:18:20.465Z,817493,sarah.luke@nottingham.ac.uk,153485327,included,-1
2025-04-01T15:38:28.508Z,817493,sarah.luke@nottingham.ac.uk,153485729,"""__EXR__Not about conservation""",1
2025-04-01T15:38:28.522Z,817493,sarah.luke@nottingham.ac.uk,153485729,included,-1
2025-04-01T15:44:29.194Z,817493,sarah.luke@nottingham.ac.uk,153485902,"""__EXR__Not about factors that influence evidence use""",1
2025-04-01T15:44:29.205Z,817493,sarah.luke@nottingham.ac.uk,153485902,included,-1
2025-04-01T15:52:01.888Z,817493,sarah.luke@nottingham.ac.uk,153486063,"""__EXR__Not about policy or practice""",1
2025-04-01T15:52:01.904Z,817493,sarah.luke@nottingham.ac.uk,153486063,included,-1
2025-04-02T13:39:45.379Z,448594,phil.martin.research@gmail.com,153486226,"""Check valentin's papers""",1
2025-04-02T13:39:45.379Z,448594,phil.martin.research@gmail.com,153486231,"""Check valentin's papers""",1
2025-04-02T13:39:45.574Z,448594,phil.martin.research@gmail.com,153486985,"""Check valentin's papers""",1
2025-04-02T13:39:45.574Z,448594,phil.martin.research@gmail.com,153487020,"""Check valentin's papers""",1
2025-04-02T13:40:04.597Z,448594,phil.martin.research@gmail.com,153486985,"""Check valentin's papers""",1
2025-04-02T13:41:26.963Z,448594,phil.martin.research@gmail.com,153486226,"""Check Valentin's papers""",1
2025-04-02T13:41:26.963Z,448594,phil.martin.research@gmail.com,153486226,"""Check Valentin's papers - new""",1
2025-04-02T13:41:26.963Z,448594,phil.martin.research@gmail.com,153486231,"""Check Valentin's papers""",1
2025-04-02T13:41:26.963Z,448594,phil.martin.research@gmail.com,153486231,"""Check Valentin's papers - new""",1
2025-04-02T13:41:27.065Z,448594,phil.martin.research@gmail.com,153486985,"""Check Valentin's papers""",1
2025-04-02T13:41:27.065Z,448594,phil.martin.research@gmail.com,153486985,"""Check Valentin's papers - new""",1
2025-04-02T13:41:27.065Z,448594,phil.martin.research@gmail.com,153487020,"""Check Valentin's papers""",1
2025-04-02T13:41:27.065Z,448594,phil.martin.research@gmail.com,153487020,"""Check Valentin's papers - new""",1
2025-04-02T13:41:43.663Z,448594,phil.martin.research@gmail.com,153486226,"""Check Valentin's papers""",deleted
2025-04-02T13:41:43.663Z,448594,phil.martin.research@gmail.com,153486226,"""Check valentin's papers""",deleted
2025-04-02T13:41:43.663Z,448594,phil.martin.research@gmail.com,153486231,"""Check Valentin's papers""",deleted
2025-04-02T13:41:43.663Z,448594,phil.martin.research@gmail.com,153486231,"""Check valentin's papers""",deleted
2025-04-02T13:41:43.741Z,448594,phil.martin.research@gmail.com,153486985,"""Check Valentin's papers""",deleted
2025-04-02T13:41:43.741Z,448594,phil.martin.research@gmail.com,153486985,"""Check valentin's papers""",deleted
2025-04-02T13:41:43.741Z,448594,phil.martin.research@gmail.com,153487020,"""Check Valentin's papers""",deleted
2025-04-02T13:41:43.741Z,448594,phil.martin.research@gmail.com,153487020,"""Check valentin's papers""",deleted
2025-04-02T13:43:11.986Z,448594,phil.martin.research@gmail.com,153486226,"""Check Valentin's papers - new""",deleted
2025-04-02T13:43:11.986Z,448594,phil.martin.research@gmail.com,153486231,"""Check Valentin's papers - new""",deleted
2025-04-02T13:43:12.050Z,448594,phil.martin.research@gmail.com,153486985,"""Check Valentin's papers - new""",deleted
2025-04-02T13:43:12.050Z,448594,phil.martin.research@gmail.com,153487020,"""Check Valentin's papers - new""",deleted
2025-04-02T13:44:19.046Z,448594,phil.martin.research@gmail.com,153486226,"""To check - Valentin""",1
2025-04-02T13:44:19.046Z,448594,phil.martin.research@gmail.com,153486231,"""To check - Valentin""",1
2025-04-02T13:44:19.147Z,448594,phil.martin.research@gmail.com,153486605,"""To check - Valentin""",1
2025-04-02T13:44:19.147Z,448594,phil.martin.research@gmail.com,153486983,"""To check - Valentin""",1
2025-04-02T13:44:19.147Z,448594,phil.martin.research@gmail.com,153486985,"""To check - Valentin""",1
2025-04-02T13:44:19.147Z,448594,phil.martin.research@gmail.com,153487020,"""To check - Valentin""",1
2025-04-02T13:45:23.916Z,448594,phil.martin.research@gmail.com,153486226,"""To check - Valentin""",deleted
2025-04-02T13:45:23.916Z,448594,phil.martin.research@gmail.com,153486231,"""To check - Valentin""",deleted
2025-04-02T13:45:23.946Z,448594,phil.martin.research@gmail.com,153486605,"""To check - Valentin""",deleted
2025-04-02T13:45:23.946Z,448594,phil.martin.research@gmail.com,153486983,"""To check - Valentin""",deleted
2025-04-02T13:45:23.946Z,448594,phil.martin.research@gmail.com,153486985,"""To check - Valentin""",deleted
2025-04-02T13:45:23.946Z,448594,phil.martin.research@gmail.com,153487020,"""To check - Valentin""",deleted
2025-04-02T13:46:10.642Z,448594,phil.martin.research@gmail.com,153486226,"""To check - Valentin""",1
2025-04-02T13:46:10.642Z,448594,phil.martin.research@gmail.com,153486231,"""To check - Valentin""",1
2025-04-02T13:46:10.724Z,448594,phil.martin.research@gmail.com,153486605,"""To check - Valentin""",1
2025-04-02T13:46:10.724Z,448594,phil.martin.research@gmail.com,153486983,"""To check - Valentin""",1
2025-04-02T13:46:10.724Z,448594,phil.martin.research@gmail.com,153486985,"""To check - Valentin""",1
2025-04-02T13:46:10.724Z,448594,phil.martin.research@gmail.com,153487020,"""To check - Valentin""",1
2025-04-02T13:51:06.645Z,448594,phil.martin.research@gmail.com,153486226,"""To check - Valentin""",deleted
2025-04-02T13:51:06.645Z,448594,phil.martin.research@gmail.com,153486231,"""To check - Valentin""",deleted
2025-04-02T13:51:06.691Z,448594,phil.martin.research@gmail.com,153486605,"""To check - Valentin""",deleted
2025-04-02T13:51:06.691Z,448594,phil.martin.research@gmail.com,153486983,"""To check - Valentin""",deleted
2025-04-02T13:51:06.691Z,448594,phil.martin.research@gmail.com,153486985,"""To check - Valentin""",deleted
2025-04-02T13:51:06.691Z,448594,phil.martin.research@gmail.com,153487020,"""To check - Valentin""",deleted
2025-04-03T16:08:32.016Z,793585,c.matos@hull.ac.uk,153485902,"""__EXR__Not about conservation""",1
2025-04-03T16:08:32.049Z,793585,c.matos@hull.ac.uk,153485902,included,-1
2025-04-03T16:08:32.070Z,793585,c.matos@hull.ac.uk,153485902,"""__EXR__Not about factors that influence evidence use""",deleted
2025-04-03T16:08:32.084Z,793585,c.matos@hull.ac.uk,153485902,"""__EXR__Not about Evidence use""",deleted
2025-04-03T16:45:58.161Z,793585,c.matos@hull.ac.uk,153485990,"""__EXR__Not about conservation""",1
2025-04-03T16:45:58.187Z,793585,c.matos@hull.ac.uk,153485990,included,-1
2025-04-03T16:52:39.752Z,793585,c.matos@hull.ac.uk,153486148,"""__EXR__Not about factors that influence evidence use""",1
2025-04-03T16:52:39.769Z,793585,c.matos@hull.ac.uk,153486148,included,-1
2025-04-04T08:13:43.318Z,448594,phil.martin.research@gmail.com,153486226,"""Valentin - to check""",1
2025-04-04T08:13:43.318Z,448594,phil.martin.research@gmail.com,153486231,"""Valentin - to check""",1
2025-04-04T08:13:43.318Z,448594,phil.martin.research@gmail.com,153487020,"""Valentin - to check""",1
2025-04-04T08:14:20.064Z,448594,phil.martin.research@gmail.com,153486985,"""Valentin - to check""",1
2025-04-04T08:19:11.637Z,448594,phil.martin.research@gmail.com,153486231,"""__EXR__Not about Evidence use""",1
2025-04-04T08:19:11.647Z,448594,phil.martin.research@gmail.com,153486231,included,-1
2025-04-04T08:36:20.419Z,448594,phil.martin.research@gmail.com,153486985,included,1
2025-04-04T09:25:19.359Z,448594,phil.martin.research@gmail.com,153486226,"""__EXR__Not about Evidence use""",1
2025-04-04T09:25:19.374Z,448594,phil.martin.research@gmail.com,153486226,included,-1
2025-04-04T09:44:43.254Z,448594,phil.martin.research@gmail.com,153487020,"""__EXR__Not about Evidence use""",1
2025-04-04T09:44:43.268Z,448594,phil.martin.research@gmail.com,153487020,included,-1
2025-04-04T10:20:59.546Z,448594,phil.martin.research@gmail.com,153485140,"""Catia - to check""",1
2025-04-04T10:20:59.546Z,448594,phil.martin.research@gmail.com,153485380,"""Catia - to check""",1
2025-04-04T10:21:14.934Z,448594,phil.martin.research@gmail.com,153485153,"""Catia - to check""",1
2025-04-04T10:21:32.943Z,448594,phil.martin.research@gmail.com,153485155,"""Catia - to check""",1
2025-04-04T10:21:32.943Z,448594,phil.martin.research@gmail.com,153485452,"""Catia - to check""",1
2025-04-04T10:21:33.200Z,448594,phil.martin.research@gmail.com,153485902,"""Catia - to check""",1
2025-04-04T10:21:33.200Z,448594,phil.martin.research@gmail.com,153485990,"""Catia - to check""",1
2025-04-04T10:21:33.200Z,448594,phil.martin.research@gmail.com,153486148,"""Catia - to check""",1
2025-04-04T10:52:09.172Z,448594,phil.martin.research@gmail.com,153485140,"""__EXR__Not about Evidence use""",1
2025-04-04T10:52:09.252Z,448594,phil.martin.research@gmail.com,153485140,included,-1
2025-04-04T10:53:23.023Z,448594,phil.martin.research@gmail.com,153485380,included,1
2025-04-04T12:07:55.868Z,448594,phil.martin.research@gmail.com,153485155,"""__EXR__Not about conservation""",1
2025-04-04T12:07:55.888Z,448594,phil.martin.research@gmail.com,153485155,included,-1
2025-04-04T12:09:10.782Z,448594,phil.martin.research@gmail.com,153485990,"""__EXR__Not about conservation""",1
2025-04-04T12:09:10.798Z,448594,phil.martin.research@gmail.com,153485990,included,-1
2025-04-04T12:10:02.710Z,448594,phil.martin.research@gmail.com,153486148,"""__EXR__Not about Evidence use""",1
2025-04-04T12:10:02.730Z,448594,phil.martin.research@gmail.com,153486148,included,-1
2025-04-04T12:21:52.706Z,448594,phil.martin.research@gmail.com,153485153,"""__EXR__Not about Evidence use""",1
2025-04-04T12:21:52.723Z,448594,phil.martin.research@gmail.com,153485153,included,-1
2025-04-04T12:23:18.540Z,448594,phil.martin.research@gmail.com,153485452,"""__EXR__Not about Evidence use""",1
2025-04-04T12:23:18.559Z,448594,phil.martin.research@gmail.com,153485452,included,-1
2025-04-04T12:25:20.676Z,448594,phil.martin.research@gmail.com,153485902,"""__EXR__Not about conservation""",1
2025-04-04T12:25:20.689Z,448594,phil.martin.research@gmail.com,153485902,included,-1
2025-04-04T12:32:45.296Z,448594,phil.martin.research@gmail.com,153485140,included,1
2025-04-07T11:27:52.483Z,817493,sarah.luke@nottingham.ac.uk,153486529,"""__EXR__Not about conservation""",1
2025-04-07T11:27:52.506Z,817493,sarah.luke@nottingham.ac.uk,153486529,included,-1
2025-04-07T11:36:09.731Z,817493,sarah.luke@nottingham.ac.uk,153486628,"""__EXR__Not about conservation""",1
2025-04-07T11:36:09.747Z,817493,sarah.luke@nottingham.ac.uk,153486628,included,-1
2025-04-07T14:51:24.349Z,448594,phil.martin.research@gmail.com,153485327,"""Iris - to check""",deleted
2025-04-07T14:51:24.349Z,448594,phil.martin.research@gmail.com,153485327,"""Catia - to check""",deleted
2025-04-07T14:51:24.349Z,448594,phil.martin.research@gmail.com,153485729,"""Iris - to check""",deleted
2025-04-07T14:51:24.349Z,448594,phil.martin.research@gmail.com,153485729,"""Catia - to check""",deleted
2025-04-07T14:51:24.419Z,448594,phil.martin.research@gmail.com,153485902,"""Iris - to check""",deleted
2025-04-07T14:51:24.419Z,448594,phil.martin.research@gmail.com,153485902,"""Catia - to check""",deleted
2025-04-07T14:51:24.419Z,448594,phil.martin.research@gmail.com,153486063,"""Iris - to check""",deleted
2025-04-07T14:51:24.419Z,448594,phil.martin.research@gmail.com,153486063,"""Catia - to check""",deleted
2025-04-07T14:51:24.484Z,448594,phil.martin.research@gmail.com,153486529,"""Iris - to check""",deleted
2025-04-07T14:51:24.484Z,448594,phil.martin.research@gmail.com,153486529,"""Catia - to check""",deleted
2025-04-07T14:51:24.484Z,448594,phil.martin.research@gmail.com,153486628,"""Iris - to check""",deleted
2025-04-07T14:51:24.484Z,448594,phil.martin.research@gmail.com,153486628,"""Catia - to check""",deleted
2025-04-07T14:51:54.357Z,448594,phil.martin.research@gmail.com,153485281,"""Sarah - to check""",1
2025-04-07T14:51:54.358Z,448594,phil.martin.research@gmail.com,153485281,"""Iris - to check""",deleted
2025-04-07T14:51:54.363Z,448594,phil.martin.research@gmail.com,153485281,"""Catia - to check""",deleted
2025-04-07T14:52:07.161Z,448594,phil.martin.research@gmail.com,153485327,"""Sarah - to check""",1
2025-04-07T14:52:07.161Z,448594,phil.martin.research@gmail.com,153485729,"""Sarah - to check""",1
2025-04-07T14:52:07.275Z,448594,phil.martin.research@gmail.com,153485902,"""Sarah - to check""",1
2025-04-07T14:52:07.275Z,448594,phil.martin.research@gmail.com,153486063,"""Sarah - to check""",1
2025-04-07T14:52:07.275Z,448594,phil.martin.research@gmail.com,153486529,"""Sarah - to check""",1
2025-04-07T14:52:07.275Z,448594,phil.martin.research@gmail.com,153486628,"""Sarah - to check""",1
2025-04-08T09:12:06.834Z,793578,tabitha.taberer@jesus.ox.ac.uk,153486468,included,1
2025-04-08T09:31:19.774Z,793578,tabitha.taberer@jesus.ox.ac.uk,153486649,included,0
2025-04-08T09:32:04.035Z,793578,tabitha.taberer@jesus.ox.ac.uk,153486671,included,1
2025-04-08T18:04:29.237Z,793576,carlos.barreto@algomau.ca,153485164,"""__EXR__Not about conservation""",1
2025-04-08T18:04:29.255Z,793576,carlos.barreto@algomau.ca,153485164,included,-1
2025-04-08T20:12:52.839Z,793576,carlos.barreto@algomau.ca,153485676,included,1
2025-04-08T20:51:59.962Z,793576,carlos.barreto@algomau.ca,153485839,"""__EXR__Not about conservation""",1
2025-04-08T20:51:59.980Z,793576,carlos.barreto@algomau.ca,153485839,included,-1
2025-04-10T11:00:29.328Z,448594,phil.martin.research@gmail.com,153485281,included,1
2025-04-10T11:08:48.849Z,448594,phil.martin.research@gmail.com,153485327,"""__EXR__Not about Evidence use""",1
2025-04-10T11:08:48.865Z,448594,phil.martin.research@gmail.com,153485327,included,-1
2025-04-10T14:04:54.971Z,448594,phil.martin.research@gmail.com,153486628,"""__EXR__Not about Evidence use""",1
2025-04-10T14:04:55.058Z,448594,phil.martin.research@gmail.com,153486628,included,-1
2025-04-10T14:30:23.862Z,448594,phil.martin.research@gmail.com,153485729,"""__EXR__Not about conservation""",1
2025-04-10T14:30:23.884Z,448594,phil.martin.research@gmail.com,153485729,included,-1
2025-04-10T14:33:20.137Z,448594,phil.martin.research@gmail.com,153486063,"""__EXR__Not about Evidence use""",1
2025-04-10T14:33:20.152Z,448594,phil.martin.research@gmail.com,153486063,included,-1
2025-04-10T14:36:36.651Z,448594,phil.martin.research@gmail.com,153486529,"""__EXR__Not about Evidence use""",1
2025-04-10T14:36:36.667Z,448594,phil.martin.research@gmail.com,153486529,included,-1
2025-04-10T15:11:37.423Z,448594,phil.martin.research@gmail.com,153485676,"""Example studies - maybe""",deleted
2025-04-10T15:11:37.426Z,448594,phil.martin.research@gmail.com,153485676,"""Carlos - to check""",1
2025-04-10T15:11:57.277Z,448594,phil.martin.research@gmail.com,153485164,"""Carlos - to check""",1
2025-04-10T15:11:57.514Z,448594,phil.martin.research@gmail.com,153485839,"""Carlos - to check""",1
2025-04-11T09:58:44.330Z,448594,phil.martin.research@gmail.com,153485676,included,1
2025-04-11T10:04:13.109Z,448594,phil.martin.research@gmail.com,153485164,included,1
2025-04-11T10:41:53.891Z,448594,phil.martin.research@gmail.com,153485839,included,1
2025-04-11T15:19:07.889Z,793586,ake@ceh.ac.uk,153486616,"""__EXR__Not about evidence use""",1
2025-04-11T15:19:07.911Z,793586,ake@ceh.ac.uk,153486616,included,-1
2025-04-14T12:08:36.132Z,0,rayyan@rayyan.ai,153485140,"""__SYSTEM__STAGE__70058""",1
2025-04-14T12:08:36.340Z,0,rayyan@rayyan.ai,153485164,"""__SYSTEM__STAGE__70058""",1
2025-04-14T12:08:36.340Z,0,rayyan@rayyan.ai,153485281,"""__SYSTEM__STAGE__70058""",1
2025-04-14T12:08:36.340Z,0,rayyan@rayyan.ai,153485380,"""__SYSTEM__STAGE__70058""",1
2025-04-14T12:08:36.340Z,0,rayyan@rayyan.ai,153485676,"""__SYSTEM__STAGE__70058""",1
2025-04-14T12:08:36.340Z,0,rayyan@rayyan.ai,153485839,"""__SYSTEM__STAGE__70058""",1
2025-04-14T12:08:36.497Z,0,rayyan@rayyan.ai,153486985,"""__SYSTEM__STAGE__70058""",1
2025-04-15T11:33:44.766Z,793586,ake@ceh.ac.uk,153486430,note-11995918,1
2025-04-15T11:33:51.240Z,793586,ake@ceh.ac.uk,153486430,"""__EXR__Not about evidence use""",1
2025-04-15T11:33:51.260Z,793586,ake@ceh.ac.uk,153486430,included,-1
2025-04-16T14:49:55.530Z,793585,c.matos@hull.ac.uk,153486509,"""__EXR__Not about factors that influence evidence use""",1
2025-04-16T14:49:55.551Z,793585,c.matos@hull.ac.uk,153486509,included,-1
2025-04-22T14:05:34.563Z,448594,phil.martin.research@gmail.com,153485979,included,1
2025-04-22T14:53:54.352Z,448594,phil.martin.research@gmail.com,153486468,"""Likely to include - check""",1
2025-04-22T14:53:54.625Z,448594,phil.martin.research@gmail.com,153486671,"""Likely to include - check""",1
2025-04-22T14:53:54.625Z,448594,phil.martin.research@gmail.com,153486962,"""Likely to include - check""",1
2025-04-22T15:41:07.914Z,448594,phil.martin.research@gmail.com,153486430,"""Aidan - to check""",1
2025-04-22T15:41:07.914Z,448594,phil.martin.research@gmail.com,153486616,"""Aidan - to check""",1
2025-04-22T16:22:02.368Z,0,rayyan@rayyan.ai,153486077,"""__SYSTEM__SAMPLE__3ff0d7fee4e91535b9e1dbf417bd181c_18354""",1
2025-04-22T16:22:04.710Z,0,rayyan@rayyan.ai,153486050,"""__SYSTEM__SAMPLE__3ff0d7fee4e91535b9e1dbf417bd181c_18354""",1
2025-04-22T16:22:04.970Z,0,rayyan@rayyan.ai,153486991,"""__SYSTEM__SAMPLE__3ff0d7fee4e91535b9e1dbf417bd181c_18354""",1
2025-04-22T16:22:05.303Z,0,rayyan@rayyan.ai,153486921,"""__SYSTEM__SAMPLE__3ff0d7fee4e91535b9e1dbf417bd181c_18354""",1
2025-04-22T16:22:06.318Z,0,rayyan@rayyan.ai,153486295,"""__SYSTEM__SAMPLE__3ff0d7fee4e91535b9e1dbf417bd181c_18355""",1
2025-04-22T16:22:06.425Z,0,rayyan@rayyan.ai,153486605,"""__SYSTEM__SAMPLE__3ff0d7fee4e91535b9e1dbf417bd181c_18355""",1
2025-04-22T16:22:06.599Z,0,rayyan@rayyan.ai,153486248,"""__SYSTEM__SAMPLE__3ff0d7fee4e91535b9e1dbf417bd181c_18355""",1
2025-04-22T16:22:06.748Z,0,rayyan@rayyan.ai,153486325,"""__SYSTEM__SAMPLE__3ff0d7fee4e91535b9e1dbf417bd181c_18355""",1
2025-04-22T16:22:07.137Z,0,rayyan@rayyan.ai,153485569,"""__SYSTEM__SAMPLE__3ff0d7fee4e91535b9e1dbf417bd181c_18355""",1
2025-04-22T16:22:07.675Z,0,rayyan@rayyan.ai,153486312,"""__SYSTEM__SAMPLE__3ff0d7fee4e91535b9e1dbf417bd181c_18355""",1
2025-04-22T16:22:07.740Z,0,rayyan@rayyan.ai,83177938,"""__SYSTEM__SAMPLE__3ff0d7fee4e91535b9e1dbf417bd181c_18355""",1
2025-04-22T16:22:07.874Z,0,rayyan@rayyan.ai,153486648,"""__SYSTEM__SAMPLE__3ff0d7fee4e91535b9e1dbf417bd181c_18355""",1
2025-04-22T16:22:07.939Z,0,rayyan@rayyan.ai,153485361,"""__SYSTEM__SAMPLE__3ff0d7fee4e91535b9e1dbf417bd181c_18355""",1
2025-04-22T16:22:09.520Z,0,rayyan@rayyan.ai,153486634,"""__SYSTEM__SAMPLE__3ff0d7fee4e91535b9e1dbf417bd181c_18356""",1
2025-04-22T16:22:09.653Z,0,rayyan@rayyan.ai,83177598,"""__SYSTEM__SAMPLE__3ff0d7fee4e91535b9e1dbf417bd181c_18356""",1
2025-04-22T16:22:09.898Z,0,rayyan@rayyan.ai,153486506,"""__SYSTEM__SAMPLE__3ff0d7fee4e91535b9e1dbf417bd181c_18356""",1
2025-04-22T16:22:09.898Z,0,rayyan@rayyan.ai,153485604,"""__SYSTEM__SAMPLE__3ff0d7fee4e91535b9e1dbf417bd181c_18356""",1
2025-04-22T16:22:09.962Z,0,rayyan@rayyan.ai,153486695,"""__SYSTEM__SAMPLE__3ff0d7fee4e91535b9e1dbf417bd181c_18356""",1
2025-04-23T13:07:03.985Z,793586,ake@ceh.ac.uk,83177763,"""__EXR__No about conservation""",1
2025-04-23T13:07:04.020Z,793586,ake@ceh.ac.uk,83177763,included,-1
2025-04-23T13:08:39.067Z,793581,santip1320@gmail.com,83177598,included,-1
2025-04-23T13:09:20.665Z,793581,santip1320@gmail.com,83177598,note-12193303,1
2025-04-23T13:10:11.319Z,793581,santip1320@gmail.com,83177625,included,-1
2025-04-23T13:10:41.308Z,793581,santip1320@gmail.com,83177667,included,-1
2025-04-23T13:12:42.659Z,793581,santip1320@gmail.com,83177828,included,-1
2025-04-23T13:12:58.399Z,793586,ake@ceh.ac.uk,153485557,"""__EXR__Not about conservation""",1
2025-04-23T13:12:58.410Z,793586,ake@ceh.ac.uk,153485557,included,-1
2025-04-23T13:19:22.996Z,793581,santip1320@gmail.com,153485189,included,-1
2025-04-23T13:20:31.904Z,793586,ake@ceh.ac.uk,153485606,"""__EXR__Not about conservation""",1
2025-04-23T13:20:31.970Z,793586,ake@ceh.ac.uk,153485606,included,-1
2025-04-23T13:22:18.167Z,793581,santip1320@gmail.com,153485211,included,0
2025-04-23T13:23:04.406Z,793581,santip1320@gmail.com,153485211,note-12193801,1
2025-04-23T13:24:53.456Z,793586,ake@ceh.ac.uk,153486281,"""__EXR__Not about conservation""",1
2025-04-23T13:24:53.471Z,793586,ake@ceh.ac.uk,153486281,included,-1
2025-04-23T13:25:43.003Z,793581,santip1320@gmail.com,153485233,included,1
2025-04-23T13:27:35.678Z,793581,santip1320@gmail.com,153485250,included,1
2025-04-23T13:36:04.104Z,793581,santip1320@gmail.com,153485511,included,-1
2025-04-23T13:39:07.436Z,793586,ake@ceh.ac.uk,153486983,"""__EXR__Not about conservation""",1
2025-04-23T13:39:07.454Z,793586,ake@ceh.ac.uk,153486983,included,-1
2025-04-23T13:40:31.104Z,793586,ake@ceh.ac.uk,153487180,"""__EXR__Not about conservation""",1
2025-04-23T13:40:31.121Z,793586,ake@ceh.ac.uk,153487180,included,-1
2025-04-23T13:42:36.280Z,793581,santip1320@gmail.com,153485569,note-12194563,1
2025-04-23T13:42:38.547Z,793581,santip1320@gmail.com,153485569,included,-1
2025-04-23T13:50:09.390Z,793581,santip1320@gmail.com,153485604,included,1
2025-04-23T20:14:26.761Z,808990,jhartup45@gmail.com,83177598,"""__EXR__Not about conservation""",1
2025-04-23T20:14:26.776Z,808990,jhartup45@gmail.com,83177598,included,-1
2025-04-24T07:23:42.798Z,808990,jhartup45@gmail.com,153485677,"""__EXR__Not about factors that influence evidence use""",1
2025-04-24T07:23:42.816Z,808990,jhartup45@gmail.com,153485677,included,-1
2025-04-24T07:46:41.079Z,808990,jhartup45@gmail.com,153485952,"""__EXR__Not about conservation""",1
2025-04-24T07:46:41.100Z,808990,jhartup45@gmail.com,153485952,included,-1
2025-04-24T08:28:12.548Z,808990,jhartup45@gmail.com,83178002,"""__EXR__Not about conservation""",1
2025-04-24T08:28:12.565Z,808990,jhartup45@gmail.com,83178002,included,-1
2025-04-24T08:35:59.983Z,808990,jhartup45@gmail.com,153485189,included,1
2025-04-24T08:39:58.165Z,808990,jhartup45@gmail.com,153485281,included,1
2025-04-24T08:42:27.227Z,808990,jhartup45@gmail.com,153485302,"""__EXR__Not about conservation""",1
2025-04-24T08:42:27.242Z,808990,jhartup45@gmail.com,153485302,included,-1
2025-04-24T08:43:35.177Z,808990,jhartup45@gmail.com,153485361,"""__EXR__Not about factors that influence evidence use""",1
2025-04-24T08:43:35.189Z,808990,jhartup45@gmail.com,153485361,included,-1
2025-04-24T09:40:44.827Z,808990,jhartup45@gmail.com,153486325,included,0
2025-04-24T09:59:25.468Z,808990,jhartup45@gmail.com,153486325,"""__EXR__Not about Evidence use""",1
2025-04-24T09:59:25.480Z,808990,jhartup45@gmail.com,153486325,included,-1
2025-04-24T13:31:19.261Z,448594,phil.martin.research@gmail.com,83177598,"""Santiago - to check""",1
2025-04-24T13:31:19.261Z,448594,phil.martin.research@gmail.com,83177625,"""Santiago - to check""",1
2025-04-24T13:31:19.261Z,448594,phil.martin.research@gmail.com,83177667,"""Santiago - to check""",1
2025-04-24T13:31:19.261Z,448594,phil.martin.research@gmail.com,83177828,"""Santiago - to check""",1
2025-04-24T13:32:45.174Z,448594,phil.martin.research@gmail.com,153485189,"""Jamie - to check""",1
2025-04-24T13:32:45.174Z,448594,phil.martin.research@gmail.com,153485281,"""Jamie - to check""",1
2025-04-24T13:33:00.923Z,448594,phil.martin.research@gmail.com,83177598,"""Jamie - to check""",1
2025-04-24T13:33:00.923Z,448594,phil.martin.research@gmail.com,83178002,"""Jamie - to check""",1
2025-04-24T13:33:00.923Z,448594,phil.martin.research@gmail.com,153485302,"""Jamie - to check""",1
2025-04-24T13:33:00.923Z,448594,phil.martin.research@gmail.com,153485361,"""Jamie - to check""",1
2025-04-24T13:33:00.923Z,448594,phil.martin.research@gmail.com,153485677,"""Jamie - to check""",1
2025-04-24T13:33:00.923Z,448594,phil.martin.research@gmail.com,153485952,"""Jamie - to check""",1
2025-04-24T13:33:01.057Z,448594,phil.martin.research@gmail.com,153486325,"""Jamie - to check""",1
2025-04-25T11:11:04.316Z,817493,sarah.luke@nottingham.ac.uk,153487180,"""__EXR__Not about factors that influence evidence use""",1
2025-04-25T11:11:04.335Z,817493,sarah.luke@nottingham.ac.uk,153487180,included,-1
2025-04-25T11:11:24.654Z,817493,sarah.luke@nottingham.ac.uk,153487180,"""__EXR__Not about conservation""",1
2025-04-25T11:11:24.665Z,817493,sarah.luke@nottingham.ac.uk,153487180,included,-1
2025-04-25T11:11:24.679Z,817493,sarah.luke@nottingham.ac.uk,153487180,"""__EXR__Not about factors that influence evidence use""",deleted
2025-04-26T13:27:18.680Z,793584,amirmohammadif@gmail.com,83177598,included,1
2025-04-26T15:59:12.931Z,793584,amirmohammadif@gmail.com,83177828,included,1
2025-04-27T07:52:24.177Z,793580,valentin.moser@wsl.ch,153486605,included,1
2025-04-27T07:52:29.307Z,793580,valentin.moser@wsl.ch,153486605,included,0
2025-04-27T07:52:35.902Z,793580,valentin.moser@wsl.ch,153486605,included,1
2025-04-27T20:38:31.953Z,793584,amirmohammadif@gmail.com,83177980,included,-1
2025-04-27T20:41:48.516Z,793576,carlos.barreto@algomau.ca,153485839,included,1
2025-04-27T20:41:52.169Z,793576,carlos.barreto@algomau.ca,153485839,"""__EXR__Not about conservation""",deleted
2025-04-27T21:35:57.974Z,793584,amirmohammadif@gmail.com,83178002,included,1
2025-04-28T14:38:42.388Z,793585,c.matos@hull.ac.uk,153486766,included,1
2025-04-29T18:26:35.102Z,793576,carlos.barreto@algomau.ca,153486046,"""__EXR__Not about conservation""",1
2025-04-29T18:26:35.132Z,793576,carlos.barreto@algomau.ca,153486046,included,-1
2025-04-29T20:41:50.628Z,793580,valentin.moser@wsl.ch,153486983,"""__EXR__Not about conservation""",1
2025-04-29T20:41:50.644Z,793580,valentin.moser@wsl.ch,153486983,included,-1
2025-04-30T11:44:23.485Z,448594,phil.martin.research@gmail.com,153485337,"""Automatically excluded (Likely to exclude)""",1
2025-04-30T11:44:23.485Z,448594,phil.martin.research@gmail.com,153485879,"""Automatically excluded (Likely to exclude)""",1
2025-04-30T11:44:23.485Z,448594,phil.martin.research@gmail.com,153485929,"""Automatically excluded (Likely to exclude)""",1
2025-04-30T11:44:23.485Z,448594,phil.martin.research@gmail.com,153485952,"""Automatically excluded (Likely to exclude)""",1
2025-04-30T11:44:23.828Z,448594,phil.martin.research@gmail.com,153486215,"""Automatically excluded (Likely to exclude)""",1
2025-04-30T11:44:23.828Z,448594,phil.martin.research@gmail.com,153486249,"""Automatically excluded (Likely to exclude)""",1
2025-04-30T11:44:23.828Z,448594,phil.martin.research@gmail.com,153486255,"""Automatically excluded (Likely to exclude)""",1
2025-04-30T11:44:23.828Z,448594,phil.martin.research@gmail.com,153486281,"""Automatically excluded (Likely to exclude)""",1
2025-04-30T11:44:23.828Z,448594,phil.martin.research@gmail.com,153486645,"""Automatically excluded (Likely to exclude)""",1
2025-04-30T11:44:23.828Z,448594,phil.martin.research@gmail.com,153486775,"""Automatically excluded (Likely to exclude)""",1
2025-04-30T11:44:23.828Z,448594,phil.martin.research@gmail.com,153486934,"""Automatically excluded (Likely to exclude)""",1
2025-04-30T11:44:23.828Z,448594,phil.martin.research@gmail.com,153487076,"""Automatically excluded (Likely to exclude)""",1
2025-04-30T11:44:41.342Z,448594,phil.martin.research@gmail.com,153485337,included,-1
2025-04-30T11:44:41.342Z,448594,phil.martin.research@gmail.com,153485879,included,-1
2025-04-30T11:44:41.342Z,448594,phil.martin.research@gmail.com,153485929,included,-1
2025-04-30T11:44:41.342Z,448594,phil.martin.research@gmail.com,153485952,included,-1
2025-04-30T11:44:41.440Z,448594,phil.martin.research@gmail.com,153486215,included,-1
2025-04-30T11:44:41.440Z,448594,phil.martin.research@gmail.com,153486249,included,-1
2025-04-30T11:44:41.440Z,448594,phil.martin.research@gmail.com,153486255,included,-1
2025-04-30T11:44:41.440Z,448594,phil.martin.research@gmail.com,153486281,included,-1
2025-04-30T11:44:41.440Z,448594,phil.martin.research@gmail.com,153486645,included,-1
2025-04-30T11:44:41.440Z,448594,phil.martin.research@gmail.com,153486775,included,-1
2025-04-30T11:44:41.440Z,448594,phil.martin.research@gmail.com,153486934,included,-1
2025-04-30T11:44:41.440Z,448594,phil.martin.research@gmail.com,153487076,included,-1
2025-04-30T11:45:19.791Z,448594,phil.martin.research@gmail.com,153485557,"""Automatically excluded (Most likely to exclude)""",1
2025-04-30T11:45:19.791Z,448594,phil.martin.research@gmail.com,153486843,"""Automatically excluded (Most likely to exclude)""",1
2025-04-30T11:45:19.791Z,448594,phil.martin.research@gmail.com,153487140,"""Automatically excluded (Most likely to exclude)""",1
2025-04-30T11:45:19.791Z,448594,phil.martin.research@gmail.com,153487180,"""Automatically excluded (Most likely to exclude)""",1
2025-04-30T11:45:31.487Z,448594,phil.martin.research@gmail.com,153485557,included,-1
2025-04-30T11:45:31.487Z,448594,phil.martin.research@gmail.com,153486843,included,-1
2025-04-30T11:45:31.487Z,448594,phil.martin.research@gmail.com,153487140,included,-1
2025-04-30T11:45:31.487Z,448594,phil.martin.research@gmail.com,153487180,included,-1
2025-04-30T11:46:58.630Z,0,rayyan@rayyan.ai,153486134,"""__SYSTEM__SAMPLE__de73ba8f0f54a708c4e9084ca4fea915_18796""",1
2025-04-30T11:46:58.664Z,0,rayyan@rayyan.ai,153486385,"""__SYSTEM__SAMPLE__de73ba8f0f54a708c4e9084ca4fea915_18796""",1
2025-04-30T11:46:58.697Z,0,rayyan@rayyan.ai,153486050,"""__SYSTEM__SAMPLE__de73ba8f0f54a708c4e9084ca4fea915_18796""",1
2025-04-30T11:46:58.729Z,0,rayyan@rayyan.ai,153486649,"""__SYSTEM__SAMPLE__de73ba8f0f54a708c4e9084ca4fea915_18796""",1
2025-04-30T11:46:59.454Z,0,rayyan@rayyan.ai,83177598,"""__SYSTEM__SAMPLE__de73ba8f0f54a708c4e9084ca4fea915_18796""",1
2025-04-30T11:46:59.486Z,0,rayyan@rayyan.ai,153486634,"""__SYSTEM__SAMPLE__de73ba8f0f54a708c4e9084ca4fea915_18796""",1
2025-04-30T18:19:16.797Z,793576,carlos.barreto@algomau.ca,153485164,included,1
2025-04-30T18:19:22.650Z,793576,carlos.barreto@algomau.ca,153485164,"""__EXR__Not about conservation""",deleted
2025-04-30T18:43:06.320Z,793576,carlos.barreto@algomau.ca,153486616,"""__EXR__Not about Evidence use""",1
2025-04-30T18:43:06.341Z,793576,carlos.barreto@algomau.ca,153486616,included,-1
2025-04-30T20:56:39.478Z,793576,carlos.barreto@algomau.ca,153486890,"""__EXR__Not about factors that influence evidence use""",1
2025-04-30T20:56:39.502Z,793576,carlos.barreto@algomau.ca,153486890,included,-1
2025-04-30T21:13:38.491Z,793576,carlos.barreto@algomau.ca,153486962,included,1
2025-05-01T15:14:50.734Z,793577,ian.thornhill@manchester.ac.uk,83177598,"""__EXR__Not about conservation""",1
2025-05-01T15:14:50.758Z,793577,ian.thornhill@manchester.ac.uk,83177598,included,-1
2025-05-01T15:31:39.855Z,793577,ian.thornhill@manchester.ac.uk,153486134,"""__EXR__Not about policy or practice""",1
2025-05-01T15:31:39.876Z,793577,ian.thornhill@manchester.ac.uk,153486134,included,-1
2025-05-01T15:35:52.910Z,793577,ian.thornhill@manchester.ac.uk,153486385,"""__EXR__not about conservation""",1
2025-05-01T15:35:52.935Z,793577,ian.thornhill@manchester.ac.uk,153486385,included,-1
2025-05-01T19:23:47.987Z,813409,isa.donoso@bc3research.org,83177598,note-12404385,1
2025-05-01T19:23:49.337Z,813409,isa.donoso@bc3research.org,83177598,included,1
2025-05-01T19:25:27.941Z,813409,isa.donoso@bc3research.org,83177625,included,-1
2025-05-01T19:25:44.730Z,813409,isa.donoso@bc3research.org,83177625,included,-1
2025-05-01T19:25:59.758Z,813409,isa.donoso@bc3research.org,83177625,"""not about conservation""",1
2025-05-01T19:33:48.065Z,813409,isa.donoso@bc3research.org,83177667,note-12404557,1
2025-05-01T19:33:54.437Z,813409,isa.donoso@bc3research.org,83177667,included,0
2025-05-01T19:34:58.195Z,813409,isa.donoso@bc3research.org,83177763,"""not about conservation""",1
2025-05-01T19:34:59.214Z,813409,isa.donoso@bc3research.org,83177763,included,-1
2025-05-01T19:35:30.987Z,813409,isa.donoso@bc3research.org,83177828,"""not about conservation""",1
2025-05-01T19:35:31.794Z,813409,isa.donoso@bc3research.org,83177828,included,-1
2025-05-01T19:41:03.799Z,813409,isa.donoso@bc3research.org,83177935,included,1
2025-05-01T19:43:35.295Z,813409,isa.donoso@bc3research.org,83177938,note-12404769,1
2025-05-01T19:43:36.422Z,813409,isa.donoso@bc3research.org,83177938,included,0
2025-05-03T18:42:41.379Z,813409,isa.donoso@bc3research.org,83177980,included,1
2025-05-03T18:45:05.553Z,813409,isa.donoso@bc3research.org,83178002,note-12451102,1
2025-05-03T18:45:21.120Z,813409,isa.donoso@bc3research.org,83178002,included,1
2025-05-03T18:46:31.938Z,813409,isa.donoso@bc3research.org,153485140,included,1
2025-05-03T18:52:34.413Z,813409,isa.donoso@bc3research.org,153485337,"""does not mention policy or practice""",1
2025-05-03T18:52:35.329Z,813409,isa.donoso@bc3research.org,153485337,included,-1
2025-05-03T18:52:53.362Z,813409,isa.donoso@bc3research.org,153485879,"""not about conservation""",1
2025-05-03T18:52:54.018Z,813409,isa.donoso@bc3research.org,153485879,included,-1
2025-05-04T09:25:28.772Z,813409,isa.donoso@bc3research.org,153485153,note-12461097,1
2025-05-04T09:25:30.148Z,813409,isa.donoso@bc3research.org,153485153,included,1
2025-05-04T09:27:23.771Z,813409,isa.donoso@bc3research.org,153485155,included,1
2025-05-04T09:28:50.854Z,813409,isa.donoso@bc3research.org,153485164,included,1
2025-05-04T09:30:47.857Z,813409,isa.donoso@bc3research.org,153485189,included,1
2025-05-04T09:32:20.226Z,813409,isa.donoso@bc3research.org,153485211,note-12461172,1
2025-05-04T09:32:20.918Z,813409,isa.donoso@bc3research.org,153485211,included,1
2025-05-04T09:33:37.546Z,813409,isa.donoso@bc3research.org,153485233,"""does not mention policy or practice""",1
2025-05-04T09:33:38.103Z,813409,isa.donoso@bc3research.org,153485233,included,-1
2025-05-04T09:38:27.071Z,813409,isa.donoso@bc3research.org,153485250,note-12461242,1
2025-05-04T09:38:27.609Z,813409,isa.donoso@bc3research.org,153485250,included,0
2025-05-04T09:41:07.063Z,813409,isa.donoso@bc3research.org,153485281,included,1
2025-05-04T09:46:45.534Z,813409,isa.donoso@bc3research.org,153485302,note-12461368,1
2025-05-04T09:46:46.036Z,813409,isa.donoso@bc3research.org,153485302,included,-1
2025-05-04T09:47:28.202Z,813409,isa.donoso@bc3research.org,153485380,included,1
2025-05-04T09:50:58.668Z,813409,isa.donoso@bc3research.org,153485327,note-12461432,1
2025-05-04T09:51:04.747Z,813409,isa.donoso@bc3research.org,153485327,included,-1
2025-05-04T09:54:23.070Z,813409,isa.donoso@bc3research.org,153485361,"""not about evidence use""",1
2025-05-04T09:54:23.934Z,813409,isa.donoso@bc3research.org,153485361,included,-1
2025-05-04T09:57:45.553Z,813409,isa.donoso@bc3research.org,153485379,note-12461518,1
2025-05-04T09:57:55.649Z,813409,isa.donoso@bc3research.org,153485379,included,1
2025-05-04T09:58:36.875Z,813409,isa.donoso@bc3research.org,153485557,"""not about conservation""",1
2025-05-04T09:58:37.553Z,813409,isa.donoso@bc3research.org,153485557,included,-1
2025-05-04T10:00:20.076Z,813409,isa.donoso@bc3research.org,153485417,"""not about evidence use""",1
2025-05-04T10:00:21.060Z,813409,isa.donoso@bc3research.org,153485417,included,-1
2025-05-04T10:04:39.413Z,813409,isa.donoso@bc3research.org,153485452,note-12461617,1
2025-05-04T10:04:40.664Z,813409,isa.donoso@bc3research.org,153485452,included,0
2025-05-04T10:09:40.662Z,813409,isa.donoso@bc3research.org,153485511,note-12461689,1
2025-05-04T10:09:41.282Z,813409,isa.donoso@bc3research.org,153485511,included,0
2025-05-04T10:12:33.564Z,813409,isa.donoso@bc3research.org,153485569,"""not about factos that influence evidence use""",1
2025-05-04T10:12:35.454Z,813409,isa.donoso@bc3research.org,153485569,included,-1
2025-05-04T10:19:22.402Z,813409,isa.donoso@bc3research.org,153485604,included,1
2025-05-04T10:19:47.655Z,813409,isa.donoso@bc3research.org,153485606,"""not about conservation""",1
2025-05-04T10:19:48.365Z,813409,isa.donoso@bc3research.org,153485606,included,-1
2025-05-04T10:21:11.093Z,813409,isa.donoso@bc3research.org,153485676,included,1
2025-05-04T10:24:31.755Z,813409,isa.donoso@bc3research.org,153485677,note-12461945,1
2025-05-04T10:24:35.300Z,813409,isa.donoso@bc3research.org,153485677,"""not about evidence use""",1
2025-05-04T10:24:43.478Z,813409,isa.donoso@bc3research.org,153485677,included,-1
2025-05-04T10:26:59.373Z,813409,isa.donoso@bc3research.org,153485729,note-12461989,1
2025-05-04T10:27:16.399Z,813409,isa.donoso@bc3research.org,153485677,note-12461945,edited
2025-05-04T10:28:05.692Z,813409,isa.donoso@bc3research.org,153485729,note-12461989,edited
2025-05-04T10:28:07.311Z,813409,isa.donoso@bc3research.org,153485729,included,-1
2025-05-04T10:29:35.920Z,813409,isa.donoso@bc3research.org,153485979,note-12462018,1
2025-05-04T10:29:37.707Z,813409,isa.donoso@bc3research.org,153485979,included,1
2025-05-04T10:31:02.175Z,813409,isa.donoso@bc3research.org,153485952,"""not about evidence use""",1
2025-05-04T10:31:02.572Z,813409,isa.donoso@bc3research.org,153485952,included,-1
2025-05-04T10:32:39.048Z,813409,isa.donoso@bc3research.org,153485929,"""not about evidence use""",1
2025-05-04T10:32:39.367Z,813409,isa.donoso@bc3research.org,153485929,included,-1
2025-05-04T10:35:40.029Z,813409,isa.donoso@bc3research.org,153485839,note-12462110,1
2025-05-04T10:35:55.698Z,813409,isa.donoso@bc3research.org,153485839,note-12462110,edited
2025-05-04T10:35:56.894Z,813409,isa.donoso@bc3research.org,153485839,included,1
2025-05-04T10:41:21.973Z,813409,isa.donoso@bc3research.org,153485902,note-12462181,1
2025-05-04T10:42:01.220Z,813409,isa.donoso@bc3research.org,153485902,included,0
2025-05-04T10:45:26.264Z,813409,isa.donoso@bc3research.org,153486215,"""does not mention policy or practice""",1
2025-05-04T10:45:26.837Z,813409,isa.donoso@bc3research.org,153486215,included,-1
2025-05-04T10:46:17.163Z,813409,isa.donoso@bc3research.org,153485990,"""not about conservation""",1
2025-05-04T10:46:19.065Z,813409,isa.donoso@bc3research.org,153485990,included,-1
2025-05-04T10:47:10.468Z,813409,isa.donoso@bc3research.org,153486063,"""does not mention policy or practice""",1
2025-05-04T10:47:11.245Z,813409,isa.donoso@bc3research.org,153486063,included,-1
2025-05-04T10:49:51.129Z,813409,isa.donoso@bc3research.org,153486050,"""does not mention policy or practice""",1
2025-05-04T10:49:52.032Z,813409,isa.donoso@bc3research.org,153486050,included,-1
2025-05-04T10:55:58.788Z,813409,isa.donoso@bc3research.org,153486046,"""not about evidence use""",1
2025-05-04T10:55:58.942Z,813409,isa.donoso@bc3research.org,153486046,included,-1
2025-05-05T09:41:41.523Z,793578,tabitha.taberer@jesus.ox.ac.uk,153486649,included,1
2025-05-05T09:47:58.024Z,813409,isa.donoso@bc3research.org,153486077,"""not about evidence use""",1
2025-05-05T09:47:58.171Z,813409,isa.donoso@bc3research.org,153486077,included,-1
2025-05-05T09:49:49.346Z,813409,isa.donoso@bc3research.org,153486091,"""not about factos that influence evidence use""",1
2025-05-05T09:49:49.996Z,813409,isa.donoso@bc3research.org,153486091,included,-1
2025-05-05T14:52:26.357Z,813409,isa.donoso@bc3research.org,153486114,note-12497605,1
2025-05-05T14:52:28.804Z,813409,isa.donoso@bc3research.org,153486114,included,-1
2025-05-05T14:54:38.258Z,813409,isa.donoso@bc3research.org,153486130,"""not about factos that influence evidence use""",1
2025-05-05T14:54:59.986Z,813409,isa.donoso@bc3research.org,153486130,included,-1
2025-05-05T14:58:22.248Z,813409,isa.donoso@bc3research.org,153486134,"""not about evidence use""",1
2025-05-05T14:58:22.667Z,813409,isa.donoso@bc3research.org,153486134,included,-1
2025-05-05T15:00:19.204Z,813409,isa.donoso@bc3research.org,153486148,"""not about conservation""",1
2025-05-05T15:00:19.354Z,813409,isa.donoso@bc3research.org,153486148,included,-1
2025-05-05T15:17:05.248Z,813409,isa.donoso@bc3research.org,153486226,note-12498311,1
2025-05-05T15:17:09.452Z,813409,isa.donoso@bc3research.org,153486226,"""not about evidence use""",1
2025-05-05T15:17:12.379Z,813409,isa.donoso@bc3research.org,153486226,included,-1
2025-05-05T15:18:39.619Z,813409,isa.donoso@bc3research.org,153486231,included,1
2025-05-05T15:20:19.753Z,813409,isa.donoso@bc3research.org,153486249,"""not about conservation""",1
2025-05-05T15:20:20.407Z,813409,isa.donoso@bc3research.org,153486249,included,-1
2025-05-05T15:24:05.391Z,813409,isa.donoso@bc3research.org,153486255,"""not about evidence use""",1
2025-05-05T15:24:05.974Z,813409,isa.donoso@bc3research.org,153486255,included,-1
2025-05-05T15:24:14.263Z,813409,isa.donoso@bc3research.org,153486281,"""not about conservation""",1
2025-05-05T15:24:15.199Z,813409,isa.donoso@bc3research.org,153486281,included,-1
2025-05-05T15:25:04.093Z,813409,isa.donoso@bc3research.org,153486468,included,1
2025-05-05T15:27:38.514Z,813409,isa.donoso@bc3research.org,153486248,"""not about evidence use""",1
2025-05-05T15:27:38.643Z,813409,isa.donoso@bc3research.org,153486248,included,-1
2025-05-05T15:28:26.537Z,813409,isa.donoso@bc3research.org,153486295,"""not about conservation""",1
2025-05-05T15:28:27.156Z,813409,isa.donoso@bc3research.org,153486295,included,-1
2025-05-05T15:36:38.264Z,813409,isa.donoso@bc3research.org,153486312,"""not about factos that influence evidence use""",1
2025-05-05T15:36:38.404Z,813409,isa.donoso@bc3research.org,153486312,included,-1
2025-05-05T15:40:11.630Z,813409,isa.donoso@bc3research.org,153486317,included,1
2025-05-05T15:41:20.994Z,813409,isa.donoso@bc3research.org,153486317,note-12499156,1
2025-05-05T16:02:48.529Z,813409,isa.donoso@bc3research.org,153486385,included,1
2025-05-05T16:02:55.225Z,813409,isa.donoso@bc3research.org,153486430,included,1
2025-05-05T16:02:58.343Z,813409,isa.donoso@bc3research.org,153486430,included,1
2025-05-05T16:03:01.397Z,813409,isa.donoso@bc3research.org,153486430,included,1
2025-05-05T16:03:03.891Z,813409,isa.donoso@bc3research.org,153486385,included,1
2025-05-05T16:03:10.484Z,813409,isa.donoso@bc3research.org,153486325,included,1
2025-05-05T16:05:29.823Z,813409,isa.donoso@bc3research.org,153486385,note-12499695,1
2025-05-05T16:05:29.961Z,813409,isa.donoso@bc3research.org,153486385,included,0
2025-05-05T16:34:13.401Z,813409,isa.donoso@bc3research.org,153486430,"""not about factos that influence evidence use""",1
2025-05-05T16:34:13.463Z,813409,isa.donoso@bc3research.org,153486430,included,0
2025-05-05T16:39:51.543Z,813409,isa.donoso@bc3research.org,153486440,note-12500862,1
2025-05-05T16:39:52.121Z,813409,isa.donoso@bc3research.org,153486440,included,0
2025-05-05T16:43:16.474Z,813409,isa.donoso@bc3research.org,153486506,"""not about factos that influence evidence use""",1
2025-05-05T16:43:16.813Z,813409,isa.donoso@bc3research.org,153486506,included,-1
2025-05-05T16:44:11.075Z,813409,isa.donoso@bc3research.org,153486509,"""not about factos that influence evidence use""",1
2025-05-05T16:44:11.833Z,813409,isa.donoso@bc3research.org,153486509,included,-1
2025-05-05T16:50:12.852Z,813409,isa.donoso@bc3research.org,153486634,included,1
2025-05-05T16:51:30.753Z,813409,isa.donoso@bc3research.org,153486647,included,1
2025-05-05T16:52:32.479Z,813409,isa.donoso@bc3research.org,153486645,"""not about factos that influence evidence use""",1
2025-05-05T16:52:32.981Z,813409,isa.donoso@bc3research.org,153486645,included,-1
2025-05-05T16:53:42.659Z,813409,isa.donoso@bc3research.org,153486631,"""not about factos that influence evidence use""",1
2025-05-05T16:53:43.912Z,813409,isa.donoso@bc3research.org,153486631,included,-1
2025-05-05T16:55:04.258Z,813409,isa.donoso@bc3research.org,153486628,"""not about conservation""",1
2025-05-05T16:55:04.666Z,813409,isa.donoso@bc3research.org,153486628,included,-1
2025-05-05T22:34:37.823Z,813409,isa.donoso@bc3research.org,153486529,"""not about conservation""",1
2025-05-05T22:34:37.964Z,813409,isa.donoso@bc3research.org,153486529,included,-1
2025-05-05T22:41:59.293Z,813409,isa.donoso@bc3research.org,153486605,included,1
2025-05-05T22:48:45.422Z,813409,isa.donoso@bc3research.org,153486671,included,1
2025-05-06T07:31:40.940Z,840756,enaut.martinezdebirgara@bc3research.org,83177598,included,0
2025-05-06T13:08:50.047Z,793584,amirmohammadif@gmail.com,83177625,included,-1
2025-05-06T13:09:51.445Z,793584,amirmohammadif@gmail.com,83177667,included,1
2025-05-06T13:22:34.817Z,793584,amirmohammadif@gmail.com,83177763,included,1
2025-05-06T14:09:07.958Z,813409,isa.donoso@bc3research.org,153485250,included,1
2025-05-06T14:12:21.968Z,813409,isa.donoso@bc3research.org,153486430,note-12525956,1
2025-05-06T14:55:29.748Z,793584,amirmohammadif@gmail.com,83177935,included,1
2025-05-06T14:56:06.497Z,793584,amirmohammadif@gmail.com,153485140,included,1
2025-05-06T14:56:57.775Z,793584,amirmohammadif@gmail.com,153485153,included,1
2025-05-06T14:57:01.816Z,793584,amirmohammadif@gmail.com,153485155,included,-1
2025-05-06T14:57:28.910Z,793584,amirmohammadif@gmail.com,153485164,included,1
2025-05-06T21:33:18.495Z,793584,amirmohammadif@gmail.com,153485233,included,-1
2025-05-07T11:36:55.270Z,813409,isa.donoso@bc3research.org,153486530,note-12548060,1
2025-05-07T11:36:57.892Z,813409,isa.donoso@bc3research.org,153486530,"""not about evidence use""",1
2025-05-07T11:36:58.298Z,813409,isa.donoso@bc3research.org,153486530,included,-1
2025-05-07T11:39:48.708Z,813409,isa.donoso@bc3research.org,153486616,note-12548128,1
2025-05-07T11:39:53.158Z,813409,isa.donoso@bc3research.org,153486616,"""not about factos that influence evidence use""",1
2025-05-07T11:44:51.830Z,813409,isa.donoso@bc3research.org,153486621,"""not about factos that influence evidence use""",1
2025-05-07T11:45:26.932Z,813409,isa.donoso@bc3research.org,153486621,note-12548274,1
2025-05-07T11:45:28.060Z,813409,isa.donoso@bc3research.org,153486621,included,0
2025-05-07T11:49:26.656Z,813409,isa.donoso@bc3research.org,153486649,included,1
2025-05-07T11:52:07.686Z,813409,isa.donoso@bc3research.org,153486648,"""not about factos that influence evidence use""",1
2025-05-07T11:52:07.707Z,813409,isa.donoso@bc3research.org,153486648,"""not about evidence use""",deleted
2025-05-07T11:52:10.798Z,813409,isa.donoso@bc3research.org,153486648,note-12548446,1
2025-05-07T11:52:12.178Z,813409,isa.donoso@bc3research.org,153486648,included,-1
2025-05-07T11:53:36.128Z,813409,isa.donoso@bc3research.org,153486682,included,1
2025-05-07T11:55:08.387Z,813409,isa.donoso@bc3research.org,153486684,note-12548514,1
2025-05-07T11:55:12.645Z,813409,isa.donoso@bc3research.org,153486684,included,0
2025-05-07T11:56:14.968Z,813409,isa.donoso@bc3research.org,153486695,included,1
2025-05-07T12:02:11.427Z,813409,isa.donoso@bc3research.org,153486766,note-12548689,1
2025-05-07T12:02:12.531Z,813409,isa.donoso@bc3research.org,153486766,included,1
2025-05-07T12:04:02.467Z,813409,isa.donoso@bc3research.org,153486797,note-12548733,1
2025-05-07T12:04:07.515Z,813409,isa.donoso@bc3research.org,153486797,included,1
2025-05-07T12:07:58.880Z,813409,isa.donoso@bc3research.org,153486775,"""not about factos that influence evidence use""",1
2025-05-07T12:08:03.826Z,813409,isa.donoso@bc3research.org,153486775,included,-1
2025-05-07T12:08:31.153Z,813409,isa.donoso@bc3research.org,153486616,included,-1
2025-05-07T12:10:20.752Z,813409,isa.donoso@bc3research.org,153486843,"""not about evidence use""",1
2025-05-07T12:10:21.462Z,813409,isa.donoso@bc3research.org,153486843,included,-1
2025-05-07T12:11:13.696Z,813409,isa.donoso@bc3research.org,153486939,included,1
2025-05-07T12:11:47.000Z,813409,isa.donoso@bc3research.org,153486962,included,1
2025-05-07T12:13:52.122Z,813409,isa.donoso@bc3research.org,153486855,"""not about conservation""",1
2025-05-07T12:13:55.205Z,813409,isa.donoso@bc3research.org,153486855,included,-1
2025-05-07T13:49:51.940Z,840756,enaut.martinezdebirgara@bc3research.org,153486634,"""__EXR__Not about Evidence use""",1
2025-05-07T13:49:51.962Z,840756,enaut.martinezdebirgara@bc3research.org,153486634,included,-1
2025-05-07T13:49:51.975Z,840756,enaut.martinezdebirgara@bc3research.org,153486634,"""__EXR__Not about factors that influence evidence use""",1
2025-05-07T13:49:51.987Z,840756,enaut.martinezdebirgara@bc3research.org,153486634,included,-1
2025-05-07T14:12:06.071Z,840756,enaut.martinezdebirgara@bc3research.org,153486695,note-12552114,1
2025-05-07T14:12:06.470Z,840756,enaut.martinezdebirgara@bc3research.org,153486695,included,1
2025-05-07T14:12:38.138Z,840756,enaut.martinezdebirgara@bc3research.org,153486695,note-12552114,edited
2025-05-07T18:41:48.845Z,813409,isa.donoso@bc3research.org,153486883,note-12557702,1
2025-05-07T18:42:11.300Z,813409,isa.donoso@bc3research.org,153486883,"""not about factos that influence evidence use""",1
2025-05-07T18:42:11.976Z,813409,isa.donoso@bc3research.org,153486883,included,-1
2025-05-07T18:44:19.113Z,813409,isa.donoso@bc3research.org,153486890,included,1
2025-05-07T18:44:49.197Z,813409,isa.donoso@bc3research.org,153486890,note-12557752,1
2025-05-07T18:46:31.663Z,840756,enaut.martinezdebirgara@bc3research.org,153485604,"""__EXR__Not about Evidence use""",1
2025-05-07T18:46:31.681Z,840756,enaut.martinezdebirgara@bc3research.org,153485604,included,-1
2025-05-07T18:46:31.694Z,840756,enaut.martinezdebirgara@bc3research.org,153485604,"""__EXR__Not about factors that influence evidence use""",1
2025-05-07T18:46:31.709Z,840756,enaut.martinezdebirgara@bc3research.org,153485604,included,-1
2025-05-07T18:48:29.927Z,813409,isa.donoso@bc3research.org,153486921,"""not about conservation""",1
2025-05-07T18:48:31.482Z,813409,isa.donoso@bc3research.org,153486921,included,-1
2025-05-07T18:49:58.999Z,813409,isa.donoso@bc3research.org,153486985,included,1
2025-05-07T21:17:04.806Z,813409,isa.donoso@bc3research.org,153486934,"""not about factos that influence evidence use""",1
2025-05-07T21:17:05.082Z,813409,isa.donoso@bc3research.org,153486934,included,-1
2025-05-07T21:18:14.528Z,813409,isa.donoso@bc3research.org,153486983,"""not about conservation""",1
2025-05-07T21:18:15.272Z,813409,isa.donoso@bc3research.org,153486983,included,-1
2025-05-07T21:21:51.011Z,813409,isa.donoso@bc3research.org,153486991,"""not about factos that influence evidence use""",1
2025-05-07T21:21:51.831Z,813409,isa.donoso@bc3research.org,153486991,included,-1
2025-05-07T21:26:44.894Z,813409,isa.donoso@bc3research.org,153487020,note-12560461,1
2025-05-07T21:26:45.179Z,813409,isa.donoso@bc3research.org,153487020,included,-1
2025-05-07T21:28:47.163Z,813409,isa.donoso@bc3research.org,153487060,note-12560473,1
2025-05-07T21:28:50.888Z,813409,isa.donoso@bc3research.org,153487060,included,1
2025-05-07T21:32:31.270Z,813409,isa.donoso@bc3research.org,153487070,"""not about factos that influence evidence use""",1
2025-05-07T21:32:32.374Z,813409,isa.donoso@bc3research.org,153487070,included,-1
2025-05-07T21:33:13.282Z,813409,isa.donoso@bc3research.org,153487072,"""not about conservation""",1
2025-05-07T21:33:14.050Z,813409,isa.donoso@bc3research.org,153487072,included,-1
2025-05-07T21:35:11.058Z,813409,isa.donoso@bc3research.org,153487076,"""not about evidence use""",1
2025-05-07T21:35:11.919Z,813409,isa.donoso@bc3research.org,153487076,included,-1
2025-05-07T21:38:16.015Z,813409,isa.donoso@bc3research.org,153487140,"""not about conservation""",1
2025-05-07T21:38:16.448Z,813409,isa.donoso@bc3research.org,153487140,included,-1
2025-05-07T21:39:04.827Z,813409,isa.donoso@bc3research.org,153487180,"""not about conservation""",1
2025-05-07T21:39:07.001Z,813409,isa.donoso@bc3research.org,153487180,included,-1
2025-05-07T22:02:43.070Z,793584,amirmohammadif@gmail.com,83177938,included,-1
2025-05-07T22:03:12.130Z,793584,amirmohammadif@gmail.com,83177938,included,1
2025-05-08T07:13:17.026Z,448594,phil.martin.research@gmail.com,153486695,"""Enaut - to check""",1
2025-05-08T07:13:37.131Z,448594,phil.martin.research@gmail.com,83177598,"""Enaut - to check""",1
2025-05-08T07:13:57.416Z,448594,phil.martin.research@gmail.com,153485604,"""Enaut - to check""",1
2025-05-08T07:13:57.598Z,448594,phil.martin.research@gmail.com,153486634,"""Enaut - to check""",1
2025-05-08T07:15:07.645Z,448594,phil.martin.research@gmail.com,83177625,"""Isa - to check""",1
2025-05-08T07:15:07.645Z,448594,phil.martin.research@gmail.com,83177763,"""Isa - to check""",1
2025-05-08T07:15:07.645Z,448594,phil.martin.research@gmail.com,83177828,"""Isa - to check""",1
2025-05-08T07:15:07.645Z,448594,phil.martin.research@gmail.com,153485233,"""Isa - to check""",1
2025-05-08T07:15:07.645Z,448594,phil.martin.research@gmail.com,153485302,"""Isa - to check""",1
2025-05-08T07:15:07.645Z,448594,phil.martin.research@gmail.com,153485327,"""Isa - to check""",1
2025-05-08T07:15:07.645Z,448594,phil.martin.research@gmail.com,153485337,"""Isa - to check""",1
2025-05-08T07:15:07.645Z,448594,phil.martin.research@gmail.com,153485361,"""Isa - to check""",1
2025-05-08T07:15:07.645Z,448594,phil.martin.research@gmail.com,153485417,"""Isa - to check""",1
2025-05-08T07:15:07.645Z,448594,phil.martin.research@gmail.com,153485557,"""Isa - to check""",1
2025-05-08T07:15:07.645Z,448594,phil.martin.research@gmail.com,153485569,"""Isa - to check""",1
2025-05-08T07:15:07.645Z,448594,phil.martin.research@gmail.com,153485606,"""Isa - to check""",1
2025-05-08T07:15:07.645Z,448594,phil.martin.research@gmail.com,153485677,"""Isa - to check""",1
2025-05-08T07:15:07.645Z,448594,phil.martin.research@gmail.com,153485729,"""Isa - to check""",1
2025-05-08T07:15:07.645Z,448594,phil.martin.research@gmail.com,153485879,"""Isa - to check""",1
2025-05-08T07:15:07.645Z,448594,phil.martin.research@gmail.com,153485929,"""Isa - to check""",1
2025-05-08T07:15:07.645Z,448594,phil.martin.research@gmail.com,153485952,"""Isa - to check""",1
2025-05-08T07:15:07.645Z,448594,phil.martin.research@gmail.com,153485990,"""Isa - to check""",1
2025-05-08T07:15:07.645Z,448594,phil.martin.research@gmail.com,153486046,"""Isa - to check""",1
2025-05-08T07:15:07.645Z,448594,phil.martin.research@gmail.com,153486050,"""Isa - to check""",1
2025-05-08T07:15:07.645Z,448594,phil.martin.research@gmail.com,153486063,"""Isa - to check""",1
2025-05-08T07:15:07.645Z,448594,phil.martin.research@gmail.com,153486077,"""Isa - to check""",1
2025-05-08T07:15:07.645Z,448594,phil.martin.research@gmail.com,153486091,"""Isa - to check""",1
2025-05-08T07:15:07.645Z,448594,phil.martin.research@gmail.com,153486114,"""Isa - to check""",1
2025-05-08T07:15:07.645Z,448594,phil.martin.research@gmail.com,153486130,"""Isa - to check""",1
2025-05-08T07:15:07.645Z,448594,phil.martin.research@gmail.com,153486134,"""Isa - to check""",1
2025-05-08T07:15:07.645Z,448594,phil.martin.research@gmail.com,153486148,"""Isa - to check""",1
2025-05-08T07:15:07.645Z,448594,phil.martin.research@gmail.com,153486215,"""Isa - to check""",1
2025-05-08T07:15:07.645Z,448594,phil.martin.research@gmail.com,153486226,"""Isa - to check""",1
2025-05-08T07:15:07.645Z,448594,phil.martin.research@gmail.com,153486248,"""Isa - to check""",1
2025-05-08T07:15:07.645Z,448594,phil.martin.research@gmail.com,153486249,"""Isa - to check""",1
2025-05-08T07:15:07.645Z,448594,phil.martin.research@gmail.com,153486255,"""Isa - to check""",1
2025-05-08T07:15:07.645Z,448594,phil.martin.research@gmail.com,153486281,"""Isa - to check""",1
2025-05-08T07:15:07.645Z,448594,phil.martin.research@gmail.com,153486295,"""Isa - to check""",1
2025-05-08T07:15:07.645Z,448594,phil.martin.research@gmail.com,153486312,"""Isa - to check""",1
2025-05-08T07:15:07.645Z,448594,phil.martin.research@gmail.com,153486506,"""Isa - to check""",1
2025-05-08T07:15:07.645Z,448594,phil.martin.research@gmail.com,153486509,"""Isa - to check""",1
2025-05-08T07:15:07.645Z,448594,phil.martin.research@gmail.com,153486529,"""Isa - to check""",1
2025-05-08T07:15:07.645Z,448594,phil.martin.research@gmail.com,153486530,"""Isa - to check""",1
2025-05-08T07:15:07.645Z,448594,phil.martin.research@gmail.com,153486616,"""Isa - to check""",1
2025-05-08T07:15:07.645Z,448594,phil.martin.research@gmail.com,153486628,"""Isa - to check""",1
2025-05-08T07:15:07.645Z,448594,phil.martin.research@gmail.com,153486631,"""Isa - to check""",1
2025-05-08T07:15:07.645Z,448594,phil.martin.research@gmail.com,153486645,"""Isa - to check""",1
2025-05-08T07:15:07.645Z,448594,phil.martin.research@gmail.com,153486648,"""Isa - to check""",1
2025-05-08T07:15:07.645Z,448594,phil.martin.research@gmail.com,153486775,"""Isa - to check""",1
2025-05-08T07:15:07.645Z,448594,phil.martin.research@gmail.com,153486843,"""Isa - to check""",1
2025-05-08T07:15:07.645Z,448594,phil.martin.research@gmail.com,153486855,"""Isa - to check""",1
2025-05-08T07:15:07.645Z,448594,phil.martin.research@gmail.com,153486883,"""Isa - to check""",1
2025-05-08T07:15:07.645Z,448594,phil.martin.research@gmail.com,153486921,"""Isa - to check""",1
2025-05-08T07:15:07.645Z,448594,phil.martin.research@gmail.com,153486934,"""Isa - to check""",1
2025-05-08T07:15:07.809Z,448594,phil.martin.research@gmail.com,153486983,"""Isa - to check""",1
2025-05-08T07:15:07.809Z,448594,phil.martin.research@gmail.com,153486991,"""Isa - to check""",1
2025-05-08T07:15:07.809Z,448594,phil.martin.research@gmail.com,153487020,"""Isa - to check""",1
2025-05-08T07:15:07.809Z,448594,phil.martin.research@gmail.com,153487070,"""Isa - to check""",1
2025-05-08T07:15:07.809Z,448594,phil.martin.research@gmail.com,153487072,"""Isa - to check""",1
2025-05-08T07:15:07.809Z,448594,phil.martin.research@gmail.com,153487076,"""Isa - to check""",1
2025-05-08T07:15:07.809Z,448594,phil.martin.research@gmail.com,153487140,"""Isa - to check""",1
2025-05-08T07:15:07.809Z,448594,phil.martin.research@gmail.com,153487180,"""Isa - to check""",1
2025-05-08T07:15:25.974Z,448594,phil.martin.research@gmail.com,83177667,"""Isa - to check""",1
2025-05-08T07:15:25.974Z,448594,phil.martin.research@gmail.com,83177938,"""Isa - to check""",1
2025-05-08T07:15:25.974Z,448594,phil.martin.research@gmail.com,153485452,"""Isa - to check""",1
2025-05-08T07:15:25.974Z,448594,phil.martin.research@gmail.com,153485511,"""Isa - to check""",1
2025-05-08T07:15:25.974Z,448594,phil.martin.research@gmail.com,153485902,"""Isa - to check""",1
2025-05-08T07:15:25.974Z,448594,phil.martin.research@gmail.com,153486385,"""Isa - to check""",1
2025-05-08T07:15:25.974Z,448594,phil.martin.research@gmail.com,153486430,"""Isa - to check""",1
2025-05-08T07:15:25.974Z,448594,phil.martin.research@gmail.com,153486440,"""Isa - to check""",1
2025-05-08T07:15:25.974Z,448594,phil.martin.research@gmail.com,153486621,"""Isa - to check""",1
2025-05-08T07:15:25.974Z,448594,phil.martin.research@gmail.com,153486684,"""Isa - to check""",1
2025-05-08T07:15:50.502Z,448594,phil.martin.research@gmail.com,83177598,"""Isa - to check""",1
2025-05-08T07:15:50.502Z,448594,phil.martin.research@gmail.com,83177935,"""Isa - to check""",1
2025-05-08T07:15:50.502Z,448594,phil.martin.research@gmail.com,83177980,"""Isa - to check""",1
2025-05-08T07:15:50.502Z,448594,phil.martin.research@gmail.com,83178002,"""Isa - to check""",1
2025-05-08T07:15:50.502Z,448594,phil.martin.research@gmail.com,153485140,"""Isa - to check""",1
2025-05-08T07:15:50.502Z,448594,phil.martin.research@gmail.com,153485153,"""Isa - to check""",1
2025-05-08T07:15:50.502Z,448594,phil.martin.research@gmail.com,153485155,"""Isa - to check""",1
2025-05-08T07:15:50.502Z,448594,phil.martin.research@gmail.com,153485164,"""Isa - to check""",1
2025-05-08T07:15:50.502Z,448594,phil.martin.research@gmail.com,153485189,"""Isa - to check""",1
2025-05-08T07:15:50.502Z,448594,phil.martin.research@gmail.com,153485211,"""Isa - to check""",1
2025-05-08T07:15:50.502Z,448594,phil.martin.research@gmail.com,153485250,"""Isa - to check""",1
2025-05-08T07:15:50.502Z,448594,phil.martin.research@gmail.com,153485281,"""Isa - to check""",1
2025-05-08T07:15:50.502Z,448594,phil.martin.research@gmail.com,153485379,"""Isa - to check""",1
2025-05-08T07:15:50.502Z,448594,phil.martin.research@gmail.com,153485380,"""Isa - to check""",1
2025-05-08T07:15:50.502Z,448594,phil.martin.research@gmail.com,153485604,"""Isa - to check""",1
2025-05-08T07:15:50.502Z,448594,phil.martin.research@gmail.com,153485676,"""Isa - to check""",1
2025-05-08T07:15:50.502Z,448594,phil.martin.research@gmail.com,153485839,"""Isa - to check""",1
2025-05-08T07:15:50.502Z,448594,phil.martin.research@gmail.com,153485979,"""Isa - to check""",1
2025-05-08T07:15:50.502Z,448594,phil.martin.research@gmail.com,153486231,"""Isa - to check""",1
2025-05-08T07:15:50.502Z,448594,phil.martin.research@gmail.com,153486317,"""Isa - to check""",1
2025-05-08T07:15:50.502Z,448594,phil.martin.research@gmail.com,153486325,"""Isa - to check""",1
2025-05-08T07:15:50.502Z,448594,phil.martin.research@gmail.com,153486468,"""Isa - to check""",1
2025-05-08T07:15:50.502Z,448594,phil.martin.research@gmail.com,153486605,"""Isa - to check""",1
2025-05-08T07:15:50.502Z,448594,phil.martin.research@gmail.com,153486634,"""Isa - to check""",1
2025-05-08T07:15:50.502Z,448594,phil.martin.research@gmail.com,153486647,"""Isa - to check""",1
2025-05-08T07:15:50.502Z,448594,phil.martin.research@gmail.com,153486649,"""Isa - to check""",1
2025-05-08T07:15:50.502Z,448594,phil.martin.research@gmail.com,153486671,"""Isa - to check""",1
2025-05-08T07:15:50.502Z,448594,phil.martin.research@gmail.com,153486682,"""Isa - to check""",1
2025-05-08T07:15:50.502Z,448594,phil.martin.research@gmail.com,153486695,"""Isa - to check""",1
2025-05-08T07:15:50.502Z,448594,phil.martin.research@gmail.com,153486766,"""Isa - to check""",1
2025-05-08T07:15:50.502Z,448594,phil.martin.research@gmail.com,153486797,"""Isa - to check""",1
2025-05-08T07:15:50.502Z,448594,phil.martin.research@gmail.com,153486890,"""Isa - to check""",1
2025-05-08T07:15:50.502Z,448594,phil.martin.research@gmail.com,153486939,"""Isa - to check""",1
2025-05-08T07:15:50.502Z,448594,phil.martin.research@gmail.com,153486962,"""Isa - to check""",1
2025-05-08T07:15:50.502Z,448594,phil.martin.research@gmail.com,153486985,"""Isa - to check""",1
2025-05-08T07:15:50.502Z,448594,phil.martin.research@gmail.com,153487060,"""Isa - to check""",1
2025-05-08T07:18:24.181Z,448594,phil.martin.research@gmail.com,83177598,included,0
2025-05-08T07:20:08.025Z,448594,phil.martin.research@gmail.com,83177625,"""__EXR__Not about conservation""",1
2025-05-08T07:20:08.036Z,448594,phil.martin.research@gmail.com,83177625,included,-1
2025-05-08T07:20:34.628Z,448594,phil.martin.research@gmail.com,83177667,"""__EXR__Not about conservation""",1
2025-05-08T07:20:34.644Z,448594,phil.martin.research@gmail.com,83177667,included,-1
2025-05-08T07:20:54.872Z,448594,phil.martin.research@gmail.com,83177763,"""__EXR__Not about conservation""",1
2025-05-08T07:20:54.883Z,448594,phil.martin.research@gmail.com,83177763,included,-1
2025-05-08T07:21:31.886Z,448594,phil.martin.research@gmail.com,83177828,"""__EXR__Not about conservation""",1
2025-05-08T07:21:31.902Z,448594,phil.martin.research@gmail.com,83177828,included,-1
2025-05-08T07:24:29.516Z,448594,phil.martin.research@gmail.com,83177935,included,1
2025-05-08T07:26:53.796Z,448594,phil.martin.research@gmail.com,153486797,included,1
2025-05-08T07:28:52.557Z,448594,phil.martin.research@gmail.com,153486647,"""__EXR__Not about evidence use""",1
2025-05-08T07:28:52.569Z,448594,phil.martin.research@gmail.com,153486647,included,-1
2025-05-08T07:29:33.498Z,448594,phil.martin.research@gmail.com,153486962,included,1
2025-05-08T07:30:20.346Z,448594,phil.martin.research@gmail.com,153486468,included,1
2025-05-08T07:31:04.163Z,448594,phil.martin.research@gmail.com,153486766,included,1
2025-05-08T07:34:30.819Z,448594,phil.martin.research@gmail.com,153486671,included,1
2025-05-08T07:35:21.639Z,448594,phil.martin.research@gmail.com,153486939,included,1
2025-05-08T07:36:24.758Z,448594,phil.martin.research@gmail.com,83178002,"""__EXR__Not about conservation""",1
2025-05-08T07:36:24.770Z,448594,phil.martin.research@gmail.com,83178002,included,-1
2025-05-08T07:37:16.923Z,448594,phil.martin.research@gmail.com,153485604,included,1
2025-05-08T07:38:15.693Z,448594,phil.martin.research@gmail.com,153486634,"""__EXR__Not about evidence use""",1
2025-05-08T07:38:15.706Z,448594,phil.martin.research@gmail.com,153486634,included,-1
2025-05-08T07:39:42.348Z,448594,phil.martin.research@gmail.com,153485379,included,1
2025-05-08T07:41:47.964Z,448594,phil.martin.research@gmail.com,153486621,"""__EXR__Not about factors that influence evidence use""",1
2025-05-08T07:41:47.975Z,448594,phil.martin.research@gmail.com,153486621,included,-1
2025-05-08T07:43:36.018Z,448594,phil.martin.research@gmail.com,153486509,"""__EXR__Not about evidence use""",1
2025-05-08T07:43:36.031Z,448594,phil.martin.research@gmail.com,153486509,included,-1
2025-05-08T07:45:03.022Z,448594,phil.martin.research@gmail.com,153486605,included,1
2025-05-08T07:45:54.178Z,448594,phil.martin.research@gmail.com,153486695,included,1
2025-05-08T07:46:44.755Z,448594,phil.martin.research@gmail.com,153485211,included,1
2025-05-08T08:07:36.974Z,840756,enaut.martinezdebirgara@bc3research.org,83177598,note-12567579,1
2025-05-08T08:19:28.173Z,448594,phil.martin.research@gmail.com,153485189,"""__EXR__Not about policy or practice""",1
2025-05-08T08:19:28.197Z,448594,phil.martin.research@gmail.com,153485189,included,-1
2025-05-08T08:21:02.097Z,448594,phil.martin.research@gmail.com,153486649,"""__EXR__Not about factors that influence evidence use""",1
2025-05-08T08:21:02.118Z,448594,phil.martin.research@gmail.com,153486649,included,-1
2025-05-08T08:25:01.183Z,448594,phil.martin.research@gmail.com,153486046,"""__EXR__Not about evidence use""",1
2025-05-08T08:25:01.199Z,448594,phil.martin.research@gmail.com,153486046,included,-1
2025-05-08T08:26:09.614Z,448594,phil.martin.research@gmail.com,153486430,"""__EXR__Not about evidence use""",1
2025-05-08T08:26:09.634Z,448594,phil.martin.research@gmail.com,153486430,included,-1
2025-05-08T08:26:30.220Z,448594,phil.martin.research@gmail.com,153486440,"""__EXR__Not about evidence use""",1
2025-05-08T08:26:30.240Z,448594,phil.martin.research@gmail.com,153486440,included,-1
2025-05-08T08:27:32.394Z,448594,phil.martin.research@gmail.com,153487072,"""__EXR__Not about conservation""",1
2025-05-08T08:27:32.414Z,448594,phil.martin.research@gmail.com,153487072,included,-1
2025-05-08T08:28:37.664Z,448594,phil.martin.research@gmail.com,153487060,"""__EXR__Not about factors that influence evidence use""",1
2025-05-08T08:28:37.682Z,448594,phil.martin.research@gmail.com,153487060,included,-1
2025-05-08T08:28:59.044Z,448594,phil.martin.research@gmail.com,153486631,"""__EXR__Not about evidence use""",1
2025-05-08T08:28:59.064Z,448594,phil.martin.research@gmail.com,153486631,included,-1
2025-05-08T08:29:22.362Z,448594,phil.martin.research@gmail.com,153486616,"""__EXR__Not about evidence use""",1
2025-05-08T08:29:22.382Z,448594,phil.martin.research@gmail.com,153486616,included,-1
2025-05-08T08:29:40.291Z,448594,phil.martin.research@gmail.com,153486077,"""__EXR__Not about evidence use""",1
2025-05-08T08:29:40.307Z,448594,phil.martin.research@gmail.com,153486077,included,-1
2025-05-08T08:29:54.062Z,448594,phil.martin.research@gmail.com,153486134,"""__EXR__Not about evidence use""",1
2025-05-08T08:29:54.083Z,448594,phil.martin.research@gmail.com,153486134,included,-1
2025-05-08T08:30:45.620Z,448594,phil.martin.research@gmail.com,153486855,included,0
2025-05-08T08:31:00.961Z,448594,phil.martin.research@gmail.com,153486130,"""__EXR__Not about evidence use""",1
2025-05-08T08:31:00.975Z,448594,phil.martin.research@gmail.com,153486130,included,-1
2025-05-08T08:32:26.230Z,448594,phil.martin.research@gmail.com,153486921,included,0
2025-05-08T08:33:29.446Z,448594,phil.martin.research@gmail.com,153486530,"""__EXR__Not about evidence use""",1
2025-05-08T08:33:29.468Z,448594,phil.martin.research@gmail.com,153486530,included,-1
2025-05-08T08:34:36.599Z,448594,phil.martin.research@gmail.com,153486682,"""__EXR__Not about evidence use""",1
2025-05-08T08:34:36.618Z,448594,phil.martin.research@gmail.com,153486682,included,-1
2025-05-08T08:34:42.483Z,448594,phil.martin.research@gmail.com,153486983,"""__EXR__Not about conservation""",1
2025-05-08T08:34:42.505Z,448594,phil.martin.research@gmail.com,153486983,included,-1
2025-05-08T08:34:56.823Z,448594,phil.martin.research@gmail.com,153486890,"""__EXR__Not about evidence use""",1
2025-05-08T08:34:56.840Z,448594,phil.martin.research@gmail.com,153486890,included,-1
2025-05-08T08:35:31.817Z,448594,phil.martin.research@gmail.com,153485361,"""__EXR__Not about evidence use""",1
2025-05-08T08:35:31.835Z,448594,phil.martin.research@gmail.com,153485361,included,-1
2025-05-08T08:36:50.415Z,448594,phil.martin.research@gmail.com,83177980,included,0
2025-05-08T08:37:36.460Z,448594,phil.martin.research@gmail.com,153486991,"""__EXR__Not about evidence use""",1
2025-05-08T08:37:36.475Z,448594,phil.martin.research@gmail.com,153486991,included,-1
2025-05-08T08:37:48.728Z,448594,phil.martin.research@gmail.com,153485417,"""__EXR__Not about conservation""",1
2025-05-08T08:37:48.746Z,448594,phil.martin.research@gmail.com,153485417,included,-1
2025-05-08T08:38:35.169Z,448594,phil.martin.research@gmail.com,153486050,"""__EXR__Not about evidence use""",1
2025-05-08T08:38:35.184Z,448594,phil.martin.research@gmail.com,153486050,included,-1
2025-05-08T08:38:49.977Z,448594,phil.martin.research@gmail.com,153486684,included,1
2025-05-08T08:39:10.240Z,448594,phil.martin.research@gmail.com,153486248,"""__EXR__Not about evidence use""",1
2025-05-08T08:39:10.257Z,448594,phil.martin.research@gmail.com,153486248,included,-1
2025-05-08T08:39:36.591Z,448594,phil.martin.research@gmail.com,153485233,"""__EXR__Not about evidence use""",1
2025-05-08T08:39:36.605Z,448594,phil.martin.research@gmail.com,153485233,included,-1
2025-05-08T08:40:06.445Z,448594,phil.martin.research@gmail.com,153485606,"""__EXR__Not about conservation""",1
2025-05-08T08:40:06.460Z,448594,phil.martin.research@gmail.com,153485606,included,-1
2025-05-08T08:40:34.280Z,448594,phil.martin.research@gmail.com,153485250,"""__EXR__Not about evidence use""",1
2025-05-08T08:40:34.299Z,448594,phil.martin.research@gmail.com,153485250,included,-1
2025-05-08T08:41:50.119Z,448594,phil.martin.research@gmail.com,83177938,"""__EXR__Not about conservation""",1
2025-05-08T08:41:50.135Z,448594,phil.martin.research@gmail.com,83177938,included,-1
2025-05-08T08:42:59.638Z,448594,phil.martin.research@gmail.com,153485302,"""__EXR__Not about evidence use""",1
2025-05-08T08:42:59.653Z,448594,phil.martin.research@gmail.com,153485302,included,-1
2025-05-08T08:43:51.485Z,448594,phil.martin.research@gmail.com,153485511,"""__EXR__Not about factors that influence evidence use""",1
2025-05-08T08:43:51.503Z,448594,phil.martin.research@gmail.com,153485511,included,-1
2025-05-08T08:50:50.359Z,448594,phil.martin.research@gmail.com,153485569,"""__EXR__Not about evidence use""",1
2025-05-08T08:50:50.372Z,448594,phil.martin.research@gmail.com,153485569,included,-1
2025-05-08T08:51:31.004Z,448594,phil.martin.research@gmail.com,153485677,"""__EXR__Not about evidence use""",1
2025-05-08T08:51:31.015Z,448594,phil.martin.research@gmail.com,153485677,included,-1
2025-05-08T08:52:54.183Z,448594,phil.martin.research@gmail.com,153486091,"""__EXR__Not about evidence use""",1
2025-05-08T08:52:54.212Z,448594,phil.martin.research@gmail.com,153486091,included,-1
2025-05-08T08:54:18.931Z,448594,phil.martin.research@gmail.com,153486114,"""__EXR__Not about evidence use""",1
2025-05-08T08:54:18.945Z,448594,phil.martin.research@gmail.com,153486114,included,-1
2025-05-08T08:55:15.261Z,448594,phil.martin.research@gmail.com,153486295,"""__EXR__Not about conservation""",1
2025-05-08T08:55:15.274Z,448594,phil.martin.research@gmail.com,153486295,included,-1
2025-05-08T08:55:35.596Z,448594,phil.martin.research@gmail.com,153486312,"""__EXR__Not about evidence use""",1
2025-05-08T08:55:35.609Z,448594,phil.martin.research@gmail.com,153486312,included,-1
2025-05-08T08:57:13.578Z,448594,phil.martin.research@gmail.com,153486317,"""__EXR__Not about evidence use""",1
2025-05-08T08:57:13.590Z,448594,phil.martin.research@gmail.com,153486317,included,-1
2025-05-08T08:57:21.495Z,448594,phil.martin.research@gmail.com,153486325,"""__EXR__Not about conservation""",1
2025-05-08T08:57:21.516Z,448594,phil.martin.research@gmail.com,153486325,included,-1
2025-05-08T08:58:00.780Z,448594,phil.martin.research@gmail.com,153486385,"""__EXR__Not about evidence use""",1
2025-05-08T08:58:00.794Z,448594,phil.martin.research@gmail.com,153486385,included,-1
2025-05-08T08:58:53.699Z,448594,phil.martin.research@gmail.com,153486506,"""__EXR__Not about evidence use""",1
2025-05-08T08:58:53.711Z,448594,phil.martin.research@gmail.com,153486506,included,-1
2025-05-08T08:59:30.901Z,448594,phil.martin.research@gmail.com,153486648,"""__EXR__Not about evidence use""",1
2025-05-08T08:59:30.914Z,448594,phil.martin.research@gmail.com,153486648,included,-1
2025-05-08T08:59:45.502Z,448594,phil.martin.research@gmail.com,153486883,"""__EXR__Not about evidence use""",1
2025-05-08T08:59:45.517Z,448594,phil.martin.research@gmail.com,153486883,included,-1
2025-05-08T08:59:51.889Z,448594,phil.martin.research@gmail.com,153487070,"""__EXR__Not about evidence use""",1
2025-05-08T08:59:51.904Z,448594,phil.martin.research@gmail.com,153487070,included,-1
