created_at,user_id,user_email,article_id,key,value
2025-01-30T08:43:35.773Z,0,rayyan@rayyan.ai,153491932,"""__SYSTEM__SAMPLE__c8ec392c388730c4c6deb36dc3dfd181_13326""",1
2025-01-30T08:43:35.973Z,0,rayyan@rayyan.ai,153485486,"""__SYSTEM__SAMPLE__c8ec392c388730c4c6deb36dc3dfd181_13326""",1
2025-01-30T08:43:35.973Z,0,rayyan@rayyan.ai,153492152,"""__SYSTEM__SAMPLE__c8ec392c388730c4c6deb36dc3dfd181_13326""",1
2025-01-30T08:43:35.973Z,0,rayyan@rayyan.ai,153489441,"""__SYSTEM__SAMPLE__c8ec392c388730c4c6deb36dc3dfd181_13326""",1
2025-01-30T08:43:36.146Z,0,rayyan@rayyan.ai,153489648,"""__SYSTEM__SAMPLE__c8ec392c388730c4c6deb36dc3dfd181_13326""",1
2025-01-30T08:43:36.286Z,0,rayyan@rayyan.ai,153491765,"""__SYSTEM__SAMPLE__c8ec392c388730c4c6deb36dc3dfd181_13326""",1
2025-01-30T08:43:36.415Z,0,rayyan@rayyan.ai,153488893,"""__SYSTEM__SAMPLE__c8ec392c388730c4c6deb36dc3dfd181_13326""",1
2025-01-30T08:43:36.415Z,0,rayyan@rayyan.ai,153493173,"""__SYSTEM__SAMPLE__c8ec392c388730c4c6deb36dc3dfd181_13326""",1
2025-01-30T08:43:36.523Z,0,rayyan@rayyan.ai,153488522,"""__SYSTEM__SAMPLE__c8ec392c388730c4c6deb36dc3dfd181_13326""",1
2025-01-30T08:43:36.635Z,0,rayyan@rayyan.ai,153489344,"""__SYSTEM__SAMPLE__c8ec392c388730c4c6deb36dc3dfd181_13326""",1
2025-01-30T08:43:36.710Z,0,rayyan@rayyan.ai,153486674,"""__SYSTEM__SAMPLE__c8ec392c388730c4c6deb36dc3dfd181_13326""",1
2025-01-30T08:43:36.710Z,0,rayyan@rayyan.ai,153492909,"""__SYSTEM__SAMPLE__c8ec392c388730c4c6deb36dc3dfd181_13326""",1
2025-01-30T08:43:36.710Z,0,rayyan@rayyan.ai,153486365,"""__SYSTEM__SAMPLE__c8ec392c388730c4c6deb36dc3dfd181_13326""",1
2025-01-30T08:43:36.710Z,0,rayyan@rayyan.ai,153486565,"""__SYSTEM__SAMPLE__c8ec392c388730c4c6deb36dc3dfd181_13326""",1
2025-01-30T08:43:36.792Z,0,rayyan@rayyan.ai,153491594,"""__SYSTEM__SAMPLE__c8ec392c388730c4c6deb36dc3dfd181_13326""",1
2025-01-30T08:43:36.792Z,0,rayyan@rayyan.ai,153489847,"""__SYSTEM__SAMPLE__c8ec392c388730c4c6deb36dc3dfd181_13326""",1
2025-01-30T08:43:36.792Z,0,rayyan@rayyan.ai,153491426,"""__SYSTEM__SAMPLE__c8ec392c388730c4c6deb36dc3dfd181_13326""",1
2025-01-30T08:43:36.859Z,0,rayyan@rayyan.ai,153493858,"""__SYSTEM__SAMPLE__c8ec392c388730c4c6deb36dc3dfd181_13326""",1
2025-01-30T08:43:36.859Z,0,rayyan@rayyan.ai,153491578,"""__SYSTEM__SAMPLE__c8ec392c388730c4c6deb36dc3dfd181_13326""",1
2025-02-11T05:33:54.648Z,315143,matthew.grainger@nina.no,153488818,"""Duplicates""",1
2025-02-27T16:25:47.434Z,0,rayyan@rayyan.ai,153485498,"""__SYSTEM__SAMPLE__bf16548037788a03250fcfb89d192afc_15155""",1
2025-02-27T16:25:47.861Z,0,rayyan@rayyan.ai,153496100,"""__SYSTEM__SAMPLE__bf16548037788a03250fcfb89d192afc_15155""",1
2025-02-27T16:25:48.155Z,0,rayyan@rayyan.ai,153485486,"""__SYSTEM__SAMPLE__bf16548037788a03250fcfb89d192afc_15155""",1
2025-02-27T16:25:48.428Z,0,rayyan@rayyan.ai,153486674,"""__SYSTEM__SAMPLE__bf16548037788a03250fcfb89d192afc_15155""",1
2025-02-27T16:25:48.632Z,0,rayyan@rayyan.ai,153491889,"""__SYSTEM__SAMPLE__bf16548037788a03250fcfb89d192afc_15155""",1
2025-02-27T16:25:48.813Z,0,rayyan@rayyan.ai,153492739,"""__SYSTEM__SAMPLE__bf16548037788a03250fcfb89d192afc_15155""",1
2025-02-27T16:25:48.813Z,0,rayyan@rayyan.ai,153492128,"""__SYSTEM__SAMPLE__bf16548037788a03250fcfb89d192afc_15155""",1
2025-02-27T16:25:48.964Z,0,rayyan@rayyan.ai,153486041,"""__SYSTEM__SAMPLE__bf16548037788a03250fcfb89d192afc_15155""",1
2025-02-27T16:25:48.964Z,0,rayyan@rayyan.ai,153487136,"""__SYSTEM__SAMPLE__bf16548037788a03250fcfb89d192afc_15155""",1
2025-02-27T16:25:49.083Z,0,rayyan@rayyan.ai,153493084,"""__SYSTEM__SAMPLE__bf16548037788a03250fcfb89d192afc_15155""",1
2025-02-27T16:25:49.183Z,0,rayyan@rayyan.ai,153488670,"""__SYSTEM__SAMPLE__bf16548037788a03250fcfb89d192afc_15155""",1
2025-02-27T16:25:49.183Z,0,rayyan@rayyan.ai,153494638,"""__SYSTEM__SAMPLE__bf16548037788a03250fcfb89d192afc_15155""",1
2025-02-27T16:25:49.281Z,0,rayyan@rayyan.ai,153485959,"""__SYSTEM__SAMPLE__bf16548037788a03250fcfb89d192afc_15155""",1
2025-02-27T16:25:49.281Z,0,rayyan@rayyan.ai,153486937,"""__SYSTEM__SAMPLE__bf16548037788a03250fcfb89d192afc_15155""",1
2025-02-27T16:25:49.374Z,0,rayyan@rayyan.ai,153488930,"""__SYSTEM__SAMPLE__bf16548037788a03250fcfb89d192afc_15155""",1
2025-02-27T16:25:49.374Z,0,rayyan@rayyan.ai,153485984,"""__SYSTEM__SAMPLE__bf16548037788a03250fcfb89d192afc_15155""",1
2025-02-27T16:25:49.501Z,0,rayyan@rayyan.ai,153489401,"""__SYSTEM__SAMPLE__bf16548037788a03250fcfb89d192afc_15155""",1
2025-02-27T16:25:49.674Z,0,rayyan@rayyan.ai,153485856,"""__SYSTEM__SAMPLE__bf16548037788a03250fcfb89d192afc_15155""",1
2025-02-27T16:25:49.739Z,0,rayyan@rayyan.ai,83177869,"""__SYSTEM__SAMPLE__bf16548037788a03250fcfb89d192afc_15155""",1
2025-02-27T16:25:49.739Z,0,rayyan@rayyan.ai,153487205,"""__SYSTEM__SAMPLE__bf16548037788a03250fcfb89d192afc_15155""",1
2025-02-27T16:25:49.739Z,0,rayyan@rayyan.ai,153486239,"""__SYSTEM__SAMPLE__bf16548037788a03250fcfb89d192afc_15155""",1
2025-02-27T16:25:49.859Z,0,rayyan@rayyan.ai,153492293,"""__SYSTEM__SAMPLE__bf16548037788a03250fcfb89d192afc_15155""",1
2025-02-27T16:25:50.776Z,0,rayyan@rayyan.ai,153492311,"""__SYSTEM__SAMPLE__bf16548037788a03250fcfb89d192afc_15155""",1
2025-02-27T16:25:50.776Z,0,rayyan@rayyan.ai,153491594,"""__SYSTEM__SAMPLE__bf16548037788a03250fcfb89d192afc_15155""",1
2025-02-27T16:25:50.834Z,0,rayyan@rayyan.ai,153485813,"""__SYSTEM__SAMPLE__bf16548037788a03250fcfb89d192afc_15155""",1
2025-02-27T16:25:50.891Z,0,rayyan@rayyan.ai,153488519,"""__SYSTEM__SAMPLE__bf16548037788a03250fcfb89d192afc_15155""",1
2025-02-27T16:25:50.891Z,0,rayyan@rayyan.ai,153486728,"""__SYSTEM__SAMPLE__bf16548037788a03250fcfb89d192afc_15155""",1
2025-02-28T10:59:28.468Z,0,rayyan@rayyan.ai,153491776,"""__SYSTEM__SAMPLE__1844316c46179ea4d070527c2a6eda09_15194""",1
2025-02-28T10:59:29.055Z,0,rayyan@rayyan.ai,153493778,"""__SYSTEM__SAMPLE__1844316c46179ea4d070527c2a6eda09_15194""",1
2025-02-28T10:59:29.450Z,0,rayyan@rayyan.ai,153490028,"""__SYSTEM__SAMPLE__1844316c46179ea4d070527c2a6eda09_15194""",1
2025-02-28T10:59:30.225Z,0,rayyan@rayyan.ai,153486495,"""__SYSTEM__SAMPLE__1844316c46179ea4d070527c2a6eda09_15194""",1
2025-02-28T10:59:30.225Z,0,rayyan@rayyan.ai,153489922,"""__SYSTEM__SAMPLE__1844316c46179ea4d070527c2a6eda09_15194""",1
2025-02-28T10:59:30.225Z,0,rayyan@rayyan.ai,153491449,"""__SYSTEM__SAMPLE__1844316c46179ea4d070527c2a6eda09_15194""",1
2025-02-28T10:59:30.444Z,0,rayyan@rayyan.ai,153488893,"""__SYSTEM__SAMPLE__1844316c46179ea4d070527c2a6eda09_15194""",1
2025-02-28T10:59:30.444Z,0,rayyan@rayyan.ai,83177878,"""__SYSTEM__SAMPLE__1844316c46179ea4d070527c2a6eda09_15194""",1
2025-02-28T10:59:30.540Z,0,rayyan@rayyan.ai,153493097,"""__SYSTEM__SAMPLE__1844316c46179ea4d070527c2a6eda09_15194""",1
2025-02-28T10:59:30.738Z,0,rayyan@rayyan.ai,153487741,"""__SYSTEM__SAMPLE__1844316c46179ea4d070527c2a6eda09_15194""",1
2025-02-28T10:59:30.871Z,0,rayyan@rayyan.ai,153488568,"""__SYSTEM__SAMPLE__1844316c46179ea4d070527c2a6eda09_15194""",1
2025-02-28T10:59:31.862Z,0,rayyan@rayyan.ai,153492311,"""__SYSTEM__SAMPLE__1844316c46179ea4d070527c2a6eda09_15194""",1
2025-02-28T10:59:31.862Z,0,rayyan@rayyan.ai,153487340,"""__SYSTEM__SAMPLE__1844316c46179ea4d070527c2a6eda09_15194""",1
2025-02-28T10:59:31.971Z,0,rayyan@rayyan.ai,153485551,"""__SYSTEM__SAMPLE__1844316c46179ea4d070527c2a6eda09_15194""",1
2025-02-28T10:59:31.971Z,0,rayyan@rayyan.ai,153488118,"""__SYSTEM__SAMPLE__1844316c46179ea4d070527c2a6eda09_15194""",1
2025-02-28T10:59:32.078Z,0,rayyan@rayyan.ai,153493241,"""__SYSTEM__SAMPLE__1844316c46179ea4d070527c2a6eda09_15194""",1
2025-02-28T10:59:32.078Z,0,rayyan@rayyan.ai,153485266,"""__SYSTEM__SAMPLE__1844316c46179ea4d070527c2a6eda09_15194""",1
2025-03-03T08:02:32.413Z,0,rayyan@rayyan.ai,153493889,"""__SYSTEM__SAMPLE__5ef013fd1ac260e2ad077cb0f803864e_15279""",1
2025-03-03T08:02:32.813Z,0,rayyan@rayyan.ai,153486941,"""__SYSTEM__SAMPLE__5ef013fd1ac260e2ad077cb0f803864e_15279""",1
2025-03-03T08:02:32.813Z,0,rayyan@rayyan.ai,153488069,"""__SYSTEM__SAMPLE__5ef013fd1ac260e2ad077cb0f803864e_15279""",1
2025-03-03T08:02:33.492Z,0,rayyan@rayyan.ai,153486516,"""__SYSTEM__SAMPLE__5ef013fd1ac260e2ad077cb0f803864e_15279""",1
2025-03-03T08:02:33.492Z,0,rayyan@rayyan.ai,153485846,"""__SYSTEM__SAMPLE__5ef013fd1ac260e2ad077cb0f803864e_15279""",1
2025-03-03T08:02:33.571Z,0,rayyan@rayyan.ai,153495097,"""__SYSTEM__SAMPLE__5ef013fd1ac260e2ad077cb0f803864e_15279""",1
2025-03-03T08:02:33.674Z,0,rayyan@rayyan.ai,153489431,"""__SYSTEM__SAMPLE__5ef013fd1ac260e2ad077cb0f803864e_15279""",1
2025-03-03T08:02:33.837Z,0,rayyan@rayyan.ai,153485266,"""__SYSTEM__SAMPLE__5ef013fd1ac260e2ad077cb0f803864e_15279""",1
2025-03-03T08:02:33.894Z,0,rayyan@rayyan.ai,83177735,"""__SYSTEM__SAMPLE__5ef013fd1ac260e2ad077cb0f803864e_15279""",1
2025-03-03T08:02:33.894Z,0,rayyan@rayyan.ai,153490276,"""__SYSTEM__SAMPLE__5ef013fd1ac260e2ad077cb0f803864e_15279""",1
2025-03-03T08:02:34.014Z,0,rayyan@rayyan.ai,153487218,"""__SYSTEM__SAMPLE__5ef013fd1ac260e2ad077cb0f803864e_15279""",1
2025-03-03T08:02:34.456Z,0,rayyan@rayyan.ai,153486256,"""__SYSTEM__SAMPLE__5ef013fd1ac260e2ad077cb0f803864e_15279""",1
2025-03-03T08:02:34.628Z,0,rayyan@rayyan.ai,153489396,"""__SYSTEM__SAMPLE__5ef013fd1ac260e2ad077cb0f803864e_15279""",1
2025-03-03T08:02:34.628Z,0,rayyan@rayyan.ai,153486041,"""__SYSTEM__SAMPLE__5ef013fd1ac260e2ad077cb0f803864e_15279""",1
2025-03-03T08:02:34.628Z,0,rayyan@rayyan.ai,153488421,"""__SYSTEM__SAMPLE__5ef013fd1ac260e2ad077cb0f803864e_15279""",1
2025-03-03T08:02:34.725Z,0,rayyan@rayyan.ai,153486239,"""__SYSTEM__SAMPLE__5ef013fd1ac260e2ad077cb0f803864e_15279""",1
2025-03-03T08:02:34.725Z,0,rayyan@rayyan.ai,153495284,"""__SYSTEM__SAMPLE__5ef013fd1ac260e2ad077cb0f803864e_15279""",1
2025-03-03T08:02:34.775Z,0,rayyan@rayyan.ai,153491513,"""__SYSTEM__SAMPLE__5ef013fd1ac260e2ad077cb0f803864e_15279""",1
2025-03-03T08:02:34.822Z,0,rayyan@rayyan.ai,153495221,"""__SYSTEM__SAMPLE__5ef013fd1ac260e2ad077cb0f803864e_15279""",1
2025-03-03T08:02:34.822Z,0,rayyan@rayyan.ai,153486847,"""__SYSTEM__SAMPLE__5ef013fd1ac260e2ad077cb0f803864e_15279""",1
2025-03-03T08:02:34.892Z,0,rayyan@rayyan.ai,153488835,"""__SYSTEM__SAMPLE__5ef013fd1ac260e2ad077cb0f803864e_15280""",1
2025-03-03T08:02:34.892Z,0,rayyan@rayyan.ai,153486342,"""__SYSTEM__SAMPLE__5ef013fd1ac260e2ad077cb0f803864e_15280""",1
2025-03-03T08:02:34.892Z,0,rayyan@rayyan.ai,153490179,"""__SYSTEM__SAMPLE__5ef013fd1ac260e2ad077cb0f803864e_15280""",1
2025-03-03T08:02:34.936Z,0,rayyan@rayyan.ai,153494602,"""__SYSTEM__SAMPLE__5ef013fd1ac260e2ad077cb0f803864e_15280""",1
2025-03-03T08:02:34.979Z,0,rayyan@rayyan.ai,153492196,"""__SYSTEM__SAMPLE__5ef013fd1ac260e2ad077cb0f803864e_15280""",1
2025-03-03T08:02:34.979Z,0,rayyan@rayyan.ai,153489735,"""__SYSTEM__SAMPLE__5ef013fd1ac260e2ad077cb0f803864e_15280""",1
2025-03-03T08:02:35.067Z,0,rayyan@rayyan.ai,153488568,"""__SYSTEM__SAMPLE__5ef013fd1ac260e2ad077cb0f803864e_15280""",1
2025-03-03T08:02:35.115Z,0,rayyan@rayyan.ai,153486487,"""__SYSTEM__SAMPLE__5ef013fd1ac260e2ad077cb0f803864e_15280""",1
2025-03-03T08:02:35.203Z,0,rayyan@rayyan.ai,153488190,"""__SYSTEM__SAMPLE__5ef013fd1ac260e2ad077cb0f803864e_15280""",1
2025-03-03T08:02:35.591Z,0,rayyan@rayyan.ai,153494929,"""__SYSTEM__SAMPLE__5ef013fd1ac260e2ad077cb0f803864e_15280""",1
2025-03-03T08:02:35.669Z,0,rayyan@rayyan.ai,153493844,"""__SYSTEM__SAMPLE__5ef013fd1ac260e2ad077cb0f803864e_15280""",1
2025-03-03T08:02:35.711Z,0,rayyan@rayyan.ai,153486965,"""__SYSTEM__SAMPLE__5ef013fd1ac260e2ad077cb0f803864e_15280""",1
2025-03-03T08:02:35.797Z,0,rayyan@rayyan.ai,153485633,"""__SYSTEM__SAMPLE__5ef013fd1ac260e2ad077cb0f803864e_15280""",1
2025-03-03T08:02:35.797Z,0,rayyan@rayyan.ai,153495371,"""__SYSTEM__SAMPLE__5ef013fd1ac260e2ad077cb0f803864e_15280""",1
2025-03-03T08:02:35.876Z,0,rayyan@rayyan.ai,153485451,"""__SYSTEM__SAMPLE__5ef013fd1ac260e2ad077cb0f803864e_15280""",1
2025-03-03T08:02:35.912Z,0,rayyan@rayyan.ai,153495476,"""__SYSTEM__SAMPLE__5ef013fd1ac260e2ad077cb0f803864e_15280""",1
2025-03-03T08:02:35.912Z,0,rayyan@rayyan.ai,153487055,"""__SYSTEM__SAMPLE__5ef013fd1ac260e2ad077cb0f803864e_15280""",1
2025-03-03T08:02:35.955Z,0,rayyan@rayyan.ai,153496155,"""__SYSTEM__SAMPLE__5ef013fd1ac260e2ad077cb0f803864e_15280""",1
2025-03-03T08:02:35.992Z,0,rayyan@rayyan.ai,153485486,"""__SYSTEM__SAMPLE__5ef013fd1ac260e2ad077cb0f803864e_15280""",1
2025-03-03T08:02:35.992Z,0,rayyan@rayyan.ai,153485158,"""__SYSTEM__SAMPLE__5ef013fd1ac260e2ad077cb0f803864e_15280""",1
2025-03-03T08:02:36.162Z,0,rayyan@rayyan.ai,153487340,"""__SYSTEM__SAMPLE__5ef013fd1ac260e2ad077cb0f803864e_15281""",1
2025-03-03T08:02:36.162Z,0,rayyan@rayyan.ai,83177767,"""__SYSTEM__SAMPLE__5ef013fd1ac260e2ad077cb0f803864e_15281""",1
2025-03-03T08:02:36.162Z,0,rayyan@rayyan.ai,153492076,"""__SYSTEM__SAMPLE__5ef013fd1ac260e2ad077cb0f803864e_15281""",1
2025-03-03T08:02:36.357Z,0,rayyan@rayyan.ai,153486495,"""__SYSTEM__SAMPLE__5ef013fd1ac260e2ad077cb0f803864e_15281""",1
2025-03-03T08:02:36.395Z,0,rayyan@rayyan.ai,153486187,"""__SYSTEM__SAMPLE__5ef013fd1ac260e2ad077cb0f803864e_15281""",1
2025-03-03T08:02:36.433Z,0,rayyan@rayyan.ai,153485498,"""__SYSTEM__SAMPLE__5ef013fd1ac260e2ad077cb0f803864e_15281""",1
2025-03-03T08:02:36.473Z,0,rayyan@rayyan.ai,153485736,"""__SYSTEM__SAMPLE__5ef013fd1ac260e2ad077cb0f803864e_15281""",1
2025-03-03T08:02:36.553Z,0,rayyan@rayyan.ai,153488385,"""__SYSTEM__SAMPLE__5ef013fd1ac260e2ad077cb0f803864e_15281""",1
2025-03-03T08:02:36.591Z,0,rayyan@rayyan.ai,153488556,"""__SYSTEM__SAMPLE__5ef013fd1ac260e2ad077cb0f803864e_15281""",1
2025-03-03T08:02:36.629Z,0,rayyan@rayyan.ai,153486937,"""__SYSTEM__SAMPLE__5ef013fd1ac260e2ad077cb0f803864e_15281""",1
2025-03-03T08:02:36.663Z,0,rayyan@rayyan.ai,153489118,"""__SYSTEM__SAMPLE__5ef013fd1ac260e2ad077cb0f803864e_15281""",1
2025-03-03T08:02:36.705Z,0,rayyan@rayyan.ai,153487364,"""__SYSTEM__SAMPLE__5ef013fd1ac260e2ad077cb0f803864e_15281""",1
2025-03-03T08:02:36.890Z,0,rayyan@rayyan.ai,153491594,"""__SYSTEM__SAMPLE__5ef013fd1ac260e2ad077cb0f803864e_15281""",1
2025-03-03T08:02:36.927Z,0,rayyan@rayyan.ai,153488127,"""__SYSTEM__SAMPLE__5ef013fd1ac260e2ad077cb0f803864e_15281""",1
2025-03-03T08:02:36.964Z,0,rayyan@rayyan.ai,153490556,"""__SYSTEM__SAMPLE__5ef013fd1ac260e2ad077cb0f803864e_15281""",1
2025-03-03T08:02:36.998Z,0,rayyan@rayyan.ai,153494638,"""__SYSTEM__SAMPLE__5ef013fd1ac260e2ad077cb0f803864e_15281""",1
2025-03-03T08:02:37.044Z,0,rayyan@rayyan.ai,153491984,"""__SYSTEM__SAMPLE__5ef013fd1ac260e2ad077cb0f803864e_15281""",1
2025-03-03T08:02:37.082Z,0,rayyan@rayyan.ai,153488522,"""__SYSTEM__SAMPLE__5ef013fd1ac260e2ad077cb0f803864e_15281""",1
2025-03-03T08:02:37.082Z,0,rayyan@rayyan.ai,153494656,"""__SYSTEM__SAMPLE__5ef013fd1ac260e2ad077cb0f803864e_15281""",1
2025-03-03T08:02:37.285Z,0,rayyan@rayyan.ai,153493130,"""__SYSTEM__SAMPLE__5ef013fd1ac260e2ad077cb0f803864e_15282""",1
2025-03-03T08:02:37.325Z,0,rayyan@rayyan.ai,153497950,"""__SYSTEM__SAMPLE__5ef013fd1ac260e2ad077cb0f803864e_15282""",1
2025-03-03T08:02:37.325Z,0,rayyan@rayyan.ai,153488860,"""__SYSTEM__SAMPLE__5ef013fd1ac260e2ad077cb0f803864e_15282""",1
2025-03-03T08:02:37.368Z,0,rayyan@rayyan.ai,153488519,"""__SYSTEM__SAMPLE__5ef013fd1ac260e2ad077cb0f803864e_15282""",1
2025-03-03T08:02:37.368Z,0,rayyan@rayyan.ai,153486133,"""__SYSTEM__SAMPLE__5ef013fd1ac260e2ad077cb0f803864e_15282""",1
2025-03-03T08:02:37.407Z,0,rayyan@rayyan.ai,153486884,"""__SYSTEM__SAMPLE__5ef013fd1ac260e2ad077cb0f803864e_15282""",1
2025-03-03T08:02:37.407Z,0,rayyan@rayyan.ai,153491449,"""__SYSTEM__SAMPLE__5ef013fd1ac260e2ad077cb0f803864e_15282""",1
2025-03-03T08:02:37.407Z,0,rayyan@rayyan.ai,153485808,"""__SYSTEM__SAMPLE__5ef013fd1ac260e2ad077cb0f803864e_15282""",1
2025-03-03T08:02:37.446Z,0,rayyan@rayyan.ai,153485360,"""__SYSTEM__SAMPLE__5ef013fd1ac260e2ad077cb0f803864e_15282""",1
2025-03-03T08:02:37.651Z,0,rayyan@rayyan.ai,153487642,"""__SYSTEM__SAMPLE__5ef013fd1ac260e2ad077cb0f803864e_15282""",1
2025-03-03T08:02:37.693Z,0,rayyan@rayyan.ai,153487101,"""__SYSTEM__SAMPLE__5ef013fd1ac260e2ad077cb0f803864e_15282""",1
2025-03-03T08:02:37.741Z,0,rayyan@rayyan.ai,153490109,"""__SYSTEM__SAMPLE__5ef013fd1ac260e2ad077cb0f803864e_15282""",1
2025-03-03T08:02:37.741Z,0,rayyan@rayyan.ai,153494476,"""__SYSTEM__SAMPLE__5ef013fd1ac260e2ad077cb0f803864e_15282""",1
2025-03-03T08:02:37.783Z,0,rayyan@rayyan.ai,153493670,"""__SYSTEM__SAMPLE__5ef013fd1ac260e2ad077cb0f803864e_15282""",1
2025-03-03T08:02:37.783Z,0,rayyan@rayyan.ai,153486551,"""__SYSTEM__SAMPLE__5ef013fd1ac260e2ad077cb0f803864e_15282""",1
2025-03-03T08:02:37.783Z,0,rayyan@rayyan.ai,153491332,"""__SYSTEM__SAMPLE__5ef013fd1ac260e2ad077cb0f803864e_15282""",1
2025-03-03T08:02:37.864Z,0,rayyan@rayyan.ai,153492767,"""__SYSTEM__SAMPLE__5ef013fd1ac260e2ad077cb0f803864e_15282""",1
2025-03-03T08:02:37.906Z,0,rayyan@rayyan.ai,153488457,"""__SYSTEM__SAMPLE__5ef013fd1ac260e2ad077cb0f803864e_15282""",1
2025-03-03T08:02:37.906Z,0,rayyan@rayyan.ai,153493241,"""__SYSTEM__SAMPLE__5ef013fd1ac260e2ad077cb0f803864e_15282""",1
2025-03-03T08:02:37.906Z,0,rayyan@rayyan.ai,153485174,"""__SYSTEM__SAMPLE__5ef013fd1ac260e2ad077cb0f803864e_15282""",1
2025-03-03T08:02:38.165Z,0,rayyan@rayyan.ai,153488893,"""__SYSTEM__SAMPLE__5ef013fd1ac260e2ad077cb0f803864e_15282""",1
2025-03-03T08:02:38.199Z,0,rayyan@rayyan.ai,153488428,"""__SYSTEM__SAMPLE__5ef013fd1ac260e2ad077cb0f803864e_15282""",1
2025-03-03T08:02:38.436Z,0,rayyan@rayyan.ai,153485875,"""__SYSTEM__SAMPLE__5ef013fd1ac260e2ad077cb0f803864e_15283""",1
2025-03-03T08:02:38.474Z,0,rayyan@rayyan.ai,153488643,"""__SYSTEM__SAMPLE__5ef013fd1ac260e2ad077cb0f803864e_15283""",1
2025-03-03T08:02:38.512Z,0,rayyan@rayyan.ai,153492679,"""__SYSTEM__SAMPLE__5ef013fd1ac260e2ad077cb0f803864e_15283""",1
2025-03-03T08:02:38.582Z,0,rayyan@rayyan.ai,153489307,"""__SYSTEM__SAMPLE__5ef013fd1ac260e2ad077cb0f803864e_15283""",1
2025-03-03T08:02:38.616Z,0,rayyan@rayyan.ai,153492090,"""__SYSTEM__SAMPLE__5ef013fd1ac260e2ad077cb0f803864e_15283""",1
2025-03-03T08:02:38.652Z,0,rayyan@rayyan.ai,153487205,"""__SYSTEM__SAMPLE__5ef013fd1ac260e2ad077cb0f803864e_15283""",1
2025-03-03T08:02:38.652Z,0,rayyan@rayyan.ai,153485673,"""__SYSTEM__SAMPLE__5ef013fd1ac260e2ad077cb0f803864e_15283""",1
2025-03-03T08:02:38.687Z,0,rayyan@rayyan.ai,153491503,"""__SYSTEM__SAMPLE__5ef013fd1ac260e2ad077cb0f803864e_15283""",1
2025-03-03T08:02:38.724Z,0,rayyan@rayyan.ai,153493047,"""__SYSTEM__SAMPLE__5ef013fd1ac260e2ad077cb0f803864e_15283""",1
2025-03-03T08:02:38.724Z,0,rayyan@rayyan.ai,153485258,"""__SYSTEM__SAMPLE__5ef013fd1ac260e2ad077cb0f803864e_15283""",1
2025-03-03T08:02:38.724Z,0,rayyan@rayyan.ai,153487172,"""__SYSTEM__SAMPLE__5ef013fd1ac260e2ad077cb0f803864e_15283""",1
2025-03-03T08:02:38.724Z,0,rayyan@rayyan.ai,153489949,"""__SYSTEM__SAMPLE__5ef013fd1ac260e2ad077cb0f803864e_15283""",1
2025-03-03T08:02:38.800Z,0,rayyan@rayyan.ai,153491889,"""__SYSTEM__SAMPLE__5ef013fd1ac260e2ad077cb0f803864e_15283""",1
2025-03-03T08:02:38.800Z,0,rayyan@rayyan.ai,153488651,"""__SYSTEM__SAMPLE__5ef013fd1ac260e2ad077cb0f803864e_15283""",1
2025-03-03T08:02:38.838Z,0,rayyan@rayyan.ai,153486377,"""__SYSTEM__SAMPLE__5ef013fd1ac260e2ad077cb0f803864e_15283""",1
2025-03-03T08:02:38.874Z,0,rayyan@rayyan.ai,153486484,"""__SYSTEM__SAMPLE__5ef013fd1ac260e2ad077cb0f803864e_15283""",1
2025-03-03T08:02:39.122Z,0,rayyan@rayyan.ai,153488247,"""__SYSTEM__SAMPLE__5ef013fd1ac260e2ad077cb0f803864e_15283""",1
2025-03-03T08:02:39.158Z,0,rayyan@rayyan.ai,153493129,"""__SYSTEM__SAMPLE__5ef013fd1ac260e2ad077cb0f803864e_15283""",1
2025-03-03T08:02:39.158Z,0,rayyan@rayyan.ai,153487639,"""__SYSTEM__SAMPLE__5ef013fd1ac260e2ad077cb0f803864e_15283""",1
2025-03-03T08:02:39.158Z,0,rayyan@rayyan.ai,153489610,"""__SYSTEM__SAMPLE__5ef013fd1ac260e2ad077cb0f803864e_15283""",1
2025-03-03T08:02:39.158Z,0,rayyan@rayyan.ai,153487036,"""__SYSTEM__SAMPLE__5ef013fd1ac260e2ad077cb0f803864e_15283""",1
2025-03-03T08:02:39.191Z,0,rayyan@rayyan.ai,153485930,"""__SYSTEM__SAMPLE__5ef013fd1ac260e2ad077cb0f803864e_15283""",1
2025-03-03T08:02:39.225Z,0,rayyan@rayyan.ai,153485365,"""__SYSTEM__SAMPLE__5ef013fd1ac260e2ad077cb0f803864e_15283""",1
2025-03-03T08:02:39.258Z,0,rayyan@rayyan.ai,153492293,"""__SYSTEM__SAMPLE__5ef013fd1ac260e2ad077cb0f803864e_15283""",1
2025-03-03T08:02:39.292Z,0,rayyan@rayyan.ai,153491966,"""__SYSTEM__SAMPLE__5ef013fd1ac260e2ad077cb0f803864e_15283""",1
2025-03-03T08:02:39.338Z,0,rayyan@rayyan.ai,153490582,"""__SYSTEM__SAMPLE__5ef013fd1ac260e2ad077cb0f803864e_15284""",1
2025-03-03T08:02:39.338Z,0,rayyan@rayyan.ai,153493938,"""__SYSTEM__SAMPLE__5ef013fd1ac260e2ad077cb0f803864e_15284""",1
2025-03-03T08:02:39.373Z,0,rayyan@rayyan.ai,153487701,"""__SYSTEM__SAMPLE__5ef013fd1ac260e2ad077cb0f803864e_15284""",1
2025-03-03T08:02:39.599Z,0,rayyan@rayyan.ai,153492128,"""__SYSTEM__SAMPLE__5ef013fd1ac260e2ad077cb0f803864e_15284""",1
2025-03-03T08:02:39.599Z,0,rayyan@rayyan.ai,153490028,"""__SYSTEM__SAMPLE__5ef013fd1ac260e2ad077cb0f803864e_15284""",1
2025-03-03T08:02:39.697Z,0,rayyan@rayyan.ai,153485283,"""__SYSTEM__SAMPLE__5ef013fd1ac260e2ad077cb0f803864e_15284""",1
2025-03-03T08:02:39.697Z,0,rayyan@rayyan.ai,153488818,"""__SYSTEM__SAMPLE__5ef013fd1ac260e2ad077cb0f803864e_15284""",1
2025-03-03T08:02:39.733Z,0,rayyan@rayyan.ai,153488984,"""__SYSTEM__SAMPLE__5ef013fd1ac260e2ad077cb0f803864e_15284""",1
2025-03-03T08:02:39.772Z,0,rayyan@rayyan.ai,153486539,"""__SYSTEM__SAMPLE__5ef013fd1ac260e2ad077cb0f803864e_15284""",1
2025-03-03T08:02:39.772Z,0,rayyan@rayyan.ai,153488238,"""__SYSTEM__SAMPLE__5ef013fd1ac260e2ad077cb0f803864e_15284""",1
2025-03-03T08:02:39.974Z,0,rayyan@rayyan.ai,153486565,"""__SYSTEM__SAMPLE__5ef013fd1ac260e2ad077cb0f803864e_15284""",1
2025-03-03T08:02:40.011Z,0,rayyan@rayyan.ai,153494769,"""__SYSTEM__SAMPLE__5ef013fd1ac260e2ad077cb0f803864e_15284""",1
2025-03-03T08:02:40.048Z,0,rayyan@rayyan.ai,153489871,"""__SYSTEM__SAMPLE__5ef013fd1ac260e2ad077cb0f803864e_15284""",1
2025-03-03T08:02:40.154Z,0,rayyan@rayyan.ai,153488134,"""__SYSTEM__SAMPLE__5ef013fd1ac260e2ad077cb0f803864e_15284""",1
2025-03-03T08:02:40.154Z,0,rayyan@rayyan.ai,153487806,"""__SYSTEM__SAMPLE__5ef013fd1ac260e2ad077cb0f803864e_15284""",1
2025-03-03T08:02:40.186Z,0,rayyan@rayyan.ai,153485587,"""__SYSTEM__SAMPLE__5ef013fd1ac260e2ad077cb0f803864e_15284""",1
2025-03-03T08:02:40.219Z,0,rayyan@rayyan.ai,153487601,"""__SYSTEM__SAMPLE__5ef013fd1ac260e2ad077cb0f803864e_15284""",1
2025-03-03T08:02:40.410Z,0,rayyan@rayyan.ai,153491618,"""__SYSTEM__SAMPLE__5ef013fd1ac260e2ad077cb0f803864e_15285""",1
2025-03-03T08:02:40.818Z,0,rayyan@rayyan.ai,153488061,"""__SYSTEM__SAMPLE__5ef013fd1ac260e2ad077cb0f803864e_15285""",1
2025-03-03T08:02:40.818Z,0,rayyan@rayyan.ai,153489777,"""__SYSTEM__SAMPLE__5ef013fd1ac260e2ad077cb0f803864e_15285""",1
2025-03-03T08:02:41.015Z,0,rayyan@rayyan.ai,153485813,"""__SYSTEM__SAMPLE__5ef013fd1ac260e2ad077cb0f803864e_15285""",1
2025-03-03T08:02:41.090Z,0,rayyan@rayyan.ai,153486479,"""__SYSTEM__SAMPLE__5ef013fd1ac260e2ad077cb0f803864e_15285""",1
2025-03-03T08:02:41.090Z,0,rayyan@rayyan.ai,153487138,"""__SYSTEM__SAMPLE__5ef013fd1ac260e2ad077cb0f803864e_15285""",1
2025-03-03T08:02:41.128Z,0,rayyan@rayyan.ai,153489344,"""__SYSTEM__SAMPLE__5ef013fd1ac260e2ad077cb0f803864e_15285""",1
2025-03-03T08:02:41.320Z,0,rayyan@rayyan.ai,153488930,"""__SYSTEM__SAMPLE__5ef013fd1ac260e2ad077cb0f803864e_15285""",1
2025-03-03T08:02:41.356Z,0,rayyan@rayyan.ai,153485984,"""__SYSTEM__SAMPLE__5ef013fd1ac260e2ad077cb0f803864e_15285""",1
2025-03-03T08:02:41.389Z,0,rayyan@rayyan.ai,153487392,"""__SYSTEM__SAMPLE__5ef013fd1ac260e2ad077cb0f803864e_15285""",1
2025-03-03T08:02:41.474Z,0,rayyan@rayyan.ai,153485830,"""__SYSTEM__SAMPLE__5ef013fd1ac260e2ad077cb0f803864e_15285""",1
2025-03-03T08:02:41.600Z,0,rayyan@rayyan.ai,153489053,"""__SYSTEM__SAMPLE__5ef013fd1ac260e2ad077cb0f803864e_15285""",1
2025-03-03T08:02:41.640Z,0,rayyan@rayyan.ai,153485519,"""__SYSTEM__SAMPLE__5ef013fd1ac260e2ad077cb0f803864e_15285""",1
2025-03-03T08:02:41.776Z,0,rayyan@rayyan.ai,153487299,"""__SYSTEM__SAMPLE__5ef013fd1ac260e2ad077cb0f803864e_15285""",1
2025-03-03T08:02:41.824Z,0,rayyan@rayyan.ai,153488014,"""__SYSTEM__SAMPLE__5ef013fd1ac260e2ad077cb0f803864e_15285""",1
2025-03-03T08:02:41.824Z,0,rayyan@rayyan.ai,153489401,"""__SYSTEM__SAMPLE__5ef013fd1ac260e2ad077cb0f803864e_15285""",1
2025-03-03T08:02:41.939Z,0,rayyan@rayyan.ai,153489739,"""__SYSTEM__SAMPLE__5ef013fd1ac260e2ad077cb0f803864e_15285""",1
2025-03-03T08:02:41.939Z,0,rayyan@rayyan.ai,153492739,"""__SYSTEM__SAMPLE__5ef013fd1ac260e2ad077cb0f803864e_15285""",1
2025-03-03T08:02:41.989Z,0,rayyan@rayyan.ai,153485269,"""__SYSTEM__SAMPLE__5ef013fd1ac260e2ad077cb0f803864e_15286""",1
2025-03-03T08:02:41.989Z,0,rayyan@rayyan.ai,153488929,"""__SYSTEM__SAMPLE__5ef013fd1ac260e2ad077cb0f803864e_15286""",1
2025-03-03T08:02:41.989Z,0,rayyan@rayyan.ai,153488096,"""__SYSTEM__SAMPLE__5ef013fd1ac260e2ad077cb0f803864e_15286""",1
2025-03-03T08:02:41.989Z,0,rayyan@rayyan.ai,153488875,"""__SYSTEM__SAMPLE__5ef013fd1ac260e2ad077cb0f803864e_15286""",1
2025-03-03T08:02:42.518Z,0,rayyan@rayyan.ai,153493955,"""__SYSTEM__SAMPLE__5ef013fd1ac260e2ad077cb0f803864e_15286""",1
2025-03-03T08:02:42.518Z,0,rayyan@rayyan.ai,153489688,"""__SYSTEM__SAMPLE__5ef013fd1ac260e2ad077cb0f803864e_15286""",1
2025-03-03T08:02:42.518Z,0,rayyan@rayyan.ai,153489648,"""__SYSTEM__SAMPLE__5ef013fd1ac260e2ad077cb0f803864e_15286""",1
2025-03-03T08:02:42.561Z,0,rayyan@rayyan.ai,153490579,"""__SYSTEM__SAMPLE__5ef013fd1ac260e2ad077cb0f803864e_15286""",1
2025-03-03T08:02:42.629Z,0,rayyan@rayyan.ai,153487242,"""__SYSTEM__SAMPLE__5ef013fd1ac260e2ad077cb0f803864e_15286""",1
2025-03-03T08:02:42.668Z,0,rayyan@rayyan.ai,153492311,"""__SYSTEM__SAMPLE__5ef013fd1ac260e2ad077cb0f803864e_15286""",1
2025-03-03T08:02:42.668Z,0,rayyan@rayyan.ai,153486783,"""__SYSTEM__SAMPLE__5ef013fd1ac260e2ad077cb0f803864e_15286""",1
2025-03-03T08:02:42.719Z,0,rayyan@rayyan.ai,153487289,"""__SYSTEM__SAMPLE__5ef013fd1ac260e2ad077cb0f803864e_15286""",1
2025-03-03T08:02:42.719Z,0,rayyan@rayyan.ai,153494174,"""__SYSTEM__SAMPLE__5ef013fd1ac260e2ad077cb0f803864e_15286""",1
2025-03-03T08:02:42.775Z,0,rayyan@rayyan.ai,153485856,"""__SYSTEM__SAMPLE__5ef013fd1ac260e2ad077cb0f803864e_15286""",1
2025-03-03T08:02:42.980Z,0,rayyan@rayyan.ai,153489675,"""__SYSTEM__SAMPLE__5ef013fd1ac260e2ad077cb0f803864e_15286""",1
2025-03-03T08:02:42.980Z,0,rayyan@rayyan.ai,153487052,"""__SYSTEM__SAMPLE__5ef013fd1ac260e2ad077cb0f803864e_15286""",1
2025-03-03T08:02:42.980Z,0,rayyan@rayyan.ai,153485691,"""__SYSTEM__SAMPLE__5ef013fd1ac260e2ad077cb0f803864e_15286""",1
2025-03-03T08:02:43.136Z,0,rayyan@rayyan.ai,153487696,"""__SYSTEM__SAMPLE__5ef013fd1ac260e2ad077cb0f803864e_15286""",1
2025-03-03T08:02:43.136Z,0,rayyan@rayyan.ai,153488913,"""__SYSTEM__SAMPLE__5ef013fd1ac260e2ad077cb0f803864e_15286""",1
2025-03-03T08:02:43.136Z,0,rayyan@rayyan.ai,153493778,"""__SYSTEM__SAMPLE__5ef013fd1ac260e2ad077cb0f803864e_15286""",1
2025-03-03T08:02:43.136Z,0,rayyan@rayyan.ai,153489992,"""__SYSTEM__SAMPLE__5ef013fd1ac260e2ad077cb0f803864e_15286""",1
2025-03-03T08:02:43.172Z,0,rayyan@rayyan.ai,153492937,"""__SYSTEM__SAMPLE__5ef013fd1ac260e2ad077cb0f803864e_15286""",1
2025-03-03T08:02:43.234Z,0,rayyan@rayyan.ai,153492849,"""__SYSTEM__SAMPLE__5ef013fd1ac260e2ad077cb0f803864e_15286""",1
2025-03-03T08:02:43.234Z,0,rayyan@rayyan.ai,153487920,"""__SYSTEM__SAMPLE__5ef013fd1ac260e2ad077cb0f803864e_15286""",1
2025-03-03T08:02:43.474Z,0,rayyan@rayyan.ai,153493186,"""__SYSTEM__SAMPLE__5ef013fd1ac260e2ad077cb0f803864e_15286""",1
2025-03-03T08:02:43.474Z,0,rayyan@rayyan.ai,153486646,"""__SYSTEM__SAMPLE__5ef013fd1ac260e2ad077cb0f803864e_15286""",1
2025-03-03T08:05:23.118Z,0,rayyan@rayyan.ai,153492128,"""__SYSTEM__SAMPLE__7e180c281ac02758a82cc34f7e6794d7_15287""",1
2025-03-03T08:05:23.118Z,0,rayyan@rayyan.ai,153494929,"""__SYSTEM__SAMPLE__7e180c281ac02758a82cc34f7e6794d7_15287""",1
2025-03-03T08:05:23.160Z,0,rayyan@rayyan.ai,153488818,"""__SYSTEM__SAMPLE__7e180c281ac02758a82cc34f7e6794d7_15287""",1
2025-03-03T08:05:23.305Z,0,rayyan@rayyan.ai,153490054,"""__SYSTEM__SAMPLE__7e180c281ac02758a82cc34f7e6794d7_15287""",1
2025-03-03T08:05:23.336Z,0,rayyan@rayyan.ai,153494934,"""__SYSTEM__SAMPLE__7e180c281ac02758a82cc34f7e6794d7_15287""",1
2025-03-03T08:05:23.404Z,0,rayyan@rayyan.ai,153495476,"""__SYSTEM__SAMPLE__7e180c281ac02758a82cc34f7e6794d7_15287""",1
2025-03-03T08:05:23.404Z,0,rayyan@rayyan.ai,153490582,"""__SYSTEM__SAMPLE__7e180c281ac02758a82cc34f7e6794d7_15287""",1
2025-03-03T08:05:23.538Z,0,rayyan@rayyan.ai,153487476,"""__SYSTEM__SAMPLE__7e180c281ac02758a82cc34f7e6794d7_15287""",1
2025-03-03T08:05:23.538Z,0,rayyan@rayyan.ai,153486495,"""__SYSTEM__SAMPLE__7e180c281ac02758a82cc34f7e6794d7_15287""",1
2025-03-03T08:05:23.574Z,0,rayyan@rayyan.ai,153485988,"""__SYSTEM__SAMPLE__7e180c281ac02758a82cc34f7e6794d7_15287""",1
2025-03-03T08:05:23.609Z,0,rayyan@rayyan.ai,153486592,"""__SYSTEM__SAMPLE__7e180c281ac02758a82cc34f7e6794d7_15287""",1
2025-03-03T08:05:23.609Z,0,rayyan@rayyan.ai,153488014,"""__SYSTEM__SAMPLE__7e180c281ac02758a82cc34f7e6794d7_15287""",1
2025-03-03T08:05:23.609Z,0,rayyan@rayyan.ai,153486133,"""__SYSTEM__SAMPLE__7e180c281ac02758a82cc34f7e6794d7_15287""",1
2025-03-03T08:05:23.836Z,0,rayyan@rayyan.ai,153488457,"""__SYSTEM__SAMPLE__7e180c281ac02758a82cc34f7e6794d7_15287""",1
2025-03-03T08:05:23.879Z,0,rayyan@rayyan.ai,153487642,"""__SYSTEM__SAMPLE__7e180c281ac02758a82cc34f7e6794d7_15287""",1
2025-03-03T08:05:23.918Z,0,rayyan@rayyan.ai,153489344,"""__SYSTEM__SAMPLE__7e180c281ac02758a82cc34f7e6794d7_15287""",1
2025-03-03T08:05:23.918Z,0,rayyan@rayyan.ai,153486539,"""__SYSTEM__SAMPLE__7e180c281ac02758a82cc34f7e6794d7_15287""",1
2025-03-03T08:05:24.071Z,0,rayyan@rayyan.ai,153497950,"""__SYSTEM__SAMPLE__7e180c281ac02758a82cc34f7e6794d7_15288""",1
2025-03-03T08:05:24.283Z,0,rayyan@rayyan.ai,153489401,"""__SYSTEM__SAMPLE__7e180c281ac02758a82cc34f7e6794d7_15288""",1
2025-03-03T08:05:24.283Z,0,rayyan@rayyan.ai,153489688,"""__SYSTEM__SAMPLE__7e180c281ac02758a82cc34f7e6794d7_15288""",1
2025-03-03T08:05:24.351Z,0,rayyan@rayyan.ai,153490556,"""__SYSTEM__SAMPLE__7e180c281ac02758a82cc34f7e6794d7_15288""",1
2025-03-03T08:05:24.419Z,0,rayyan@rayyan.ai,153492035,"""__SYSTEM__SAMPLE__7e180c281ac02758a82cc34f7e6794d7_15288""",1
2025-03-03T08:05:24.450Z,0,rayyan@rayyan.ai,153491578,"""__SYSTEM__SAMPLE__7e180c281ac02758a82cc34f7e6794d7_15288""",1
2025-03-03T08:05:24.483Z,0,rayyan@rayyan.ai,153485959,"""__SYSTEM__SAMPLE__7e180c281ac02758a82cc34f7e6794d7_15288""",1
2025-03-03T08:05:24.483Z,0,rayyan@rayyan.ai,153487129,"""__SYSTEM__SAMPLE__7e180c281ac02758a82cc34f7e6794d7_15288""",1
2025-03-03T08:05:24.519Z,0,rayyan@rayyan.ai,153488568,"""__SYSTEM__SAMPLE__7e180c281ac02758a82cc34f7e6794d7_15288""",1
2025-03-03T08:05:24.836Z,0,rayyan@rayyan.ai,153487203,"""__SYSTEM__SAMPLE__7e180c281ac02758a82cc34f7e6794d7_15288""",1
2025-03-03T08:05:24.836Z,0,rayyan@rayyan.ai,153486551,"""__SYSTEM__SAMPLE__7e180c281ac02758a82cc34f7e6794d7_15288""",1
2025-03-03T08:05:24.836Z,0,rayyan@rayyan.ai,153488860,"""__SYSTEM__SAMPLE__7e180c281ac02758a82cc34f7e6794d7_15288""",1
2025-03-03T08:05:24.836Z,0,rayyan@rayyan.ai,153487523,"""__SYSTEM__SAMPLE__7e180c281ac02758a82cc34f7e6794d7_15288""",1
2025-03-03T08:05:24.836Z,0,rayyan@rayyan.ai,153494602,"""__SYSTEM__SAMPLE__7e180c281ac02758a82cc34f7e6794d7_15288""",1
2025-03-03T08:05:24.894Z,0,rayyan@rayyan.ai,153485258,"""__SYSTEM__SAMPLE__7e180c281ac02758a82cc34f7e6794d7_15288""",1
2025-03-03T08:05:24.957Z,0,rayyan@rayyan.ai,153486565,"""__SYSTEM__SAMPLE__7e180c281ac02758a82cc34f7e6794d7_15288""",1
2025-03-03T08:05:24.992Z,0,rayyan@rayyan.ai,153485856,"""__SYSTEM__SAMPLE__7e180c281ac02758a82cc34f7e6794d7_15288""",1
2025-03-03T08:05:24.992Z,0,rayyan@rayyan.ai,153489421,"""__SYSTEM__SAMPLE__7e180c281ac02758a82cc34f7e6794d7_15288""",1
2025-03-03T08:05:24.992Z,0,rayyan@rayyan.ai,153492076,"""__SYSTEM__SAMPLE__7e180c281ac02758a82cc34f7e6794d7_15288""",1
2025-03-03T08:05:25.045Z,0,rayyan@rayyan.ai,153487055,"""__SYSTEM__SAMPLE__7e180c281ac02758a82cc34f7e6794d7_15288""",1
2025-03-03T08:05:25.127Z,0,rayyan@rayyan.ai,153488893,"""__SYSTEM__SAMPLE__7e180c281ac02758a82cc34f7e6794d7_15289""",1
2025-03-03T08:05:25.127Z,0,rayyan@rayyan.ai,153487172,"""__SYSTEM__SAMPLE__7e180c281ac02758a82cc34f7e6794d7_15289""",1
2025-03-03T08:05:25.127Z,0,rayyan@rayyan.ai,153485498,"""__SYSTEM__SAMPLE__7e180c281ac02758a82cc34f7e6794d7_15289""",1
2025-03-03T08:05:25.164Z,0,rayyan@rayyan.ai,153486256,"""__SYSTEM__SAMPLE__7e180c281ac02758a82cc34f7e6794d7_15289""",1
2025-03-03T08:05:25.235Z,0,rayyan@rayyan.ai,153489127,"""__SYSTEM__SAMPLE__7e180c281ac02758a82cc34f7e6794d7_15289""",1
2025-03-03T08:05:25.269Z,0,rayyan@rayyan.ai,153486487,"""__SYSTEM__SAMPLE__7e180c281ac02758a82cc34f7e6794d7_15289""",1
2025-03-03T08:05:25.269Z,0,rayyan@rayyan.ai,153487150,"""__SYSTEM__SAMPLE__7e180c281ac02758a82cc34f7e6794d7_15289""",1
2025-03-03T08:05:25.302Z,0,rayyan@rayyan.ai,153492937,"""__SYSTEM__SAMPLE__7e180c281ac02758a82cc34f7e6794d7_15289""",1
2025-03-03T08:05:25.516Z,0,rayyan@rayyan.ai,153490276,"""__SYSTEM__SAMPLE__7e180c281ac02758a82cc34f7e6794d7_15289""",1
2025-03-03T08:05:25.516Z,0,rayyan@rayyan.ai,153491618,"""__SYSTEM__SAMPLE__7e180c281ac02758a82cc34f7e6794d7_15289""",1
2025-03-03T08:05:25.760Z,0,rayyan@rayyan.ai,153485587,"""__SYSTEM__SAMPLE__7e180c281ac02758a82cc34f7e6794d7_15289""",1
2025-03-03T08:05:25.760Z,0,rayyan@rayyan.ai,153485846,"""__SYSTEM__SAMPLE__7e180c281ac02758a82cc34f7e6794d7_15289""",1
2025-03-03T08:05:25.792Z,0,rayyan@rayyan.ai,153492849,"""__SYSTEM__SAMPLE__7e180c281ac02758a82cc34f7e6794d7_15289""",1
2025-03-03T08:05:25.822Z,0,rayyan@rayyan.ai,153488427,"""__SYSTEM__SAMPLE__7e180c281ac02758a82cc34f7e6794d7_15289""",1
2025-03-03T08:05:25.822Z,0,rayyan@rayyan.ai,153487392,"""__SYSTEM__SAMPLE__7e180c281ac02758a82cc34f7e6794d7_15289""",1
2025-03-03T08:05:25.900Z,0,rayyan@rayyan.ai,153486571,"""__SYSTEM__SAMPLE__7e180c281ac02758a82cc34f7e6794d7_15289""",1
2025-03-03T08:05:25.939Z,0,rayyan@rayyan.ai,153485813,"""__SYSTEM__SAMPLE__7e180c281ac02758a82cc34f7e6794d7_15289""",1
2025-03-03T08:05:25.974Z,0,rayyan@rayyan.ai,153487334,"""__SYSTEM__SAMPLE__7e180c281ac02758a82cc34f7e6794d7_15289""",1
2025-03-03T08:05:25.974Z,0,rayyan@rayyan.ai,153493047,"""__SYSTEM__SAMPLE__7e180c281ac02758a82cc34f7e6794d7_15289""",1
2025-03-03T08:05:26.041Z,0,rayyan@rayyan.ai,153487138,"""__SYSTEM__SAMPLE__7e180c281ac02758a82cc34f7e6794d7_15289""",1
2025-03-03T08:05:26.085Z,0,rayyan@rayyan.ai,153486965,"""__SYSTEM__SAMPLE__7e180c281ac02758a82cc34f7e6794d7_15290""",1
2025-03-03T08:05:26.085Z,0,rayyan@rayyan.ai,153486041,"""__SYSTEM__SAMPLE__7e180c281ac02758a82cc34f7e6794d7_15290""",1
2025-03-03T08:05:26.085Z,0,rayyan@rayyan.ai,153487205,"""__SYSTEM__SAMPLE__7e180c281ac02758a82cc34f7e6794d7_15290""",1
2025-03-03T08:05:26.085Z,0,rayyan@rayyan.ai,153488875,"""__SYSTEM__SAMPLE__7e180c281ac02758a82cc34f7e6794d7_15290""",1
2025-03-03T08:05:26.085Z,0,rayyan@rayyan.ai,153488670,"""__SYSTEM__SAMPLE__7e180c281ac02758a82cc34f7e6794d7_15290""",1
2025-03-03T08:05:26.117Z,0,rayyan@rayyan.ai,153487304,"""__SYSTEM__SAMPLE__7e180c281ac02758a82cc34f7e6794d7_15290""",1
2025-03-03T08:05:26.117Z,0,rayyan@rayyan.ai,153487551,"""__SYSTEM__SAMPLE__7e180c281ac02758a82cc34f7e6794d7_15290""",1
2025-03-03T08:05:26.184Z,0,rayyan@rayyan.ai,153487696,"""__SYSTEM__SAMPLE__7e180c281ac02758a82cc34f7e6794d7_15290""",1
2025-03-03T08:05:26.374Z,0,rayyan@rayyan.ai,153493130,"""__SYSTEM__SAMPLE__7e180c281ac02758a82cc34f7e6794d7_15290""",1
2025-03-03T08:05:26.411Z,0,rayyan@rayyan.ai,153487445,"""__SYSTEM__SAMPLE__7e180c281ac02758a82cc34f7e6794d7_15290""",1
2025-03-03T08:05:26.411Z,0,rayyan@rayyan.ai,153485736,"""__SYSTEM__SAMPLE__7e180c281ac02758a82cc34f7e6794d7_15290""",1
2025-03-03T08:05:26.446Z,0,rayyan@rayyan.ai,153490801,"""__SYSTEM__SAMPLE__7e180c281ac02758a82cc34f7e6794d7_15290""",1
2025-03-03T08:05:26.483Z,0,rayyan@rayyan.ai,153493186,"""__SYSTEM__SAMPLE__7e180c281ac02758a82cc34f7e6794d7_15290""",1
2025-03-03T08:05:26.522Z,0,rayyan@rayyan.ai,153487497,"""__SYSTEM__SAMPLE__7e180c281ac02758a82cc34f7e6794d7_15290""",1
2025-03-03T08:05:26.522Z,0,rayyan@rayyan.ai,153488190,"""__SYSTEM__SAMPLE__7e180c281ac02758a82cc34f7e6794d7_15290""",1
2025-03-03T08:05:26.657Z,0,rayyan@rayyan.ai,153488984,"""__SYSTEM__SAMPLE__7e180c281ac02758a82cc34f7e6794d7_15290""",1
2025-03-03T08:05:26.657Z,0,rayyan@rayyan.ai,153489170,"""__SYSTEM__SAMPLE__7e180c281ac02758a82cc34f7e6794d7_15290""",1
2025-03-03T08:05:26.691Z,0,rayyan@rayyan.ai,153494656,"""__SYSTEM__SAMPLE__7e180c281ac02758a82cc34f7e6794d7_15290""",1
2025-03-03T08:05:26.901Z,0,rayyan@rayyan.ai,153488259,"""__SYSTEM__SAMPLE__7e180c281ac02758a82cc34f7e6794d7_15290""",1
2025-03-03T08:05:26.901Z,0,rayyan@rayyan.ai,153485451,"""__SYSTEM__SAMPLE__7e180c281ac02758a82cc34f7e6794d7_15290""",1
2025-03-03T08:05:26.901Z,0,rayyan@rayyan.ai,153494476,"""__SYSTEM__SAMPLE__7e180c281ac02758a82cc34f7e6794d7_15290""",1
2025-03-03T08:05:26.937Z,0,rayyan@rayyan.ai,153486484,"""__SYSTEM__SAMPLE__7e180c281ac02758a82cc34f7e6794d7_15290""",1
2025-03-03T08:05:27.003Z,0,rayyan@rayyan.ai,153489801,"""__SYSTEM__SAMPLE__7e180c281ac02758a82cc34f7e6794d7_15290""",1
2025-03-03T08:05:27.003Z,0,rayyan@rayyan.ai,153487475,"""__SYSTEM__SAMPLE__7e180c281ac02758a82cc34f7e6794d7_15290""",1
2025-03-03T08:05:27.003Z,0,rayyan@rayyan.ai,153489739,"""__SYSTEM__SAMPLE__7e180c281ac02758a82cc34f7e6794d7_15290""",1
2025-03-03T08:05:27.003Z,0,rayyan@rayyan.ai,153487052,"""__SYSTEM__SAMPLE__7e180c281ac02758a82cc34f7e6794d7_15290""",1
2025-03-03T08:05:27.085Z,0,rayyan@rayyan.ai,153487364,"""__SYSTEM__SAMPLE__7e180c281ac02758a82cc34f7e6794d7_15291""",1
2025-03-03T08:05:27.271Z,0,rayyan@rayyan.ai,153494264,"""__SYSTEM__SAMPLE__7e180c281ac02758a82cc34f7e6794d7_15291""",1
2025-03-03T08:05:27.271Z,0,rayyan@rayyan.ai,153493889,"""__SYSTEM__SAMPLE__7e180c281ac02758a82cc34f7e6794d7_15291""",1
2025-03-03T08:05:27.304Z,0,rayyan@rayyan.ai,153485486,"""__SYSTEM__SAMPLE__7e180c281ac02758a82cc34f7e6794d7_15291""",1
2025-03-03T08:05:27.338Z,0,rayyan@rayyan.ai,153487136,"""__SYSTEM__SAMPLE__7e180c281ac02758a82cc34f7e6794d7_15291""",1
2025-03-03T08:05:27.370Z,0,rayyan@rayyan.ai,153487639,"""__SYSTEM__SAMPLE__7e180c281ac02758a82cc34f7e6794d7_15291""",1
2025-03-03T08:05:27.562Z,0,rayyan@rayyan.ai,153493241,"""__SYSTEM__SAMPLE__7e180c281ac02758a82cc34f7e6794d7_15291""",1
2025-03-03T08:05:27.594Z,0,rayyan@rayyan.ai,153489987,"""__SYSTEM__SAMPLE__7e180c281ac02758a82cc34f7e6794d7_15291""",1
2025-03-03T08:05:27.628Z,0,rayyan@rayyan.ai,153489675,"""__SYSTEM__SAMPLE__7e180c281ac02758a82cc34f7e6794d7_15291""",1
2025-03-03T08:05:27.697Z,0,rayyan@rayyan.ai,153489777,"""__SYSTEM__SAMPLE__7e180c281ac02758a82cc34f7e6794d7_15291""",1
2025-03-03T08:05:27.697Z,0,rayyan@rayyan.ai,153492767,"""__SYSTEM__SAMPLE__7e180c281ac02758a82cc34f7e6794d7_15291""",1
2025-03-03T08:05:27.697Z,0,rayyan@rayyan.ai,153487036,"""__SYSTEM__SAMPLE__7e180c281ac02758a82cc34f7e6794d7_15291""",1
2025-03-03T08:05:27.728Z,0,rayyan@rayyan.ai,83177735,"""__SYSTEM__SAMPLE__7e180c281ac02758a82cc34f7e6794d7_15291""",1
2025-03-03T08:05:27.760Z,0,rayyan@rayyan.ai,153486884,"""__SYSTEM__SAMPLE__7e180c281ac02758a82cc34f7e6794d7_15291""",1
2025-03-03T08:05:27.760Z,0,rayyan@rayyan.ai,153497946,"""__SYSTEM__SAMPLE__7e180c281ac02758a82cc34f7e6794d7_15291""",1
2025-03-03T08:05:27.791Z,0,rayyan@rayyan.ai,153489131,"""__SYSTEM__SAMPLE__7e180c281ac02758a82cc34f7e6794d7_15291""",1
2025-03-03T08:05:27.857Z,0,rayyan@rayyan.ai,153493097,"""__SYSTEM__SAMPLE__7e180c281ac02758a82cc34f7e6794d7_15291""",1
2025-03-03T08:05:27.857Z,0,rayyan@rayyan.ai,153489067,"""__SYSTEM__SAMPLE__7e180c281ac02758a82cc34f7e6794d7_15291""",1
2025-03-03T08:05:28.078Z,0,rayyan@rayyan.ai,153489735,"""__SYSTEM__SAMPLE__7e180c281ac02758a82cc34f7e6794d7_15291""",1
2025-03-03T08:05:28.078Z,0,rayyan@rayyan.ai,153491805,"""__SYSTEM__SAMPLE__7e180c281ac02758a82cc34f7e6794d7_15291""",1
2025-03-03T08:05:28.261Z,0,rayyan@rayyan.ai,153485269,"""__SYSTEM__SAMPLE__7e180c281ac02758a82cc34f7e6794d7_15291""",1
2025-03-03T08:05:28.334Z,0,rayyan@rayyan.ai,153491503,"""__SYSTEM__SAMPLE__7e180c281ac02758a82cc34f7e6794d7_15292""",1
2025-03-03T08:05:28.368Z,0,rayyan@rayyan.ai,153486664,"""__SYSTEM__SAMPLE__7e180c281ac02758a82cc34f7e6794d7_15292""",1
2025-03-03T08:05:28.432Z,0,rayyan@rayyan.ai,153488519,"""__SYSTEM__SAMPLE__7e180c281ac02758a82cc34f7e6794d7_15292""",1
2025-03-03T08:05:28.432Z,0,rayyan@rayyan.ai,153486187,"""__SYSTEM__SAMPLE__7e180c281ac02758a82cc34f7e6794d7_15292""",1
2025-03-03T08:05:28.495Z,0,rayyan@rayyan.ai,153489648,"""__SYSTEM__SAMPLE__7e180c281ac02758a82cc34f7e6794d7_15292""",1
2025-03-03T08:05:28.495Z,0,rayyan@rayyan.ai,153486377,"""__SYSTEM__SAMPLE__7e180c281ac02758a82cc34f7e6794d7_15292""",1
2025-03-03T08:05:28.495Z,0,rayyan@rayyan.ai,153496155,"""__SYSTEM__SAMPLE__7e180c281ac02758a82cc34f7e6794d7_15292""",1
2025-03-03T08:05:28.559Z,0,rayyan@rayyan.ai,153485984,"""__SYSTEM__SAMPLE__7e180c281ac02758a82cc34f7e6794d7_15292""",1
2025-03-03T08:05:28.593Z,0,rayyan@rayyan.ai,153492679,"""__SYSTEM__SAMPLE__7e180c281ac02758a82cc34f7e6794d7_15292""",1
2025-03-03T08:05:28.624Z,0,rayyan@rayyan.ai,153485875,"""__SYSTEM__SAMPLE__7e180c281ac02758a82cc34f7e6794d7_15292""",1
2025-03-03T08:05:28.624Z,0,rayyan@rayyan.ai,153491513,"""__SYSTEM__SAMPLE__7e180c281ac02758a82cc34f7e6794d7_15292""",1
2025-03-03T08:05:28.624Z,0,rayyan@rayyan.ai,153485360,"""__SYSTEM__SAMPLE__7e180c281ac02758a82cc34f7e6794d7_15292""",1
2025-03-03T08:05:28.657Z,0,rayyan@rayyan.ai,153490579,"""__SYSTEM__SAMPLE__7e180c281ac02758a82cc34f7e6794d7_15292""",1
2025-03-03T08:05:28.691Z,0,rayyan@rayyan.ai,153489992,"""__SYSTEM__SAMPLE__7e180c281ac02758a82cc34f7e6794d7_15292""",1
2025-03-03T08:05:28.691Z,0,rayyan@rayyan.ai,153488546,"""__SYSTEM__SAMPLE__7e180c281ac02758a82cc34f7e6794d7_15292""",1
2025-03-03T08:05:28.691Z,0,rayyan@rayyan.ai,153492293,"""__SYSTEM__SAMPLE__7e180c281ac02758a82cc34f7e6794d7_15292""",1
2025-03-03T08:05:28.942Z,0,rayyan@rayyan.ai,153496100,"""__SYSTEM__SAMPLE__7e180c281ac02758a82cc34f7e6794d7_15292""",1
2025-03-03T08:05:28.942Z,0,rayyan@rayyan.ai,153488835,"""__SYSTEM__SAMPLE__7e180c281ac02758a82cc34f7e6794d7_15292""",1
2025-03-03T08:05:28.942Z,0,rayyan@rayyan.ai,153487601,"""__SYSTEM__SAMPLE__7e180c281ac02758a82cc34f7e6794d7_15292""",1
2025-03-03T08:05:28.973Z,0,rayyan@rayyan.ai,153488930,"""__SYSTEM__SAMPLE__7e180c281ac02758a82cc34f7e6794d7_15292""",1
2025-03-03T08:05:29.037Z,0,rayyan@rayyan.ai,153494638,"""__SYSTEM__SAMPLE__7e180c281ac02758a82cc34f7e6794d7_15292""",1
2025-03-03T08:05:29.037Z,0,rayyan@rayyan.ai,153495284,"""__SYSTEM__SAMPLE__7e180c281ac02758a82cc34f7e6794d7_15292""",1
2025-03-03T08:05:29.037Z,0,rayyan@rayyan.ai,153485830,"""__SYSTEM__SAMPLE__7e180c281ac02758a82cc34f7e6794d7_15292""",1
2025-03-03T08:05:29.074Z,0,rayyan@rayyan.ai,153488096,"""__SYSTEM__SAMPLE__7e180c281ac02758a82cc34f7e6794d7_15292""",1
2025-03-03T08:05:29.193Z,0,rayyan@rayyan.ai,153495097,"""__SYSTEM__SAMPLE__7e180c281ac02758a82cc34f7e6794d7_15293""",1
2025-03-03T08:05:29.229Z,0,rayyan@rayyan.ai,153491966,"""__SYSTEM__SAMPLE__7e180c281ac02758a82cc34f7e6794d7_15293""",1
2025-03-03T08:05:29.412Z,0,rayyan@rayyan.ai,153487340,"""__SYSTEM__SAMPLE__7e180c281ac02758a82cc34f7e6794d7_15293""",1
2025-03-03T08:05:29.412Z,0,rayyan@rayyan.ai,153488643,"""__SYSTEM__SAMPLE__7e180c281ac02758a82cc34f7e6794d7_15293""",1
2025-03-03T08:05:29.540Z,0,rayyan@rayyan.ai,153488069,"""__SYSTEM__SAMPLE__7e180c281ac02758a82cc34f7e6794d7_15293""",1
2025-03-03T08:05:29.540Z,0,rayyan@rayyan.ai,153489118,"""__SYSTEM__SAMPLE__7e180c281ac02758a82cc34f7e6794d7_15293""",1
2025-03-03T08:05:29.729Z,0,rayyan@rayyan.ai,153487101,"""__SYSTEM__SAMPLE__7e180c281ac02758a82cc34f7e6794d7_15293""",1
2025-03-03T08:05:29.729Z,0,rayyan@rayyan.ai,153491013,"""__SYSTEM__SAMPLE__7e180c281ac02758a82cc34f7e6794d7_15293""",1
2025-03-03T08:05:29.789Z,0,rayyan@rayyan.ai,153491141,"""__SYSTEM__SAMPLE__7e180c281ac02758a82cc34f7e6794d7_15293""",1
2025-03-03T08:05:29.853Z,0,rayyan@rayyan.ai,153493129,"""__SYSTEM__SAMPLE__7e180c281ac02758a82cc34f7e6794d7_15293""",1
2025-03-03T08:05:29.885Z,0,rayyan@rayyan.ai,153487920,"""__SYSTEM__SAMPLE__7e180c281ac02758a82cc34f7e6794d7_15293""",1
2025-03-03T08:05:29.917Z,0,rayyan@rayyan.ai,153486783,"""__SYSTEM__SAMPLE__7e180c281ac02758a82cc34f7e6794d7_15293""",1
2025-03-03T08:05:29.917Z,0,rayyan@rayyan.ai,153488247,"""__SYSTEM__SAMPLE__7e180c281ac02758a82cc34f7e6794d7_15293""",1
2025-03-03T08:05:29.949Z,0,rayyan@rayyan.ai,153489431,"""__SYSTEM__SAMPLE__7e180c281ac02758a82cc34f7e6794d7_15293""",1
2025-03-03T14:31:30.944Z,0,rayyan@rayyan.ai,153487012,"""__SYSTEM__SAMPLE__aa2f77d5999837bbef538b5bfab94a9e_15318""",1
2025-03-03T14:31:30.944Z,0,rayyan@rayyan.ai,153485551,"""__SYSTEM__SAMPLE__aa2f77d5999837bbef538b5bfab94a9e_15318""",1
2025-03-03T19:32:19.436Z,0,rayyan@rayyan.ai,153492311,"""__SYSTEM__SAMPLE__3e981fa25c9d210f15f61af0b328cb3b_15336""",1
2025-03-03T19:32:19.436Z,0,rayyan@rayyan.ai,153492849,"""__SYSTEM__SAMPLE__3e981fa25c9d210f15f61af0b328cb3b_15336""",1
2025-03-03T19:32:21.359Z,0,rayyan@rayyan.ai,153494602,"""__SYSTEM__SAMPLE__3e981fa25c9d210f15f61af0b328cb3b_15336""",1
2025-03-03T19:32:21.359Z,0,rayyan@rayyan.ai,153487304,"""__SYSTEM__SAMPLE__3e981fa25c9d210f15f61af0b328cb3b_15336""",1
2025-03-03T19:32:21.359Z,0,rayyan@rayyan.ai,153488893,"""__SYSTEM__SAMPLE__3e981fa25c9d210f15f61af0b328cb3b_15336""",1
2025-03-03T19:32:21.359Z,0,rayyan@rayyan.ai,153485498,"""__SYSTEM__SAMPLE__3e981fa25c9d210f15f61af0b328cb3b_15336""",1
2025-03-03T19:32:21.517Z,0,rayyan@rayyan.ai,153487523,"""__SYSTEM__SAMPLE__3e981fa25c9d210f15f61af0b328cb3b_15336""",1
2025-03-03T19:32:21.517Z,0,rayyan@rayyan.ai,153486342,"""__SYSTEM__SAMPLE__3e981fa25c9d210f15f61af0b328cb3b_15336""",1
2025-03-03T19:32:21.671Z,0,rayyan@rayyan.ai,153489777,"""__SYSTEM__SAMPLE__3e981fa25c9d210f15f61af0b328cb3b_15336""",1
2025-03-03T19:32:21.973Z,0,rayyan@rayyan.ai,153494656,"""__SYSTEM__SAMPLE__3e981fa25c9d210f15f61af0b328cb3b_15336""",1
2025-03-03T19:32:21.973Z,0,rayyan@rayyan.ai,153490179,"""__SYSTEM__SAMPLE__3e981fa25c9d210f15f61af0b328cb3b_15336""",1
2025-03-03T19:32:22.089Z,0,rayyan@rayyan.ai,153493938,"""__SYSTEM__SAMPLE__3e981fa25c9d210f15f61af0b328cb3b_15336""",1
2025-03-03T19:32:22.188Z,0,rayyan@rayyan.ai,153489739,"""__SYSTEM__SAMPLE__3e981fa25c9d210f15f61af0b328cb3b_15336""",1
2025-03-03T19:32:22.188Z,0,rayyan@rayyan.ai,153492128,"""__SYSTEM__SAMPLE__3e981fa25c9d210f15f61af0b328cb3b_15336""",1
2025-03-03T19:32:22.998Z,0,rayyan@rayyan.ai,153488670,"""__SYSTEM__SAMPLE__3e981fa25c9d210f15f61af0b328cb3b_15336""",1
2025-03-03T19:32:22.998Z,0,rayyan@rayyan.ai,153488190,"""__SYSTEM__SAMPLE__3e981fa25c9d210f15f61af0b328cb3b_15336""",1
2025-03-03T19:32:22.998Z,0,rayyan@rayyan.ai,153485959,"""__SYSTEM__SAMPLE__3e981fa25c9d210f15f61af0b328cb3b_15336""",1
2025-03-03T19:32:23.086Z,0,rayyan@rayyan.ai,153486377,"""__SYSTEM__SAMPLE__3e981fa25c9d210f15f61af0b328cb3b_15336""",1
2025-03-03T19:32:23.171Z,0,rayyan@rayyan.ai,153487172,"""__SYSTEM__SAMPLE__3e981fa25c9d210f15f61af0b328cb3b_15336""",1
2025-03-03T19:32:23.171Z,0,rayyan@rayyan.ai,153491618,"""__SYSTEM__SAMPLE__3e981fa25c9d210f15f61af0b328cb3b_15336""",1
2025-03-03T19:32:23.323Z,0,rayyan@rayyan.ai,153492739,"""__SYSTEM__SAMPLE__3e981fa25c9d210f15f61af0b328cb3b_15336""",1
2025-03-03T19:32:23.323Z,0,rayyan@rayyan.ai,153490579,"""__SYSTEM__SAMPLE__3e981fa25c9d210f15f61af0b328cb3b_15336""",1
2025-03-03T19:32:23.472Z,0,rayyan@rayyan.ai,153486742,"""__SYSTEM__SAMPLE__3e981fa25c9d210f15f61af0b328cb3b_15336""",1
2025-03-03T19:32:23.472Z,0,rayyan@rayyan.ai,153485808,"""__SYSTEM__SAMPLE__3e981fa25c9d210f15f61af0b328cb3b_15336""",1
2025-03-03T19:32:23.472Z,0,rayyan@rayyan.ai,153486484,"""__SYSTEM__SAMPLE__3e981fa25c9d210f15f61af0b328cb3b_15336""",1
2025-03-03T19:32:23.544Z,0,rayyan@rayyan.ai,153485984,"""__SYSTEM__SAMPLE__3e981fa25c9d210f15f61af0b328cb3b_15336""",1
2025-03-06T12:29:13.449Z,0,rayyan@rayyan.ai,153490582,"""__SYSTEM__SAMPLE__6162b2583ac27b37ac06dfc5672321e9_15498""",1
2025-03-06T12:29:13.449Z,0,rayyan@rayyan.ai,153492035,"""__SYSTEM__SAMPLE__6162b2583ac27b37ac06dfc5672321e9_15498""",1
2025-03-06T12:29:14.439Z,0,rayyan@rayyan.ai,153489992,"""__SYSTEM__SAMPLE__6162b2583ac27b37ac06dfc5672321e9_15498""",1
2025-03-06T12:29:14.439Z,0,rayyan@rayyan.ai,153490109,"""__SYSTEM__SAMPLE__6162b2583ac27b37ac06dfc5672321e9_15498""",1
2025-03-06T12:29:14.439Z,0,rayyan@rayyan.ai,153487806,"""__SYSTEM__SAMPLE__6162b2583ac27b37ac06dfc5672321e9_15498""",1
2025-03-06T12:29:14.439Z,0,rayyan@rayyan.ai,153492076,"""__SYSTEM__SAMPLE__6162b2583ac27b37ac06dfc5672321e9_15498""",1
2025-03-06T12:29:14.527Z,0,rayyan@rayyan.ai,153491837,"""__SYSTEM__SAMPLE__6162b2583ac27b37ac06dfc5672321e9_15498""",1
2025-03-06T12:29:14.605Z,0,rayyan@rayyan.ai,153490844,"""__SYSTEM__SAMPLE__6162b2583ac27b37ac06dfc5672321e9_15498""",1
2025-03-06T12:29:14.679Z,0,rayyan@rayyan.ai,153491889,"""__SYSTEM__SAMPLE__6162b2583ac27b37ac06dfc5672321e9_15498""",1
2025-03-06T12:29:14.803Z,0,rayyan@rayyan.ai,153493955,"""__SYSTEM__SAMPLE__6162b2583ac27b37ac06dfc5672321e9_15498""",1
2025-03-06T12:29:15.494Z,0,rayyan@rayyan.ai,153493260,"""__SYSTEM__SAMPLE__6162b2583ac27b37ac06dfc5672321e9_15498""",1
2025-03-06T12:29:15.494Z,0,rayyan@rayyan.ai,153486965,"""__SYSTEM__SAMPLE__6162b2583ac27b37ac06dfc5672321e9_15498""",1
2025-03-06T12:29:15.494Z,0,rayyan@rayyan.ai,153490389,"""__SYSTEM__SAMPLE__6162b2583ac27b37ac06dfc5672321e9_15498""",1
2025-03-06T12:29:15.548Z,0,rayyan@rayyan.ai,153489441,"""__SYSTEM__SAMPLE__6162b2583ac27b37ac06dfc5672321e9_15498""",1
2025-03-06T12:29:15.731Z,0,rayyan@rayyan.ai,153488818,"""__SYSTEM__SAMPLE__6162b2583ac27b37ac06dfc5672321e9_15499""",1
2025-03-06T12:29:15.731Z,0,rayyan@rayyan.ai,153493778,"""__SYSTEM__SAMPLE__6162b2583ac27b37ac06dfc5672321e9_15499""",1
2025-03-06T12:29:15.731Z,0,rayyan@rayyan.ai,153485421,"""__SYSTEM__SAMPLE__6162b2583ac27b37ac06dfc5672321e9_15499""",1
2025-03-06T12:29:15.731Z,0,rayyan@rayyan.ai,153487299,"""__SYSTEM__SAMPLE__6162b2583ac27b37ac06dfc5672321e9_15499""",1
2025-03-06T12:29:15.824Z,0,rayyan@rayyan.ai,153485451,"""__SYSTEM__SAMPLE__6162b2583ac27b37ac06dfc5672321e9_15499""",1
2025-03-06T12:29:15.913Z,0,rayyan@rayyan.ai,153485755,"""__SYSTEM__SAMPLE__6162b2583ac27b37ac06dfc5672321e9_15499""",1
2025-03-06T12:29:15.958Z,0,rayyan@rayyan.ai,153487639,"""__SYSTEM__SAMPLE__6162b2583ac27b37ac06dfc5672321e9_15499""",1
2025-03-06T12:29:16.088Z,0,rayyan@rayyan.ai,153488259,"""__SYSTEM__SAMPLE__6162b2583ac27b37ac06dfc5672321e9_15499""",1
2025-03-06T12:29:16.088Z,0,rayyan@rayyan.ai,153488546,"""__SYSTEM__SAMPLE__6162b2583ac27b37ac06dfc5672321e9_15499""",1
2025-03-06T12:29:16.088Z,0,rayyan@rayyan.ai,153493858,"""__SYSTEM__SAMPLE__6162b2583ac27b37ac06dfc5672321e9_15499""",1
2025-03-06T12:29:16.088Z,0,rayyan@rayyan.ai,153489131,"""__SYSTEM__SAMPLE__6162b2583ac27b37ac06dfc5672321e9_15499""",1
2025-03-06T12:29:16.550Z,0,rayyan@rayyan.ai,153486160,"""__SYSTEM__SAMPLE__6162b2583ac27b37ac06dfc5672321e9_15499""",1
2025-03-06T12:29:16.550Z,0,rayyan@rayyan.ai,83177767,"""__SYSTEM__SAMPLE__6162b2583ac27b37ac06dfc5672321e9_15499""",1
2025-03-06T12:29:16.550Z,0,rayyan@rayyan.ai,153494929,"""__SYSTEM__SAMPLE__6162b2583ac27b37ac06dfc5672321e9_15499""",1
2025-03-06T12:29:16.550Z,0,rayyan@rayyan.ai,153490801,"""__SYSTEM__SAMPLE__6162b2583ac27b37ac06dfc5672321e9_15499""",1
2025-03-06T12:29:16.550Z,0,rayyan@rayyan.ai,153495089,"""__SYSTEM__SAMPLE__6162b2583ac27b37ac06dfc5672321e9_15499""",1
2025-03-06T12:29:16.591Z,0,rayyan@rayyan.ai,153490276,"""__SYSTEM__SAMPLE__6162b2583ac27b37ac06dfc5672321e9_15499""",1
2025-03-06T12:29:16.591Z,0,rayyan@rayyan.ai,153493186,"""__SYSTEM__SAMPLE__6162b2583ac27b37ac06dfc5672321e9_15499""",1
2025-03-06T12:29:16.591Z,0,rayyan@rayyan.ai,153490422,"""__SYSTEM__SAMPLE__6162b2583ac27b37ac06dfc5672321e9_15499""",1
2025-03-06T12:29:16.629Z,0,rayyan@rayyan.ai,153485219,"""__SYSTEM__SAMPLE__6162b2583ac27b37ac06dfc5672321e9_15499""",1
2025-03-06T12:29:16.670Z,0,rayyan@rayyan.ai,153493084,"""__SYSTEM__SAMPLE__6162b2583ac27b37ac06dfc5672321e9_15499""",1
2025-03-06T12:29:16.670Z,0,rayyan@rayyan.ai,153493241,"""__SYSTEM__SAMPLE__6162b2583ac27b37ac06dfc5672321e9_15499""",1
2025-03-06T12:29:16.709Z,0,rayyan@rayyan.ai,153487805,"""__SYSTEM__SAMPLE__6162b2583ac27b37ac06dfc5672321e9_15499""",1
2025-03-06T12:29:16.709Z,0,rayyan@rayyan.ai,153489067,"""__SYSTEM__SAMPLE__6162b2583ac27b37ac06dfc5672321e9_15499""",1
2025-03-06T12:29:16.709Z,0,rayyan@rayyan.ai,153488096,"""__SYSTEM__SAMPLE__6162b2583ac27b37ac06dfc5672321e9_15499""",1
2025-03-06T12:29:16.742Z,0,rayyan@rayyan.ai,153485543,"""__SYSTEM__SAMPLE__6162b2583ac27b37ac06dfc5672321e9_15499""",1
2025-03-06T12:29:16.742Z,0,rayyan@rayyan.ai,153485498,"""__SYSTEM__SAMPLE__6162b2583ac27b37ac06dfc5672321e9_15499""",1
2025-03-06T12:29:16.784Z,0,rayyan@rayyan.ai,153490372,"""__SYSTEM__SAMPLE__6162b2583ac27b37ac06dfc5672321e9_15499""",1
2025-03-06T12:29:16.784Z,0,rayyan@rayyan.ai,153487203,"""__SYSTEM__SAMPLE__6162b2583ac27b37ac06dfc5672321e9_15499""",1
2025-03-06T12:29:16.784Z,0,rayyan@rayyan.ai,83177871,"""__SYSTEM__SAMPLE__6162b2583ac27b37ac06dfc5672321e9_15499""",1
2025-03-06T12:29:16.784Z,0,rayyan@rayyan.ai,83177884,"""__SYSTEM__SAMPLE__6162b2583ac27b37ac06dfc5672321e9_15499""",1
2025-03-06T12:29:16.822Z,0,rayyan@rayyan.ai,153494146,"""__SYSTEM__SAMPLE__6162b2583ac27b37ac06dfc5672321e9_15499""",1
2025-03-06T12:29:16.822Z,0,rayyan@rayyan.ai,153488061,"""__SYSTEM__SAMPLE__6162b2583ac27b37ac06dfc5672321e9_15499""",1
2025-03-06T12:29:16.859Z,0,rayyan@rayyan.ai,153485875,"""__SYSTEM__SAMPLE__6162b2583ac27b37ac06dfc5672321e9_15499""",1
2025-03-06T12:29:16.859Z,0,rayyan@rayyan.ai,153492849,"""__SYSTEM__SAMPLE__6162b2583ac27b37ac06dfc5672321e9_15499""",1
2025-03-06T12:29:16.859Z,0,rayyan@rayyan.ai,153493047,"""__SYSTEM__SAMPLE__6162b2583ac27b37ac06dfc5672321e9_15499""",1
2025-03-06T12:29:16.939Z,0,rayyan@rayyan.ai,153486783,"""__SYSTEM__SAMPLE__6162b2583ac27b37ac06dfc5672321e9_15500""",1
2025-03-06T12:29:16.976Z,0,rayyan@rayyan.ai,153490316,"""__SYSTEM__SAMPLE__6162b2583ac27b37ac06dfc5672321e9_15500""",1
2025-03-06T12:29:17.041Z,0,rayyan@rayyan.ai,153493097,"""__SYSTEM__SAMPLE__6162b2583ac27b37ac06dfc5672321e9_15500""",1
2025-03-06T12:29:17.041Z,0,rayyan@rayyan.ai,153486365,"""__SYSTEM__SAMPLE__6162b2583ac27b37ac06dfc5672321e9_15500""",1
2025-03-06T12:29:17.089Z,0,rayyan@rayyan.ai,153487150,"""__SYSTEM__SAMPLE__6162b2583ac27b37ac06dfc5672321e9_15500""",1
2025-03-06T12:29:17.129Z,0,rayyan@rayyan.ai,153488118,"""__SYSTEM__SAMPLE__6162b2583ac27b37ac06dfc5672321e9_15500""",1
2025-03-06T12:29:17.365Z,0,rayyan@rayyan.ai,153495627,"""__SYSTEM__SAMPLE__6162b2583ac27b37ac06dfc5672321e9_15500""",1
2025-03-06T12:29:17.365Z,0,rayyan@rayyan.ai,153489675,"""__SYSTEM__SAMPLE__6162b2583ac27b37ac06dfc5672321e9_15500""",1
2025-03-06T12:29:17.402Z,0,rayyan@rayyan.ai,153486484,"""__SYSTEM__SAMPLE__6162b2583ac27b37ac06dfc5672321e9_15500""",1
2025-03-06T12:29:17.439Z,0,rayyan@rayyan.ai,153494638,"""__SYSTEM__SAMPLE__6162b2583ac27b37ac06dfc5672321e9_15500""",1
2025-03-06T12:29:17.439Z,0,rayyan@rayyan.ai,153488568,"""__SYSTEM__SAMPLE__6162b2583ac27b37ac06dfc5672321e9_15500""",1
2025-03-06T12:29:17.475Z,0,rayyan@rayyan.ai,153489610,"""__SYSTEM__SAMPLE__6162b2583ac27b37ac06dfc5672321e9_15500""",1
2025-03-06T12:29:17.475Z,0,rayyan@rayyan.ai,153491847,"""__SYSTEM__SAMPLE__6162b2583ac27b37ac06dfc5672321e9_15500""",1
2025-03-06T12:29:17.512Z,0,rayyan@rayyan.ai,153490423,"""__SYSTEM__SAMPLE__6162b2583ac27b37ac06dfc5672321e9_15500""",1
2025-03-06T12:29:17.512Z,0,rayyan@rayyan.ai,153487741,"""__SYSTEM__SAMPLE__6162b2583ac27b37ac06dfc5672321e9_15500""",1
2025-03-06T12:29:17.546Z,0,rayyan@rayyan.ai,153488929,"""__SYSTEM__SAMPLE__6162b2583ac27b37ac06dfc5672321e9_15500""",1
2025-03-06T12:29:17.617Z,0,rayyan@rayyan.ai,153486377,"""__SYSTEM__SAMPLE__6162b2583ac27b37ac06dfc5672321e9_15500""",1
2025-03-06T12:29:17.617Z,0,rayyan@rayyan.ai,153487055,"""__SYSTEM__SAMPLE__6162b2583ac27b37ac06dfc5672321e9_15500""",1
2025-03-06T12:29:17.617Z,0,rayyan@rayyan.ai,153488014,"""__SYSTEM__SAMPLE__6162b2583ac27b37ac06dfc5672321e9_15500""",1
2025-03-06T12:29:17.652Z,0,rayyan@rayyan.ai,153487701,"""__SYSTEM__SAMPLE__6162b2583ac27b37ac06dfc5672321e9_15500""",1
2025-03-06T12:29:17.652Z,0,rayyan@rayyan.ai,153490715,"""__SYSTEM__SAMPLE__6162b2583ac27b37ac06dfc5672321e9_15500""",1
2025-03-06T12:29:17.846Z,0,rayyan@rayyan.ai,153489871,"""__SYSTEM__SAMPLE__6162b2583ac27b37ac06dfc5672321e9_15500""",1
2025-03-06T12:29:18.052Z,0,rayyan@rayyan.ai,153486551,"""__SYSTEM__SAMPLE__6162b2583ac27b37ac06dfc5672321e9_15501""",1
2025-03-06T12:29:18.052Z,0,rayyan@rayyan.ai,153495284,"""__SYSTEM__SAMPLE__6162b2583ac27b37ac06dfc5672321e9_15501""",1
2025-03-06T12:29:18.105Z,0,rayyan@rayyan.ai,153492739,"""__SYSTEM__SAMPLE__6162b2583ac27b37ac06dfc5672321e9_15501""",1
2025-03-06T12:29:18.105Z,0,rayyan@rayyan.ai,153488428,"""__SYSTEM__SAMPLE__6162b2583ac27b37ac06dfc5672321e9_15501""",1
2025-03-06T12:29:18.139Z,0,rayyan@rayyan.ai,153485587,"""__SYSTEM__SAMPLE__6162b2583ac27b37ac06dfc5672321e9_15501""",1
2025-03-06T12:29:18.429Z,0,rayyan@rayyan.ai,153487136,"""__SYSTEM__SAMPLE__6162b2583ac27b37ac06dfc5672321e9_15501""",1
2025-03-06T12:29:18.467Z,0,rayyan@rayyan.ai,153494602,"""__SYSTEM__SAMPLE__6162b2583ac27b37ac06dfc5672321e9_15501""",1
2025-03-06T12:29:18.527Z,0,rayyan@rayyan.ai,153488937,"""__SYSTEM__SAMPLE__6162b2583ac27b37ac06dfc5672321e9_15501""",1
2025-03-06T12:29:18.527Z,0,rayyan@rayyan.ai,153486342,"""__SYSTEM__SAMPLE__6162b2583ac27b37ac06dfc5672321e9_15501""",1
2025-03-06T12:29:18.558Z,0,rayyan@rayyan.ai,153486539,"""__SYSTEM__SAMPLE__6162b2583ac27b37ac06dfc5672321e9_15501""",1
2025-03-06T12:29:18.591Z,0,rayyan@rayyan.ai,153486937,"""__SYSTEM__SAMPLE__6162b2583ac27b37ac06dfc5672321e9_15501""",1
2025-03-06T12:29:18.625Z,0,rayyan@rayyan.ai,153487012,"""__SYSTEM__SAMPLE__6162b2583ac27b37ac06dfc5672321e9_15501""",1
2025-03-06T12:29:18.625Z,0,rayyan@rayyan.ai,153490347,"""__SYSTEM__SAMPLE__6162b2583ac27b37ac06dfc5672321e9_15501""",1
2025-03-06T12:29:18.625Z,0,rayyan@rayyan.ai,153497886,"""__SYSTEM__SAMPLE__6162b2583ac27b37ac06dfc5672321e9_15501""",1
2025-03-06T12:29:18.659Z,0,rayyan@rayyan.ai,153495453,"""__SYSTEM__SAMPLE__6162b2583ac27b37ac06dfc5672321e9_15501""",1
2025-03-06T12:29:18.690Z,0,rayyan@rayyan.ai,153492130,"""__SYSTEM__SAMPLE__6162b2583ac27b37ac06dfc5672321e9_15501""",1
2025-03-06T12:29:18.723Z,0,rayyan@rayyan.ai,153485519,"""__SYSTEM__SAMPLE__6162b2583ac27b37ac06dfc5672321e9_15501""",1
2025-03-06T12:29:18.723Z,0,rayyan@rayyan.ai,153486646,"""__SYSTEM__SAMPLE__6162b2583ac27b37ac06dfc5672321e9_15501""",1
2025-03-06T12:29:18.754Z,0,rayyan@rayyan.ai,153488651,"""__SYSTEM__SAMPLE__6162b2583ac27b37ac06dfc5672321e9_15501""",1
2025-03-06T12:29:18.754Z,0,rayyan@rayyan.ai,153487942,"""__SYSTEM__SAMPLE__6162b2583ac27b37ac06dfc5672321e9_15501""",1
2025-03-06T12:29:18.788Z,0,rayyan@rayyan.ai,153486474,"""__SYSTEM__SAMPLE__6162b2583ac27b37ac06dfc5672321e9_15501""",1
2025-03-06T12:29:18.856Z,0,rayyan@rayyan.ai,153494769,"""__SYSTEM__SAMPLE__6162b2583ac27b37ac06dfc5672321e9_15501""",1
2025-03-06T12:29:19.286Z,0,rayyan@rayyan.ai,153486847,"""__SYSTEM__SAMPLE__6162b2583ac27b37ac06dfc5672321e9_15502""",1
2025-03-06T12:29:19.322Z,0,rayyan@rayyan.ai,153487242,"""__SYSTEM__SAMPLE__6162b2583ac27b37ac06dfc5672321e9_15502""",1
2025-03-06T12:29:19.322Z,0,rayyan@rayyan.ai,153490556,"""__SYSTEM__SAMPLE__6162b2583ac27b37ac06dfc5672321e9_15502""",1
2025-03-06T12:29:19.322Z,0,rayyan@rayyan.ai,153488247,"""__SYSTEM__SAMPLE__6162b2583ac27b37ac06dfc5672321e9_15502""",1
2025-03-06T12:29:19.356Z,0,rayyan@rayyan.ai,153487218,"""__SYSTEM__SAMPLE__6162b2583ac27b37ac06dfc5672321e9_15502""",1
2025-03-06T12:29:19.424Z,0,rayyan@rayyan.ai,153488127,"""__SYSTEM__SAMPLE__6162b2583ac27b37ac06dfc5672321e9_15502""",1
2025-03-06T12:29:19.457Z,0,rayyan@rayyan.ai,153496075,"""__SYSTEM__SAMPLE__6162b2583ac27b37ac06dfc5672321e9_15502""",1
2025-03-06T12:29:19.457Z,0,rayyan@rayyan.ai,153487476,"""__SYSTEM__SAMPLE__6162b2583ac27b37ac06dfc5672321e9_15502""",1
2025-03-06T12:29:19.457Z,0,rayyan@rayyan.ai,153489836,"""__SYSTEM__SAMPLE__6162b2583ac27b37ac06dfc5672321e9_15502""",1
2025-03-06T12:29:19.457Z,0,rayyan@rayyan.ai,153489987,"""__SYSTEM__SAMPLE__6162b2583ac27b37ac06dfc5672321e9_15502""",1
2025-03-06T12:29:19.491Z,0,rayyan@rayyan.ai,153488522,"""__SYSTEM__SAMPLE__6162b2583ac27b37ac06dfc5672321e9_15502""",1
2025-03-06T12:29:19.491Z,0,rayyan@rayyan.ai,153489996,"""__SYSTEM__SAMPLE__6162b2583ac27b37ac06dfc5672321e9_15502""",1
2025-03-06T12:29:19.524Z,0,rayyan@rayyan.ai,153495491,"""__SYSTEM__SAMPLE__6162b2583ac27b37ac06dfc5672321e9_15502""",1
2025-03-06T12:29:19.524Z,0,rayyan@rayyan.ai,153487364,"""__SYSTEM__SAMPLE__6162b2583ac27b37ac06dfc5672321e9_15502""",1
2025-03-06T12:29:19.595Z,0,rayyan@rayyan.ai,153493844,"""__SYSTEM__SAMPLE__6162b2583ac27b37ac06dfc5672321e9_15502""",1
2025-03-06T12:29:19.629Z,0,rayyan@rayyan.ai,153489532,"""__SYSTEM__SAMPLE__6162b2583ac27b37ac06dfc5672321e9_15502""",1
2025-03-06T12:29:19.665Z,0,rayyan@rayyan.ai,153486941,"""__SYSTEM__SAMPLE__6162b2583ac27b37ac06dfc5672321e9_15502""",1
2025-03-06T12:29:19.665Z,0,rayyan@rayyan.ai,153487101,"""__SYSTEM__SAMPLE__6162b2583ac27b37ac06dfc5672321e9_15502""",1
2025-03-06T12:29:19.665Z,0,rayyan@rayyan.ai,153486674,"""__SYSTEM__SAMPLE__6162b2583ac27b37ac06dfc5672321e9_15502""",1
2025-03-06T12:29:19.710Z,0,rayyan@rayyan.ai,153485846,"""__SYSTEM__SAMPLE__6162b2583ac27b37ac06dfc5672321e9_15502""",1
2025-03-06T12:29:19.710Z,0,rayyan@rayyan.ai,153491984,"""__SYSTEM__SAMPLE__6162b2583ac27b37ac06dfc5672321e9_15502""",1
2025-03-06T12:29:19.741Z,0,rayyan@rayyan.ai,153485360,"""__SYSTEM__SAMPLE__6162b2583ac27b37ac06dfc5672321e9_15502""",1
2025-03-06T12:29:19.803Z,0,rayyan@rayyan.ai,153487179,"""__SYSTEM__SAMPLE__6162b2583ac27b37ac06dfc5672321e9_15502""",1
2025-03-06T12:29:19.803Z,0,rayyan@rayyan.ai,153488670,"""__SYSTEM__SAMPLE__6162b2583ac27b37ac06dfc5672321e9_15502""",1
2025-03-06T12:29:19.996Z,0,rayyan@rayyan.ai,153493670,"""__SYSTEM__SAMPLE__6162b2583ac27b37ac06dfc5672321e9_15502""",1
2025-03-06T12:29:19.996Z,0,rayyan@rayyan.ai,153492448,"""__SYSTEM__SAMPLE__6162b2583ac27b37ac06dfc5672321e9_15502""",1
2025-03-06T12:29:20.030Z,0,rayyan@rayyan.ai,153489735,"""__SYSTEM__SAMPLE__6162b2583ac27b37ac06dfc5672321e9_15502""",1
2025-03-06T12:29:20.030Z,0,rayyan@rayyan.ai,153489053,"""__SYSTEM__SAMPLE__6162b2583ac27b37ac06dfc5672321e9_15502""",1
2025-03-06T12:29:20.061Z,0,rayyan@rayyan.ai,153488556,"""__SYSTEM__SAMPLE__6162b2583ac27b37ac06dfc5672321e9_15502""",1
2025-03-06T12:29:20.061Z,0,rayyan@rayyan.ai,153490028,"""__SYSTEM__SAMPLE__6162b2583ac27b37ac06dfc5672321e9_15502""",1
2025-03-06T12:29:20.061Z,0,rayyan@rayyan.ai,153485158,"""__SYSTEM__SAMPLE__6162b2583ac27b37ac06dfc5672321e9_15502""",1
2025-03-06T12:29:20.155Z,0,rayyan@rayyan.ai,153494934,"""__SYSTEM__SAMPLE__6162b2583ac27b37ac06dfc5672321e9_15503""",1
2025-03-06T12:29:20.155Z,0,rayyan@rayyan.ai,153489170,"""__SYSTEM__SAMPLE__6162b2583ac27b37ac06dfc5672321e9_15503""",1
2025-03-06T12:29:20.631Z,0,rayyan@rayyan.ai,153493181,"""__SYSTEM__SAMPLE__6162b2583ac27b37ac06dfc5672321e9_15503""",1
2025-03-06T12:29:20.662Z,0,rayyan@rayyan.ai,153491594,"""__SYSTEM__SAMPLE__6162b2583ac27b37ac06dfc5672321e9_15503""",1
2025-03-06T12:29:20.662Z,0,rayyan@rayyan.ai,153492937,"""__SYSTEM__SAMPLE__6162b2583ac27b37ac06dfc5672321e9_15503""",1
2025-03-06T12:29:21.181Z,0,rayyan@rayyan.ai,153494734,"""__SYSTEM__SAMPLE__6162b2583ac27b37ac06dfc5672321e9_15503""",1
2025-03-06T12:29:21.211Z,0,rayyan@rayyan.ai,153489688,"""__SYSTEM__SAMPLE__6162b2583ac27b37ac06dfc5672321e9_15503""",1
2025-03-06T12:29:21.242Z,0,rayyan@rayyan.ai,153490579,"""__SYSTEM__SAMPLE__6162b2583ac27b37ac06dfc5672321e9_15503""",1
2025-03-06T12:29:21.421Z,0,rayyan@rayyan.ai,153487475,"""__SYSTEM__SAMPLE__6162b2583ac27b37ac06dfc5672321e9_15504""",1
2025-03-06T12:29:21.421Z,0,rayyan@rayyan.ai,83177869,"""__SYSTEM__SAMPLE__6162b2583ac27b37ac06dfc5672321e9_15504""",1
2025-03-06T12:29:21.421Z,0,rayyan@rayyan.ai,153485830,"""__SYSTEM__SAMPLE__6162b2583ac27b37ac06dfc5672321e9_15504""",1
2025-03-06T12:29:21.525Z,0,rayyan@rayyan.ai,153486041,"""__SYSTEM__SAMPLE__6162b2583ac27b37ac06dfc5672321e9_15504""",1
2025-03-06T12:29:21.525Z,0,rayyan@rayyan.ai,153485856,"""__SYSTEM__SAMPLE__6162b2583ac27b37ac06dfc5672321e9_15504""",1
2025-03-06T12:29:21.525Z,0,rayyan@rayyan.ai,153485283,"""__SYSTEM__SAMPLE__6162b2583ac27b37ac06dfc5672321e9_15504""",1
2025-03-06T12:29:21.525Z,0,rayyan@rayyan.ai,153492679,"""__SYSTEM__SAMPLE__6162b2583ac27b37ac06dfc5672321e9_15504""",1
2025-03-06T12:29:21.938Z,0,rayyan@rayyan.ai,153489396,"""__SYSTEM__SAMPLE__6162b2583ac27b37ac06dfc5672321e9_15504""",1
2025-03-06T12:29:22.134Z,0,rayyan@rayyan.ai,153486516,"""__SYSTEM__SAMPLE__6162b2583ac27b37ac06dfc5672321e9_15504""",1
2025-03-06T12:29:22.134Z,0,rayyan@rayyan.ai,153487138,"""__SYSTEM__SAMPLE__6162b2583ac27b37ac06dfc5672321e9_15504""",1
2025-03-06T12:29:22.134Z,0,rayyan@rayyan.ai,153494476,"""__SYSTEM__SAMPLE__6162b2583ac27b37ac06dfc5672321e9_15504""",1
2025-03-06T12:29:22.178Z,0,rayyan@rayyan.ai,153491676,"""__SYSTEM__SAMPLE__6162b2583ac27b37ac06dfc5672321e9_15504""",1
2025-03-06T12:29:22.361Z,0,rayyan@rayyan.ai,153495371,"""__SYSTEM__SAMPLE__6162b2583ac27b37ac06dfc5672321e9_15504""",1
2025-03-06T12:29:22.391Z,0,rayyan@rayyan.ai,153490054,"""__SYSTEM__SAMPLE__6162b2583ac27b37ac06dfc5672321e9_15504""",1
2025-03-06T12:29:22.391Z,0,rayyan@rayyan.ai,153488519,"""__SYSTEM__SAMPLE__6162b2583ac27b37ac06dfc5672321e9_15504""",1
2025-03-06T12:29:22.420Z,0,rayyan@rayyan.ai,153491449,"""__SYSTEM__SAMPLE__6162b2583ac27b37ac06dfc5672321e9_15504""",1
2025-03-06T12:29:22.420Z,0,rayyan@rayyan.ai,153489401,"""__SYSTEM__SAMPLE__6162b2583ac27b37ac06dfc5672321e9_15504""",1
2025-03-06T12:29:22.450Z,0,rayyan@rayyan.ai,153491013,"""__SYSTEM__SAMPLE__6162b2583ac27b37ac06dfc5672321e9_15504""",1
2025-03-06T12:29:22.480Z,0,rayyan@rayyan.ai,153491954,"""__SYSTEM__SAMPLE__6162b2583ac27b37ac06dfc5672321e9_15504""",1
2025-03-06T12:29:22.661Z,0,rayyan@rayyan.ai,153496155,"""__SYSTEM__SAMPLE__6162b2583ac27b37ac06dfc5672321e9_15505""",1
2025-03-06T12:29:22.661Z,0,rayyan@rayyan.ai,153490308,"""__SYSTEM__SAMPLE__6162b2583ac27b37ac06dfc5672321e9_15505""",1
2025-03-06T12:29:22.690Z,0,rayyan@rayyan.ai,153489652,"""__SYSTEM__SAMPLE__6162b2583ac27b37ac06dfc5672321e9_15505""",1
2025-03-06T12:29:22.752Z,0,rayyan@rayyan.ai,153490896,"""__SYSTEM__SAMPLE__6162b2583ac27b37ac06dfc5672321e9_15505""",1
2025-03-06T12:29:22.978Z,0,rayyan@rayyan.ai,153496096,"""__SYSTEM__SAMPLE__6162b2583ac27b37ac06dfc5672321e9_15505""",1
2025-03-06T12:29:23.024Z,0,rayyan@rayyan.ai,153493967,"""__SYSTEM__SAMPLE__6162b2583ac27b37ac06dfc5672321e9_15505""",1
2025-03-06T12:29:23.057Z,0,rayyan@rayyan.ai,153491541,"""__SYSTEM__SAMPLE__6162b2583ac27b37ac06dfc5672321e9_15505""",1
2025-03-06T12:29:23.157Z,0,rayyan@rayyan.ai,153494174,"""__SYSTEM__SAMPLE__6162b2583ac27b37ac06dfc5672321e9_15505""",1
2025-03-06T12:29:23.221Z,0,rayyan@rayyan.ai,153489997,"""__SYSTEM__SAMPLE__6162b2583ac27b37ac06dfc5672321e9_15505""",1
2025-03-06T12:29:23.221Z,0,rayyan@rayyan.ai,153497927,"""__SYSTEM__SAMPLE__6162b2583ac27b37ac06dfc5672321e9_15505""",1
2025-03-06T12:29:23.570Z,0,rayyan@rayyan.ai,153492090,"""__SYSTEM__SAMPLE__6162b2583ac27b37ac06dfc5672321e9_15505""",1
2025-03-06T12:29:23.570Z,0,rayyan@rayyan.ai,153492334,"""__SYSTEM__SAMPLE__6162b2583ac27b37ac06dfc5672321e9_15505""",1
2025-03-06T12:29:23.600Z,0,rayyan@rayyan.ai,153488427,"""__SYSTEM__SAMPLE__6162b2583ac27b37ac06dfc5672321e9_15505""",1
2025-03-06T12:29:23.600Z,0,rayyan@rayyan.ai,153497608,"""__SYSTEM__SAMPLE__6162b2583ac27b37ac06dfc5672321e9_15505""",1
2025-03-21T11:27:12.785Z,0,rayyan@rayyan.ai,153485174,"""__SYSTEM__SAMPLE__60b2ea219c59992ffd761532d50e40f8_16471""",1
2025-03-21T11:27:13.313Z,0,rayyan@rayyan.ai,153494264,"""__SYSTEM__SAMPLE__60b2ea219c59992ffd761532d50e40f8_16471""",1
2025-03-21T11:27:14.002Z,0,rayyan@rayyan.ai,153491984,"""__SYSTEM__SAMPLE__60b2ea219c59992ffd761532d50e40f8_16471""",1
2025-03-21T11:27:14.002Z,0,rayyan@rayyan.ai,153493084,"""__SYSTEM__SAMPLE__60b2ea219c59992ffd761532d50e40f8_16471""",1
2025-03-21T11:27:14.197Z,0,rayyan@rayyan.ai,153490670,"""__SYSTEM__SAMPLE__60b2ea219c59992ffd761532d50e40f8_16471""",1
2025-03-21T11:27:14.197Z,0,rayyan@rayyan.ai,83177884,"""__SYSTEM__SAMPLE__60b2ea219c59992ffd761532d50e40f8_16471""",1
2025-03-21T11:27:14.197Z,0,rayyan@rayyan.ai,153488670,"""__SYSTEM__SAMPLE__60b2ea219c59992ffd761532d50e40f8_16471""",1
2025-03-21T11:27:14.271Z,0,rayyan@rayyan.ai,153492289,"""__SYSTEM__SAMPLE__60b2ea219c59992ffd761532d50e40f8_16471""",1
2025-03-21T11:27:14.355Z,0,rayyan@rayyan.ai,153488908,"""__SYSTEM__SAMPLE__60b2ea219c59992ffd761532d50e40f8_16471""",1
2025-03-21T11:27:14.427Z,0,rayyan@rayyan.ai,153490423,"""__SYSTEM__SAMPLE__60b2ea219c59992ffd761532d50e40f8_16471""",1
2025-03-21T11:27:14.427Z,0,rayyan@rayyan.ai,153487218,"""__SYSTEM__SAMPLE__60b2ea219c59992ffd761532d50e40f8_16471""",1
2025-03-21T11:27:14.656Z,0,rayyan@rayyan.ai,153487639,"""__SYSTEM__SAMPLE__60b2ea219c59992ffd761532d50e40f8_16471""",1
2025-03-21T11:27:15.639Z,0,rayyan@rayyan.ai,153487970,"""__SYSTEM__SAMPLE__60b2ea219c59992ffd761532d50e40f8_16471""",1
2025-03-21T11:27:15.698Z,0,rayyan@rayyan.ai,153486133,"""__SYSTEM__SAMPLE__60b2ea219c59992ffd761532d50e40f8_16471""",1
2025-03-21T11:27:15.781Z,0,rayyan@rayyan.ai,153489871,"""__SYSTEM__SAMPLE__60b2ea219c59992ffd761532d50e40f8_16471""",1
2025-03-21T14:12:50.083Z,0,rayyan@rayyan.ai,153489396,"""__SYSTEM__SAMPLE__332ded61f9b01bac2631a91b57c712dc_16484""",1
2025-03-21T14:12:50.083Z,0,rayyan@rayyan.ai,153492076,"""__SYSTEM__SAMPLE__332ded61f9b01bac2631a91b57c712dc_16484""",1
2025-03-21T14:12:50.409Z,0,rayyan@rayyan.ai,153492102,"""__SYSTEM__SAMPLE__332ded61f9b01bac2631a91b57c712dc_16484""",1
2025-03-21T14:12:50.409Z,0,rayyan@rayyan.ai,153497953,"""__SYSTEM__SAMPLE__332ded61f9b01bac2631a91b57c712dc_16484""",1
2025-03-21T14:12:50.648Z,0,rayyan@rayyan.ai,153487741,"""__SYSTEM__SAMPLE__332ded61f9b01bac2631a91b57c712dc_16484""",1
2025-03-21T14:12:51.475Z,0,rayyan@rayyan.ai,153489532,"""__SYSTEM__SAMPLE__332ded61f9b01bac2631a91b57c712dc_16484""",1
2025-03-21T14:12:51.475Z,0,rayyan@rayyan.ai,153489067,"""__SYSTEM__SAMPLE__332ded61f9b01bac2631a91b57c712dc_16484""",1
2025-03-21T14:12:51.626Z,0,rayyan@rayyan.ai,153489675,"""__SYSTEM__SAMPLE__332ded61f9b01bac2631a91b57c712dc_16484""",1
2025-03-21T14:12:51.626Z,0,rayyan@rayyan.ai,153486945,"""__SYSTEM__SAMPLE__332ded61f9b01bac2631a91b57c712dc_16484""",1
2025-03-21T14:12:51.626Z,0,rayyan@rayyan.ai,153494476,"""__SYSTEM__SAMPLE__332ded61f9b01bac2631a91b57c712dc_16484""",1
2025-03-21T14:12:51.626Z,0,rayyan@rayyan.ai,83177735,"""__SYSTEM__SAMPLE__332ded61f9b01bac2631a91b57c712dc_16484""",1
2025-03-21T14:12:51.626Z,0,rayyan@rayyan.ai,153493955,"""__SYSTEM__SAMPLE__332ded61f9b01bac2631a91b57c712dc_16484""",1
2025-03-21T14:12:51.626Z,0,rayyan@rayyan.ai,153487523,"""__SYSTEM__SAMPLE__332ded61f9b01bac2631a91b57c712dc_16484""",1
2025-03-21T14:12:51.626Z,0,rayyan@rayyan.ai,153488385,"""__SYSTEM__SAMPLE__332ded61f9b01bac2631a91b57c712dc_16484""",1
2025-03-21T14:12:51.626Z,0,rayyan@rayyan.ai,153485846,"""__SYSTEM__SAMPLE__332ded61f9b01bac2631a91b57c712dc_16484""",1
2025-03-21T14:12:51.755Z,0,rayyan@rayyan.ai,153492835,"""__SYSTEM__SAMPLE__332ded61f9b01bac2631a91b57c712dc_16484""",1
2025-03-21T14:12:51.755Z,0,rayyan@rayyan.ai,153485875,"""__SYSTEM__SAMPLE__332ded61f9b01bac2631a91b57c712dc_16484""",1
2025-03-21T14:12:51.755Z,0,rayyan@rayyan.ai,153492679,"""__SYSTEM__SAMPLE__332ded61f9b01bac2631a91b57c712dc_16484""",1
2025-03-21T14:12:51.755Z,0,rayyan@rayyan.ai,153490670,"""__SYSTEM__SAMPLE__332ded61f9b01bac2631a91b57c712dc_16484""",1
2025-03-21T14:12:51.857Z,0,rayyan@rayyan.ai,153495659,"""__SYSTEM__SAMPLE__332ded61f9b01bac2631a91b57c712dc_16484""",1
2025-03-21T14:12:51.953Z,0,rayyan@rayyan.ai,153490054,"""__SYSTEM__SAMPLE__332ded61f9b01bac2631a91b57c712dc_16484""",1
2025-03-21T14:12:52.043Z,0,rayyan@rayyan.ai,153496100,"""__SYSTEM__SAMPLE__332ded61f9b01bac2631a91b57c712dc_16484""",1
2025-03-21T14:12:52.043Z,0,rayyan@rayyan.ai,153489987,"""__SYSTEM__SAMPLE__332ded61f9b01bac2631a91b57c712dc_16484""",1
2025-03-21T14:12:52.123Z,0,rayyan@rayyan.ai,153491918,"""__SYSTEM__SAMPLE__332ded61f9b01bac2631a91b57c712dc_16484""",1
2025-03-21T14:12:52.194Z,0,rayyan@rayyan.ai,153485451,"""__SYSTEM__SAMPLE__332ded61f9b01bac2631a91b57c712dc_16484""",1
2025-03-21T14:12:52.194Z,0,rayyan@rayyan.ai,153486965,"""__SYSTEM__SAMPLE__332ded61f9b01bac2631a91b57c712dc_16484""",1
2025-03-21T14:12:53.051Z,0,rayyan@rayyan.ai,153494638,"""__SYSTEM__SAMPLE__332ded61f9b01bac2631a91b57c712dc_16484""",1
2025-03-21T14:12:53.183Z,0,rayyan@rayyan.ai,153486377,"""__SYSTEM__SAMPLE__332ded61f9b01bac2631a91b57c712dc_16484""",1
2025-03-21T14:12:53.183Z,0,rayyan@rayyan.ai,153487172,"""__SYSTEM__SAMPLE__332ded61f9b01bac2631a91b57c712dc_16484""",1
2025-03-21T14:12:53.302Z,0,rayyan@rayyan.ai,153487445,"""__SYSTEM__SAMPLE__332ded61f9b01bac2631a91b57c712dc_16484""",1
2025-03-21T14:12:53.302Z,0,rayyan@rayyan.ai,153487055,"""__SYSTEM__SAMPLE__332ded61f9b01bac2631a91b57c712dc_16484""",1
2025-03-21T14:12:53.356Z,0,rayyan@rayyan.ai,153486592,"""__SYSTEM__SAMPLE__332ded61f9b01bac2631a91b57c712dc_16484""",1
2025-03-21T14:12:53.409Z,0,rayyan@rayyan.ai,153487551,"""__SYSTEM__SAMPLE__332ded61f9b01bac2631a91b57c712dc_16484""",1
2025-03-21T14:12:53.409Z,0,rayyan@rayyan.ai,153490011,"""__SYSTEM__SAMPLE__332ded61f9b01bac2631a91b57c712dc_16484""",1
2025-03-21T14:12:53.409Z,0,rayyan@rayyan.ai,153487036,"""__SYSTEM__SAMPLE__332ded61f9b01bac2631a91b57c712dc_16484""",1
2025-03-21T14:12:53.474Z,0,rayyan@rayyan.ai,153489735,"""__SYSTEM__SAMPLE__332ded61f9b01bac2631a91b57c712dc_16484""",1
2025-03-21T14:12:53.474Z,0,rayyan@rayyan.ai,153492468,"""__SYSTEM__SAMPLE__332ded61f9b01bac2631a91b57c712dc_16484""",1
2025-03-21T14:12:53.474Z,0,rayyan@rayyan.ai,153486664,"""__SYSTEM__SAMPLE__332ded61f9b01bac2631a91b57c712dc_16484""",1
2025-03-21T14:12:53.474Z,0,rayyan@rayyan.ai,153489516,"""__SYSTEM__SAMPLE__332ded61f9b01bac2631a91b57c712dc_16484""",1
2025-03-21T14:12:53.522Z,0,rayyan@rayyan.ai,153489992,"""__SYSTEM__SAMPLE__332ded61f9b01bac2631a91b57c712dc_16484""",1
2025-03-21T14:12:53.522Z,0,rayyan@rayyan.ai,153494602,"""__SYSTEM__SAMPLE__332ded61f9b01bac2631a91b57c712dc_16484""",1
2025-03-26T09:54:16.343Z,0,rayyan@rayyan.ai,153487242,"""__SYSTEM__SAMPLE__730a823cae12798df7c211cebf91c4ae_16733""",1
2025-03-26T09:54:16.670Z,0,rayyan@rayyan.ai,153485283,"""__SYSTEM__SAMPLE__730a823cae12798df7c211cebf91c4ae_16733""",1
2025-03-26T09:54:17.083Z,0,rayyan@rayyan.ai,153485673,"""__SYSTEM__SAMPLE__730a823cae12798df7c211cebf91c4ae_16733""",1
2025-03-26T09:54:17.083Z,0,rayyan@rayyan.ai,153487012,"""__SYSTEM__SAMPLE__730a823cae12798df7c211cebf91c4ae_16733""",1
2025-03-26T09:54:17.365Z,0,rayyan@rayyan.ai,153493134,"""__SYSTEM__SAMPLE__730a823cae12798df7c211cebf91c4ae_16733""",1
2025-03-26T09:54:17.365Z,0,rayyan@rayyan.ai,153489516,"""__SYSTEM__SAMPLE__730a823cae12798df7c211cebf91c4ae_16733""",1
2025-03-26T09:54:17.574Z,0,rayyan@rayyan.ai,153486941,"""__SYSTEM__SAMPLE__730a823cae12798df7c211cebf91c4ae_16733""",1
2025-03-26T09:54:17.574Z,0,rayyan@rayyan.ai,153487392,"""__SYSTEM__SAMPLE__730a823cae12798df7c211cebf91c4ae_16733""",1
2025-03-26T09:54:18.642Z,0,rayyan@rayyan.ai,153489635,"""__SYSTEM__SAMPLE__730a823cae12798df7c211cebf91c4ae_16733""",1
2025-03-26T09:54:18.726Z,0,rayyan@rayyan.ai,153486674,"""__SYSTEM__SAMPLE__730a823cae12798df7c211cebf91c4ae_16733""",1
2025-03-26T09:54:18.726Z,0,rayyan@rayyan.ai,153491503,"""__SYSTEM__SAMPLE__730a823cae12798df7c211cebf91c4ae_16733""",1
2025-03-26T09:54:18.726Z,0,rayyan@rayyan.ai,153488908,"""__SYSTEM__SAMPLE__730a823cae12798df7c211cebf91c4ae_16733""",1
2025-03-26T09:54:18.802Z,0,rayyan@rayyan.ai,153488643,"""__SYSTEM__SAMPLE__730a823cae12798df7c211cebf91c4ae_16733""",1
2025-03-26T09:54:18.932Z,0,rayyan@rayyan.ai,153490172,"""__SYSTEM__SAMPLE__730a823cae12798df7c211cebf91c4ae_16733""",1
2025-03-26T09:54:19.126Z,0,rayyan@rayyan.ai,153487187,"""__SYSTEM__SAMPLE__730a823cae12798df7c211cebf91c4ae_16733""",1
2025-03-26T09:54:19.884Z,0,rayyan@rayyan.ai,153486516,"""__SYSTEM__SAMPLE__730a823cae12798df7c211cebf91c4ae_16733""",1
2025-03-26T09:54:19.884Z,0,rayyan@rayyan.ai,153486479,"""__SYSTEM__SAMPLE__730a823cae12798df7c211cebf91c4ae_16733""",1
2025-03-26T09:55:08.537Z,0,rayyan@rayyan.ai,153486737,"""__SYSTEM__SAMPLE__10a5e0f6eb0a9d1a4c4eae730730cf7f_16734""",1
2025-03-26T09:55:08.537Z,0,rayyan@rayyan.ai,153490896,"""__SYSTEM__SAMPLE__10a5e0f6eb0a9d1a4c4eae730730cf7f_16734""",1
2025-03-26T09:55:08.584Z,0,rayyan@rayyan.ai,153491492,"""__SYSTEM__SAMPLE__10a5e0f6eb0a9d1a4c4eae730730cf7f_16734""",1
2025-03-26T09:55:08.727Z,0,rayyan@rayyan.ai,153495453,"""__SYSTEM__SAMPLE__10a5e0f6eb0a9d1a4c4eae730730cf7f_16734""",1
2025-03-26T09:55:08.727Z,0,rayyan@rayyan.ai,153492293,"""__SYSTEM__SAMPLE__10a5e0f6eb0a9d1a4c4eae730730cf7f_16734""",1
2025-03-26T09:55:08.727Z,0,rayyan@rayyan.ai,153489777,"""__SYSTEM__SAMPLE__10a5e0f6eb0a9d1a4c4eae730730cf7f_16734""",1
2025-03-26T09:55:08.988Z,0,rayyan@rayyan.ai,153487920,"""__SYSTEM__SAMPLE__10a5e0f6eb0a9d1a4c4eae730730cf7f_16734""",1
2025-03-26T09:55:09.037Z,0,rayyan@rayyan.ai,153488893,"""__SYSTEM__SAMPLE__10a5e0f6eb0a9d1a4c4eae730730cf7f_16734""",1
2025-03-26T09:55:09.037Z,0,rayyan@rayyan.ai,153487055,"""__SYSTEM__SAMPLE__10a5e0f6eb0a9d1a4c4eae730730cf7f_16734""",1
2025-03-26T09:55:09.086Z,0,rayyan@rayyan.ai,153495221,"""__SYSTEM__SAMPLE__10a5e0f6eb0a9d1a4c4eae730730cf7f_16734""",1
2025-03-26T09:55:09.126Z,0,rayyan@rayyan.ai,153492739,"""__SYSTEM__SAMPLE__10a5e0f6eb0a9d1a4c4eae730730cf7f_16734""",1
2025-03-26T09:55:09.172Z,0,rayyan@rayyan.ai,153495755,"""__SYSTEM__SAMPLE__10a5e0f6eb0a9d1a4c4eae730730cf7f_16734""",1
2025-03-26T09:55:09.172Z,0,rayyan@rayyan.ai,153486884,"""__SYSTEM__SAMPLE__10a5e0f6eb0a9d1a4c4eae730730cf7f_16734""",1
2025-03-26T09:55:09.218Z,0,rayyan@rayyan.ai,153493938,"""__SYSTEM__SAMPLE__10a5e0f6eb0a9d1a4c4eae730730cf7f_16734""",1
2025-03-26T09:55:09.300Z,0,rayyan@rayyan.ai,153485219,"""__SYSTEM__SAMPLE__10a5e0f6eb0a9d1a4c4eae730730cf7f_16734""",1
2025-03-26T09:55:09.300Z,0,rayyan@rayyan.ai,83177735,"""__SYSTEM__SAMPLE__10a5e0f6eb0a9d1a4c4eae730730cf7f_16734""",1
2025-03-26T09:55:09.399Z,0,rayyan@rayyan.ai,153494785,"""__SYSTEM__SAMPLE__10a5e0f6eb0a9d1a4c4eae730730cf7f_16734""",1
2025-03-26T09:55:09.453Z,0,rayyan@rayyan.ai,153491830,"""__SYSTEM__SAMPLE__10a5e0f6eb0a9d1a4c4eae730730cf7f_16734""",1
2025-03-26T09:55:09.453Z,0,rayyan@rayyan.ai,153486256,"""__SYSTEM__SAMPLE__10a5e0f6eb0a9d1a4c4eae730730cf7f_16734""",1
2025-03-26T09:55:09.497Z,0,rayyan@rayyan.ai,153489997,"""__SYSTEM__SAMPLE__10a5e0f6eb0a9d1a4c4eae730730cf7f_16734""",1
2025-03-26T09:55:10.122Z,0,rayyan@rayyan.ai,153492346,"""__SYSTEM__SAMPLE__10a5e0f6eb0a9d1a4c4eae730730cf7f_16735""",1
2025-03-26T09:55:10.184Z,0,rayyan@rayyan.ai,153489131,"""__SYSTEM__SAMPLE__10a5e0f6eb0a9d1a4c4eae730730cf7f_16735""",1
2025-03-26T09:55:10.184Z,0,rayyan@rayyan.ai,153485298,"""__SYSTEM__SAMPLE__10a5e0f6eb0a9d1a4c4eae730730cf7f_16735""",1
2025-03-26T09:55:10.266Z,0,rayyan@rayyan.ai,153485856,"""__SYSTEM__SAMPLE__10a5e0f6eb0a9d1a4c4eae730730cf7f_16735""",1
2025-03-26T09:55:10.266Z,0,rayyan@rayyan.ai,153489652,"""__SYSTEM__SAMPLE__10a5e0f6eb0a9d1a4c4eae730730cf7f_16735""",1
2025-03-26T09:55:10.266Z,0,rayyan@rayyan.ai,153494929,"""__SYSTEM__SAMPLE__10a5e0f6eb0a9d1a4c4eae730730cf7f_16735""",1
2025-03-26T09:55:10.309Z,0,rayyan@rayyan.ai,153487218,"""__SYSTEM__SAMPLE__10a5e0f6eb0a9d1a4c4eae730730cf7f_16735""",1
2025-03-26T09:55:10.348Z,0,rayyan@rayyan.ai,153487289,"""__SYSTEM__SAMPLE__10a5e0f6eb0a9d1a4c4eae730730cf7f_16735""",1
2025-03-26T09:55:10.348Z,0,rayyan@rayyan.ai,153487242,"""__SYSTEM__SAMPLE__10a5e0f6eb0a9d1a4c4eae730730cf7f_16735""",1
2025-03-26T09:55:10.387Z,0,rayyan@rayyan.ai,153489610,"""__SYSTEM__SAMPLE__10a5e0f6eb0a9d1a4c4eae730730cf7f_16735""",1
2025-03-26T09:55:10.387Z,0,rayyan@rayyan.ai,153492849,"""__SYSTEM__SAMPLE__10a5e0f6eb0a9d1a4c4eae730730cf7f_16735""",1
2025-03-26T09:55:10.465Z,0,rayyan@rayyan.ai,153485283,"""__SYSTEM__SAMPLE__10a5e0f6eb0a9d1a4c4eae730730cf7f_16735""",1
2025-03-26T09:55:10.504Z,0,rayyan@rayyan.ai,153488937,"""__SYSTEM__SAMPLE__10a5e0f6eb0a9d1a4c4eae730730cf7f_16735""",1
2025-03-26T09:55:10.504Z,0,rayyan@rayyan.ai,153492767,"""__SYSTEM__SAMPLE__10a5e0f6eb0a9d1a4c4eae730730cf7f_16735""",1
2025-03-26T09:55:10.581Z,0,rayyan@rayyan.ai,153489257,"""__SYSTEM__SAMPLE__10a5e0f6eb0a9d1a4c4eae730730cf7f_16735""",1
2025-03-26T09:55:10.581Z,0,rayyan@rayyan.ai,153487299,"""__SYSTEM__SAMPLE__10a5e0f6eb0a9d1a4c4eae730730cf7f_16735""",1
2025-03-26T09:55:10.620Z,0,rayyan@rayyan.ai,153491889,"""__SYSTEM__SAMPLE__10a5e0f6eb0a9d1a4c4eae730730cf7f_16735""",1
2025-03-26T09:55:10.620Z,0,rayyan@rayyan.ai,153491503,"""__SYSTEM__SAMPLE__10a5e0f6eb0a9d1a4c4eae730730cf7f_16735""",1
2025-03-26T09:55:10.670Z,0,rayyan@rayyan.ai,153496100,"""__SYSTEM__SAMPLE__10a5e0f6eb0a9d1a4c4eae730730cf7f_16735""",1
2025-03-26T09:55:10.744Z,0,rayyan@rayyan.ai,153486342,"""__SYSTEM__SAMPLE__10a5e0f6eb0a9d1a4c4eae730730cf7f_16735""",1
2025-03-26T09:55:10.744Z,0,rayyan@rayyan.ai,153487364,"""__SYSTEM__SAMPLE__10a5e0f6eb0a9d1a4c4eae730730cf7f_16735""",1
2025-03-26T09:55:10.948Z,0,rayyan@rayyan.ai,153495476,"""__SYSTEM__SAMPLE__10a5e0f6eb0a9d1a4c4eae730730cf7f_16735""",1
2025-03-28T06:26:40.863Z,0,rayyan@rayyan.ai,153485421,"""__SYSTEM__SAMPLE__68d2ca5a6f813c5aa820c74cf5c9ce2e_16943""",1
2025-03-28T06:26:40.863Z,0,rayyan@rayyan.ai,153486160,"""__SYSTEM__SAMPLE__68d2ca5a6f813c5aa820c74cf5c9ce2e_16943""",1
2025-03-28T06:26:40.863Z,0,rayyan@rayyan.ai,153486133,"""__SYSTEM__SAMPLE__68d2ca5a6f813c5aa820c74cf5c9ce2e_16943""",1
2025-03-28T06:26:40.863Z,0,rayyan@rayyan.ai,153494201,"""__SYSTEM__SAMPLE__68d2ca5a6f813c5aa820c74cf5c9ce2e_16943""",1
2025-03-28T06:26:40.863Z,0,rayyan@rayyan.ai,153488457,"""__SYSTEM__SAMPLE__68d2ca5a6f813c5aa820c74cf5c9ce2e_16943""",1
2025-03-28T06:26:40.863Z,0,rayyan@rayyan.ai,153486487,"""__SYSTEM__SAMPLE__68d2ca5a6f813c5aa820c74cf5c9ce2e_16943""",1
2025-03-28T06:26:40.863Z,0,rayyan@rayyan.ai,153488014,"""__SYSTEM__SAMPLE__68d2ca5a6f813c5aa820c74cf5c9ce2e_16943""",1
2025-03-28T06:26:40.863Z,0,rayyan@rayyan.ai,153487136,"""__SYSTEM__SAMPLE__68d2ca5a6f813c5aa820c74cf5c9ce2e_16943""",1
2025-03-28T06:26:40.863Z,0,rayyan@rayyan.ai,153487942,"""__SYSTEM__SAMPLE__68d2ca5a6f813c5aa820c74cf5c9ce2e_16943""",1
2025-03-28T06:26:40.863Z,0,rayyan@rayyan.ai,153485298,"""__SYSTEM__SAMPLE__68d2ca5a6f813c5aa820c74cf5c9ce2e_16943""",1
2025-03-28T06:26:40.863Z,0,rayyan@rayyan.ai,153488421,"""__SYSTEM__SAMPLE__68d2ca5a6f813c5aa820c74cf5c9ce2e_16943""",1
2025-03-28T06:26:40.863Z,0,rayyan@rayyan.ai,153485633,"""__SYSTEM__SAMPLE__68d2ca5a6f813c5aa820c74cf5c9ce2e_16943""",1
2025-03-28T06:26:40.863Z,0,rayyan@rayyan.ai,153486474,"""__SYSTEM__SAMPLE__68d2ca5a6f813c5aa820c74cf5c9ce2e_16943""",1
2025-03-28T06:26:40.863Z,0,rayyan@rayyan.ai,153485219,"""__SYSTEM__SAMPLE__68d2ca5a6f813c5aa820c74cf5c9ce2e_16943""",1
2025-03-28T06:26:40.863Z,0,rayyan@rayyan.ai,153490762,"""__SYSTEM__SAMPLE__68d2ca5a6f813c5aa820c74cf5c9ce2e_16943""",1
2025-03-28T06:26:41.070Z,0,rayyan@rayyan.ai,153485486,"""__SYSTEM__SAMPLE__68d2ca5a6f813c5aa820c74cf5c9ce2e_16943""",1
2025-03-28T06:26:41.070Z,0,rayyan@rayyan.ai,153492937,"""__SYSTEM__SAMPLE__68d2ca5a6f813c5aa820c74cf5c9ce2e_16943""",1
2025-03-28T06:26:41.070Z,0,rayyan@rayyan.ai,153487179,"""__SYSTEM__SAMPLE__68d2ca5a6f813c5aa820c74cf5c9ce2e_16943""",1
2025-03-28T06:26:41.070Z,0,rayyan@rayyan.ai,153486646,"""__SYSTEM__SAMPLE__68d2ca5a6f813c5aa820c74cf5c9ce2e_16943""",1
2025-03-28T06:26:41.070Z,0,rayyan@rayyan.ai,153491594,"""__SYSTEM__SAMPLE__68d2ca5a6f813c5aa820c74cf5c9ce2e_16943""",1
2025-03-28T06:26:41.070Z,0,rayyan@rayyan.ai,153491889,"""__SYSTEM__SAMPLE__68d2ca5a6f813c5aa820c74cf5c9ce2e_16943""",1
2025-03-28T06:26:41.070Z,0,rayyan@rayyan.ai,153497946,"""__SYSTEM__SAMPLE__68d2ca5a6f813c5aa820c74cf5c9ce2e_16943""",1
2025-03-28T06:26:41.070Z,0,rayyan@rayyan.ai,153488247,"""__SYSTEM__SAMPLE__68d2ca5a6f813c5aa820c74cf5c9ce2e_16943""",1
2025-03-28T06:26:41.070Z,0,rayyan@rayyan.ai,153491449,"""__SYSTEM__SAMPLE__68d2ca5a6f813c5aa820c74cf5c9ce2e_16943""",1
2025-03-28T06:26:41.070Z,0,rayyan@rayyan.ai,153487340,"""__SYSTEM__SAMPLE__68d2ca5a6f813c5aa820c74cf5c9ce2e_16943""",1
2025-03-28T06:26:41.070Z,0,rayyan@rayyan.ai,153486495,"""__SYSTEM__SAMPLE__68d2ca5a6f813c5aa820c74cf5c9ce2e_16943""",1
2025-03-28T06:26:41.070Z,0,rayyan@rayyan.ai,153489739,"""__SYSTEM__SAMPLE__68d2ca5a6f813c5aa820c74cf5c9ce2e_16943""",1
2025-03-28T06:26:41.070Z,0,rayyan@rayyan.ai,153486847,"""__SYSTEM__SAMPLE__68d2ca5a6f813c5aa820c74cf5c9ce2e_16943""",1
2025-03-28T06:26:41.070Z,0,rayyan@rayyan.ai,153494577,"""__SYSTEM__SAMPLE__68d2ca5a6f813c5aa820c74cf5c9ce2e_16943""",1
2025-03-28T06:26:41.105Z,0,rayyan@rayyan.ai,153495146,"""__SYSTEM__SAMPLE__68d2ca5a6f813c5aa820c74cf5c9ce2e_16943""",1
2025-03-28T06:26:41.105Z,0,rayyan@rayyan.ai,153486256,"""__SYSTEM__SAMPLE__68d2ca5a6f813c5aa820c74cf5c9ce2e_16943""",1
2025-03-28T06:26:41.105Z,0,rayyan@rayyan.ai,153487920,"""__SYSTEM__SAMPLE__68d2ca5a6f813c5aa820c74cf5c9ce2e_16943""",1
2025-03-28T06:26:41.105Z,0,rayyan@rayyan.ai,153491745,"""__SYSTEM__SAMPLE__68d2ca5a6f813c5aa820c74cf5c9ce2e_16943""",1
2025-03-28T06:26:41.105Z,0,rayyan@rayyan.ai,153494712,"""__SYSTEM__SAMPLE__68d2ca5a6f813c5aa820c74cf5c9ce2e_16943""",1
2025-03-28T06:26:41.105Z,0,rayyan@rayyan.ai,153495476,"""__SYSTEM__SAMPLE__68d2ca5a6f813c5aa820c74cf5c9ce2e_16943""",1
2025-03-28T06:26:41.105Z,0,rayyan@rayyan.ai,153493254,"""__SYSTEM__SAMPLE__68d2ca5a6f813c5aa820c74cf5c9ce2e_16943""",1
2025-03-28T06:26:41.105Z,0,rayyan@rayyan.ai,153492498,"""__SYSTEM__SAMPLE__68d2ca5a6f813c5aa820c74cf5c9ce2e_16943""",1
2025-03-28T06:26:41.105Z,0,rayyan@rayyan.ai,153494934,"""__SYSTEM__SAMPLE__68d2ca5a6f813c5aa820c74cf5c9ce2e_16943""",1
2025-03-28T06:26:41.105Z,0,rayyan@rayyan.ai,153485451,"""__SYSTEM__SAMPLE__68d2ca5a6f813c5aa820c74cf5c9ce2e_16943""",1
2025-03-28T06:26:41.105Z,0,rayyan@rayyan.ai,153492035,"""__SYSTEM__SAMPLE__68d2ca5a6f813c5aa820c74cf5c9ce2e_16943""",1
2025-03-28T06:26:41.105Z,0,rayyan@rayyan.ai,153488190,"""__SYSTEM__SAMPLE__68d2ca5a6f813c5aa820c74cf5c9ce2e_16943""",1
2025-03-28T06:26:41.105Z,0,rayyan@rayyan.ai,153493130,"""__SYSTEM__SAMPLE__68d2ca5a6f813c5aa820c74cf5c9ce2e_16943""",1
2025-03-28T06:26:41.105Z,0,rayyan@rayyan.ai,153490670,"""__SYSTEM__SAMPLE__68d2ca5a6f813c5aa820c74cf5c9ce2e_16943""",1
2025-03-28T06:26:41.105Z,0,rayyan@rayyan.ai,153489127,"""__SYSTEM__SAMPLE__68d2ca5a6f813c5aa820c74cf5c9ce2e_16943""",1
2025-03-28T06:26:41.105Z,0,rayyan@rayyan.ai,153494929,"""__SYSTEM__SAMPLE__68d2ca5a6f813c5aa820c74cf5c9ce2e_16943""",1
2025-03-28T06:26:41.105Z,0,rayyan@rayyan.ai,153485846,"""__SYSTEM__SAMPLE__68d2ca5a6f813c5aa820c74cf5c9ce2e_16943""",1
2025-03-28T06:26:41.105Z,0,rayyan@rayyan.ai,153490276,"""__SYSTEM__SAMPLE__68d2ca5a6f813c5aa820c74cf5c9ce2e_16943""",1
2025-03-28T06:26:41.105Z,0,rayyan@rayyan.ai,153489777,"""__SYSTEM__SAMPLE__68d2ca5a6f813c5aa820c74cf5c9ce2e_16943""",1
2025-03-28T06:26:41.105Z,0,rayyan@rayyan.ai,153486484,"""__SYSTEM__SAMPLE__68d2ca5a6f813c5aa820c74cf5c9ce2e_16943""",1
2025-03-28T06:26:41.105Z,0,rayyan@rayyan.ai,153492289,"""__SYSTEM__SAMPLE__68d2ca5a6f813c5aa820c74cf5c9ce2e_16943""",1
2025-03-28T06:26:41.105Z,0,rayyan@rayyan.ai,153488881,"""__SYSTEM__SAMPLE__68d2ca5a6f813c5aa820c74cf5c9ce2e_16943""",1
2025-03-28T06:26:41.105Z,0,rayyan@rayyan.ai,153496096,"""__SYSTEM__SAMPLE__68d2ca5a6f813c5aa820c74cf5c9ce2e_16943""",1
2025-03-28T06:26:41.140Z,0,rayyan@rayyan.ai,153491039,"""__SYSTEM__SAMPLE__68d2ca5a6f813c5aa820c74cf5c9ce2e_16943""",1
2025-03-28T06:26:41.140Z,0,rayyan@rayyan.ai,153493047,"""__SYSTEM__SAMPLE__68d2ca5a6f813c5aa820c74cf5c9ce2e_16943""",1
2025-03-28T06:26:41.140Z,0,rayyan@rayyan.ai,153485856,"""__SYSTEM__SAMPLE__68d2ca5a6f813c5aa820c74cf5c9ce2e_16943""",1
2025-03-28T06:26:41.140Z,0,rayyan@rayyan.ai,153490579,"""__SYSTEM__SAMPLE__68d2ca5a6f813c5aa820c74cf5c9ce2e_16943""",1
2025-03-28T06:26:41.140Z,0,rayyan@rayyan.ai,153494146,"""__SYSTEM__SAMPLE__68d2ca5a6f813c5aa820c74cf5c9ce2e_16943""",1
2025-03-28T06:26:41.140Z,0,rayyan@rayyan.ai,153488643,"""__SYSTEM__SAMPLE__68d2ca5a6f813c5aa820c74cf5c9ce2e_16943""",1
2025-03-28T06:26:41.140Z,0,rayyan@rayyan.ai,153486516,"""__SYSTEM__SAMPLE__68d2ca5a6f813c5aa820c74cf5c9ce2e_16943""",1
2025-03-28T06:26:41.140Z,0,rayyan@rayyan.ai,153485543,"""__SYSTEM__SAMPLE__68d2ca5a6f813c5aa820c74cf5c9ce2e_16943""",1
2025-03-28T06:26:41.140Z,0,rayyan@rayyan.ai,153488519,"""__SYSTEM__SAMPLE__68d2ca5a6f813c5aa820c74cf5c9ce2e_16943""",1
2025-03-28T06:26:41.140Z,0,rayyan@rayyan.ai,153490347,"""__SYSTEM__SAMPLE__68d2ca5a6f813c5aa820c74cf5c9ce2e_16943""",1
2025-03-28T06:26:41.140Z,0,rayyan@rayyan.ai,153495175,"""__SYSTEM__SAMPLE__68d2ca5a6f813c5aa820c74cf5c9ce2e_16943""",1
2025-03-28T06:26:41.140Z,0,rayyan@rayyan.ai,153493084,"""__SYSTEM__SAMPLE__68d2ca5a6f813c5aa820c74cf5c9ce2e_16943""",1
2025-03-28T06:26:41.140Z,0,rayyan@rayyan.ai,153494804,"""__SYSTEM__SAMPLE__68d2ca5a6f813c5aa820c74cf5c9ce2e_16943""",1
2025-03-28T06:26:41.140Z,0,rayyan@rayyan.ai,153486728,"""__SYSTEM__SAMPLE__68d2ca5a6f813c5aa820c74cf5c9ce2e_16943""",1
2025-03-28T06:26:41.184Z,0,rayyan@rayyan.ai,153493681,"""__SYSTEM__SAMPLE__68d2ca5a6f813c5aa820c74cf5c9ce2e_16943""",1
2025-03-28T06:26:41.184Z,0,rayyan@rayyan.ai,153486551,"""__SYSTEM__SAMPLE__68d2ca5a6f813c5aa820c74cf5c9ce2e_16943""",1
2025-03-28T06:26:41.184Z,0,rayyan@rayyan.ai,153487299,"""__SYSTEM__SAMPLE__68d2ca5a6f813c5aa820c74cf5c9ce2e_16943""",1
2025-03-28T06:26:41.184Z,0,rayyan@rayyan.ai,153487497,"""__SYSTEM__SAMPLE__68d2ca5a6f813c5aa820c74cf5c9ce2e_16943""",1
2025-03-28T06:26:41.184Z,0,rayyan@rayyan.ai,153491966,"""__SYSTEM__SAMPLE__68d2ca5a6f813c5aa820c74cf5c9ce2e_16943""",1
2025-03-28T06:26:41.184Z,0,rayyan@rayyan.ai,153489675,"""__SYSTEM__SAMPLE__68d2ca5a6f813c5aa820c74cf5c9ce2e_16943""",1
2025-03-28T06:26:41.184Z,0,rayyan@rayyan.ai,153492767,"""__SYSTEM__SAMPLE__68d2ca5a6f813c5aa820c74cf5c9ce2e_16943""",1
2025-03-28T06:26:41.184Z,0,rayyan@rayyan.ai,153489284,"""__SYSTEM__SAMPLE__68d2ca5a6f813c5aa820c74cf5c9ce2e_16943""",1
2025-03-28T06:26:41.184Z,0,rayyan@rayyan.ai,153487601,"""__SYSTEM__SAMPLE__68d2ca5a6f813c5aa820c74cf5c9ce2e_16943""",1
2025-03-28T06:26:41.184Z,0,rayyan@rayyan.ai,153490011,"""__SYSTEM__SAMPLE__68d2ca5a6f813c5aa820c74cf5c9ce2e_16943""",1
2025-03-28T06:26:41.184Z,0,rayyan@rayyan.ai,153489131,"""__SYSTEM__SAMPLE__68d2ca5a6f813c5aa820c74cf5c9ce2e_16943""",1
2025-03-28T06:26:41.184Z,0,rayyan@rayyan.ai,153485158,"""__SYSTEM__SAMPLE__68d2ca5a6f813c5aa820c74cf5c9ce2e_16943""",1
2025-03-28T06:26:41.184Z,0,rayyan@rayyan.ai,153489523,"""__SYSTEM__SAMPLE__68d2ca5a6f813c5aa820c74cf5c9ce2e_16943""",1
2025-03-28T06:26:41.184Z,0,rayyan@rayyan.ai,153486961,"""__SYSTEM__SAMPLE__68d2ca5a6f813c5aa820c74cf5c9ce2e_16943""",1
2025-03-28T06:26:41.184Z,0,rayyan@rayyan.ai,153497950,"""__SYSTEM__SAMPLE__68d2ca5a6f813c5aa820c74cf5c9ce2e_16943""",1
2025-03-28T06:26:41.184Z,0,rayyan@rayyan.ai,153496155,"""__SYSTEM__SAMPLE__68d2ca5a6f813c5aa820c74cf5c9ce2e_16943""",1
2025-03-28T06:26:41.184Z,0,rayyan@rayyan.ai,153486187,"""__SYSTEM__SAMPLE__68d2ca5a6f813c5aa820c74cf5c9ce2e_16943""",1
2025-03-28T06:26:41.184Z,0,rayyan@rayyan.ai,153496160,"""__SYSTEM__SAMPLE__68d2ca5a6f813c5aa820c74cf5c9ce2e_16943""",1
2025-03-28T06:26:41.217Z,0,rayyan@rayyan.ai,83177871,"""__SYSTEM__SAMPLE__68d2ca5a6f813c5aa820c74cf5c9ce2e_16943""",1
2025-03-28T06:26:41.217Z,0,rayyan@rayyan.ai,153490582,"""__SYSTEM__SAMPLE__68d2ca5a6f813c5aa820c74cf5c9ce2e_16943""",1
2025-03-28T06:26:41.217Z,0,rayyan@rayyan.ai,153495954,"""__SYSTEM__SAMPLE__68d2ca5a6f813c5aa820c74cf5c9ce2e_16943""",1
2025-03-28T06:26:41.217Z,0,rayyan@rayyan.ai,153488259,"""__SYSTEM__SAMPLE__68d2ca5a6f813c5aa820c74cf5c9ce2e_16943""",1
2025-03-28T06:26:41.217Z,0,rayyan@rayyan.ai,153491676,"""__SYSTEM__SAMPLE__68d2ca5a6f813c5aa820c74cf5c9ce2e_16943""",1
2025-03-28T06:26:41.217Z,0,rayyan@rayyan.ai,153488238,"""__SYSTEM__SAMPLE__68d2ca5a6f813c5aa820c74cf5c9ce2e_16943""",1
2025-03-28T06:26:41.217Z,0,rayyan@rayyan.ai,153491939,"""__SYSTEM__SAMPLE__68d2ca5a6f813c5aa820c74cf5c9ce2e_16943""",1
2025-03-28T06:26:41.217Z,0,rayyan@rayyan.ai,153490109,"""__SYSTEM__SAMPLE__68d2ca5a6f813c5aa820c74cf5c9ce2e_16943""",1
2025-03-28T06:26:41.217Z,0,rayyan@rayyan.ai,153495371,"""__SYSTEM__SAMPLE__68d2ca5a6f813c5aa820c74cf5c9ce2e_16943""",1
2025-03-28T06:26:41.217Z,0,rayyan@rayyan.ai,153486945,"""__SYSTEM__SAMPLE__68d2ca5a6f813c5aa820c74cf5c9ce2e_16943""",1
2025-03-28T06:26:41.217Z,0,rayyan@rayyan.ai,153487805,"""__SYSTEM__SAMPLE__68d2ca5a6f813c5aa820c74cf5c9ce2e_16943""",1
2025-03-28T06:26:41.217Z,0,rayyan@rayyan.ai,153485365,"""__SYSTEM__SAMPLE__68d2ca5a6f813c5aa820c74cf5c9ce2e_16943""",1
2025-03-28T06:26:41.217Z,0,rayyan@rayyan.ai,153493778,"""__SYSTEM__SAMPLE__68d2ca5a6f813c5aa820c74cf5c9ce2e_16943""",1
2025-03-28T06:26:41.217Z,0,rayyan@rayyan.ai,153485673,"""__SYSTEM__SAMPLE__68d2ca5a6f813c5aa820c74cf5c9ce2e_16943""",1
2025-03-28T06:26:41.217Z,0,rayyan@rayyan.ai,153488522,"""__SYSTEM__SAMPLE__68d2ca5a6f813c5aa820c74cf5c9ce2e_16943""",1
2025-03-28T06:26:41.217Z,0,rayyan@rayyan.ai,153485360,"""__SYSTEM__SAMPLE__68d2ca5a6f813c5aa820c74cf5c9ce2e_16943""",1
2025-03-28T06:26:41.217Z,0,rayyan@rayyan.ai,153495286,"""__SYSTEM__SAMPLE__68d2ca5a6f813c5aa820c74cf5c9ce2e_16943""",1
2025-03-28T06:26:41.217Z,0,rayyan@rayyan.ai,153487741,"""__SYSTEM__SAMPLE__68d2ca5a6f813c5aa820c74cf5c9ce2e_16943""",1
2025-03-28T06:26:41.217Z,0,rayyan@rayyan.ai,153487334,"""__SYSTEM__SAMPLE__68d2ca5a6f813c5aa820c74cf5c9ce2e_16943""",1
2025-03-28T06:26:41.217Z,0,rayyan@rayyan.ai,153485755,"""__SYSTEM__SAMPLE__68d2ca5a6f813c5aa820c74cf5c9ce2e_16943""",1
2025-03-28T06:26:41.217Z,0,rayyan@rayyan.ai,153490844,"""__SYSTEM__SAMPLE__68d2ca5a6f813c5aa820c74cf5c9ce2e_16943""",1
2025-03-28T06:26:41.217Z,0,rayyan@rayyan.ai,153497608,"""__SYSTEM__SAMPLE__68d2ca5a6f813c5aa820c74cf5c9ce2e_16943""",1
2025-03-28T06:26:41.290Z,0,rayyan@rayyan.ai,153488929,"""__SYSTEM__SAMPLE__68d2ca5a6f813c5aa820c74cf5c9ce2e_16943""",1
2025-03-28T06:26:41.290Z,0,rayyan@rayyan.ai,153487150,"""__SYSTEM__SAMPLE__68d2ca5a6f813c5aa820c74cf5c9ce2e_16943""",1
2025-03-28T06:26:41.290Z,0,rayyan@rayyan.ai,153486041,"""__SYSTEM__SAMPLE__68d2ca5a6f813c5aa820c74cf5c9ce2e_16943""",1
2025-03-28T06:26:41.290Z,0,rayyan@rayyan.ai,153489170,"""__SYSTEM__SAMPLE__68d2ca5a6f813c5aa820c74cf5c9ce2e_16943""",1
2025-03-28T06:26:41.290Z,0,rayyan@rayyan.ai,153488127,"""__SYSTEM__SAMPLE__68d2ca5a6f813c5aa820c74cf5c9ce2e_16943""",1
2025-03-28T06:26:41.290Z,0,rayyan@rayyan.ai,153492909,"""__SYSTEM__SAMPLE__68d2ca5a6f813c5aa820c74cf5c9ce2e_16943""",1
2025-03-28T06:26:41.290Z,0,rayyan@rayyan.ai,153485498,"""__SYSTEM__SAMPLE__68d2ca5a6f813c5aa820c74cf5c9ce2e_16943""",1
2025-03-28T06:26:41.290Z,0,rayyan@rayyan.ai,153497695,"""__SYSTEM__SAMPLE__68d2ca5a6f813c5aa820c74cf5c9ce2e_16943""",1
2025-03-28T06:26:41.290Z,0,rayyan@rayyan.ai,153489487,"""__SYSTEM__SAMPLE__68d2ca5a6f813c5aa820c74cf5c9ce2e_16943""",1
2025-03-28T06:26:41.290Z,0,rayyan@rayyan.ai,153485736,"""__SYSTEM__SAMPLE__68d2ca5a6f813c5aa820c74cf5c9ce2e_16943""",1
2025-03-28T06:26:41.290Z,0,rayyan@rayyan.ai,153485283,"""__SYSTEM__SAMPLE__68d2ca5a6f813c5aa820c74cf5c9ce2e_16943""",1
2025-03-28T06:26:41.290Z,0,rayyan@rayyan.ai,153485551,"""__SYSTEM__SAMPLE__68d2ca5a6f813c5aa820c74cf5c9ce2e_16943""",1
2025-03-28T06:26:41.290Z,0,rayyan@rayyan.ai,153486539,"""__SYSTEM__SAMPLE__68d2ca5a6f813c5aa820c74cf5c9ce2e_16943""",1
2025-03-28T06:26:41.290Z,0,rayyan@rayyan.ai,153487806,"""__SYSTEM__SAMPLE__68d2ca5a6f813c5aa820c74cf5c9ce2e_16943""",1
2025-03-28T06:26:41.290Z,0,rayyan@rayyan.ai,153490423,"""__SYSTEM__SAMPLE__68d2ca5a6f813c5aa820c74cf5c9ce2e_16943""",1
2025-03-28T06:26:41.290Z,0,rayyan@rayyan.ai,153491837,"""__SYSTEM__SAMPLE__68d2ca5a6f813c5aa820c74cf5c9ce2e_16943""",1
2025-03-28T06:26:41.290Z,0,rayyan@rayyan.ai,153493967,"""__SYSTEM__SAMPLE__68d2ca5a6f813c5aa820c74cf5c9ce2e_16943""",1
2025-03-28T06:26:41.290Z,0,rayyan@rayyan.ai,153486241,"""__SYSTEM__SAMPLE__68d2ca5a6f813c5aa820c74cf5c9ce2e_16943""",1
2025-03-28T06:26:41.290Z,0,rayyan@rayyan.ai,153485621,"""__SYSTEM__SAMPLE__68d2ca5a6f813c5aa820c74cf5c9ce2e_16943""",1
2025-03-28T06:26:41.290Z,0,rayyan@rayyan.ai,153491503,"""__SYSTEM__SAMPLE__68d2ca5a6f813c5aa820c74cf5c9ce2e_16943""",1
2025-03-28T06:26:41.290Z,0,rayyan@rayyan.ai,153495097,"""__SYSTEM__SAMPLE__68d2ca5a6f813c5aa820c74cf5c9ce2e_16943""",1
2025-03-28T06:26:41.326Z,0,rayyan@rayyan.ai,153487101,"""__SYSTEM__SAMPLE__68d2ca5a6f813c5aa820c74cf5c9ce2e_16943""",1
2025-03-28T06:26:41.326Z,0,rayyan@rayyan.ai,153490179,"""__SYSTEM__SAMPLE__68d2ca5a6f813c5aa820c74cf5c9ce2e_16943""",1
2025-03-28T06:26:41.326Z,0,rayyan@rayyan.ai,153494688,"""__SYSTEM__SAMPLE__68d2ca5a6f813c5aa820c74cf5c9ce2e_16943""",1
2025-03-28T06:26:41.326Z,0,rayyan@rayyan.ai,153495221,"""__SYSTEM__SAMPLE__68d2ca5a6f813c5aa820c74cf5c9ce2e_16943""",1
2025-03-28T06:26:41.326Z,0,rayyan@rayyan.ai,153489635,"""__SYSTEM__SAMPLE__68d2ca5a6f813c5aa820c74cf5c9ce2e_16943""",1
2025-03-28T06:26:41.326Z,0,rayyan@rayyan.ai,153485875,"""__SYSTEM__SAMPLE__68d2ca5a6f813c5aa820c74cf5c9ce2e_16943""",1
2025-03-28T06:26:41.326Z,0,rayyan@rayyan.ai,153487064,"""__SYSTEM__SAMPLE__68d2ca5a6f813c5aa820c74cf5c9ce2e_16943""",1
2025-03-28T06:26:41.326Z,0,rayyan@rayyan.ai,153489421,"""__SYSTEM__SAMPLE__68d2ca5a6f813c5aa820c74cf5c9ce2e_16943""",1
2025-03-28T06:26:41.326Z,0,rayyan@rayyan.ai,153489847,"""__SYSTEM__SAMPLE__68d2ca5a6f813c5aa820c74cf5c9ce2e_16943""",1
2025-03-28T06:26:41.326Z,0,rayyan@rayyan.ai,153495540,"""__SYSTEM__SAMPLE__68d2ca5a6f813c5aa820c74cf5c9ce2e_16943""",1
2025-03-28T06:26:41.326Z,0,rayyan@rayyan.ai,83177767,"""__SYSTEM__SAMPLE__68d2ca5a6f813c5aa820c74cf5c9ce2e_16943""",1
2025-03-28T06:26:41.326Z,0,rayyan@rayyan.ai,153487476,"""__SYSTEM__SAMPLE__68d2ca5a6f813c5aa820c74cf5c9ce2e_16943""",1
2025-03-28T06:26:41.326Z,0,rayyan@rayyan.ai,153485625,"""__SYSTEM__SAMPLE__68d2ca5a6f813c5aa820c74cf5c9ce2e_16943""",1
2025-03-28T06:26:41.326Z,0,rayyan@rayyan.ai,153492334,"""__SYSTEM__SAMPLE__68d2ca5a6f813c5aa820c74cf5c9ce2e_16943""",1
2025-03-28T06:26:41.326Z,0,rayyan@rayyan.ai,153492739,"""__SYSTEM__SAMPLE__68d2ca5a6f813c5aa820c74cf5c9ce2e_16943""",1
2025-03-28T06:26:41.326Z,0,rayyan@rayyan.ai,153492076,"""__SYSTEM__SAMPLE__68d2ca5a6f813c5aa820c74cf5c9ce2e_16943""",1
2025-03-28T06:26:41.326Z,0,rayyan@rayyan.ai,153495620,"""__SYSTEM__SAMPLE__68d2ca5a6f813c5aa820c74cf5c9ce2e_16943""",1
2025-03-28T06:26:41.326Z,0,rayyan@rayyan.ai,153497927,"""__SYSTEM__SAMPLE__68d2ca5a6f813c5aa820c74cf5c9ce2e_16943""",1
2025-03-28T06:26:41.326Z,0,rayyan@rayyan.ai,153489997,"""__SYSTEM__SAMPLE__68d2ca5a6f813c5aa820c74cf5c9ce2e_16943""",1
2025-03-28T06:26:41.326Z,0,rayyan@rayyan.ai,153488893,"""__SYSTEM__SAMPLE__68d2ca5a6f813c5aa820c74cf5c9ce2e_16943""",1
2025-03-28T06:26:41.364Z,0,rayyan@rayyan.ai,153494769,"""__SYSTEM__SAMPLE__68d2ca5a6f813c5aa820c74cf5c9ce2e_16943""",1
2025-03-28T06:26:41.364Z,0,rayyan@rayyan.ai,153485587,"""__SYSTEM__SAMPLE__68d2ca5a6f813c5aa820c74cf5c9ce2e_16943""",1
2025-03-28T06:26:41.364Z,0,rayyan@rayyan.ai,153493955,"""__SYSTEM__SAMPLE__68d2ca5a6f813c5aa820c74cf5c9ce2e_16943""",1
2025-03-28T06:26:41.364Z,0,rayyan@rayyan.ai,153492215,"""__SYSTEM__SAMPLE__68d2ca5a6f813c5aa820c74cf5c9ce2e_16943""",1
2025-03-28T06:26:41.364Z,0,rayyan@rayyan.ai,153491834,"""__SYSTEM__SAMPLE__68d2ca5a6f813c5aa820c74cf5c9ce2e_16943""",1
2025-03-28T06:26:41.364Z,0,rayyan@rayyan.ai,153495659,"""__SYSTEM__SAMPLE__68d2ca5a6f813c5aa820c74cf5c9ce2e_16943""",1
2025-03-28T06:26:41.364Z,0,rayyan@rayyan.ai,153489303,"""__SYSTEM__SAMPLE__68d2ca5a6f813c5aa820c74cf5c9ce2e_16943""",1
2025-03-28T06:26:41.364Z,0,rayyan@rayyan.ai,153485259,"""__SYSTEM__SAMPLE__68d2ca5a6f813c5aa820c74cf5c9ce2e_16943""",1
2025-03-28T06:26:41.364Z,0,rayyan@rayyan.ai,153486737,"""__SYSTEM__SAMPLE__68d2ca5a6f813c5aa820c74cf5c9ce2e_16943""",1
2025-03-28T06:26:41.364Z,0,rayyan@rayyan.ai,153493670,"""__SYSTEM__SAMPLE__68d2ca5a6f813c5aa820c74cf5c9ce2e_16943""",1
2025-03-28T06:26:41.364Z,0,rayyan@rayyan.ai,153485813,"""__SYSTEM__SAMPLE__68d2ca5a6f813c5aa820c74cf5c9ce2e_16943""",1
2025-03-28T06:26:41.364Z,0,rayyan@rayyan.ai,153492768,"""__SYSTEM__SAMPLE__68d2ca5a6f813c5aa820c74cf5c9ce2e_16943""",1
2025-03-28T06:26:41.364Z,0,rayyan@rayyan.ai,153485433,"""__SYSTEM__SAMPLE__68d2ca5a6f813c5aa820c74cf5c9ce2e_16943""",1
2025-03-28T06:26:41.364Z,0,rayyan@rayyan.ai,153494522,"""__SYSTEM__SAMPLE__68d2ca5a6f813c5aa820c74cf5c9ce2e_16943""",1
2025-03-28T06:26:41.364Z,0,rayyan@rayyan.ai,153495089,"""__SYSTEM__SAMPLE__68d2ca5a6f813c5aa820c74cf5c9ce2e_16943""",1
2025-03-28T06:26:41.406Z,0,rayyan@rayyan.ai,153493241,"""__SYSTEM__SAMPLE__68d2ca5a6f813c5aa820c74cf5c9ce2e_16943""",1
2025-03-28T06:26:41.406Z,0,rayyan@rayyan.ai,153486479,"""__SYSTEM__SAMPLE__68d2ca5a6f813c5aa820c74cf5c9ce2e_16943""",1
2025-03-28T06:26:41.406Z,0,rayyan@rayyan.ai,153487970,"""__SYSTEM__SAMPLE__68d2ca5a6f813c5aa820c74cf5c9ce2e_16943""",1
2025-03-28T06:26:41.406Z,0,rayyan@rayyan.ai,153497953,"""__SYSTEM__SAMPLE__68d2ca5a6f813c5aa820c74cf5c9ce2e_16943""",1
2025-03-28T06:26:41.406Z,0,rayyan@rayyan.ai,153494638,"""__SYSTEM__SAMPLE__68d2ca5a6f813c5aa820c74cf5c9ce2e_16943""",1
2025-03-28T06:26:41.406Z,0,rayyan@rayyan.ai,153487475,"""__SYSTEM__SAMPLE__68d2ca5a6f813c5aa820c74cf5c9ce2e_16943""",1
2025-03-28T06:26:41.406Z,0,rayyan@rayyan.ai,153485519,"""__SYSTEM__SAMPLE__68d2ca5a6f813c5aa820c74cf5c9ce2e_16943""",1
2025-03-28T06:26:41.406Z,0,rayyan@rayyan.ai,153486937,"""__SYSTEM__SAMPLE__68d2ca5a6f813c5aa820c74cf5c9ce2e_16943""",1
2025-03-28T06:26:41.406Z,0,rayyan@rayyan.ai,153490471,"""__SYSTEM__SAMPLE__68d2ca5a6f813c5aa820c74cf5c9ce2e_16943""",1
2025-03-28T06:26:41.406Z,0,rayyan@rayyan.ai,153492468,"""__SYSTEM__SAMPLE__68d2ca5a6f813c5aa820c74cf5c9ce2e_16943""",1
2025-03-28T06:26:41.406Z,0,rayyan@rayyan.ai,153489871,"""__SYSTEM__SAMPLE__68d2ca5a6f813c5aa820c74cf5c9ce2e_16943""",1
2025-03-28T06:26:41.406Z,0,rayyan@rayyan.ai,153495627,"""__SYSTEM__SAMPLE__68d2ca5a6f813c5aa820c74cf5c9ce2e_16943""",1
2025-03-28T06:26:41.406Z,0,rayyan@rayyan.ai,153487055,"""__SYSTEM__SAMPLE__68d2ca5a6f813c5aa820c74cf5c9ce2e_16943""",1
2025-03-28T06:26:41.406Z,0,rayyan@rayyan.ai,153485988,"""__SYSTEM__SAMPLE__68d2ca5a6f813c5aa820c74cf5c9ce2e_16943""",1
2025-03-28T06:26:41.406Z,0,rayyan@rayyan.ai,153488818,"""__SYSTEM__SAMPLE__68d2ca5a6f813c5aa820c74cf5c9ce2e_16943""",1
2025-03-28T06:26:41.406Z,0,rayyan@rayyan.ai,153485959,"""__SYSTEM__SAMPLE__68d2ca5a6f813c5aa820c74cf5c9ce2e_16943""",1
2025-03-28T06:26:41.406Z,0,rayyan@rayyan.ai,153488556,"""__SYSTEM__SAMPLE__68d2ca5a6f813c5aa820c74cf5c9ce2e_16943""",1
2025-03-28T06:26:41.406Z,0,rayyan@rayyan.ai,153489441,"""__SYSTEM__SAMPLE__68d2ca5a6f813c5aa820c74cf5c9ce2e_16943""",1
2025-03-28T06:26:41.406Z,0,rayyan@rayyan.ai,153489532,"""__SYSTEM__SAMPLE__68d2ca5a6f813c5aa820c74cf5c9ce2e_16943""",1
2025-03-28T06:26:41.406Z,0,rayyan@rayyan.ai,153487696,"""__SYSTEM__SAMPLE__68d2ca5a6f813c5aa820c74cf5c9ce2e_16943""",1
2025-03-28T06:26:41.449Z,0,rayyan@rayyan.ai,153487364,"""__SYSTEM__SAMPLE__68d2ca5a6f813c5aa820c74cf5c9ce2e_16943""",1
2025-03-28T06:26:41.449Z,0,rayyan@rayyan.ai,153496075,"""__SYSTEM__SAMPLE__68d2ca5a6f813c5aa820c74cf5c9ce2e_16943""",1
2025-03-28T06:26:41.449Z,0,rayyan@rayyan.ai,153490410,"""__SYSTEM__SAMPLE__68d2ca5a6f813c5aa820c74cf5c9ce2e_16943""",1
2025-03-28T06:26:41.449Z,0,rayyan@rayyan.ai,153493260,"""__SYSTEM__SAMPLE__68d2ca5a6f813c5aa820c74cf5c9ce2e_16943""",1
2025-03-28T06:26:41.449Z,0,rayyan@rayyan.ai,153488427,"""__SYSTEM__SAMPLE__68d2ca5a6f813c5aa820c74cf5c9ce2e_16943""",1
2025-03-28T06:26:41.449Z,0,rayyan@rayyan.ai,153489735,"""__SYSTEM__SAMPLE__68d2ca5a6f813c5aa820c74cf5c9ce2e_16943""",1
2025-03-28T06:26:41.449Z,0,rayyan@rayyan.ai,153487052,"""__SYSTEM__SAMPLE__68d2ca5a6f813c5aa820c74cf5c9ce2e_16943""",1
2025-03-28T06:26:41.449Z,0,rayyan@rayyan.ai,153490329,"""__SYSTEM__SAMPLE__68d2ca5a6f813c5aa820c74cf5c9ce2e_16943""",1
2025-03-28T06:26:41.449Z,0,rayyan@rayyan.ai,153487992,"""__SYSTEM__SAMPLE__68d2ca5a6f813c5aa820c74cf5c9ce2e_16943""",1
2025-03-28T06:26:41.449Z,0,rayyan@rayyan.ai,153489927,"""__SYSTEM__SAMPLE__68d2ca5a6f813c5aa820c74cf5c9ce2e_16943""",1
2025-03-28T06:26:41.449Z,0,rayyan@rayyan.ai,153491944,"""__SYSTEM__SAMPLE__68d2ca5a6f813c5aa820c74cf5c9ce2e_16943""",1
2025-03-28T06:26:41.449Z,0,rayyan@rayyan.ai,153485830,"""__SYSTEM__SAMPLE__68d2ca5a6f813c5aa820c74cf5c9ce2e_16943""",1
2025-03-28T06:26:41.489Z,0,rayyan@rayyan.ai,153486941,"""__SYSTEM__SAMPLE__68d2ca5a6f813c5aa820c74cf5c9ce2e_16943""",1
2025-03-28T06:26:41.489Z,0,rayyan@rayyan.ai,153492090,"""__SYSTEM__SAMPLE__68d2ca5a6f813c5aa820c74cf5c9ce2e_16943""",1
2025-03-28T06:26:41.489Z,0,rayyan@rayyan.ai,153490372,"""__SYSTEM__SAMPLE__68d2ca5a6f813c5aa820c74cf5c9ce2e_16943""",1
2025-03-28T06:26:41.489Z,0,rayyan@rayyan.ai,153492977,"""__SYSTEM__SAMPLE__68d2ca5a6f813c5aa820c74cf5c9ce2e_16943""",1
2025-03-28T06:26:41.489Z,0,rayyan@rayyan.ai,83177878,"""__SYSTEM__SAMPLE__68d2ca5a6f813c5aa820c74cf5c9ce2e_16943""",1
2025-03-28T06:26:41.489Z,0,rayyan@rayyan.ai,153494656,"""__SYSTEM__SAMPLE__68d2ca5a6f813c5aa820c74cf5c9ce2e_16943""",1
2025-03-28T06:26:41.489Z,0,rayyan@rayyan.ai,153489257,"""__SYSTEM__SAMPLE__68d2ca5a6f813c5aa820c74cf5c9ce2e_16943""",1
2025-03-28T06:26:41.489Z,0,rayyan@rayyan.ai,153486571,"""__SYSTEM__SAMPLE__68d2ca5a6f813c5aa820c74cf5c9ce2e_16943""",1
2025-03-28T06:26:41.489Z,0,rayyan@rayyan.ai,153489992,"""__SYSTEM__SAMPLE__68d2ca5a6f813c5aa820c74cf5c9ce2e_16943""",1
2025-03-28T06:26:41.489Z,0,rayyan@rayyan.ai,153488118,"""__SYSTEM__SAMPLE__68d2ca5a6f813c5aa820c74cf5c9ce2e_16943""",1
2025-03-28T06:26:41.489Z,0,rayyan@rayyan.ai,153485269,"""__SYSTEM__SAMPLE__68d2ca5a6f813c5aa820c74cf5c9ce2e_16943""",1
2025-03-28T06:26:41.489Z,0,rayyan@rayyan.ai,153492679,"""__SYSTEM__SAMPLE__68d2ca5a6f813c5aa820c74cf5c9ce2e_16943""",1
2025-03-28T06:26:41.489Z,0,rayyan@rayyan.ai,153493938,"""__SYSTEM__SAMPLE__68d2ca5a6f813c5aa820c74cf5c9ce2e_16943""",1
2025-03-28T06:26:41.489Z,0,rayyan@rayyan.ai,153485258,"""__SYSTEM__SAMPLE__68d2ca5a6f813c5aa820c74cf5c9ce2e_16943""",1
2025-03-28T06:26:41.489Z,0,rayyan@rayyan.ai,153487701,"""__SYSTEM__SAMPLE__68d2ca5a6f813c5aa820c74cf5c9ce2e_16943""",1
2025-03-28T06:26:41.489Z,0,rayyan@rayyan.ai,153489344,"""__SYSTEM__SAMPLE__68d2ca5a6f813c5aa820c74cf5c9ce2e_16943""",1
2025-03-28T06:26:41.489Z,0,rayyan@rayyan.ai,153491513,"""__SYSTEM__SAMPLE__68d2ca5a6f813c5aa820c74cf5c9ce2e_16943""",1
2025-03-28T06:26:41.489Z,0,rayyan@rayyan.ai,153495453,"""__SYSTEM__SAMPLE__68d2ca5a6f813c5aa820c74cf5c9ce2e_16943""",1
2025-03-28T06:26:41.527Z,0,rayyan@rayyan.ai,153485691,"""__SYSTEM__SAMPLE__68d2ca5a6f813c5aa820c74cf5c9ce2e_16943""",1
2025-03-28T06:26:41.527Z,0,rayyan@rayyan.ai,153493844,"""__SYSTEM__SAMPLE__68d2ca5a6f813c5aa820c74cf5c9ce2e_16943""",1
2025-03-28T06:26:41.527Z,0,rayyan@rayyan.ai,153489610,"""__SYSTEM__SAMPLE__68d2ca5a6f813c5aa820c74cf5c9ce2e_16943""",1
2025-03-28T06:26:41.527Z,0,rayyan@rayyan.ai,153492128,"""__SYSTEM__SAMPLE__68d2ca5a6f813c5aa820c74cf5c9ce2e_16943""",1
2025-03-28T06:26:41.527Z,0,rayyan@rayyan.ai,153490172,"""__SYSTEM__SAMPLE__68d2ca5a6f813c5aa820c74cf5c9ce2e_16943""",1
2025-03-28T06:26:41.527Z,0,rayyan@rayyan.ai,153486365,"""__SYSTEM__SAMPLE__68d2ca5a6f813c5aa820c74cf5c9ce2e_16943""",1
2025-03-28T06:26:41.527Z,0,rayyan@rayyan.ai,83177884,"""__SYSTEM__SAMPLE__68d2ca5a6f813c5aa820c74cf5c9ce2e_16943""",1
2025-03-28T06:26:41.527Z,0,rayyan@rayyan.ai,153487152,"""__SYSTEM__SAMPLE__68d2ca5a6f813c5aa820c74cf5c9ce2e_16943""",1
2025-03-28T06:26:41.527Z,0,rayyan@rayyan.ai,153488937,"""__SYSTEM__SAMPLE__68d2ca5a6f813c5aa820c74cf5c9ce2e_16943""",1
2025-03-28T06:26:41.527Z,0,rayyan@rayyan.ai,153487172,"""__SYSTEM__SAMPLE__68d2ca5a6f813c5aa820c74cf5c9ce2e_16943""",1
2025-03-28T06:26:41.527Z,0,rayyan@rayyan.ai,153497622,"""__SYSTEM__SAMPLE__68d2ca5a6f813c5aa820c74cf5c9ce2e_16943""",1
2025-03-28T06:26:41.527Z,0,rayyan@rayyan.ai,153489118,"""__SYSTEM__SAMPLE__68d2ca5a6f813c5aa820c74cf5c9ce2e_16943""",1
2025-03-28T06:26:41.527Z,0,rayyan@rayyan.ai,153491492,"""__SYSTEM__SAMPLE__68d2ca5a6f813c5aa820c74cf5c9ce2e_16943""",1
2025-03-28T06:26:41.527Z,0,rayyan@rayyan.ai,153492196,"""__SYSTEM__SAMPLE__68d2ca5a6f813c5aa820c74cf5c9ce2e_16943""",1
2025-03-28T06:26:41.527Z,0,rayyan@rayyan.ai,153491932,"""__SYSTEM__SAMPLE__68d2ca5a6f813c5aa820c74cf5c9ce2e_16943""",1
2025-03-28T06:26:41.527Z,0,rayyan@rayyan.ai,153485984,"""__SYSTEM__SAMPLE__68d2ca5a6f813c5aa820c74cf5c9ce2e_16943""",1
2025-03-28T06:26:41.527Z,0,rayyan@rayyan.ai,153486783,"""__SYSTEM__SAMPLE__68d2ca5a6f813c5aa820c74cf5c9ce2e_16943""",1
2025-03-28T06:26:41.527Z,0,rayyan@rayyan.ai,83177735,"""__SYSTEM__SAMPLE__68d2ca5a6f813c5aa820c74cf5c9ce2e_16943""",1
2025-03-28T06:26:41.527Z,0,rayyan@rayyan.ai,153493129,"""__SYSTEM__SAMPLE__68d2ca5a6f813c5aa820c74cf5c9ce2e_16943""",1
2025-03-28T06:26:41.527Z,0,rayyan@rayyan.ai,153489396,"""__SYSTEM__SAMPLE__68d2ca5a6f813c5aa820c74cf5c9ce2e_16943""",1
2025-03-28T06:26:41.527Z,0,rayyan@rayyan.ai,153493186,"""__SYSTEM__SAMPLE__68d2ca5a6f813c5aa820c74cf5c9ce2e_16943""",1
2025-03-28T06:26:41.527Z,0,rayyan@rayyan.ai,153488385,"""__SYSTEM__SAMPLE__68d2ca5a6f813c5aa820c74cf5c9ce2e_16943""",1
2025-03-28T06:26:41.527Z,0,rayyan@rayyan.ai,153487304,"""__SYSTEM__SAMPLE__68d2ca5a6f813c5aa820c74cf5c9ce2e_16943""",1
2025-03-28T06:26:41.527Z,0,rayyan@rayyan.ai,153487793,"""__SYSTEM__SAMPLE__68d2ca5a6f813c5aa820c74cf5c9ce2e_16943""",1
2025-03-28T06:26:41.527Z,0,rayyan@rayyan.ai,153491578,"""__SYSTEM__SAMPLE__68d2ca5a6f813c5aa820c74cf5c9ce2e_16943""",1
2025-03-28T06:26:41.527Z,0,rayyan@rayyan.ai,153494476,"""__SYSTEM__SAMPLE__68d2ca5a6f813c5aa820c74cf5c9ce2e_16943""",1
2025-03-28T06:26:41.607Z,0,rayyan@rayyan.ai,153489431,"""__SYSTEM__SAMPLE__68d2ca5a6f813c5aa820c74cf5c9ce2e_16943""",1
2025-03-28T06:26:41.607Z,0,rayyan@rayyan.ai,153488908,"""__SYSTEM__SAMPLE__68d2ca5a6f813c5aa820c74cf5c9ce2e_16943""",1
2025-03-28T06:26:41.607Z,0,rayyan@rayyan.ai,153487036,"""__SYSTEM__SAMPLE__68d2ca5a6f813c5aa820c74cf5c9ce2e_16943""",1
2025-03-28T06:26:41.607Z,0,rayyan@rayyan.ai,153487445,"""__SYSTEM__SAMPLE__68d2ca5a6f813c5aa820c74cf5c9ce2e_16943""",1
2025-03-28T06:26:41.607Z,0,rayyan@rayyan.ai,153489351,"""__SYSTEM__SAMPLE__68d2ca5a6f813c5aa820c74cf5c9ce2e_16943""",1
2025-03-28T06:26:41.607Z,0,rayyan@rayyan.ai,153489922,"""__SYSTEM__SAMPLE__68d2ca5a6f813c5aa820c74cf5c9ce2e_16943""",1
2025-03-28T06:26:41.607Z,0,rayyan@rayyan.ai,153495491,"""__SYSTEM__SAMPLE__68d2ca5a6f813c5aa820c74cf5c9ce2e_16943""",1
2025-03-28T06:26:41.607Z,0,rayyan@rayyan.ai,153497879,"""__SYSTEM__SAMPLE__68d2ca5a6f813c5aa820c74cf5c9ce2e_16943""",1
2025-03-28T06:26:41.607Z,0,rayyan@rayyan.ai,153486884,"""__SYSTEM__SAMPLE__68d2ca5a6f813c5aa820c74cf5c9ce2e_16943""",1
2025-03-28T06:26:41.607Z,0,rayyan@rayyan.ai,153493134,"""__SYSTEM__SAMPLE__68d2ca5a6f813c5aa820c74cf5c9ce2e_16943""",1
2025-03-28T06:26:41.607Z,0,rayyan@rayyan.ai,153488069,"""__SYSTEM__SAMPLE__68d2ca5a6f813c5aa820c74cf5c9ce2e_16943""",1
2025-03-28T06:26:41.607Z,0,rayyan@rayyan.ai,153491765,"""__SYSTEM__SAMPLE__68d2ca5a6f813c5aa820c74cf5c9ce2e_16943""",1
2025-03-28T06:26:41.607Z,0,rayyan@rayyan.ai,153493943,"""__SYSTEM__SAMPLE__68d2ca5a6f813c5aa820c74cf5c9ce2e_16943""",1
2025-03-28T06:26:41.607Z,0,rayyan@rayyan.ai,153492293,"""__SYSTEM__SAMPLE__68d2ca5a6f813c5aa820c74cf5c9ce2e_16943""",1
2025-03-28T06:26:41.607Z,0,rayyan@rayyan.ai,153491954,"""__SYSTEM__SAMPLE__68d2ca5a6f813c5aa820c74cf5c9ce2e_16943""",1
2025-03-28T06:26:41.607Z,0,rayyan@rayyan.ai,153488428,"""__SYSTEM__SAMPLE__68d2ca5a6f813c5aa820c74cf5c9ce2e_16943""",1
2025-03-28T06:26:41.607Z,0,rayyan@rayyan.ai,153496100,"""__SYSTEM__SAMPLE__68d2ca5a6f813c5aa820c74cf5c9ce2e_16943""",1
2025-03-28T06:26:41.640Z,0,rayyan@rayyan.ai,153494120,"""__SYSTEM__SAMPLE__68d2ca5a6f813c5aa820c74cf5c9ce2e_16943""",1
2025-03-28T06:26:41.640Z,0,rayyan@rayyan.ai,153489836,"""__SYSTEM__SAMPLE__68d2ca5a6f813c5aa820c74cf5c9ce2e_16943""",1
2025-03-28T06:26:41.640Z,0,rayyan@rayyan.ai,153487203,"""__SYSTEM__SAMPLE__68d2ca5a6f813c5aa820c74cf5c9ce2e_16943""",1
2025-03-28T06:26:41.640Z,0,rayyan@rayyan.ai,153487642,"""__SYSTEM__SAMPLE__68d2ca5a6f813c5aa820c74cf5c9ce2e_16943""",1
2025-03-28T06:26:41.640Z,0,rayyan@rayyan.ai,153487242,"""__SYSTEM__SAMPLE__68d2ca5a6f813c5aa820c74cf5c9ce2e_16943""",1
2025-03-28T06:26:41.640Z,0,rayyan@rayyan.ai,153486377,"""__SYSTEM__SAMPLE__68d2ca5a6f813c5aa820c74cf5c9ce2e_16943""",1
2025-03-28T06:26:41.640Z,0,rayyan@rayyan.ai,83177869,"""__SYSTEM__SAMPLE__68d2ca5a6f813c5aa820c74cf5c9ce2e_16943""",1
2025-03-28T06:26:41.640Z,0,rayyan@rayyan.ai,153488134,"""__SYSTEM__SAMPLE__68d2ca5a6f813c5aa820c74cf5c9ce2e_16943""",1
2025-03-28T06:26:41.640Z,0,rayyan@rayyan.ai,153491141,"""__SYSTEM__SAMPLE__68d2ca5a6f813c5aa820c74cf5c9ce2e_16943""",1
2025-03-28T06:26:41.640Z,0,rayyan@rayyan.ai,153490308,"""__SYSTEM__SAMPLE__68d2ca5a6f813c5aa820c74cf5c9ce2e_16943""",1
2025-03-28T06:26:41.640Z,0,rayyan@rayyan.ai,153486742,"""__SYSTEM__SAMPLE__68d2ca5a6f813c5aa820c74cf5c9ce2e_16943""",1
2025-03-28T06:26:41.640Z,0,rayyan@rayyan.ai,153488835,"""__SYSTEM__SAMPLE__68d2ca5a6f813c5aa820c74cf5c9ce2e_16943""",1
2025-03-28T06:26:41.640Z,0,rayyan@rayyan.ai,153485930,"""__SYSTEM__SAMPLE__68d2ca5a6f813c5aa820c74cf5c9ce2e_16943""",1
2025-03-28T06:26:41.671Z,0,rayyan@rayyan.ai,153486664,"""__SYSTEM__SAMPLE__68d2ca5a6f813c5aa820c74cf5c9ce2e_16943""",1
2025-03-28T06:26:41.671Z,0,rayyan@rayyan.ai,153493174,"""__SYSTEM__SAMPLE__68d2ca5a6f813c5aa820c74cf5c9ce2e_16943""",1
2025-03-28T06:26:41.671Z,0,rayyan@rayyan.ai,153490715,"""__SYSTEM__SAMPLE__68d2ca5a6f813c5aa820c74cf5c9ce2e_16943""",1
2025-03-28T06:26:41.671Z,0,rayyan@rayyan.ai,153491918,"""__SYSTEM__SAMPLE__68d2ca5a6f813c5aa820c74cf5c9ce2e_16943""",1
2025-03-28T06:26:41.671Z,0,rayyan@rayyan.ai,153493069,"""__SYSTEM__SAMPLE__68d2ca5a6f813c5aa820c74cf5c9ce2e_16943""",1
2025-03-28T06:26:41.671Z,0,rayyan@rayyan.ai,153493889,"""__SYSTEM__SAMPLE__68d2ca5a6f813c5aa820c74cf5c9ce2e_16943""",1
2025-03-28T06:26:41.671Z,0,rayyan@rayyan.ai,153489949,"""__SYSTEM__SAMPLE__68d2ca5a6f813c5aa820c74cf5c9ce2e_16943""",1
2025-03-28T06:26:41.671Z,0,rayyan@rayyan.ai,153485174,"""__SYSTEM__SAMPLE__68d2ca5a6f813c5aa820c74cf5c9ce2e_16943""",1
2025-03-28T06:26:41.671Z,0,rayyan@rayyan.ai,153491426,"""__SYSTEM__SAMPLE__68d2ca5a6f813c5aa820c74cf5c9ce2e_16943""",1
2025-03-28T06:26:41.671Z,0,rayyan@rayyan.ai,153492102,"""__SYSTEM__SAMPLE__68d2ca5a6f813c5aa820c74cf5c9ce2e_16943""",1
2025-03-28T06:26:41.671Z,0,rayyan@rayyan.ai,153488875,"""__SYSTEM__SAMPLE__68d2ca5a6f813c5aa820c74cf5c9ce2e_16943""",1
2025-03-28T06:26:41.671Z,0,rayyan@rayyan.ai,153488568,"""__SYSTEM__SAMPLE__68d2ca5a6f813c5aa820c74cf5c9ce2e_16943""",1
2025-03-28T06:26:41.703Z,0,rayyan@rayyan.ai,153487523,"""__SYSTEM__SAMPLE__68d2ca5a6f813c5aa820c74cf5c9ce2e_16943""",1
2025-03-28T06:26:41.703Z,0,rayyan@rayyan.ai,153490422,"""__SYSTEM__SAMPLE__68d2ca5a6f813c5aa820c74cf5c9ce2e_16943""",1
2025-03-28T06:26:41.703Z,0,rayyan@rayyan.ai,153495635,"""__SYSTEM__SAMPLE__68d2ca5a6f813c5aa820c74cf5c9ce2e_16943""",1
2025-03-28T06:26:41.703Z,0,rayyan@rayyan.ai,153496109,"""__SYSTEM__SAMPLE__68d2ca5a6f813c5aa820c74cf5c9ce2e_16943""",1
2025-03-28T06:26:41.703Z,0,rayyan@rayyan.ai,153490054,"""__SYSTEM__SAMPLE__68d2ca5a6f813c5aa820c74cf5c9ce2e_16943""",1
2025-03-28T06:26:41.703Z,0,rayyan@rayyan.ai,153494785,"""__SYSTEM__SAMPLE__68d2ca5a6f813c5aa820c74cf5c9ce2e_16943""",1
2025-03-28T06:26:41.703Z,0,rayyan@rayyan.ai,153494386,"""__SYSTEM__SAMPLE__68d2ca5a6f813c5aa820c74cf5c9ce2e_16943""",1
2025-03-28T06:26:41.703Z,0,rayyan@rayyan.ai,153494734,"""__SYSTEM__SAMPLE__68d2ca5a6f813c5aa820c74cf5c9ce2e_16943""",1
2025-03-28T06:26:41.703Z,0,rayyan@rayyan.ai,153490028,"""__SYSTEM__SAMPLE__68d2ca5a6f813c5aa820c74cf5c9ce2e_16943""",1
2025-03-28T06:26:41.703Z,0,rayyan@rayyan.ai,153487218,"""__SYSTEM__SAMPLE__68d2ca5a6f813c5aa820c74cf5c9ce2e_16943""",1
2025-03-28T06:26:41.703Z,0,rayyan@rayyan.ai,153494174,"""__SYSTEM__SAMPLE__68d2ca5a6f813c5aa820c74cf5c9ce2e_16943""",1
2025-03-28T06:26:41.703Z,0,rayyan@rayyan.ai,153491332,"""__SYSTEM__SAMPLE__68d2ca5a6f813c5aa820c74cf5c9ce2e_16943""",1
2025-03-28T06:26:41.703Z,0,rayyan@rayyan.ai,153489987,"""__SYSTEM__SAMPLE__68d2ca5a6f813c5aa820c74cf5c9ce2e_16943""",1
2025-03-28T06:26:41.703Z,0,rayyan@rayyan.ai,153494264,"""__SYSTEM__SAMPLE__68d2ca5a6f813c5aa820c74cf5c9ce2e_16943""",1
2025-03-28T06:26:41.703Z,0,rayyan@rayyan.ai,153491776,"""__SYSTEM__SAMPLE__68d2ca5a6f813c5aa820c74cf5c9ce2e_16943""",1
2025-03-28T06:26:41.703Z,0,rayyan@rayyan.ai,153489207,"""__SYSTEM__SAMPLE__68d2ca5a6f813c5aa820c74cf5c9ce2e_16943""",1
2025-03-28T06:26:41.703Z,0,rayyan@rayyan.ai,153489401,"""__SYSTEM__SAMPLE__68d2ca5a6f813c5aa820c74cf5c9ce2e_16943""",1
2025-03-28T06:26:41.906Z,0,rayyan@rayyan.ai,153489516,"""__SYSTEM__SAMPLE__68d2ca5a6f813c5aa820c74cf5c9ce2e_16943""",1
2025-03-28T06:26:41.906Z,0,rayyan@rayyan.ai,153488061,"""__SYSTEM__SAMPLE__68d2ca5a6f813c5aa820c74cf5c9ce2e_16943""",1
2025-03-28T06:26:41.906Z,0,rayyan@rayyan.ai,153495821,"""__SYSTEM__SAMPLE__68d2ca5a6f813c5aa820c74cf5c9ce2e_16943""",1
2025-03-28T06:26:41.906Z,0,rayyan@rayyan.ai,153488984,"""__SYSTEM__SAMPLE__68d2ca5a6f813c5aa820c74cf5c9ce2e_16943""",1
2025-03-28T06:26:41.906Z,0,rayyan@rayyan.ai,153491013,"""__SYSTEM__SAMPLE__68d2ca5a6f813c5aa820c74cf5c9ce2e_16943""",1
2025-03-28T06:26:41.906Z,0,rayyan@rayyan.ai,153490316,"""__SYSTEM__SAMPLE__68d2ca5a6f813c5aa820c74cf5c9ce2e_16943""",1
2025-03-28T06:26:41.906Z,0,rayyan@rayyan.ai,153487293,"""__SYSTEM__SAMPLE__68d2ca5a6f813c5aa820c74cf5c9ce2e_16943""",1
2025-03-28T06:26:41.906Z,0,rayyan@rayyan.ai,153492448,"""__SYSTEM__SAMPLE__68d2ca5a6f813c5aa820c74cf5c9ce2e_16943""",1
2025-03-28T06:26:41.906Z,0,rayyan@rayyan.ai,153490556,"""__SYSTEM__SAMPLE__68d2ca5a6f813c5aa820c74cf5c9ce2e_16943""",1
2025-03-28T06:26:41.906Z,0,rayyan@rayyan.ai,153492152,"""__SYSTEM__SAMPLE__68d2ca5a6f813c5aa820c74cf5c9ce2e_16943""",1
2025-03-28T06:26:41.906Z,0,rayyan@rayyan.ai,153487392,"""__SYSTEM__SAMPLE__68d2ca5a6f813c5aa820c74cf5c9ce2e_16943""",1
2025-03-28T06:26:41.906Z,0,rayyan@rayyan.ai,153491618,"""__SYSTEM__SAMPLE__68d2ca5a6f813c5aa820c74cf5c9ce2e_16943""",1
2025-03-28T06:26:41.906Z,0,rayyan@rayyan.ai,153488670,"""__SYSTEM__SAMPLE__68d2ca5a6f813c5aa820c74cf5c9ce2e_16943""",1
2025-03-28T06:26:41.906Z,0,rayyan@rayyan.ai,153489801,"""__SYSTEM__SAMPLE__68d2ca5a6f813c5aa820c74cf5c9ce2e_16943""",1
2025-03-28T06:26:41.906Z,0,rayyan@rayyan.ai,153495284,"""__SYSTEM__SAMPLE__68d2ca5a6f813c5aa820c74cf5c9ce2e_16943""",1
2025-03-28T06:26:41.906Z,0,rayyan@rayyan.ai,153489996,"""__SYSTEM__SAMPLE__68d2ca5a6f813c5aa820c74cf5c9ce2e_16943""",1
2025-03-28T06:26:41.906Z,0,rayyan@rayyan.ai,153490896,"""__SYSTEM__SAMPLE__68d2ca5a6f813c5aa820c74cf5c9ce2e_16943""",1
2025-03-28T06:26:41.906Z,0,rayyan@rayyan.ai,153491864,"""__SYSTEM__SAMPLE__68d2ca5a6f813c5aa820c74cf5c9ce2e_16943""",1
2025-03-28T06:26:41.906Z,0,rayyan@rayyan.ai,153490801,"""__SYSTEM__SAMPLE__68d2ca5a6f813c5aa820c74cf5c9ce2e_16943""",1
2025-03-28T06:26:41.906Z,0,rayyan@rayyan.ai,153489652,"""__SYSTEM__SAMPLE__68d2ca5a6f813c5aa820c74cf5c9ce2e_16943""",1
2025-03-28T06:26:41.906Z,0,rayyan@rayyan.ai,153490389,"""__SYSTEM__SAMPLE__68d2ca5a6f813c5aa820c74cf5c9ce2e_16943""",1
2025-03-28T06:26:41.906Z,0,rayyan@rayyan.ai,153488930,"""__SYSTEM__SAMPLE__68d2ca5a6f813c5aa820c74cf5c9ce2e_16943""",1
2025-03-28T06:26:41.906Z,0,rayyan@rayyan.ai,153487012,"""__SYSTEM__SAMPLE__68d2ca5a6f813c5aa820c74cf5c9ce2e_16943""",1
2025-03-28T06:26:41.993Z,0,rayyan@rayyan.ai,153491847,"""__SYSTEM__SAMPLE__68d2ca5a6f813c5aa820c74cf5c9ce2e_16943""",1
2025-03-28T06:26:41.993Z,0,rayyan@rayyan.ai,153495946,"""__SYSTEM__SAMPLE__68d2ca5a6f813c5aa820c74cf5c9ce2e_16943""",1
2025-03-28T06:26:41.993Z,0,rayyan@rayyan.ai,153492311,"""__SYSTEM__SAMPLE__68d2ca5a6f813c5aa820c74cf5c9ce2e_16943""",1
2025-03-28T06:26:41.993Z,0,rayyan@rayyan.ai,153495755,"""__SYSTEM__SAMPLE__68d2ca5a6f813c5aa820c74cf5c9ce2e_16943""",1
2025-03-28T06:26:41.993Z,0,rayyan@rayyan.ai,153495934,"""__SYSTEM__SAMPLE__68d2ca5a6f813c5aa820c74cf5c9ce2e_16943""",1
2025-03-28T06:26:41.993Z,0,rayyan@rayyan.ai,153487129,"""__SYSTEM__SAMPLE__68d2ca5a6f813c5aa820c74cf5c9ce2e_16943""",1
2025-03-28T06:26:41.993Z,0,rayyan@rayyan.ai,153493181,"""__SYSTEM__SAMPLE__68d2ca5a6f813c5aa820c74cf5c9ce2e_16943""",1
2025-03-28T06:26:41.993Z,0,rayyan@rayyan.ai,153492130,"""__SYSTEM__SAMPLE__68d2ca5a6f813c5aa820c74cf5c9ce2e_16943""",1
2025-03-28T06:26:41.993Z,0,rayyan@rayyan.ai,153487138,"""__SYSTEM__SAMPLE__68d2ca5a6f813c5aa820c74cf5c9ce2e_16943""",1
2025-03-28T06:26:41.993Z,0,rayyan@rayyan.ai,153497858,"""__SYSTEM__SAMPLE__68d2ca5a6f813c5aa820c74cf5c9ce2e_16943""",1
2025-03-28T06:26:41.993Z,0,rayyan@rayyan.ai,153488588,"""__SYSTEM__SAMPLE__68d2ca5a6f813c5aa820c74cf5c9ce2e_16943""",1
2025-03-28T06:26:41.993Z,0,rayyan@rayyan.ai,153487639,"""__SYSTEM__SAMPLE__68d2ca5a6f813c5aa820c74cf5c9ce2e_16943""",1
2025-03-28T06:26:41.993Z,0,rayyan@rayyan.ai,153486565,"""__SYSTEM__SAMPLE__68d2ca5a6f813c5aa820c74cf5c9ce2e_16943""",1
2025-03-28T06:26:41.993Z,0,rayyan@rayyan.ai,153491805,"""__SYSTEM__SAMPLE__68d2ca5a6f813c5aa820c74cf5c9ce2e_16943""",1
2025-03-28T06:26:41.993Z,0,rayyan@rayyan.ai,153487551,"""__SYSTEM__SAMPLE__68d2ca5a6f813c5aa820c74cf5c9ce2e_16943""",1
2025-03-28T06:26:41.993Z,0,rayyan@rayyan.ai,153492346,"""__SYSTEM__SAMPLE__68d2ca5a6f813c5aa820c74cf5c9ce2e_16943""",1
2025-03-28T06:26:41.993Z,0,rayyan@rayyan.ai,153487205,"""__SYSTEM__SAMPLE__68d2ca5a6f813c5aa820c74cf5c9ce2e_16943""",1
2025-03-28T06:26:41.993Z,0,rayyan@rayyan.ai,153493097,"""__SYSTEM__SAMPLE__68d2ca5a6f813c5aa820c74cf5c9ce2e_16943""",1
2025-03-28T06:26:41.993Z,0,rayyan@rayyan.ai,153486674,"""__SYSTEM__SAMPLE__68d2ca5a6f813c5aa820c74cf5c9ce2e_16943""",1
2025-03-28T06:26:41.993Z,0,rayyan@rayyan.ai,153488096,"""__SYSTEM__SAMPLE__68d2ca5a6f813c5aa820c74cf5c9ce2e_16943""",1
2025-03-28T06:26:41.993Z,0,rayyan@rayyan.ai,153488860,"""__SYSTEM__SAMPLE__68d2ca5a6f813c5aa820c74cf5c9ce2e_16943""",1
2025-03-28T06:26:41.993Z,0,rayyan@rayyan.ai,153487289,"""__SYSTEM__SAMPLE__68d2ca5a6f813c5aa820c74cf5c9ce2e_16943""",1
2025-03-28T06:26:41.993Z,0,rayyan@rayyan.ai,153495449,"""__SYSTEM__SAMPLE__68d2ca5a6f813c5aa820c74cf5c9ce2e_16943""",1
2025-03-28T06:26:41.993Z,0,rayyan@rayyan.ai,153486592,"""__SYSTEM__SAMPLE__68d2ca5a6f813c5aa820c74cf5c9ce2e_16943""",1
2025-03-28T06:26:41.993Z,0,rayyan@rayyan.ai,153486239,"""__SYSTEM__SAMPLE__68d2ca5a6f813c5aa820c74cf5c9ce2e_16943""",1
2025-03-28T06:26:41.993Z,0,rayyan@rayyan.ai,153494602,"""__SYSTEM__SAMPLE__68d2ca5a6f813c5aa820c74cf5c9ce2e_16943""",1
2025-03-28T06:26:41.993Z,0,rayyan@rayyan.ai,153487187,"""__SYSTEM__SAMPLE__68d2ca5a6f813c5aa820c74cf5c9ce2e_16943""",1
2025-03-28T06:26:42.038Z,0,rayyan@rayyan.ai,153489067,"""__SYSTEM__SAMPLE__68d2ca5a6f813c5aa820c74cf5c9ce2e_16943""",1
2025-03-28T06:26:42.038Z,0,rayyan@rayyan.ai,153497886,"""__SYSTEM__SAMPLE__68d2ca5a6f813c5aa820c74cf5c9ce2e_16943""",1
2025-03-28T06:26:42.038Z,0,rayyan@rayyan.ai,153486965,"""__SYSTEM__SAMPLE__68d2ca5a6f813c5aa820c74cf5c9ce2e_16943""",1
2025-03-28T06:26:42.038Z,0,rayyan@rayyan.ai,153489053,"""__SYSTEM__SAMPLE__68d2ca5a6f813c5aa820c74cf5c9ce2e_16943""",1
2025-03-28T06:26:42.038Z,0,rayyan@rayyan.ai,153495431,"""__SYSTEM__SAMPLE__68d2ca5a6f813c5aa820c74cf5c9ce2e_16943""",1
2025-03-28T06:26:42.038Z,0,rayyan@rayyan.ai,153485266,"""__SYSTEM__SAMPLE__68d2ca5a6f813c5aa820c74cf5c9ce2e_16943""",1
2025-03-28T06:26:42.038Z,0,rayyan@rayyan.ai,153489119,"""__SYSTEM__SAMPLE__68d2ca5a6f813c5aa820c74cf5c9ce2e_16943""",1
2025-03-28T06:26:42.038Z,0,rayyan@rayyan.ai,153489307,"""__SYSTEM__SAMPLE__68d2ca5a6f813c5aa820c74cf5c9ce2e_16943""",1
2025-03-28T06:26:42.038Z,0,rayyan@rayyan.ai,153493173,"""__SYSTEM__SAMPLE__68d2ca5a6f813c5aa820c74cf5c9ce2e_16943""",1
2025-03-28T06:26:42.038Z,0,rayyan@rayyan.ai,153486342,"""__SYSTEM__SAMPLE__68d2ca5a6f813c5aa820c74cf5c9ce2e_16943""",1
2025-03-28T06:26:42.038Z,0,rayyan@rayyan.ai,153492835,"""__SYSTEM__SAMPLE__68d2ca5a6f813c5aa820c74cf5c9ce2e_16943""",1
2025-03-28T06:26:42.038Z,0,rayyan@rayyan.ai,153485808,"""__SYSTEM__SAMPLE__68d2ca5a6f813c5aa820c74cf5c9ce2e_16943""",1
2025-03-28T06:26:42.038Z,0,rayyan@rayyan.ai,153489648,"""__SYSTEM__SAMPLE__68d2ca5a6f813c5aa820c74cf5c9ce2e_16943""",1
2025-03-28T06:26:42.038Z,0,rayyan@rayyan.ai,153488651,"""__SYSTEM__SAMPLE__68d2ca5a6f813c5aa820c74cf5c9ce2e_16943""",1
2025-03-28T06:26:42.038Z,0,rayyan@rayyan.ai,153496037,"""__SYSTEM__SAMPLE__68d2ca5a6f813c5aa820c74cf5c9ce2e_16943""",1
2025-03-28T06:26:42.038Z,0,rayyan@rayyan.ai,153488913,"""__SYSTEM__SAMPLE__68d2ca5a6f813c5aa820c74cf5c9ce2e_16943""",1
2025-03-28T06:26:42.038Z,0,rayyan@rayyan.ai,153491541,"""__SYSTEM__SAMPLE__68d2ca5a6f813c5aa820c74cf5c9ce2e_16943""",1
2025-03-28T06:26:42.038Z,0,rayyan@rayyan.ai,153488546,"""__SYSTEM__SAMPLE__68d2ca5a6f813c5aa820c74cf5c9ce2e_16943""",1
2025-03-28T06:26:42.038Z,0,rayyan@rayyan.ai,153492849,"""__SYSTEM__SAMPLE__68d2ca5a6f813c5aa820c74cf5c9ce2e_16943""",1
2025-03-28T06:26:42.038Z,0,rayyan@rayyan.ai,153493858,"""__SYSTEM__SAMPLE__68d2ca5a6f813c5aa820c74cf5c9ce2e_16943""",1
2025-03-28T06:26:42.038Z,0,rayyan@rayyan.ai,153489688,"""__SYSTEM__SAMPLE__68d2ca5a6f813c5aa820c74cf5c9ce2e_16943""",1
2025-03-28T06:26:42.038Z,0,rayyan@rayyan.ai,153491830,"""__SYSTEM__SAMPLE__68d2ca5a6f813c5aa820c74cf5c9ce2e_16943""",1
2025-03-28T06:26:42.038Z,0,rayyan@rayyan.ai,153491984,"""__SYSTEM__SAMPLE__68d2ca5a6f813c5aa820c74cf5c9ce2e_16943""",1
2025-03-28T12:29:35.559Z,793585,c.matos@hull.ac.uk,83177869,included,0
2025-03-28T13:09:13.589Z,793585,c.matos@hull.ac.uk,153485283,"""__EXR__Not about conservation""",1
2025-03-28T13:09:13.609Z,793585,c.matos@hull.ac.uk,153485283,included,-1
2025-03-29T17:47:41.663Z,563832,alice.m.oswald@durham.ac.uk,153488427,"""__EXR__Not about Evidence use""",1
2025-03-29T17:47:41.682Z,563832,alice.m.oswald@durham.ac.uk,153488427,included,-1
2025-03-30T05:25:56.140Z,793580,valentin.moser@wsl.ch,153485519,"""__EXR__not about conservation""",1
2025-03-30T05:25:56.158Z,793580,valentin.moser@wsl.ch,153485519,included,-1
2025-03-30T05:29:47.345Z,793580,valentin.moser@wsl.ch,153485587,"""__EXR__Not about evidence use""",1
2025-03-30T05:29:47.360Z,793580,valentin.moser@wsl.ch,153485587,included,-1
2025-03-30T14:19:51.292Z,793580,valentin.moser@wsl.ch,153486539,"""__EXR__Not about policy or practice""",1
2025-03-30T14:19:51.321Z,793580,valentin.moser@wsl.ch,153486539,included,-1
2025-03-30T14:21:03.578Z,793580,valentin.moser@wsl.ch,153486551,"""__EXR__Not about evidence use""",1
2025-03-30T14:21:03.596Z,793580,valentin.moser@wsl.ch,153486551,included,-1
2025-03-30T14:30:29.594Z,793580,valentin.moser@wsl.ch,153486342,included,1
2025-03-30T14:30:52.268Z,793580,valentin.moser@wsl.ch,153486342,included,-1
2025-03-30T14:30:55.513Z,793580,valentin.moser@wsl.ch,153486342,included,1
2025-03-30T14:38:48.843Z,793580,valentin.moser@wsl.ch,153486474,included,1
2025-03-30T14:50:21.926Z,793580,valentin.moser@wsl.ch,153487012,included,1
2025-03-31T09:46:52.193Z,809822,tltk2@cam.ac.uk,153486965,"""__EXR__Not about factors that influence evidence use""",1
2025-03-31T09:46:52.213Z,809822,tltk2@cam.ac.uk,153486965,included,-1
2025-03-31T10:29:51.835Z,809822,tltk2@cam.ac.uk,153487806,"""__EXR__Not about Evidence use""",1
2025-03-31T10:29:51.856Z,809822,tltk2@cam.ac.uk,153487806,included,-1
2025-03-31T14:10:48.201Z,809822,tltk2@cam.ac.uk,153489992,"""__EXR__Not about Evidence use""",1
2025-03-31T14:10:48.217Z,809822,tltk2@cam.ac.uk,153489992,included,-1
2025-03-31T14:10:48.234Z,809822,tltk2@cam.ac.uk,153489992,"""__EXR__Not about factors that influence evidence use""",deleted
2025-03-31T14:12:49.533Z,809822,tltk2@cam.ac.uk,153490109,"""__EXR__Not about factors that influence evidence use""",1
2025-03-31T14:12:49.553Z,809822,tltk2@cam.ac.uk,153490109,included,-1
2025-03-31T14:40:21.884Z,809822,tltk2@cam.ac.uk,153491837,"""__EXR__Not about Evidence use""",1
2025-03-31T14:40:21.904Z,809822,tltk2@cam.ac.uk,153491837,included,-1
2025-03-31T14:40:35.371Z,809822,tltk2@cam.ac.uk,153491889,"""__EXR__Not about conservation""",1
2025-03-31T14:40:35.385Z,809822,tltk2@cam.ac.uk,153491889,included,-1
2025-03-31T16:00:40.135Z,809822,tltk2@cam.ac.uk,153493260,"""__EXR__Not about conservation""",1
2025-03-31T16:00:40.149Z,809822,tltk2@cam.ac.uk,153493260,included,-1
2025-03-31T16:34:43.549Z,793585,c.matos@hull.ac.uk,153485830,"""__EXR__Not about Evidence use""",1
2025-03-31T16:34:43.564Z,793585,c.matos@hull.ac.uk,153485830,included,-1
2025-03-31T16:34:52.905Z,793585,c.matos@hull.ac.uk,153485830,"""__EXR__Not about conservation""",1
2025-03-31T16:34:52.914Z,793585,c.matos@hull.ac.uk,153485830,included,-1
2025-03-31T16:35:05.111Z,793585,c.matos@hull.ac.uk,153485830,"""__EXR__Not about conservation""",deleted
2025-04-01T13:13:58.135Z,809822,tltk2@cam.ac.uk,153489441,"""__EXR__Not about Evidence use""",1
2025-04-01T13:13:58.153Z,809822,tltk2@cam.ac.uk,153489441,included,-1
2025-04-01T13:25:08.917Z,809822,tltk2@cam.ac.uk,153490389,"""__EXR__Not about Evidence use""",1
2025-04-01T13:25:08.938Z,809822,tltk2@cam.ac.uk,153490389,included,-1
2025-04-01T13:26:45.548Z,809822,tltk2@cam.ac.uk,153492076,"""__EXR__Not about factors that influence evidence use""",1
2025-04-01T13:26:45.567Z,809822,tltk2@cam.ac.uk,153492076,included,-1
2025-04-01T13:38:48.623Z,0,rayyan@rayyan.ai,153486965,"""__SYSTEM__SAMPLE__f4a00ea4025167ff6070212d6244523a_17119""",1
2025-04-01T13:38:48.623Z,0,rayyan@rayyan.ai,153491864,"""__SYSTEM__SAMPLE__f4a00ea4025167ff6070212d6244523a_17119""",1
2025-04-01T13:38:48.874Z,0,rayyan@rayyan.ai,153491541,"""__SYSTEM__SAMPLE__f4a00ea4025167ff6070212d6244523a_17119""",1
2025-04-01T13:38:49.056Z,0,rayyan@rayyan.ai,153491805,"""__SYSTEM__SAMPLE__f4a00ea4025167ff6070212d6244523a_17119""",1
2025-04-01T13:38:49.232Z,0,rayyan@rayyan.ai,153490028,"""__SYSTEM__SAMPLE__f4a00ea4025167ff6070212d6244523a_17119""",1
2025-04-01T13:38:49.359Z,0,rayyan@rayyan.ai,153489532,"""__SYSTEM__SAMPLE__f4a00ea4025167ff6070212d6244523a_17119""",1
2025-04-01T13:38:50.066Z,0,rayyan@rayyan.ai,153491776,"""__SYSTEM__SAMPLE__f4a00ea4025167ff6070212d6244523a_17119""",1
2025-04-01T13:38:50.066Z,0,rayyan@rayyan.ai,153490896,"""__SYSTEM__SAMPLE__f4a00ea4025167ff6070212d6244523a_17119""",1
2025-04-01T13:38:50.066Z,0,rayyan@rayyan.ai,153485360,"""__SYSTEM__SAMPLE__f4a00ea4025167ff6070212d6244523a_17119""",1
2025-04-01T13:38:50.066Z,0,rayyan@rayyan.ai,153491984,"""__SYSTEM__SAMPLE__f4a00ea4025167ff6070212d6244523a_17119""",1
2025-04-01T13:38:50.295Z,0,rayyan@rayyan.ai,153486592,"""__SYSTEM__SAMPLE__f4a00ea4025167ff6070212d6244523a_17119""",1
2025-04-01T13:38:50.422Z,0,rayyan@rayyan.ai,153491918,"""__SYSTEM__SAMPLE__f4a00ea4025167ff6070212d6244523a_17119""",1
2025-04-01T13:38:50.422Z,0,rayyan@rayyan.ai,153486484,"""__SYSTEM__SAMPLE__f4a00ea4025167ff6070212d6244523a_17119""",1
2025-04-01T13:38:50.422Z,0,rayyan@rayyan.ai,153485174,"""__SYSTEM__SAMPLE__f4a00ea4025167ff6070212d6244523a_17119""",1
2025-04-01T13:38:50.422Z,0,rayyan@rayyan.ai,153486495,"""__SYSTEM__SAMPLE__f4a00ea4025167ff6070212d6244523a_17119""",1
2025-04-01T13:38:50.422Z,0,rayyan@rayyan.ai,83177878,"""__SYSTEM__SAMPLE__f4a00ea4025167ff6070212d6244523a_17119""",1
2025-04-01T13:38:50.422Z,0,rayyan@rayyan.ai,153488670,"""__SYSTEM__SAMPLE__f4a00ea4025167ff6070212d6244523a_17119""",1
2025-04-01T13:38:50.422Z,0,rayyan@rayyan.ai,153494174,"""__SYSTEM__SAMPLE__f4a00ea4025167ff6070212d6244523a_17119""",1
2025-04-01T13:38:50.588Z,0,rayyan@rayyan.ai,153491889,"""__SYSTEM__SAMPLE__f4a00ea4025167ff6070212d6244523a_17119""",1
2025-04-01T13:38:51.607Z,0,rayyan@rayyan.ai,153488908,"""__SYSTEM__SAMPLE__f4a00ea4025167ff6070212d6244523a_17119""",1
2025-04-01T13:38:51.607Z,0,rayyan@rayyan.ai,153492977,"""__SYSTEM__SAMPLE__f4a00ea4025167ff6070212d6244523a_17119""",1
2025-04-01T13:38:51.719Z,0,rayyan@rayyan.ai,153487551,"""__SYSTEM__SAMPLE__f4a00ea4025167ff6070212d6244523a_17119""",1
2025-04-01T13:38:51.779Z,0,rayyan@rayyan.ai,153488385,"""__SYSTEM__SAMPLE__f4a00ea4025167ff6070212d6244523a_17119""",1
2025-04-01T13:38:51.779Z,0,rayyan@rayyan.ai,83177884,"""__SYSTEM__SAMPLE__f4a00ea4025167ff6070212d6244523a_17119""",1
2025-04-01T13:38:51.779Z,0,rayyan@rayyan.ai,153486664,"""__SYSTEM__SAMPLE__f4a00ea4025167ff6070212d6244523a_17119""",1
2025-04-01T13:38:51.839Z,0,rayyan@rayyan.ai,153490389,"""__SYSTEM__SAMPLE__f4a00ea4025167ff6070212d6244523a_17119""",1
2025-04-01T13:38:51.897Z,0,rayyan@rayyan.ai,153486945,"""__SYSTEM__SAMPLE__f4a00ea4025167ff6070212d6244523a_17119""",1
2025-04-01T13:38:51.897Z,0,rayyan@rayyan.ai,153494201,"""__SYSTEM__SAMPLE__f4a00ea4025167ff6070212d6244523a_17119""",1
2025-04-01T13:38:51.897Z,0,rayyan@rayyan.ai,153485988,"""__SYSTEM__SAMPLE__f4a00ea4025167ff6070212d6244523a_17119""",1
2025-04-01T13:38:51.948Z,0,rayyan@rayyan.ai,153494476,"""__SYSTEM__SAMPLE__f4a00ea4025167ff6070212d6244523a_17119""",1
2025-04-01T13:38:51.997Z,0,rayyan@rayyan.ai,153485813,"""__SYSTEM__SAMPLE__f4a00ea4025167ff6070212d6244523a_17119""",1
2025-04-01T13:38:51.997Z,0,rayyan@rayyan.ai,153489523,"""__SYSTEM__SAMPLE__f4a00ea4025167ff6070212d6244523a_17119""",1
2025-04-01T13:57:09.660Z,809822,tltk2@cam.ac.uk,153490582,"""__EXR__Not about Evidence use""",1
2025-04-01T13:57:09.670Z,809822,tltk2@cam.ac.uk,153490582,included,-1
2025-04-01T14:00:03.766Z,809822,tltk2@cam.ac.uk,153490844,"""__EXR__Not about Evidence use""",1
2025-04-01T14:00:03.779Z,809822,tltk2@cam.ac.uk,153490844,included,-1
2025-04-01T14:03:41.440Z,809822,tltk2@cam.ac.uk,153492035,"""__EXR__Not about Evidence use""",1
2025-04-01T14:03:41.454Z,809822,tltk2@cam.ac.uk,153492035,included,-1
2025-04-01T14:09:35.934Z,809822,tltk2@cam.ac.uk,153493955,"""__EXR__Not about Evidence use""",1
2025-04-01T14:09:35.949Z,809822,tltk2@cam.ac.uk,153493955,included,-1
2025-04-01T14:40:09.389Z,817493,sarah.luke@nottingham.ac.uk,83177735,"""__EXR__Not about conservation""",1
2025-04-01T14:40:09.402Z,817493,sarah.luke@nottingham.ac.uk,83177735,included,-1
2025-04-01T15:00:33.408Z,817493,sarah.luke@nottingham.ac.uk,153485219,"""__EXR__Not about conservation""",1
2025-04-01T15:00:33.430Z,817493,sarah.luke@nottingham.ac.uk,153485219,included,-1
2025-04-01T16:01:39.581Z,817493,sarah.luke@nottingham.ac.uk,153486256,"""__EXR__Not about policy or practice""",1
2025-04-01T16:01:39.625Z,817493,sarah.luke@nottingham.ac.uk,153486256,included,-1
2025-04-02T08:23:54.336Z,793586,ake@ceh.ac.uk,153485360,"""__EXR__Not about conservation""",1
2025-04-02T08:23:54.359Z,793586,ake@ceh.ac.uk,153485360,included,-1
2025-06-12T13:55:56.516Z,448594,phil.martin.research@gmail.com,153487642,included,1
2025-06-12T13:52:07.382Z,448594,phil.martin.research@gmail.com,83177878,included,-1
2025-06-12T13:52:07.365Z,448594,phil.martin.research@gmail.com,83177878,"""__EXR__Not about factors that influence evidence use""",1
2025-06-12T13:51:00.592Z,448594,phil.martin.research@gmail.com,153490028,included,1
2025-06-12T13:50:49.528Z,448594,phil.martin.research@gmail.com,153489441,included,-1
2025-06-12T13:50:29.724Z,448594,phil.martin.research@gmail.com,153489344,"""__EXR__Not about evidence use""",deleted
2025-06-12T13:50:25.736Z,448594,phil.martin.research@gmail.com,153489344,included,1
2025-06-12T13:49:52.434Z,448594,phil.martin.research@gmail.com,153488893,included,1
2025-06-12T13:38:17.777Z,448594,phil.martin.research@gmail.com,153488014,included,-1
2025-06-12T13:38:17.706Z,448594,phil.martin.research@gmail.com,153488014,"""__EXR__Not about conservation""",1
2025-06-12T13:38:11.960Z,448594,phil.martin.research@gmail.com,153490582,included,-1
2025-06-12T13:38:11.947Z,448594,phil.martin.research@gmail.com,153490582,"""__EXR__Not about evidence use""",1
2025-06-12T13:37:14.067Z,448594,phil.martin.research@gmail.com,153492937,included,-1
2025-06-12T13:37:14.055Z,448594,phil.martin.research@gmail.com,153492937,"""__EXR__Not about evidence use""",1
2025-06-12T13:36:37.487Z,448594,phil.martin.research@gmail.com,153489777,included,-1
2025-06-12T13:36:37.470Z,448594,phil.martin.research@gmail.com,153489777,"""__EXR__Not about evidence use""",1
2025-06-12T13:36:06.272Z,448594,phil.martin.research@gmail.com,153488929,included,-1
2025-06-12T13:36:06.253Z,448594,phil.martin.research@gmail.com,153488929,"""__EXR__Not about evidence use""",1
2025-06-12T13:35:37.947Z,448594,phil.martin.research@gmail.com,153488893,included,-1
2025-06-12T13:35:37.927Z,448594,phil.martin.research@gmail.com,153488893,"""__EXR__Not about conservation""",1
2025-06-12T13:35:23.069Z,448594,phil.martin.research@gmail.com,153493889,included,-1
2025-06-12T13:35:22.773Z,448594,phil.martin.research@gmail.com,153493889,"""__EXR__Not about conservation""",1
2025-06-12T13:35:19.911Z,448594,phil.martin.research@gmail.com,153492076,included,-1
2025-06-12T13:35:19.894Z,448594,phil.martin.research@gmail.com,153492076,"""__EXR__Not about evidence use""",1
2025-06-12T13:34:29.353Z,448594,phil.martin.research@gmail.com,153487523,included,-1
2025-06-12T13:34:29.339Z,448594,phil.martin.research@gmail.com,153487523,"""__EXR__Not about conservation""",1
2025-06-12T13:34:22.847Z,448594,phil.martin.research@gmail.com,153487475,included,-1
2025-06-12T13:34:22.833Z,448594,phil.martin.research@gmail.com,153487475,"""__EXR__Not about conservation""",1
2025-06-12T13:33:10.029Z,448594,phil.martin.research@gmail.com,153487696,included,-1
2025-06-12T13:33:09.984Z,448594,phil.martin.research@gmail.com,153487696,"""__EXR__Not about evidence use""",1
2025-06-12T13:31:38.287Z,448594,phil.martin.research@gmail.com,153487639,included,1
2025-06-12T13:29:19.242Z,448594,phil.martin.research@gmail.com,153489441,included,1
2025-06-12T13:28:09.524Z,448594,phil.martin.research@gmail.com,153489487,included,-1
2025-06-12T13:28:09.506Z,448594,phil.martin.research@gmail.com,153489487,"""__EXR__Not about conservation""",1
2025-06-12T13:25:57.651Z,448594,phil.martin.research@gmail.com,153488421,included,-1
2025-06-12T13:25:57.638Z,448594,phil.martin.research@gmail.com,153488421,"""__EXR__Not about evidence use""",1
2025-06-12T13:24:58.417Z,448594,phil.martin.research@gmail.com,153494638,included,-1
2025-06-12T13:24:58.401Z,448594,phil.martin.research@gmail.com,153494638,"""__EXR__Not about evidence use""",1
2025-06-12T13:24:10.597Z,448594,phil.martin.research@gmail.com,153489131,included,-1
2025-06-12T13:24:10.582Z,448594,phil.martin.research@gmail.com,153489131,"""__EXR__Not about evidence use""",1
2025-06-12T13:23:38.965Z,448594,phil.martin.research@gmail.com,153491449,included,-1
2025-06-12T13:23:38.949Z,448594,phil.martin.research@gmail.com,153491449,"""__EXR__Not about evidence use""",1
2025-06-12T13:23:01.849Z,448594,phil.martin.research@gmail.com,153490028,included,-1
2025-06-12T13:23:01.833Z,448594,phil.martin.research@gmail.com,153490028,"""__EXR__Not about factors that influence evidence use""",1
2025-06-12T13:21:53.264Z,448594,phil.martin.research@gmail.com,153492334,included,-1
2025-06-12T13:21:53.248Z,448594,phil.martin.research@gmail.com,153492334,"""__EXR__Not about conservation""",1
2025-06-12T13:21:05.938Z,448594,phil.martin.research@gmail.com,153490801,included,-1
2025-06-12T13:21:05.909Z,448594,phil.martin.research@gmail.com,153490801,"""__EXR__Not about evidence use""",1
2025-06-12T13:20:44.079Z,448594,phil.martin.research@gmail.com,153493955,included,-1
2025-06-12T13:20:44.062Z,448594,phil.martin.research@gmail.com,153493955,"""__EXR__Not about conservation""",1
2025-06-12T13:19:50.284Z,448594,phil.martin.research@gmail.com,153494769,included,-1
2025-06-12T13:19:50.271Z,448594,phil.martin.research@gmail.com,153494769,"""__EXR__Not about conservation""",1
2025-06-12T13:19:27.451Z,448594,phil.martin.research@gmail.com,153488259,included,-1
2025-06-12T13:19:27.435Z,448594,phil.martin.research@gmail.com,153488259,"""__EXR__Not about evidence use""",1
2025-06-12T13:18:47.335Z,448594,phil.martin.research@gmail.com,153488127,included,-1
2025-06-12T13:18:47.319Z,448594,phil.martin.research@gmail.com,153488127,"""__EXR__Not about evidence use""",1
2025-06-12T13:18:33.782Z,448594,phil.martin.research@gmail.com,153488118,included,-1
2025-06-12T13:18:33.765Z,448594,phil.martin.research@gmail.com,153488118,"""__EXR__Not about evidence use""",1
2025-06-12T13:15:22.767Z,448594,phil.martin.research@gmail.com,153495659,included,-1
2025-06-12T13:15:22.701Z,448594,phil.martin.research@gmail.com,153495659,"""__EXR__Not about conservation""",1
2025-06-12T13:14:32.198Z,448594,phil.martin.research@gmail.com,153493181,included,-1
2025-06-12T13:14:32.185Z,448594,phil.martin.research@gmail.com,153493181,"""__EXR__Not about conservation""",1
2025-06-12T13:14:21.794Z,448594,phil.martin.research@gmail.com,153487392,included,-1
2025-06-12T13:14:21.780Z,448594,phil.martin.research@gmail.com,153487392,"""__EXR__Not about evidence use""",1
2025-06-12T13:14:06.491Z,448594,phil.martin.research@gmail.com,153494734,included,-1
2025-06-12T13:14:06.476Z,448594,phil.martin.research@gmail.com,153494734,"""__EXR__Not about conservation""",1
2025-06-12T13:14:02.465Z,448594,phil.martin.research@gmail.com,153488069,included,1
2025-06-12T13:12:45.538Z,448594,phil.martin.research@gmail.com,153488556,included,-1
2025-06-12T13:12:45.522Z,448594,phil.martin.research@gmail.com,153488556,"""__EXR__Not about conservation""",1
2025-06-12T13:12:37.278Z,448594,phil.martin.research@gmail.com,153489652,included,-1
2025-06-12T13:12:37.264Z,448594,phil.martin.research@gmail.com,153489652,"""__EXR__Not about evidence use""",1
2025-06-12T13:12:06.563Z,448594,phil.martin.research@gmail.com,153491541,included,-1
2025-06-12T13:12:06.546Z,448594,phil.martin.research@gmail.com,153491541,"""__EXR__Not about conservation""",1
2025-06-12T13:11:56.863Z,448594,phil.martin.research@gmail.com,153491776,included,-1
2025-06-12T13:11:56.844Z,448594,phil.martin.research@gmail.com,153491776,"""__EXR__Not about conservation""",1
2025-06-12T13:11:45.821Z,448594,phil.martin.research@gmail.com,153487701,included,-1
2025-06-12T13:11:45.801Z,448594,phil.martin.research@gmail.com,153487701,"""__EXR__Not about evidence use""",1
2025-06-12T13:11:36.043Z,448594,phil.martin.research@gmail.com,153492498,included,-1
2025-06-12T13:11:35.999Z,448594,phil.martin.research@gmail.com,153492498,"""__EXR__Not about evidence use""",1
2025-06-12T13:11:04.822Z,448594,phil.martin.research@gmail.com,153491889,included,-1
2025-06-12T13:11:04.807Z,448594,phil.martin.research@gmail.com,153491889,"""__EXR__Not about conservation""",1
2025-06-12T13:10:59.285Z,448594,phil.martin.research@gmail.com,153487364,"""__EXR__Not about evidence use""",deleted
2025-06-12T13:10:52.166Z,448594,phil.martin.research@gmail.com,153487364,included,0
2025-06-12T13:10:44.256Z,448594,phil.martin.research@gmail.com,153490896,included,-1
2025-06-12T13:10:44.241Z,448594,phil.martin.research@gmail.com,153490896,"""__EXR__Not about evidence use""",1
2025-06-12T13:10:11.064Z,448594,phil.martin.research@gmail.com,153487364,included,-1
2025-06-12T13:10:11.049Z,448594,phil.martin.research@gmail.com,153487364,"""__EXR__Not about evidence use""",1
2025-06-12T13:08:47.351Z,448594,phil.martin.research@gmail.com,153489801,included,-1
2025-06-12T13:08:47.334Z,448594,phil.martin.research@gmail.com,153489801,"""__EXR__Not about evidence use""",1
2025-06-12T13:07:57.240Z,448594,phil.martin.research@gmail.com,153495371,included,-1
2025-06-12T13:07:57.224Z,448594,phil.martin.research@gmail.com,153495371,"""__EXR__Not about conservation""",1
2025-06-12T13:07:39.899Z,448594,phil.martin.research@gmail.com,153497927,included,-1
2025-06-12T13:07:39.879Z,448594,phil.martin.research@gmail.com,153497927,"""__EXR__Not about conservation""",1
2025-06-12T13:06:33.982Z,448594,phil.martin.research@gmail.com,153488546,included,-1
2025-06-12T13:06:33.965Z,448594,phil.martin.research@gmail.com,153488546,"""__EXR__Not about factors that influence evidence use""",1
2025-06-12T13:05:45.834Z,448594,phil.martin.research@gmail.com,153489127,included,-1
2025-06-12T13:05:45.820Z,448594,phil.martin.research@gmail.com,153489127,"""__EXR__Not about conservation""",1
2025-06-12T13:05:17.874Z,448594,phil.martin.research@gmail.com,153489396,included,-1
2025-06-12T13:05:17.860Z,448594,phil.martin.research@gmail.com,153489396,"""__EXR__Not about evidence use""",1
2025-06-12T13:04:29.429Z,448594,phil.martin.research@gmail.com,153493186,included,-1
2025-06-12T13:04:29.415Z,448594,phil.martin.research@gmail.com,153493186,"""__EXR__Not about evidence use""",1
2025-06-12T13:03:01.365Z,448594,phil.martin.research@gmail.com,153491984,included,-1
2025-06-12T13:03:01.350Z,448594,phil.martin.research@gmail.com,153491984,"""__EXR__Not about evidence use""",1
2025-06-12T13:02:07.291Z,448594,phil.martin.research@gmail.com,153487920,included,-1
2025-06-12T13:02:07.272Z,448594,phil.martin.research@gmail.com,153487920,"""__EXR__Not about evidence use""",1
2025-06-12T13:01:45.145Z,448594,phil.martin.research@gmail.com,153492090,included,-1
2025-06-12T13:01:45.124Z,448594,phil.martin.research@gmail.com,153492090,"""__EXR__Not about evidence use""",1
2025-06-12T13:01:01.031Z,448594,phil.martin.research@gmail.com,153489992,included,-1
2025-06-12T13:01:01.015Z,448594,phil.martin.research@gmail.com,153489992,"""__EXR__Not about evidence use""",1
2025-06-12T12:56:54.789Z,448594,phil.martin.research@gmail.com,153493084,included,-1
2025-06-12T12:56:54.766Z,448594,phil.martin.research@gmail.com,153493084,"""__EXR__Not about evidence use""",1
2025-06-12T12:56:04.413Z,448594,phil.martin.research@gmail.com,153493130,included,-1
2025-06-12T12:56:04.396Z,448594,phil.martin.research@gmail.com,153493130,"""__EXR__Not about evidence use""",1
2025-06-12T12:55:06.641Z,448594,phil.martin.research@gmail.com,153489421,included,1
2025-06-12T12:53:46.921Z,448594,phil.martin.research@gmail.com,153487806,included,-1
2025-06-12T12:53:46.840Z,448594,phil.martin.research@gmail.com,153487806,"""__EXR__Not about evidence use""",1
2025-06-12T12:52:39.203Z,448594,phil.martin.research@gmail.com,153487805,included,-1
2025-06-12T12:52:39.181Z,448594,phil.martin.research@gmail.com,153487805,"""__EXR__Not about evidence use""",1
2025-06-12T12:51:20.547Z,448594,phil.martin.research@gmail.com,153489739,included,1
2025-06-12T12:49:17.318Z,448594,phil.martin.research@gmail.com,153489675,included,-1
2025-06-12T12:49:17.303Z,448594,phil.martin.research@gmail.com,153489675,"""__EXR__Not about evidence use""",1
2025-06-12T12:47:58.796Z,448594,phil.martin.research@gmail.com,153488522,included,-1
2025-06-12T12:47:58.781Z,448594,phil.martin.research@gmail.com,153488522,"""__EXR__Not about evidence use""",1
2025-06-12T12:47:00.822Z,448594,phil.martin.research@gmail.com,153489688,included,-1
2025-06-12T12:47:00.804Z,448594,phil.martin.research@gmail.com,153489688,"""__EXR__Not about evidence use""",1
2025-06-12T12:45:12.657Z,448594,phil.martin.research@gmail.com,153488568,included,-1
2025-06-12T12:45:12.643Z,448594,phil.martin.research@gmail.com,153488568,"""__EXR__Not about conservation""",1
2025-06-12T12:44:25.526Z,448594,phil.martin.research@gmail.com,153487445,included,1
2025-06-12T12:43:29.688Z,448594,phil.martin.research@gmail.com,153489987,included,1
2025-06-12T12:42:01.395Z,448594,phil.martin.research@gmail.com,153493778,included,-1
2025-06-12T12:42:01.380Z,448594,phil.martin.research@gmail.com,153493778,"""__EXR__Not about conservation""",1
2025-06-12T12:41:37.871Z,448594,phil.martin.research@gmail.com,153492035,included,-1
2025-06-12T12:41:37.853Z,448594,phil.martin.research@gmail.com,153492035,"""__EXR__Not about factors that influence evidence use""",1
2025-04-03T07:57:26.649Z,793583,elina.takola@ufz.de,153489170,included,-1
2025-04-03T08:16:48.748Z,793583,elina.takola@ufz.de,153489688,included,1
2025-04-03T08:20:40.932Z,793583,elina.takola@ufz.de,153490579,included,-1
2025-04-03T08:26:08.339Z,793583,elina.takola@ufz.de,153491594,included,-1
2025-04-03T08:34:00.976Z,793583,elina.takola@ufz.de,153494734,included,-1
2025-04-03T08:34:54.828Z,793583,elina.takola@ufz.de,153494934,included,-1
2025-04-03T09:36:59.984Z,793583,elina.takola@ufz.de,153492937,included,-1
2025-04-03T10:07:18.113Z,793583,elina.takola@ufz.de,153493181,included,-1
2025-04-03T15:33:12.154Z,793585,c.matos@hull.ac.uk,153485856,"""__EXR__Not about evidence use""",1
2025-04-03T15:33:12.178Z,793585,c.matos@hull.ac.uk,153485856,included,-1
2025-04-03T16:48:12.305Z,793585,c.matos@hull.ac.uk,153486041,"""__EXR__Not about factors that influence evidence use""",1
2025-04-03T16:48:12.327Z,793585,c.matos@hull.ac.uk,153486041,included,-1
2025-06-12T12:40:56.948Z,448594,phil.martin.research@gmail.com,153493097,included,-1
2025-06-12T12:40:56.932Z,448594,phil.martin.research@gmail.com,153493097,"""__EXR__Not about conservation""",1
2025-06-12T12:40:07.173Z,448594,phil.martin.research@gmail.com,153492152,included,-1
2025-06-12T12:40:07.141Z,448594,phil.martin.research@gmail.com,153492152,"""__EXR__Not about evidence use""",1
2025-06-12T12:39:31.200Z,448594,phil.martin.research@gmail.com,153489871,included,-1
2025-06-12T12:39:31.181Z,448594,phil.martin.research@gmail.com,153489871,"""__EXR__Not about conservation""",1
2025-06-12T12:39:18.221Z,448594,phil.martin.research@gmail.com,153491594,included,-1
2025-06-12T12:39:18.204Z,448594,phil.martin.research@gmail.com,153491594,"""__EXR__Not about evidence use""",1
2025-06-12T12:38:58.326Z,448594,phil.martin.research@gmail.com,153492311,included,-1
2025-06-12T12:38:58.307Z,448594,phil.martin.research@gmail.com,153492311,"""__EXR__Not about conservation""",1
2025-06-12T12:38:53.998Z,448594,phil.martin.research@gmail.com,153487497,included,-1
2025-06-12T12:38:53.973Z,448594,phil.martin.research@gmail.com,153487497,"""__EXR__Not about evidence use""",1
2025-06-12T12:37:42.100Z,448594,phil.martin.research@gmail.com,153490109,included,-1
2025-06-12T12:37:42.066Z,448594,phil.martin.research@gmail.com,153490109,"""__EXR__Not about evidence use""",1
2025-06-12T12:36:57.885Z,448594,phil.martin.research@gmail.com,153496155,included,-1
2025-06-12T12:36:57.867Z,448594,phil.martin.research@gmail.com,153496155,"""__EXR__Not about conservation""",1
2025-06-12T12:36:37.501Z,448594,phil.martin.research@gmail.com,153497950,included,-1
2025-06-12T12:36:37.484Z,448594,phil.martin.research@gmail.com,153497950,"""__EXR__Not about conservation""",1
2025-06-12T12:36:34.261Z,448594,phil.martin.research@gmail.com,153489922,included,-1
2025-06-12T12:36:34.242Z,448594,phil.martin.research@gmail.com,153489922,"""__EXR__Not about evidence use""",1
2025-06-12T12:35:19.276Z,448594,phil.martin.research@gmail.com,153491918,included,-1
2025-06-12T12:35:19.260Z,448594,phil.martin.research@gmail.com,153491918,"""__EXR__Not about conservation""",1
2025-06-12T12:35:07.467Z,448594,phil.martin.research@gmail.com,153494476,included,-1
2025-06-12T12:35:07.421Z,448594,phil.martin.research@gmail.com,153494476,"""__EXR__Not about conservation""",1
2025-06-12T12:35:03.962Z,448594,phil.martin.research@gmail.com,153493260,included,-1
2025-06-12T12:35:03.938Z,448594,phil.martin.research@gmail.com,153493260,"""__EXR__Not about conservation""",1
2025-06-12T12:35:00.443Z,448594,phil.martin.research@gmail.com,153496160,included,-1
2025-06-12T12:35:00.420Z,448594,phil.martin.research@gmail.com,153496160,"""__EXR__Not about evidence use""",1
2025-06-12T12:34:52.070Z,448594,phil.martin.research@gmail.com,153488427,included,-1
2025-06-12T12:34:52.038Z,448594,phil.martin.research@gmail.com,153488427,"""__EXR__Not about evidence use""",1
2025-06-12T12:34:17.198Z,448594,phil.martin.research@gmail.com,153488519,included,-1
2025-06-12T12:34:17.179Z,448594,phil.martin.research@gmail.com,153488519,"""__EXR__Not about evidence use""",1
2025-06-12T12:32:47.406Z,448594,phil.martin.research@gmail.com,153488428,included,-1
2025-06-12T12:32:47.384Z,448594,phil.martin.research@gmail.com,153488428,"""__EXR__Not about evidence use""",1
2025-06-12T12:31:54.453Z,448594,phil.martin.research@gmail.com,153489170,included,-1
2025-06-12T12:31:54.437Z,448594,phil.martin.research@gmail.com,153489170,"""__EXR__Not about evidence use""",1
2025-06-12T12:28:36.410Z,448594,phil.martin.research@gmail.com,153496096,included,-1
2025-06-12T12:28:36.392Z,448594,phil.martin.research@gmail.com,153496096,"""__EXR__Not about evidence use""",1
2025-06-12T12:27:50.519Z,448594,phil.martin.research@gmail.com,153490316,included,-1
2025-06-12T12:27:50.496Z,448594,phil.martin.research@gmail.com,153490316,"""__EXR__Not about evidence use""",1
2025-06-12T12:27:07.032Z,448594,phil.martin.research@gmail.com,153493241,included,-1
2025-04-07T16:57:48.358Z,563832,alice.m.oswald@durham.ac.uk,153489997,"""__EXR__Not about conservation""",1
2025-04-07T16:57:48.372Z,563832,alice.m.oswald@durham.ac.uk,153489997,included,-1
2025-04-07T17:05:02.837Z,563832,alice.m.oswald@durham.ac.uk,153490308,"""__EXR__Not about Evidence use""",1
2025-04-07T17:05:02.852Z,563832,alice.m.oswald@durham.ac.uk,153490308,included,-1
2025-04-07T17:18:48.963Z,563832,alice.m.oswald@durham.ac.uk,153489652,included,1
2025-04-07T17:36:40.776Z,563832,alice.m.oswald@durham.ac.uk,153491541,"""__EXR__Not about conservation""",1
2025-04-07T17:36:40.794Z,563832,alice.m.oswald@durham.ac.uk,153491541,included,-1
2025-04-07T17:52:31.160Z,793576,carlos.barreto@algomau.ca,83177884,included,-1
2025-04-07T17:52:36.372Z,793576,carlos.barreto@algomau.ca,83177884,"""__EXR__Not about conservation""",1
2025-04-07T17:52:36.383Z,793576,carlos.barreto@algomau.ca,83177884,included,-1
2025-04-07T17:58:28.515Z,563832,alice.m.oswald@durham.ac.uk,153490896,"""__EXR__Not about factors that influence evidence use""",1
2025-04-07T17:58:28.530Z,563832,alice.m.oswald@durham.ac.uk,153490896,included,-1
2025-04-07T18:07:52.289Z,563832,alice.m.oswald@durham.ac.uk,153492090,"""__EXR__Not about Evidence use""",1
2025-04-07T18:07:52.304Z,563832,alice.m.oswald@durham.ac.uk,153492090,included,-1
2025-04-07T18:26:27.077Z,563832,alice.m.oswald@durham.ac.uk,153492334,"""__EXR__Not about conservation""",1
2025-04-07T18:26:27.093Z,563832,alice.m.oswald@durham.ac.uk,153492334,included,-1
2025-04-07T18:51:24.646Z,563832,alice.m.oswald@durham.ac.uk,153493967,"""__EXR__Not about conservation""",1
2025-04-07T18:51:24.659Z,563832,alice.m.oswald@durham.ac.uk,153493967,included,-1
2025-04-07T18:52:19.591Z,563832,alice.m.oswald@durham.ac.uk,153494174,"""__EXR__Not about conservation""",1
2025-04-07T18:52:19.608Z,563832,alice.m.oswald@durham.ac.uk,153494174,included,-1
2025-04-08T09:09:14.874Z,793578,tabitha.taberer@jesus.ox.ac.uk,153486365,included,1
2025-04-08T09:09:59.076Z,793578,tabitha.taberer@jesus.ox.ac.uk,153486377,included,1
2025-04-08T09:15:47.249Z,793578,tabitha.taberer@jesus.ox.ac.uk,153486484,note-11828310,1
2025-04-08T09:15:49.964Z,793578,tabitha.taberer@jesus.ox.ac.uk,153486484,included,1
2025-04-08T10:08:27.144Z,793578,tabitha.taberer@jesus.ox.ac.uk,153486783,included,1
2025-04-08T16:19:32.698Z,563832,alice.m.oswald@durham.ac.uk,153496096,"""__EXR__Not about policy or practice""",1
2025-04-08T16:19:32.719Z,563832,alice.m.oswald@durham.ac.uk,153496096,included,-1
2025-04-08T16:20:09.335Z,563832,alice.m.oswald@durham.ac.uk,153496155,"""__EXR__Not about conservation""",1
2025-04-08T16:20:09.364Z,563832,alice.m.oswald@durham.ac.uk,153496155,included,-1
2025-04-08T17:14:24.449Z,793576,carlos.barreto@algomau.ca,83177767,"""__EXR__Not about conservation""",1
2025-04-08T17:14:24.465Z,793576,carlos.barreto@algomau.ca,83177767,included,-1
2025-04-08T17:50:34.542Z,793576,carlos.barreto@algomau.ca,83177871,"""__EXR__Not about conservation""",1
2025-04-08T17:50:34.561Z,793576,carlos.barreto@algomau.ca,83177871,included,-1
2025-04-08T17:58:35.802Z,563832,alice.m.oswald@durham.ac.uk,153497608,"""__EXR__Not about conservation""",1
2025-04-08T17:58:35.824Z,563832,alice.m.oswald@durham.ac.uk,153497608,included,-1
2025-04-08T18:00:58.556Z,563832,alice.m.oswald@durham.ac.uk,153497927,"""__EXR__Not about Evidence use""",1
2025-04-08T18:00:58.576Z,563832,alice.m.oswald@durham.ac.uk,153497927,included,-1
2025-04-08T18:33:06.059Z,793576,carlos.barreto@algomau.ca,153485219,"""__EXR__Not about conservation""",1
2025-04-08T18:33:06.073Z,793576,carlos.barreto@algomau.ca,153485219,included,-1
2025-04-08T19:09:33.254Z,793576,carlos.barreto@algomau.ca,153485421,"""__EXR__Not about conservation""",1
2025-04-08T19:09:33.272Z,793576,carlos.barreto@algomau.ca,153485421,included,-1
2025-04-08T19:12:58.119Z,793576,carlos.barreto@algomau.ca,153485451,"""__EXR__Not about conservation""",1
2025-04-08T19:12:58.138Z,793576,carlos.barreto@algomau.ca,153485451,included,-1
2025-04-08T19:30:19.092Z,793576,carlos.barreto@algomau.ca,153485498,"""__EXR__Not about conservation""",1
2025-04-08T19:30:19.118Z,793576,carlos.barreto@algomau.ca,153485498,included,-1
2025-04-08T19:39:54.147Z,793576,carlos.barreto@algomau.ca,153485543,"""__EXR__Not about conservation""",1
2025-04-08T19:39:54.165Z,793576,carlos.barreto@algomau.ca,153485543,included,-1
2025-04-08T20:23:34.949Z,793576,carlos.barreto@algomau.ca,153485755,"""__EXR__Not about conservation""",1
2025-04-08T20:23:34.961Z,793576,carlos.barreto@algomau.ca,153485755,included,-1
2025-04-08T21:00:20.753Z,793576,carlos.barreto@algomau.ca,153485875,"""__EXR__Not about conservation""",1
2025-04-08T21:00:20.771Z,793576,carlos.barreto@algomau.ca,153485875,included,-1
2025-04-09T09:01:20.775Z,793578,tabitha.taberer@jesus.ox.ac.uk,153487055,"""__EXR__Not about evidence use""",1
2025-04-09T09:01:20.795Z,793578,tabitha.taberer@jesus.ox.ac.uk,153487055,included,-1
2025-04-09T09:06:17.749Z,793578,tabitha.taberer@jesus.ox.ac.uk,153487150,"""__EXR__Not about factors that influence evidence use""",1
2025-04-09T09:06:17.763Z,793578,tabitha.taberer@jesus.ox.ac.uk,153487150,included,-1
2025-04-09T09:25:27.265Z,793578,tabitha.taberer@jesus.ox.ac.uk,153487701,included,1
2025-04-09T09:27:40.478Z,793578,tabitha.taberer@jesus.ox.ac.uk,153487741,"""__EXR__Not about conservation""",1
2025-04-09T09:27:40.489Z,793578,tabitha.taberer@jesus.ox.ac.uk,153487741,included,-1
2025-04-09T10:25:54.948Z,793578,tabitha.taberer@jesus.ox.ac.uk,153488014,"""__EXR__Not about conservation""",1
2025-04-09T10:25:54.969Z,793578,tabitha.taberer@jesus.ox.ac.uk,153488014,included,-1
2025-04-09T10:28:46.607Z,793578,tabitha.taberer@jesus.ox.ac.uk,153488118,"""__EXR__Not about conservation""",1
2025-04-09T10:28:46.623Z,793578,tabitha.taberer@jesus.ox.ac.uk,153488118,included,-1
2025-04-09T10:49:12.024Z,793586,ake@ceh.ac.uk,153494201,"""__EXR__Not about conservation""",1
2025-04-09T10:49:12.042Z,793586,ake@ceh.ac.uk,153494201,included,-1
2025-04-09T11:13:40.144Z,793586,ake@ceh.ac.uk,153485988,"""__EXR__Not about conservation""",1
2025-04-09T11:13:40.163Z,793586,ake@ceh.ac.uk,153485988,included,-1
2025-04-09T12:57:03.583Z,793586,ake@ceh.ac.uk,153485174,"""__EXR__Not about conservation""",1
2025-04-09T12:57:03.596Z,793586,ake@ceh.ac.uk,153485174,included,-1
2025-04-09T13:36:57.792Z,793586,ake@ceh.ac.uk,153488670,"""__EXR__Not about conservation""",1
2025-04-09T13:36:57.813Z,793586,ake@ceh.ac.uk,153488670,included,-1
2025-04-09T13:38:54.143Z,793586,ake@ceh.ac.uk,153491864,"""__EXR__Not about conservation""",1
2025-04-09T13:38:54.167Z,793586,ake@ceh.ac.uk,153491864,included,-1
2025-04-09T13:42:18.790Z,793586,ake@ceh.ac.uk,153491918,"""__EXR__Not about conservation""",1
2025-04-09T13:42:18.809Z,793586,ake@ceh.ac.uk,153491918,included,-1
2025-04-09T13:46:51.802Z,793586,ake@ceh.ac.uk,153494476,"""__EXR__Not about conservation""",1
2025-04-09T13:46:51.819Z,793586,ake@ceh.ac.uk,153494476,included,-1
2025-04-09T14:02:05.484Z,793586,ake@ceh.ac.uk,153489523,"""__EXR__Not about conservation""",1
2025-04-09T14:02:05.578Z,793586,ake@ceh.ac.uk,153489523,included,-1
2025-04-10T09:32:15.424Z,793578,tabitha.taberer@jesus.ox.ac.uk,153488568,included,0
2025-04-10T10:00:46.348Z,793578,tabitha.taberer@jesus.ox.ac.uk,153489610,"""__EXR__Not about conservation""",1
2025-04-10T10:00:46.364Z,793578,tabitha.taberer@jesus.ox.ac.uk,153489610,included,-1
2025-04-10T10:08:32.199Z,793578,tabitha.taberer@jesus.ox.ac.uk,153489675,"""__EXR__Not about evidence use""",1
2025-04-10T10:08:32.245Z,793578,tabitha.taberer@jesus.ox.ac.uk,153489675,included,-1
2025-04-10T10:14:46.103Z,793578,tabitha.taberer@jesus.ox.ac.uk,153489871,"""__EXR__Not about conservation""",1
2025-04-10T10:14:46.114Z,793578,tabitha.taberer@jesus.ox.ac.uk,153489871,included,-1
2025-04-10T10:27:16.314Z,793578,tabitha.taberer@jesus.ox.ac.uk,153490715,"""__EXR__Not about conservation""",1
2025-04-10T10:27:16.332Z,793578,tabitha.taberer@jesus.ox.ac.uk,153490715,included,-1
2025-04-10T10:38:44.838Z,793578,tabitha.taberer@jesus.ox.ac.uk,153493097,"""__EXR__Not about conservation""",1
2025-04-10T10:38:44.854Z,793578,tabitha.taberer@jesus.ox.ac.uk,153493097,included,-1
2025-04-10T10:48:33.099Z,793578,tabitha.taberer@jesus.ox.ac.uk,153488929,"""__EXR__Not about factors that influence evidence use""",1
2025-04-10T10:48:33.112Z,793578,tabitha.taberer@jesus.ox.ac.uk,153488929,included,-1
2025-06-12T12:27:07.011Z,448594,phil.martin.research@gmail.com,153493241,"""__EXR__Not about conservation""",1
2025-06-12T12:26:56.014Z,448594,phil.martin.research@gmail.com,153489307,included,-1
2025-06-12T12:26:55.996Z,448594,phil.martin.research@gmail.com,153489307,"""__EXR__Not about conservation""",1
2025-06-12T12:26:50.895Z,448594,phil.martin.research@gmail.com,153490844,included,-1
2025-06-12T12:26:50.870Z,448594,phil.martin.research@gmail.com,153490844,"""__EXR__Not about evidence use""",1
2025-06-12T12:26:22.626Z,448594,phil.martin.research@gmail.com,153488190,included,-1
2025-04-10T14:40:36.374Z,793586,ake@ceh.ac.uk,153486592,"""__EXR__Not about evidence use""",1
2025-04-10T14:40:36.415Z,793586,ake@ceh.ac.uk,153486592,included,-1
2025-06-12T12:26:22.603Z,448594,phil.martin.research@gmail.com,153488190,"""__EXR__Not about conservation""",1
2025-06-12T12:26:13.055Z,448594,phil.martin.research@gmail.com,153488670,included,-1
2025-06-12T12:26:13.034Z,448594,phil.martin.research@gmail.com,153488670,"""__EXR__Not about conservation""",1
2025-06-12T12:26:07.423Z,448594,phil.martin.research@gmail.com,153495627,included,-1
2025-06-12T12:26:07.381Z,448594,phil.martin.research@gmail.com,153495627,"""__EXR__Not about conservation""",1
2025-06-12T11:44:07.446Z,448594,phil.martin.research@gmail.com,153489648,included,1
2025-06-12T11:43:33.075Z,448594,phil.martin.research@gmail.com,153492767,included,-1
2025-06-12T11:43:33.057Z,448594,phil.martin.research@gmail.com,153492767,"""__EXR__Not about evidence use""",1
2025-06-12T11:43:24.326Z,448594,phil.martin.research@gmail.com,153495620,included,-1
2025-06-12T11:43:24.310Z,448594,phil.martin.research@gmail.com,153495620,"""__EXR__Not about evidence use""",1
2025-06-12T11:43:00.360Z,448594,phil.martin.research@gmail.com,153489118,included,-1
2025-06-12T11:43:00.336Z,448594,phil.martin.research@gmail.com,153489118,"""__EXR__Not about evidence use""",1
2025-04-11T09:34:15.422Z,793578,tabitha.taberer@jesus.ox.ac.uk,153490316,"""__EXR__Not about evidence use""",1
2025-04-11T09:34:15.440Z,793578,tabitha.taberer@jesus.ox.ac.uk,153490316,included,-1
2025-04-11T09:34:15.457Z,793578,tabitha.taberer@jesus.ox.ac.uk,153490316,"""__EXR__Not about Evidence use""",deleted
2025-04-11T09:34:15.467Z,793578,tabitha.taberer@jesus.ox.ac.uk,153490316,"""__EXR__Not about policy or practice""",deleted
2025-04-11T09:34:17.006Z,793586,ake@ceh.ac.uk,153491776,"""__EXR__Not about conservation""",1
2025-04-11T09:34:17.025Z,793586,ake@ceh.ac.uk,153491776,included,-1
2025-04-11T09:35:02.081Z,793586,ake@ceh.ac.uk,153491984,"""__EXR__Not about conservation""",1
2025-04-11T09:35:02.099Z,793586,ake@ceh.ac.uk,153491984,included,-1
2025-04-11T09:35:03.798Z,793578,tabitha.taberer@jesus.ox.ac.uk,153490423,"""__EXR__Not about conservation""",1
2025-04-11T09:35:03.820Z,793578,tabitha.taberer@jesus.ox.ac.uk,153490423,included,-1
2025-04-11T09:49:35.739Z,793578,tabitha.taberer@jesus.ox.ac.uk,153491847,"""__EXR__Not about policy or practice""",1
2025-04-11T09:49:35.773Z,793578,tabitha.taberer@jesus.ox.ac.uk,153491847,included,-1
2025-06-12T11:42:06.115Z,448594,phil.martin.research@gmail.com,153489344,included,-1
2025-06-12T11:42:06.098Z,448594,phil.martin.research@gmail.com,153489344,"""__EXR__Not about evidence use""",1
2025-06-12T11:41:05.490Z,448594,phil.martin.research@gmail.com,153490423,included,-1
2025-06-12T11:41:05.469Z,448594,phil.martin.research@gmail.com,153490423,"""__EXR__Not about conservation""",1
2025-06-12T11:40:55.517Z,448594,phil.martin.research@gmail.com,153494201,included,-1
2025-06-12T11:40:55.502Z,448594,phil.martin.research@gmail.com,153494201,"""__EXR__Not about conservation""",1
2025-06-12T11:40:53.885Z,448594,phil.martin.research@gmail.com,153489523,included,-1
2025-06-12T11:40:53.865Z,448594,phil.martin.research@gmail.com,153489523,"""__EXR__Not about conservation""",1
2025-06-12T11:40:48.585Z,448594,phil.martin.research@gmail.com,153492679,included,-1
2025-06-12T11:40:48.481Z,448594,phil.martin.research@gmail.com,153492679,"""__EXR__Not about evidence use""",1
2025-06-12T11:40:19.157Z,448594,phil.martin.research@gmail.com,153494174,included,-1
2025-06-12T11:40:19.101Z,448594,phil.martin.research@gmail.com,153494174,"""__EXR__Not about conservation""",1
2025-06-12T11:40:12.977Z,448594,phil.martin.research@gmail.com,153488818,included,-1
2025-06-12T11:40:12.911Z,448594,phil.martin.research@gmail.com,153488818,"""__EXR__Not about factors that influence evidence use""",1
2025-06-12T11:38:59.888Z,448594,phil.martin.research@gmail.com,153489997,included,-1
2025-06-12T11:38:59.867Z,448594,phil.martin.research@gmail.com,153489997,"""__EXR__Not about conservation""",1
2025-04-13T09:51:45.166Z,793578,tabitha.taberer@jesus.ox.ac.uk,153494638,included,1
2025-04-13T09:59:39.488Z,793578,tabitha.taberer@jesus.ox.ac.uk,153495627,"""__EXR__Not about conservation""",1
2025-04-13T09:59:39.502Z,793578,tabitha.taberer@jesus.ox.ac.uk,153495627,included,-1
2025-04-14T12:08:36.132Z,0,rayyan@rayyan.ai,83177869,"""__SYSTEM__STAGE__70058""",1
2025-04-14T12:08:36.497Z,0,rayyan@rayyan.ai,153486342,"""__SYSTEM__STAGE__70058""",1
2025-04-14T12:08:36.497Z,0,rayyan@rayyan.ai,153486474,"""__SYSTEM__STAGE__70058""",1
2025-04-14T12:08:36.497Z,0,rayyan@rayyan.ai,153487012,"""__SYSTEM__STAGE__70058""",1
2025-04-15T11:29:23.745Z,793586,ake@ceh.ac.uk,83177878,included,1
2025-04-16T14:50:31.356Z,793585,c.matos@hull.ac.uk,153486516,included,1
2025-04-16T14:50:48.729Z,793585,c.matos@hull.ac.uk,153486516,"""__EXR__Not about evidence use""",1
2025-04-16T14:50:48.740Z,793585,c.matos@hull.ac.uk,153486516,included,-1
2025-04-16T21:09:18.006Z,840700,nick.littlewood@sruc.ac.uk,83177735,"""__EXR__Not about conservation""",1
2025-04-16T21:09:18.174Z,840700,nick.littlewood@sruc.ac.uk,83177735,included,-1
2025-04-16T21:10:39.085Z,840700,nick.littlewood@sruc.ac.uk,83177767,"""__EXR__Not about conservation""",1
2025-04-16T21:10:39.104Z,840700,nick.littlewood@sruc.ac.uk,83177767,included,-1
2025-04-16T21:12:10.086Z,840700,nick.littlewood@sruc.ac.uk,83177869,included,1
2025-04-16T21:14:35.647Z,840700,nick.littlewood@sruc.ac.uk,83177871,included,0
2025-04-16T21:16:59.216Z,840700,nick.littlewood@sruc.ac.uk,83177878,included,-1
2025-04-16T21:17:04.498Z,840700,nick.littlewood@sruc.ac.uk,83177878,included,-1
2025-04-16T21:17:19.227Z,840700,nick.littlewood@sruc.ac.uk,83177878,"""__EXR__Not about factors that influence evidence use""",1
2025-04-16T21:17:19.237Z,840700,nick.littlewood@sruc.ac.uk,83177878,included,-1
2025-04-16T21:17:58.041Z,840700,nick.littlewood@sruc.ac.uk,83177884,"""__EXR__Not about conservation""",1
2025-04-16T21:17:58.059Z,840700,nick.littlewood@sruc.ac.uk,83177884,included,-1
2025-04-16T21:18:30.601Z,840700,nick.littlewood@sruc.ac.uk,153485158,"""__EXR__Not about conservation""",1
2025-04-16T21:18:30.619Z,840700,nick.littlewood@sruc.ac.uk,153485158,included,-1
2025-04-16T21:20:04.519Z,840700,nick.littlewood@sruc.ac.uk,153485174,included,1
2025-04-16T21:20:35.541Z,840700,nick.littlewood@sruc.ac.uk,153485219,"""__EXR__Not about evidence use""",1
2025-04-16T21:20:35.561Z,840700,nick.littlewood@sruc.ac.uk,153485219,included,-1
2025-04-16T21:21:38.966Z,840700,nick.littlewood@sruc.ac.uk,153485258,"""__EXR__Not about factors that influence evidence use""",1
2025-04-16T21:21:38.981Z,840700,nick.littlewood@sruc.ac.uk,153485258,included,-1
2025-04-16T21:21:55.257Z,840700,nick.littlewood@sruc.ac.uk,153485259,"""__EXR__Not about conservation""",1
2025-04-16T21:21:55.274Z,840700,nick.littlewood@sruc.ac.uk,153485259,included,-1
2025-04-16T21:22:18.168Z,840700,nick.littlewood@sruc.ac.uk,153485266,"""__EXR__Not about factors that influence evidence use""",1
2025-04-16T21:22:18.191Z,840700,nick.littlewood@sruc.ac.uk,153485266,included,-1
2025-04-16T21:25:26.739Z,840700,nick.littlewood@sruc.ac.uk,153485269,"""__EXR__Not about evidence use""",1
2025-04-16T21:25:26.761Z,840700,nick.littlewood@sruc.ac.uk,153485269,included,-1
2025-04-16T21:26:22.566Z,840700,nick.littlewood@sruc.ac.uk,153485283,"""__EXR__Not about evidence use""",1
2025-04-16T21:26:22.585Z,840700,nick.littlewood@sruc.ac.uk,153485283,included,-1
2025-04-16T21:27:05.513Z,840700,nick.littlewood@sruc.ac.uk,153485298,"""__EXR__Not about evidence use""",1
2025-04-16T21:27:05.529Z,840700,nick.littlewood@sruc.ac.uk,153485298,included,-1
2025-04-16T21:27:26.515Z,840700,nick.littlewood@sruc.ac.uk,153485360,"""__EXR__Not about conservation""",1
2025-04-16T21:27:26.533Z,840700,nick.littlewood@sruc.ac.uk,153485360,included,-1
2025-04-16T21:28:05.373Z,840700,nick.littlewood@sruc.ac.uk,153485365,"""__EXR__Not about conservation""",1
2025-04-16T21:28:05.387Z,840700,nick.littlewood@sruc.ac.uk,153485365,included,-1
2025-04-16T21:28:19.084Z,840700,nick.littlewood@sruc.ac.uk,153485421,"""__EXR__Not about conservation""",1
2025-04-16T21:28:19.100Z,840700,nick.littlewood@sruc.ac.uk,153485421,included,-1
2025-04-16T21:28:35.122Z,840700,nick.littlewood@sruc.ac.uk,153485433,"""__EXR__Not about conservation""",1
2025-04-16T21:28:35.137Z,840700,nick.littlewood@sruc.ac.uk,153485433,included,-1
2025-04-16T21:28:48.451Z,840700,nick.littlewood@sruc.ac.uk,153485451,"""__EXR__Not about conservation""",1
2025-04-16T21:28:48.467Z,840700,nick.littlewood@sruc.ac.uk,153485451,included,-1
2025-06-12T11:38:28.842Z,448594,phil.martin.research@gmail.com,153492102,included,-1
2025-06-12T11:38:28.798Z,448594,phil.martin.research@gmail.com,153492102,"""__EXR__Not about evidence use""",1
2025-06-12T11:12:28.693Z,448594,phil.martin.research@gmail.com,153494712,"""Nick - to check""",1
2025-06-12T11:12:28.693Z,448594,phil.martin.research@gmail.com,153494734,"""Nick - to check""",1
2025-06-12T11:12:28.693Z,448594,phil.martin.research@gmail.com,153494769,"""Nick - to check""",1
2025-06-12T11:12:28.693Z,448594,phil.martin.research@gmail.com,153494785,"""Nick - to check""",1
2025-06-12T11:12:28.693Z,448594,phil.martin.research@gmail.com,153494804,"""Nick - to check""",1
2025-06-12T11:12:28.693Z,448594,phil.martin.research@gmail.com,153494929,"""Nick - to check""",1
2025-06-12T11:12:28.693Z,448594,phil.martin.research@gmail.com,153494934,"""Nick - to check""",1
2025-06-12T11:12:28.693Z,448594,phil.martin.research@gmail.com,153495089,"""Nick - to check""",1
2025-06-12T11:12:28.693Z,448594,phil.martin.research@gmail.com,153495097,"""Nick - to check""",1
2025-06-12T11:12:28.693Z,448594,phil.martin.research@gmail.com,153495146,"""Nick - to check""",1
2025-06-12T11:12:28.693Z,448594,phil.martin.research@gmail.com,153495175,"""Nick - to check""",1
2025-06-12T11:12:28.693Z,448594,phil.martin.research@gmail.com,153495221,"""Nick - to check""",1
2025-06-12T11:12:28.693Z,448594,phil.martin.research@gmail.com,153495284,"""Nick - to check""",1
2025-06-12T11:12:28.693Z,448594,phil.martin.research@gmail.com,153495286,"""Nick - to check""",1
2025-06-12T11:12:28.693Z,448594,phil.martin.research@gmail.com,153495371,"""Nick - to check""",1
2025-06-12T11:12:28.693Z,448594,phil.martin.research@gmail.com,153495431,"""Nick - to check""",1
2025-06-12T11:12:28.693Z,448594,phil.martin.research@gmail.com,153495449,"""Nick - to check""",1
2025-06-12T11:12:28.693Z,448594,phil.martin.research@gmail.com,153495453,"""Nick - to check""",1
2025-06-12T11:12:28.693Z,448594,phil.martin.research@gmail.com,153495476,"""Nick - to check""",1
2025-06-12T11:12:28.693Z,448594,phil.martin.research@gmail.com,153495491,"""Nick - to check""",1
2025-06-12T11:12:28.693Z,448594,phil.martin.research@gmail.com,153495540,"""Nick - to check""",1
2025-06-12T11:12:28.693Z,448594,phil.martin.research@gmail.com,153495620,"""Nick - to check""",1
2025-04-22T16:22:01.668Z,0,rayyan@rayyan.ai,153487136,"""__SYSTEM__SAMPLE__3ff0d7fee4e91535b9e1dbf417bd181c_18354""",1
2025-04-22T16:22:01.668Z,0,rayyan@rayyan.ai,153489118,"""__SYSTEM__SAMPLE__3ff0d7fee4e91535b9e1dbf417bd181c_18354""",1
2025-04-22T16:22:01.668Z,0,rayyan@rayyan.ai,153494656,"""__SYSTEM__SAMPLE__3ff0d7fee4e91535b9e1dbf417bd181c_18354""",1
2025-04-22T16:22:02.078Z,0,rayyan@rayyan.ai,153488929,"""__SYSTEM__SAMPLE__3ff0d7fee4e91535b9e1dbf417bd181c_18354""",1
2025-04-22T16:22:02.078Z,0,rayyan@rayyan.ai,153489922,"""__SYSTEM__SAMPLE__3ff0d7fee4e91535b9e1dbf417bd181c_18354""",1
2025-04-22T16:22:02.594Z,0,rayyan@rayyan.ai,153489652,"""__SYSTEM__SAMPLE__3ff0d7fee4e91535b9e1dbf417bd181c_18354""",1
2025-04-22T16:22:02.594Z,0,rayyan@rayyan.ai,153487289,"""__SYSTEM__SAMPLE__3ff0d7fee4e91535b9e1dbf417bd181c_18354""",1
2025-04-22T16:22:02.779Z,0,rayyan@rayyan.ai,153491776,"""__SYSTEM__SAMPLE__3ff0d7fee4e91535b9e1dbf417bd181c_18354""",1
2025-04-22T16:22:02.779Z,0,rayyan@rayyan.ai,153493889,"""__SYSTEM__SAMPLE__3ff0d7fee4e91535b9e1dbf417bd181c_18354""",1
2025-04-22T16:22:03.110Z,0,rayyan@rayyan.ai,153489131,"""__SYSTEM__SAMPLE__3ff0d7fee4e91535b9e1dbf417bd181c_18354""",1
2025-04-22T16:22:03.110Z,0,rayyan@rayyan.ai,153485360,"""__SYSTEM__SAMPLE__3ff0d7fee4e91535b9e1dbf417bd181c_18354""",1
2025-04-22T16:22:03.420Z,0,rayyan@rayyan.ai,153496155,"""__SYSTEM__SAMPLE__3ff0d7fee4e91535b9e1dbf417bd181c_18354""",1
2025-04-22T16:22:03.420Z,0,rayyan@rayyan.ai,153493938,"""__SYSTEM__SAMPLE__3ff0d7fee4e91535b9e1dbf417bd181c_18354""",1
2025-04-22T16:22:03.537Z,0,rayyan@rayyan.ai,153489487,"""__SYSTEM__SAMPLE__3ff0d7fee4e91535b9e1dbf417bd181c_18354""",1
2025-04-22T16:22:03.537Z,0,rayyan@rayyan.ai,153488893,"""__SYSTEM__SAMPLE__3ff0d7fee4e91535b9e1dbf417bd181c_18354""",1
2025-04-22T16:22:04.484Z,0,rayyan@rayyan.ai,153495453,"""__SYSTEM__SAMPLE__3ff0d7fee4e91535b9e1dbf417bd181c_18354""",1
2025-04-22T16:22:04.484Z,0,rayyan@rayyan.ai,153491805,"""__SYSTEM__SAMPLE__3ff0d7fee4e91535b9e1dbf417bd181c_18354""",1
2025-04-22T16:22:04.484Z,0,rayyan@rayyan.ai,153497950,"""__SYSTEM__SAMPLE__3ff0d7fee4e91535b9e1dbf417bd181c_18354""",1
2025-04-22T16:22:04.585Z,0,rayyan@rayyan.ai,153487805,"""__SYSTEM__SAMPLE__3ff0d7fee4e91535b9e1dbf417bd181c_18354""",1
2025-04-22T16:22:04.710Z,0,rayyan@rayyan.ai,153487497,"""__SYSTEM__SAMPLE__3ff0d7fee4e91535b9e1dbf417bd181c_18354""",1
2025-04-22T16:22:04.710Z,0,rayyan@rayyan.ai,153487741,"""__SYSTEM__SAMPLE__3ff0d7fee4e91535b9e1dbf417bd181c_18354""",1
2025-04-22T16:22:04.970Z,0,rayyan@rayyan.ai,153487701,"""__SYSTEM__SAMPLE__3ff0d7fee4e91535b9e1dbf417bd181c_18354""",1
2025-04-22T16:22:05.085Z,0,rayyan@rayyan.ai,153485258,"""__SYSTEM__SAMPLE__3ff0d7fee4e91535b9e1dbf417bd181c_18354""",1
2025-04-22T16:22:05.085Z,0,rayyan@rayyan.ai,153487205,"""__SYSTEM__SAMPLE__3ff0d7fee4e91535b9e1dbf417bd181c_18354""",1
2025-04-22T16:22:05.172Z,0,rayyan@rayyan.ai,153487138,"""__SYSTEM__SAMPLE__3ff0d7fee4e91535b9e1dbf417bd181c_18354""",1
2025-04-22T16:22:05.303Z,0,rayyan@rayyan.ai,153491984,"""__SYSTEM__SAMPLE__3ff0d7fee4e91535b9e1dbf417bd181c_18354""",1
2025-04-22T16:22:05.388Z,0,rayyan@rayyan.ai,153493186,"""__SYSTEM__SAMPLE__3ff0d7fee4e91535b9e1dbf417bd181c_18354""",1
2025-04-22T16:22:05.388Z,0,rayyan@rayyan.ai,153496100,"""__SYSTEM__SAMPLE__3ff0d7fee4e91535b9e1dbf417bd181c_18354""",1
2025-04-22T16:22:06.234Z,0,rayyan@rayyan.ai,153492334,"""__SYSTEM__SAMPLE__3ff0d7fee4e91535b9e1dbf417bd181c_18354""",1
2025-04-22T16:22:06.234Z,0,rayyan@rayyan.ai,153487551,"""__SYSTEM__SAMPLE__3ff0d7fee4e91535b9e1dbf417bd181c_18354""",1
2025-04-22T16:22:06.234Z,0,rayyan@rayyan.ai,153495221,"""__SYSTEM__SAMPLE__3ff0d7fee4e91535b9e1dbf417bd181c_18354""",1
2025-04-22T16:22:06.234Z,0,rayyan@rayyan.ai,153486737,"""__SYSTEM__SAMPLE__3ff0d7fee4e91535b9e1dbf417bd181c_18354""",1
2025-04-22T16:22:06.318Z,0,rayyan@rayyan.ai,153485433,"""__SYSTEM__SAMPLE__3ff0d7fee4e91535b9e1dbf417bd181c_18355""",1
2025-04-22T16:22:06.318Z,0,rayyan@rayyan.ai,153486241,"""__SYSTEM__SAMPLE__3ff0d7fee4e91535b9e1dbf417bd181c_18355""",1
2025-04-22T16:22:06.318Z,0,rayyan@rayyan.ai,153487304,"""__SYSTEM__SAMPLE__3ff0d7fee4e91535b9e1dbf417bd181c_18355""",1
2025-04-22T16:22:06.318Z,0,rayyan@rayyan.ai,153487696,"""__SYSTEM__SAMPLE__3ff0d7fee4e91535b9e1dbf417bd181c_18355""",1
2025-04-22T16:22:06.679Z,0,rayyan@rayyan.ai,153486783,"""__SYSTEM__SAMPLE__3ff0d7fee4e91535b9e1dbf417bd181c_18355""",1
2025-04-22T16:22:06.679Z,0,rayyan@rayyan.ai,153491503,"""__SYSTEM__SAMPLE__3ff0d7fee4e91535b9e1dbf417bd181c_18355""",1
2025-04-22T16:22:06.748Z,0,rayyan@rayyan.ai,153486479,"""__SYSTEM__SAMPLE__3ff0d7fee4e91535b9e1dbf417bd181c_18355""",1
2025-04-22T16:22:06.748Z,0,rayyan@rayyan.ai,153486674,"""__SYSTEM__SAMPLE__3ff0d7fee4e91535b9e1dbf417bd181c_18355""",1
2025-04-22T16:22:07.059Z,0,rayyan@rayyan.ai,153485174,"""__SYSTEM__SAMPLE__3ff0d7fee4e91535b9e1dbf417bd181c_18355""",1
2025-04-22T16:22:07.137Z,0,rayyan@rayyan.ai,153495627,"""__SYSTEM__SAMPLE__3ff0d7fee4e91535b9e1dbf417bd181c_18355""",1
2025-04-22T16:22:07.199Z,0,rayyan@rayyan.ai,153487055,"""__SYSTEM__SAMPLE__3ff0d7fee4e91535b9e1dbf417bd181c_18355""",1
2025-04-22T16:22:07.199Z,0,rayyan@rayyan.ai,153489675,"""__SYSTEM__SAMPLE__3ff0d7fee4e91535b9e1dbf417bd181c_18355""",1
2025-04-22T16:22:07.199Z,0,rayyan@rayyan.ai,153489987,"""__SYSTEM__SAMPLE__3ff0d7fee4e91535b9e1dbf417bd181c_18355""",1
2025-04-22T16:22:07.199Z,0,rayyan@rayyan.ai,153487364,"""__SYSTEM__SAMPLE__3ff0d7fee4e91535b9e1dbf417bd181c_18355""",1
2025-04-22T16:22:07.271Z,0,rayyan@rayyan.ai,153488127,"""__SYSTEM__SAMPLE__3ff0d7fee4e91535b9e1dbf417bd181c_18355""",1
2025-04-22T16:22:07.271Z,0,rayyan@rayyan.ai,153488546,"""__SYSTEM__SAMPLE__3ff0d7fee4e91535b9e1dbf417bd181c_18355""",1
2025-04-22T16:22:07.271Z,0,rayyan@rayyan.ai,153489127,"""__SYSTEM__SAMPLE__3ff0d7fee4e91535b9e1dbf417bd181c_18355""",1
2025-04-22T16:22:07.526Z,0,rayyan@rayyan.ai,153487445,"""__SYSTEM__SAMPLE__3ff0d7fee4e91535b9e1dbf417bd181c_18355""",1
2025-04-22T16:22:07.606Z,0,rayyan@rayyan.ai,153488670,"""__SYSTEM__SAMPLE__3ff0d7fee4e91535b9e1dbf417bd181c_18355""",1
2025-04-22T16:22:07.675Z,0,rayyan@rayyan.ai,153489688,"""__SYSTEM__SAMPLE__3ff0d7fee4e91535b9e1dbf417bd181c_18355""",1
2025-04-22T16:22:07.675Z,0,rayyan@rayyan.ai,153489777,"""__SYSTEM__SAMPLE__3ff0d7fee4e91535b9e1dbf417bd181c_18355""",1
2025-04-22T16:22:07.675Z,0,rayyan@rayyan.ai,153485930,"""__SYSTEM__SAMPLE__3ff0d7fee4e91535b9e1dbf417bd181c_18355""",1
2025-04-22T16:22:07.805Z,0,rayyan@rayyan.ai,153485551,"""__SYSTEM__SAMPLE__3ff0d7fee4e91535b9e1dbf417bd181c_18355""",1
2025-04-22T16:22:07.805Z,0,rayyan@rayyan.ai,153494476,"""__SYSTEM__SAMPLE__3ff0d7fee4e91535b9e1dbf417bd181c_18355""",1
2025-04-22T16:22:07.805Z,0,rayyan@rayyan.ai,153485266,"""__SYSTEM__SAMPLE__3ff0d7fee4e91535b9e1dbf417bd181c_18355""",1
2025-04-22T16:22:07.874Z,0,rayyan@rayyan.ai,153485269,"""__SYSTEM__SAMPLE__3ff0d7fee4e91535b9e1dbf417bd181c_18355""",1
2025-04-22T16:22:07.874Z,0,rayyan@rayyan.ai,153492498,"""__SYSTEM__SAMPLE__3ff0d7fee4e91535b9e1dbf417bd181c_18355""",1
2025-04-22T16:22:07.874Z,0,rayyan@rayyan.ai,153488568,"""__SYSTEM__SAMPLE__3ff0d7fee4e91535b9e1dbf417bd181c_18355""",1
2025-04-22T16:22:07.874Z,0,rayyan@rayyan.ai,153487218,"""__SYSTEM__SAMPLE__3ff0d7fee4e91535b9e1dbf417bd181c_18355""",1
2025-04-22T16:22:08.368Z,0,rayyan@rayyan.ai,153488259,"""__SYSTEM__SAMPLE__3ff0d7fee4e91535b9e1dbf417bd181c_18356""",1
2025-04-22T16:22:08.438Z,0,rayyan@rayyan.ai,153486646,"""__SYSTEM__SAMPLE__3ff0d7fee4e91535b9e1dbf417bd181c_18356""",1
2025-04-22T16:22:08.438Z,0,rayyan@rayyan.ai,153488913,"""__SYSTEM__SAMPLE__3ff0d7fee4e91535b9e1dbf417bd181c_18356""",1
2025-04-22T16:22:08.438Z,0,rayyan@rayyan.ai,153486937,"""__SYSTEM__SAMPLE__3ff0d7fee4e91535b9e1dbf417bd181c_18356""",1
2025-04-22T16:22:08.502Z,0,rayyan@rayyan.ai,153491847,"""__SYSTEM__SAMPLE__3ff0d7fee4e91535b9e1dbf417bd181c_18356""",1
2025-04-22T16:22:08.717Z,0,rayyan@rayyan.ai,153489801,"""__SYSTEM__SAMPLE__3ff0d7fee4e91535b9e1dbf417bd181c_18356""",1
2025-04-22T16:22:08.717Z,0,rayyan@rayyan.ai,153495821,"""__SYSTEM__SAMPLE__3ff0d7fee4e91535b9e1dbf417bd181c_18356""",1
2025-04-22T16:22:08.786Z,0,rayyan@rayyan.ai,153488860,"""__SYSTEM__SAMPLE__3ff0d7fee4e91535b9e1dbf417bd181c_18356""",1
2025-04-22T16:22:08.786Z,0,rayyan@rayyan.ai,153487293,"""__SYSTEM__SAMPLE__3ff0d7fee4e91535b9e1dbf417bd181c_18356""",1
2025-04-22T16:22:08.786Z,0,rayyan@rayyan.ai,153486495,"""__SYSTEM__SAMPLE__3ff0d7fee4e91535b9e1dbf417bd181c_18356""",1
2025-04-22T16:22:09.029Z,0,rayyan@rayyan.ai,153492937,"""__SYSTEM__SAMPLE__3ff0d7fee4e91535b9e1dbf417bd181c_18356""",1
2025-04-22T16:22:09.029Z,0,rayyan@rayyan.ai,153493181,"""__SYSTEM__SAMPLE__3ff0d7fee4e91535b9e1dbf417bd181c_18356""",1
2025-04-22T16:22:09.029Z,0,rayyan@rayyan.ai,153493130,"""__SYSTEM__SAMPLE__3ff0d7fee4e91535b9e1dbf417bd181c_18356""",1
2025-04-22T16:22:09.098Z,0,rayyan@rayyan.ai,153494934,"""__SYSTEM__SAMPLE__3ff0d7fee4e91535b9e1dbf417bd181c_18356""",1
2025-04-22T16:22:09.159Z,0,rayyan@rayyan.ai,153489401,"""__SYSTEM__SAMPLE__3ff0d7fee4e91535b9e1dbf417bd181c_18356""",1
2025-04-22T16:22:09.159Z,0,rayyan@rayyan.ai,153489648,"""__SYSTEM__SAMPLE__3ff0d7fee4e91535b9e1dbf417bd181c_18356""",1
2025-04-22T16:22:09.159Z,0,rayyan@rayyan.ai,153493778,"""__SYSTEM__SAMPLE__3ff0d7fee4e91535b9e1dbf417bd181c_18356""",1
2025-04-22T16:22:09.224Z,0,rayyan@rayyan.ai,153488588,"""__SYSTEM__SAMPLE__3ff0d7fee4e91535b9e1dbf417bd181c_18356""",1
2025-04-22T16:22:09.224Z,0,rayyan@rayyan.ai,153491918,"""__SYSTEM__SAMPLE__3ff0d7fee4e91535b9e1dbf417bd181c_18356""",1
2025-04-22T16:22:09.372Z,0,rayyan@rayyan.ai,153497879,"""__SYSTEM__SAMPLE__3ff0d7fee4e91535b9e1dbf417bd181c_18356""",1
2025-04-22T16:22:09.372Z,0,rayyan@rayyan.ai,153488519,"""__SYSTEM__SAMPLE__3ff0d7fee4e91535b9e1dbf417bd181c_18356""",1
2025-04-22T16:22:09.438Z,0,rayyan@rayyan.ai,153491541,"""__SYSTEM__SAMPLE__3ff0d7fee4e91535b9e1dbf417bd181c_18356""",1
2025-04-22T16:22:09.520Z,0,rayyan@rayyan.ai,153494201,"""__SYSTEM__SAMPLE__3ff0d7fee4e91535b9e1dbf417bd181c_18356""",1
2025-04-22T16:22:09.584Z,0,rayyan@rayyan.ai,153486884,"""__SYSTEM__SAMPLE__3ff0d7fee4e91535b9e1dbf417bd181c_18356""",1
2025-04-22T16:22:09.653Z,0,rayyan@rayyan.ai,153488421,"""__SYSTEM__SAMPLE__3ff0d7fee4e91535b9e1dbf417bd181c_18356""",1
2025-04-22T16:22:09.709Z,0,rayyan@rayyan.ai,153485691,"""__SYSTEM__SAMPLE__3ff0d7fee4e91535b9e1dbf417bd181c_18356""",1
2025-04-22T16:22:09.709Z,0,rayyan@rayyan.ai,153485486,"""__SYSTEM__SAMPLE__3ff0d7fee4e91535b9e1dbf417bd181c_18356""",1
2025-04-22T16:22:09.767Z,0,rayyan@rayyan.ai,153488247,"""__SYSTEM__SAMPLE__3ff0d7fee4e91535b9e1dbf417bd181c_18356""",1
2025-04-22T16:22:09.832Z,0,rayyan@rayyan.ai,153490316,"""__SYSTEM__SAMPLE__3ff0d7fee4e91535b9e1dbf417bd181c_18356""",1
2025-04-22T16:22:09.898Z,0,rayyan@rayyan.ai,153489441,"""__SYSTEM__SAMPLE__3ff0d7fee4e91535b9e1dbf417bd181c_18356""",1
2025-04-22T16:22:09.898Z,0,rayyan@rayyan.ai,153495284,"""__SYSTEM__SAMPLE__3ff0d7fee4e91535b9e1dbf417bd181c_18356""",1
2025-04-22T16:22:09.962Z,0,rayyan@rayyan.ai,153490422,"""__SYSTEM__SAMPLE__3ff0d7fee4e91535b9e1dbf417bd181c_18356""",1
2025-04-22T16:22:10.026Z,0,rayyan@rayyan.ai,153490276,"""__SYSTEM__SAMPLE__3ff0d7fee4e91535b9e1dbf417bd181c_18356""",1
2025-04-22T16:27:12.483Z,840700,nick.littlewood@sruc.ac.uk,153485486,"""__EXR__Not about conservation""",1
2025-04-22T16:27:12.531Z,840700,nick.littlewood@sruc.ac.uk,153485486,included,-1
2025-04-22T16:28:26.063Z,840700,nick.littlewood@sruc.ac.uk,153485498,included,0
2025-04-22T16:28:42.253Z,840700,nick.littlewood@sruc.ac.uk,153485519,"""__EXR__Not about conservation""",1
2025-04-22T16:28:42.273Z,840700,nick.littlewood@sruc.ac.uk,153485519,included,-1
2025-04-22T16:29:05.039Z,840700,nick.littlewood@sruc.ac.uk,153485543,"""__EXR__Not about policy or practice""",1
2025-04-22T16:29:05.056Z,840700,nick.littlewood@sruc.ac.uk,153485543,included,-1
2025-04-22T16:29:36.831Z,840700,nick.littlewood@sruc.ac.uk,153485551,"""__EXR__Not about evidence use""",1
2025-04-22T16:29:36.849Z,840700,nick.littlewood@sruc.ac.uk,153485551,included,-1
2025-04-22T16:30:57.868Z,840700,nick.littlewood@sruc.ac.uk,153485587,"""__EXR__Not about factors that influence evidence use""",1
2025-04-22T16:30:57.887Z,840700,nick.littlewood@sruc.ac.uk,153485587,included,-1
2025-04-22T16:31:15.028Z,840700,nick.littlewood@sruc.ac.uk,153485621,"""__EXR__Not about conservation""",1
2025-04-22T16:31:15.045Z,840700,nick.littlewood@sruc.ac.uk,153485621,included,-1
2025-04-22T16:31:30.878Z,840700,nick.littlewood@sruc.ac.uk,153485625,"""__EXR__Not about evidence use""",1
2025-04-22T16:31:31.321Z,840700,nick.littlewood@sruc.ac.uk,153485625,included,-1
2025-04-22T16:32:36.145Z,840700,nick.littlewood@sruc.ac.uk,153485633,"""__EXR__Not about conservation""",1
2025-04-22T16:32:36.382Z,840700,nick.littlewood@sruc.ac.uk,153485633,included,-1
2025-04-22T16:33:15.573Z,840700,nick.littlewood@sruc.ac.uk,153485673,"""__EXR__Not about evidence use""",1
2025-04-22T16:33:15.601Z,840700,nick.littlewood@sruc.ac.uk,153485673,included,-1
2025-04-22T16:33:36.914Z,840700,nick.littlewood@sruc.ac.uk,153485691,"""__EXR__Not about conservation""",1
2025-04-22T16:33:36.932Z,840700,nick.littlewood@sruc.ac.uk,153485691,included,-1
2025-04-22T16:34:06.144Z,840700,nick.littlewood@sruc.ac.uk,153485736,"""__EXR__Not about conservation""",1
2025-04-22T16:34:06.205Z,840700,nick.littlewood@sruc.ac.uk,153485736,included,-1
2025-04-22T16:34:25.093Z,840700,nick.littlewood@sruc.ac.uk,153485755,"""__EXR__Not about evidence use""",1
2025-04-22T16:34:25.134Z,840700,nick.littlewood@sruc.ac.uk,153485755,included,-1
2025-04-22T16:35:33.582Z,840700,nick.littlewood@sruc.ac.uk,153485808,"""__EXR__Not about factors that influence evidence use""",1
2025-04-22T16:35:33.604Z,840700,nick.littlewood@sruc.ac.uk,153485808,included,-1
2025-04-22T16:37:04.660Z,840700,nick.littlewood@sruc.ac.uk,153485813,included,1
2025-04-22T16:38:21.775Z,840700,nick.littlewood@sruc.ac.uk,153485830,"""__EXR__Not about factors that influence evidence use""",1
2025-04-22T16:38:21.792Z,840700,nick.littlewood@sruc.ac.uk,153485830,included,-1
2025-04-22T16:39:15.417Z,840700,nick.littlewood@sruc.ac.uk,153485846,included,0
2025-04-22T16:39:39.785Z,840700,nick.littlewood@sruc.ac.uk,153485856,"""__EXR__Not about policy or practice""",1
2025-04-22T16:39:39.802Z,840700,nick.littlewood@sruc.ac.uk,153485856,included,-1
2025-04-22T16:39:54.092Z,840700,nick.littlewood@sruc.ac.uk,153485875,"""__EXR__Not about conservation""",1
2025-04-22T16:39:54.110Z,840700,nick.littlewood@sruc.ac.uk,153485875,included,-1
2025-04-22T18:32:19.665Z,840700,nick.littlewood@sruc.ac.uk,153485930,"""__EXR__Not about evidence use""",1
2025-04-22T18:32:19.707Z,840700,nick.littlewood@sruc.ac.uk,153485930,included,-1
2025-04-22T18:33:31.983Z,840700,nick.littlewood@sruc.ac.uk,153485959,"""__EXR__Not about evidence use""",1
2025-04-22T18:33:32.008Z,840700,nick.littlewood@sruc.ac.uk,153485959,included,-1
2025-04-22T18:34:02.290Z,840700,nick.littlewood@sruc.ac.uk,153485984,"""__EXR__Not about conservation""",1
2025-04-22T18:34:02.314Z,840700,nick.littlewood@sruc.ac.uk,153485984,included,-1
2025-04-22T18:34:14.361Z,840700,nick.littlewood@sruc.ac.uk,153485988,"""__EXR__Not about conservation""",1
2025-04-22T18:34:14.385Z,840700,nick.littlewood@sruc.ac.uk,153485988,included,-1
2025-04-22T18:35:37.838Z,840700,nick.littlewood@sruc.ac.uk,153486041,"""__EXR__Not about factors that influence evidence use""",1
2025-04-22T18:35:37.863Z,840700,nick.littlewood@sruc.ac.uk,153486041,included,-1
2025-04-22T18:36:51.881Z,840700,nick.littlewood@sruc.ac.uk,153486133,"""__EXR__Not about evidence use""",1
2025-04-22T18:36:51.903Z,840700,nick.littlewood@sruc.ac.uk,153486133,included,-1
2025-04-22T18:37:24.929Z,840700,nick.littlewood@sruc.ac.uk,153486160,"""__EXR__Not about conservation""",1
2025-04-22T18:37:24.966Z,840700,nick.littlewood@sruc.ac.uk,153486160,included,-1
2025-04-22T18:37:48.649Z,840700,nick.littlewood@sruc.ac.uk,153486187,"""__EXR__Not about evidence use""",1
2025-04-22T18:37:48.672Z,840700,nick.littlewood@sruc.ac.uk,153486187,included,-1
2025-04-22T18:38:23.085Z,840700,nick.littlewood@sruc.ac.uk,153486239,"""__EXR__Not about conservation""",1
2025-04-22T18:38:23.105Z,840700,nick.littlewood@sruc.ac.uk,153486239,included,-1
2025-04-22T18:38:49.229Z,840700,nick.littlewood@sruc.ac.uk,153486241,"""__EXR__Not about factors that influence evidence use""",1
2025-04-22T18:38:49.250Z,840700,nick.littlewood@sruc.ac.uk,153486241,included,-1
2025-04-22T18:39:06.801Z,840700,nick.littlewood@sruc.ac.uk,153486256,"""__EXR__Not about conservation""",1
2025-04-22T18:39:06.825Z,840700,nick.littlewood@sruc.ac.uk,153486256,included,-1
2025-04-22T18:39:24.066Z,840700,nick.littlewood@sruc.ac.uk,153486342,"""__EXR__Not about conservation""",1
2025-04-22T18:39:24.090Z,840700,nick.littlewood@sruc.ac.uk,153486342,included,-1
2025-04-22T18:39:58.644Z,840700,nick.littlewood@sruc.ac.uk,153486365,"""__EXR__Not about conservation""",1
2025-04-22T18:39:58.666Z,840700,nick.littlewood@sruc.ac.uk,153486365,included,-1
2025-04-22T18:40:17.383Z,840700,nick.littlewood@sruc.ac.uk,153486377,"""__EXR__Not about conservation""",1
2025-04-22T18:40:17.412Z,840700,nick.littlewood@sruc.ac.uk,153486377,included,-1
2025-04-22T18:42:27.655Z,840700,nick.littlewood@sruc.ac.uk,153486474,"""__EXR__Not about factors that influence evidence use""",1
2025-04-22T18:42:27.679Z,840700,nick.littlewood@sruc.ac.uk,153486474,included,-1
2025-04-22T18:42:41.831Z,840700,nick.littlewood@sruc.ac.uk,153486479,"""__EXR__Not about conservation""",1
2025-04-22T18:42:41.858Z,840700,nick.littlewood@sruc.ac.uk,153486479,included,-1
2025-04-22T18:45:19.371Z,840700,nick.littlewood@sruc.ac.uk,153486484,included,0
2025-04-22T18:46:22.112Z,840700,nick.littlewood@sruc.ac.uk,153486487,included,1
2025-04-22T18:46:42.503Z,840700,nick.littlewood@sruc.ac.uk,153486484,included,1
2025-04-22T18:47:46.682Z,840700,nick.littlewood@sruc.ac.uk,153486495,"""__EXR__Not about factors that influence evidence use""",1
2025-04-22T18:47:46.705Z,840700,nick.littlewood@sruc.ac.uk,153486495,included,-1
2025-04-22T18:49:17.454Z,840700,nick.littlewood@sruc.ac.uk,153486516,"""__EXR__Not about evidence use""",1
2025-04-22T18:49:17.478Z,840700,nick.littlewood@sruc.ac.uk,153486516,included,-1
2025-04-22T18:49:49.027Z,840700,nick.littlewood@sruc.ac.uk,153486539,"""__EXR__Not about factors that influence evidence use""",1
2025-04-22T18:49:49.050Z,840700,nick.littlewood@sruc.ac.uk,153486539,included,-1
2025-04-22T18:50:06.263Z,840700,nick.littlewood@sruc.ac.uk,153486551,"""__EXR__Not about conservation""",1
2025-04-22T18:50:06.298Z,840700,nick.littlewood@sruc.ac.uk,153486551,included,-1
2025-04-22T18:50:30.058Z,840700,nick.littlewood@sruc.ac.uk,153486565,"""__EXR__Not about policy or practice""",1
2025-04-22T18:50:30.088Z,840700,nick.littlewood@sruc.ac.uk,153486565,included,-1
2025-04-22T18:51:35.473Z,840700,nick.littlewood@sruc.ac.uk,153486571,included,1
2025-04-23T08:31:24.328Z,840700,nick.littlewood@sruc.ac.uk,153486592,"""__EXR__Not about conservation""",1
2025-04-23T08:31:24.376Z,840700,nick.littlewood@sruc.ac.uk,153486592,included,-1
2025-04-23T08:31:51.892Z,840700,nick.littlewood@sruc.ac.uk,153486646,included,-1
2025-04-23T08:32:34.633Z,840700,nick.littlewood@sruc.ac.uk,153486664,"""__EXR__Not about conservation""",1
2025-04-23T08:32:34.661Z,840700,nick.littlewood@sruc.ac.uk,153486664,included,-1
2025-04-23T08:34:03.701Z,840700,nick.littlewood@sruc.ac.uk,153486674,"""__EXR__Not about evidence use""",1
2025-04-23T08:34:03.724Z,840700,nick.littlewood@sruc.ac.uk,153486674,included,-1
2025-04-23T08:34:03.738Z,840700,nick.littlewood@sruc.ac.uk,153486674,"""__EXR__Not about factors that influence evidence use""",deleted
2025-04-23T08:34:29.467Z,840700,nick.littlewood@sruc.ac.uk,153486728,"""__EXR__Not about conservation""",1
2025-04-23T08:34:29.487Z,840700,nick.littlewood@sruc.ac.uk,153486728,included,-1
2025-04-23T08:34:42.470Z,840700,nick.littlewood@sruc.ac.uk,153486737,"""__EXR__Not about conservation""",1
2025-04-23T08:34:42.490Z,840700,nick.littlewood@sruc.ac.uk,153486737,included,-1
2025-04-23T08:36:05.664Z,840700,nick.littlewood@sruc.ac.uk,153486742,"""__EXR__Not about evidence use""",1
2025-04-23T08:36:05.734Z,840700,nick.littlewood@sruc.ac.uk,153486742,included,-1
2025-04-23T08:36:05.807Z,840700,nick.littlewood@sruc.ac.uk,153486742,"""__EXR__Not about factors that influence evidence use""",deleted
2025-04-23T08:37:18.024Z,840700,nick.littlewood@sruc.ac.uk,153486783,"""__EXR__Not about conservation""",1
2025-04-23T08:37:18.046Z,840700,nick.littlewood@sruc.ac.uk,153486783,included,-1
2025-04-23T08:52:47.994Z,840700,nick.littlewood@sruc.ac.uk,153486847,"""__EXR__Not about evidence use""",1
2025-04-23T08:52:48.037Z,840700,nick.littlewood@sruc.ac.uk,153486847,included,-1
2025-04-23T08:57:37.039Z,840700,nick.littlewood@sruc.ac.uk,153486884,included,0
2025-04-23T08:58:10.537Z,840700,nick.littlewood@sruc.ac.uk,153486937,"""__EXR__Not about conservation""",1
2025-04-23T08:58:10.556Z,840700,nick.littlewood@sruc.ac.uk,153486937,included,-1
2025-04-23T08:59:15.736Z,840700,nick.littlewood@sruc.ac.uk,153486941,"""__EXR__Not about conservation""",1
2025-04-23T08:59:15.756Z,840700,nick.littlewood@sruc.ac.uk,153486941,included,-1
2025-04-23T09:00:00.243Z,840700,nick.littlewood@sruc.ac.uk,153486945,"""__EXR__Not about evidence use""",1
2025-04-23T09:00:00.263Z,840700,nick.littlewood@sruc.ac.uk,153486945,included,-1
2025-04-23T09:02:43.124Z,840700,nick.littlewood@sruc.ac.uk,153486961,included,1
2025-04-23T09:06:06.027Z,840700,nick.littlewood@sruc.ac.uk,153486965,"""__EXR__Not about evidence use""",1
2025-04-23T09:06:06.102Z,840700,nick.littlewood@sruc.ac.uk,153486965,included,-1
2025-04-23T09:06:30.274Z,840700,nick.littlewood@sruc.ac.uk,153487012,"""__EXR__Not about conservation""",1
2025-04-23T09:06:30.358Z,840700,nick.littlewood@sruc.ac.uk,153487012,included,-1
2025-04-23T09:06:58.734Z,840700,nick.littlewood@sruc.ac.uk,153487036,"""__EXR__Not about conservation""",1
2025-04-23T09:06:58.757Z,840700,nick.littlewood@sruc.ac.uk,153487036,included,-1
2025-04-23T09:08:02.756Z,840700,nick.littlewood@sruc.ac.uk,153487052,"""__EXR__Not about evidence use""",1
2025-04-23T09:08:02.780Z,840700,nick.littlewood@sruc.ac.uk,153487052,included,-1
2025-04-23T09:08:29.094Z,840700,nick.littlewood@sruc.ac.uk,153487055,"""__EXR__Not about conservation""",1
2025-04-23T09:08:29.128Z,840700,nick.littlewood@sruc.ac.uk,153487055,included,-1
2025-04-23T09:08:53.068Z,840700,nick.littlewood@sruc.ac.uk,153487064,"""__EXR__Not about conservation""",1
2025-04-23T09:08:53.109Z,840700,nick.littlewood@sruc.ac.uk,153487064,included,-1
2025-04-23T09:10:01.282Z,840700,nick.littlewood@sruc.ac.uk,153487101,included,1
2025-04-23T09:12:00.506Z,840700,nick.littlewood@sruc.ac.uk,153487129,"""__EXR__Not about conservation""",1
2025-04-23T09:12:00.627Z,840700,nick.littlewood@sruc.ac.uk,153487129,included,-1
2025-04-23T10:44:04.907Z,840700,nick.littlewood@sruc.ac.uk,153487136,"""__EXR__Not about factors that influence evidence use""",1
2025-04-23T10:44:04.954Z,840700,nick.littlewood@sruc.ac.uk,153487136,included,-1
2025-04-23T10:45:24.267Z,840700,nick.littlewood@sruc.ac.uk,153487138,"""__EXR__Not about evidence use""",1
2025-04-23T10:45:24.288Z,840700,nick.littlewood@sruc.ac.uk,153487138,included,-1
2025-04-23T10:45:51.887Z,840700,nick.littlewood@sruc.ac.uk,153487150,"""__EXR__Not about evidence use""",1
2025-04-23T10:45:51.903Z,840700,nick.littlewood@sruc.ac.uk,153487150,included,-1
2025-04-23T10:46:10.874Z,840700,nick.littlewood@sruc.ac.uk,153487152,"""__EXR__Not about conservation""",1
2025-04-23T10:46:10.984Z,840700,nick.littlewood@sruc.ac.uk,153487152,included,-1
2025-04-23T10:46:38.864Z,840700,nick.littlewood@sruc.ac.uk,153487172,"""__EXR__Not about evidence use""",1
2025-04-23T10:46:38.883Z,840700,nick.littlewood@sruc.ac.uk,153487172,included,-1
2025-04-23T10:47:03.704Z,840700,nick.littlewood@sruc.ac.uk,153487179,"""__EXR__Not about conservation""",1
2025-04-23T10:47:03.724Z,840700,nick.littlewood@sruc.ac.uk,153487179,included,-1
2025-04-23T10:47:52.798Z,840700,nick.littlewood@sruc.ac.uk,153487187,"""__EXR__Not about evidence use""",1
2025-04-23T10:47:52.814Z,840700,nick.littlewood@sruc.ac.uk,153487187,included,-1
2025-04-23T10:48:41.432Z,840700,nick.littlewood@sruc.ac.uk,153487203,"""__EXR__Not about evidence use""",1
2025-04-23T10:48:41.449Z,840700,nick.littlewood@sruc.ac.uk,153487203,included,-1
2025-04-23T10:50:49.023Z,840700,nick.littlewood@sruc.ac.uk,153487205,"""__EXR__Not about policy or practice""",1
2025-04-23T10:50:49.038Z,840700,nick.littlewood@sruc.ac.uk,153487205,included,-1
2025-04-23T10:53:12.258Z,840700,nick.littlewood@sruc.ac.uk,153487218,"""__EXR__Not about factors that influence evidence use""",1
2025-04-23T10:53:12.272Z,840700,nick.littlewood@sruc.ac.uk,153487218,included,-1
2025-04-23T10:53:59.253Z,840700,nick.littlewood@sruc.ac.uk,153487242,"""__EXR__Not about conservation""",1
2025-04-23T10:53:59.274Z,840700,nick.littlewood@sruc.ac.uk,153487242,included,-1
2025-04-23T10:55:23.336Z,840700,nick.littlewood@sruc.ac.uk,153487289,"""__EXR__Not about evidence use""",1
2025-04-23T10:55:23.360Z,840700,nick.littlewood@sruc.ac.uk,153487289,included,-1
2025-04-23T11:46:17.547Z,840700,nick.littlewood@sruc.ac.uk,83177871,"""__EXR__Not about evidence use""",1
2025-04-23T11:46:17.629Z,840700,nick.littlewood@sruc.ac.uk,83177871,included,-1
2025-04-23T11:53:13.293Z,840700,nick.littlewood@sruc.ac.uk,153485498,included,1
2025-04-23T11:56:24.954Z,840700,nick.littlewood@sruc.ac.uk,153485846,included,1
2025-04-23T11:58:21.198Z,840700,nick.littlewood@sruc.ac.uk,153486884,"""__EXR__Not about evidence use""",1
2025-04-23T11:58:21.236Z,840700,nick.littlewood@sruc.ac.uk,153486884,included,-1
2025-04-23T11:59:08.999Z,840700,nick.littlewood@sruc.ac.uk,153487334,"""__EXR__Not about conservation""",1
2025-04-23T11:59:09.021Z,840700,nick.littlewood@sruc.ac.uk,153487334,included,-1
2025-04-23T12:00:13.329Z,840700,nick.littlewood@sruc.ac.uk,153487293,"""__EXR__Not about evidence use""",1
2025-04-23T12:00:13.359Z,840700,nick.littlewood@sruc.ac.uk,153487293,included,-1
2025-04-23T12:00:37.588Z,840700,nick.littlewood@sruc.ac.uk,153487299,"""__EXR__Not about policy or practice""",1
2025-04-23T12:00:37.633Z,840700,nick.littlewood@sruc.ac.uk,153487299,included,-1
2025-04-23T12:04:02.151Z,840700,nick.littlewood@sruc.ac.uk,153487304,"""__EXR__Not about policy or practice""",1
2025-04-23T12:04:02.171Z,840700,nick.littlewood@sruc.ac.uk,153487304,included,-1
2025-04-23T12:04:34.361Z,840700,nick.littlewood@sruc.ac.uk,153487340,"""__EXR__Not about evidence use""",1
2025-04-23T12:04:34.381Z,840700,nick.littlewood@sruc.ac.uk,153487340,included,-1
2025-04-23T12:58:03.892Z,793586,ake@ceh.ac.uk,153485433,"""__EXR__Not about conservation""",1
2025-04-23T12:58:03.908Z,793586,ake@ceh.ac.uk,153485433,included,-1
2025-04-23T13:00:36.779Z,793586,ake@ceh.ac.uk,153485519,"""__EXR__Not about conservation""",1
2025-04-23T13:00:36.795Z,793586,ake@ceh.ac.uk,153485519,included,-1
2025-04-23T14:00:22.711Z,793586,ake@ceh.ac.uk,153490011,"""__EXR__foreign language""",1
2025-04-23T14:00:22.724Z,793586,ake@ceh.ac.uk,153490011,included,-1
2025-04-23T14:00:22.740Z,793586,ake@ceh.ac.uk,153490011,"""__EXR__Not about conservation""",1
2025-04-23T14:00:22.748Z,793586,ake@ceh.ac.uk,153490011,included,-1
2025-04-24T07:12:07.701Z,808990,jhartup45@gmail.com,83177884,"""__EXR__Not about conservation""",1
2025-04-24T07:12:07.717Z,808990,jhartup45@gmail.com,83177884,included,-1
2025-04-24T07:56:21.224Z,808990,jhartup45@gmail.com,153486133,"""__EXR__Not about factors that influence evidence use""",1
2025-04-24T07:56:21.245Z,808990,jhartup45@gmail.com,153486133,included,-1
2025-04-24T08:33:58.831Z,808990,jhartup45@gmail.com,153485174,included,0
2025-04-24T09:44:41.212Z,808990,jhartup45@gmail.com,153487218,included,1
2025-04-24T10:06:47.057Z,808990,jhartup45@gmail.com,153485174,included,1
2025-06-12T11:12:28.693Z,448594,phil.martin.research@gmail.com,153495627,"""Nick - to check""",1
2025-06-12T11:12:28.693Z,448594,phil.martin.research@gmail.com,153495635,"""Nick - to check""",1
2025-06-12T11:12:28.693Z,448594,phil.martin.research@gmail.com,153495659,"""Nick - to check""",1
2025-06-12T11:12:28.693Z,448594,phil.martin.research@gmail.com,153495755,"""Nick - to check""",1
2025-06-12T11:12:28.693Z,448594,phil.martin.research@gmail.com,153495821,"""Nick - to check""",1
2025-06-12T11:12:28.693Z,448594,phil.martin.research@gmail.com,153495934,"""Nick - to check""",1
2025-06-12T11:12:28.693Z,448594,phil.martin.research@gmail.com,153495946,"""Nick - to check""",1
2025-06-12T11:12:28.693Z,448594,phil.martin.research@gmail.com,153495954,"""Nick - to check""",1
2025-06-12T11:12:28.693Z,448594,phil.martin.research@gmail.com,153496037,"""Nick - to check""",1
2025-06-12T11:12:28.693Z,448594,phil.martin.research@gmail.com,153496075,"""Nick - to check""",1
2025-06-12T11:12:28.693Z,448594,phil.martin.research@gmail.com,153496096,"""Nick - to check""",1
2025-06-12T11:12:28.693Z,448594,phil.martin.research@gmail.com,153496100,"""Nick - to check""",1
2025-06-12T11:12:28.693Z,448594,phil.martin.research@gmail.com,153496109,"""Nick - to check""",1
2025-06-12T11:12:28.693Z,448594,phil.martin.research@gmail.com,153496155,"""Nick - to check""",1
2025-06-12T11:12:28.693Z,448594,phil.martin.research@gmail.com,153496160,"""Nick - to check""",1
2025-06-12T11:12:28.693Z,448594,phil.martin.research@gmail.com,153497608,"""Nick - to check""",1
2025-06-12T11:12:28.693Z,448594,phil.martin.research@gmail.com,153497622,"""Nick - to check""",1
2025-06-12T11:12:28.693Z,448594,phil.martin.research@gmail.com,153497695,"""Nick - to check""",1
2025-06-12T11:12:28.693Z,448594,phil.martin.research@gmail.com,153497858,"""Nick - to check""",1
2025-06-12T11:12:28.693Z,448594,phil.martin.research@gmail.com,153497879,"""Nick - to check""",1
2025-06-12T11:12:28.693Z,448594,phil.martin.research@gmail.com,153497886,"""Nick - to check""",1
2025-06-12T11:12:28.693Z,448594,phil.martin.research@gmail.com,153497927,"""Nick - to check""",1
2025-06-12T11:12:28.693Z,448594,phil.martin.research@gmail.com,153497946,"""Nick - to check""",1
2025-06-12T11:12:28.693Z,448594,phil.martin.research@gmail.com,153497950,"""Nick - to check""",1
2025-06-12T11:12:28.693Z,448594,phil.martin.research@gmail.com,153497953,"""Nick - to check""",1
2025-06-12T11:12:28.570Z,448594,phil.martin.research@gmail.com,153492334,"""Nick - to check""",1
2025-06-12T11:12:28.570Z,448594,phil.martin.research@gmail.com,153492346,"""Nick - to check""",1
2025-06-12T11:12:28.570Z,448594,phil.martin.research@gmail.com,153492448,"""Nick - to check""",1
2025-06-12T11:12:28.570Z,448594,phil.martin.research@gmail.com,153492468,"""Nick - to check""",1
2025-06-12T11:12:28.570Z,448594,phil.martin.research@gmail.com,153492498,"""Nick - to check""",1
2025-06-12T11:12:28.570Z,448594,phil.martin.research@gmail.com,153492739,"""Nick - to check""",1
2025-06-12T11:12:28.570Z,448594,phil.martin.research@gmail.com,153492767,"""Nick - to check""",1
2025-06-12T11:12:28.570Z,448594,phil.martin.research@gmail.com,153492768,"""Nick - to check""",1
2025-06-12T11:12:28.570Z,448594,phil.martin.research@gmail.com,153492835,"""Nick - to check""",1
2025-06-12T11:12:28.570Z,448594,phil.martin.research@gmail.com,153492849,"""Nick - to check""",1
2025-06-12T11:12:28.570Z,448594,phil.martin.research@gmail.com,153492909,"""Nick - to check""",1
2025-06-12T11:12:28.570Z,448594,phil.martin.research@gmail.com,153492937,"""Nick - to check""",1
2025-06-12T11:12:28.570Z,448594,phil.martin.research@gmail.com,153492977,"""Nick - to check""",1
2025-06-12T11:12:28.570Z,448594,phil.martin.research@gmail.com,153493047,"""Nick - to check""",1
2025-06-12T11:12:28.570Z,448594,phil.martin.research@gmail.com,153493069,"""Nick - to check""",1
2025-06-12T11:12:28.570Z,448594,phil.martin.research@gmail.com,153493084,"""Nick - to check""",1
2025-06-12T11:12:28.570Z,448594,phil.martin.research@gmail.com,153493097,"""Nick - to check""",1
2025-06-12T11:12:28.570Z,448594,phil.martin.research@gmail.com,153493129,"""Nick - to check""",1
2025-06-12T11:12:28.570Z,448594,phil.martin.research@gmail.com,153493130,"""Nick - to check""",1
2025-06-12T11:12:28.570Z,448594,phil.martin.research@gmail.com,153493134,"""Nick - to check""",1
2025-06-12T11:12:28.570Z,448594,phil.martin.research@gmail.com,153493173,"""Nick - to check""",1
2025-06-12T11:12:28.570Z,448594,phil.martin.research@gmail.com,153493174,"""Nick - to check""",1
2025-06-12T11:12:28.570Z,448594,phil.martin.research@gmail.com,153493181,"""Nick - to check""",1
2025-06-12T11:12:28.570Z,448594,phil.martin.research@gmail.com,153493186,"""Nick - to check""",1
2025-06-12T11:12:28.570Z,448594,phil.martin.research@gmail.com,153493241,"""Nick - to check""",1
2025-06-12T11:12:28.570Z,448594,phil.martin.research@gmail.com,153493254,"""Nick - to check""",1
2025-06-12T11:12:28.570Z,448594,phil.martin.research@gmail.com,153493260,"""Nick - to check""",1
2025-06-12T11:12:28.570Z,448594,phil.martin.research@gmail.com,153493670,"""Nick - to check""",1
2025-06-12T11:12:28.570Z,448594,phil.martin.research@gmail.com,153493681,"""Nick - to check""",1
2025-06-12T11:12:28.570Z,448594,phil.martin.research@gmail.com,153493778,"""Nick - to check""",1
2025-06-12T11:12:28.570Z,448594,phil.martin.research@gmail.com,153493844,"""Nick - to check""",1
2025-06-12T11:12:28.570Z,448594,phil.martin.research@gmail.com,153493858,"""Nick - to check""",1
2025-06-12T11:12:28.570Z,448594,phil.martin.research@gmail.com,153493889,"""Nick - to check""",1
2025-06-12T11:12:28.570Z,448594,phil.martin.research@gmail.com,153493938,"""Nick - to check""",1
2025-06-12T11:12:28.570Z,448594,phil.martin.research@gmail.com,153493943,"""Nick - to check""",1
2025-06-12T11:12:28.570Z,448594,phil.martin.research@gmail.com,153493955,"""Nick - to check""",1
2025-06-12T11:12:28.570Z,448594,phil.martin.research@gmail.com,153493967,"""Nick - to check""",1
2025-06-12T11:12:28.570Z,448594,phil.martin.research@gmail.com,153494120,"""Nick - to check""",1
2025-06-12T11:12:28.570Z,448594,phil.martin.research@gmail.com,153494146,"""Nick - to check""",1
2025-06-12T11:12:28.570Z,448594,phil.martin.research@gmail.com,153494174,"""Nick - to check""",1
2025-06-12T11:12:28.570Z,448594,phil.martin.research@gmail.com,153494201,"""Nick - to check""",1
2025-06-12T11:12:28.570Z,448594,phil.martin.research@gmail.com,153494264,"""Nick - to check""",1
2025-06-12T11:12:28.570Z,448594,phil.martin.research@gmail.com,153494386,"""Nick - to check""",1
2025-06-12T11:12:28.570Z,448594,phil.martin.research@gmail.com,153494476,"""Nick - to check""",1
2025-06-12T11:12:28.570Z,448594,phil.martin.research@gmail.com,153494522,"""Nick - to check""",1
2025-06-12T11:12:28.570Z,448594,phil.martin.research@gmail.com,153494577,"""Nick - to check""",1
2025-06-12T11:12:28.570Z,448594,phil.martin.research@gmail.com,153494602,"""Nick - to check""",1
2025-06-12T11:12:28.570Z,448594,phil.martin.research@gmail.com,153494638,"""Nick - to check""",1
2025-06-12T11:12:28.570Z,448594,phil.martin.research@gmail.com,153494656,"""Nick - to check""",1
2025-06-12T11:12:28.570Z,448594,phil.martin.research@gmail.com,153494688,"""Nick - to check""",1
2025-06-12T11:12:28.324Z,448594,phil.martin.research@gmail.com,153490579,"""Nick - to check""",1
2025-06-12T11:12:28.324Z,448594,phil.martin.research@gmail.com,153490582,"""Nick - to check""",1
2025-06-12T11:12:28.324Z,448594,phil.martin.research@gmail.com,153490670,"""Nick - to check""",1
2025-06-12T11:12:28.324Z,448594,phil.martin.research@gmail.com,153490715,"""Nick - to check""",1
2025-06-12T11:12:28.324Z,448594,phil.martin.research@gmail.com,153490762,"""Nick - to check""",1
2025-06-12T11:12:28.324Z,448594,phil.martin.research@gmail.com,153490801,"""Nick - to check""",1
2025-06-12T11:12:28.324Z,448594,phil.martin.research@gmail.com,153490844,"""Nick - to check""",1
2025-06-12T11:12:28.324Z,448594,phil.martin.research@gmail.com,153490896,"""Nick - to check""",1
2025-06-12T11:12:28.324Z,448594,phil.martin.research@gmail.com,153491013,"""Nick - to check""",1
2025-06-12T11:12:28.324Z,448594,phil.martin.research@gmail.com,153491039,"""Nick - to check""",1
2025-06-12T11:12:28.324Z,448594,phil.martin.research@gmail.com,153491141,"""Nick - to check""",1
2025-06-12T11:12:28.324Z,448594,phil.martin.research@gmail.com,153491332,"""Nick - to check""",1
2025-06-12T11:12:28.324Z,448594,phil.martin.research@gmail.com,153491426,"""Nick - to check""",1
2025-06-12T11:12:28.324Z,448594,phil.martin.research@gmail.com,153491449,"""Nick - to check""",1
2025-06-12T11:12:28.324Z,448594,phil.martin.research@gmail.com,153491492,"""Nick - to check""",1
2025-06-12T11:12:28.324Z,448594,phil.martin.research@gmail.com,153491503,"""Nick - to check""",1
2025-06-12T11:12:28.324Z,448594,phil.martin.research@gmail.com,153491513,"""Nick - to check""",1
2025-06-12T11:12:28.324Z,448594,phil.martin.research@gmail.com,153491541,"""Nick - to check""",1
2025-06-12T11:12:28.324Z,448594,phil.martin.research@gmail.com,153491578,"""Nick - to check""",1
2025-06-12T11:12:28.324Z,448594,phil.martin.research@gmail.com,153491594,"""Nick - to check""",1
2025-06-12T11:12:28.324Z,448594,phil.martin.research@gmail.com,153491618,"""Nick - to check""",1
2025-06-12T11:12:28.324Z,448594,phil.martin.research@gmail.com,153491676,"""Nick - to check""",1
2025-06-12T11:12:28.324Z,448594,phil.martin.research@gmail.com,153491745,"""Nick - to check""",1
2025-06-12T11:12:28.324Z,448594,phil.martin.research@gmail.com,153491765,"""Nick - to check""",1
2025-06-12T11:12:28.324Z,448594,phil.martin.research@gmail.com,153491776,"""Nick - to check""",1
2025-06-12T11:12:28.324Z,448594,phil.martin.research@gmail.com,153491805,"""Nick - to check""",1
2025-06-12T11:12:28.324Z,448594,phil.martin.research@gmail.com,153491830,"""Nick - to check""",1
2025-06-12T11:12:28.324Z,448594,phil.martin.research@gmail.com,153491834,"""Nick - to check""",1
2025-06-12T11:12:28.324Z,448594,phil.martin.research@gmail.com,153491837,"""Nick - to check""",1
2025-06-12T11:12:28.324Z,448594,phil.martin.research@gmail.com,153491847,"""Nick - to check""",1
2025-06-12T11:12:28.324Z,448594,phil.martin.research@gmail.com,153491864,"""Nick - to check""",1
2025-06-12T11:12:28.324Z,448594,phil.martin.research@gmail.com,153491889,"""Nick - to check""",1
2025-06-12T11:12:28.324Z,448594,phil.martin.research@gmail.com,153491918,"""Nick - to check""",1
2025-06-12T11:12:28.324Z,448594,phil.martin.research@gmail.com,153491932,"""Nick - to check""",1
2025-06-12T11:12:28.324Z,448594,phil.martin.research@gmail.com,153491939,"""Nick - to check""",1
2025-06-12T11:12:28.324Z,448594,phil.martin.research@gmail.com,153491944,"""Nick - to check""",1
2025-06-12T11:12:28.324Z,448594,phil.martin.research@gmail.com,153491954,"""Nick - to check""",1
2025-06-12T11:12:28.324Z,448594,phil.martin.research@gmail.com,153491966,"""Nick - to check""",1
2025-06-12T11:12:28.324Z,448594,phil.martin.research@gmail.com,153491984,"""Nick - to check""",1
2025-06-12T11:12:28.324Z,448594,phil.martin.research@gmail.com,153492035,"""Nick - to check""",1
2025-06-12T11:12:28.324Z,448594,phil.martin.research@gmail.com,153492076,"""Nick - to check""",1
2025-06-12T11:12:28.324Z,448594,phil.martin.research@gmail.com,153492090,"""Nick - to check""",1
2025-06-12T11:12:28.324Z,448594,phil.martin.research@gmail.com,153492102,"""Nick - to check""",1
2025-06-12T11:12:28.324Z,448594,phil.martin.research@gmail.com,153492128,"""Nick - to check""",1
2025-06-12T11:12:28.324Z,448594,phil.martin.research@gmail.com,153492130,"""Nick - to check""",1
2025-06-12T11:12:28.324Z,448594,phil.martin.research@gmail.com,153492152,"""Nick - to check""",1
2025-06-12T11:12:28.324Z,448594,phil.martin.research@gmail.com,153492196,"""Nick - to check""",1
2025-06-12T11:12:28.324Z,448594,phil.martin.research@gmail.com,153492215,"""Nick - to check""",1
2025-06-12T11:12:28.324Z,448594,phil.martin.research@gmail.com,153492289,"""Nick - to check""",1
2025-06-12T11:12:28.324Z,448594,phil.martin.research@gmail.com,153492311,"""Nick - to check""",1
2025-06-12T11:12:28.172Z,448594,phil.martin.research@gmail.com,153489257,"""Nick - to check""",1
2025-06-12T11:12:28.172Z,448594,phil.martin.research@gmail.com,153489284,"""Nick - to check""",1
2025-06-12T11:12:28.172Z,448594,phil.martin.research@gmail.com,153489303,"""Nick - to check""",1
2025-06-12T11:12:28.172Z,448594,phil.martin.research@gmail.com,153489307,"""Nick - to check""",1
2025-06-12T11:12:28.172Z,448594,phil.martin.research@gmail.com,153489351,"""Nick - to check""",1
2025-06-12T11:12:28.172Z,448594,phil.martin.research@gmail.com,153489396,"""Nick - to check""",1
2025-06-12T11:12:28.172Z,448594,phil.martin.research@gmail.com,153489401,"""Nick - to check""",1
2025-06-12T11:12:28.172Z,448594,phil.martin.research@gmail.com,153489421,"""Nick - to check""",1
2025-06-12T11:12:28.172Z,448594,phil.martin.research@gmail.com,153489431,"""Nick - to check""",1
2025-06-12T11:12:28.172Z,448594,phil.martin.research@gmail.com,153489441,"""Nick - to check""",1
2025-06-12T11:12:28.172Z,448594,phil.martin.research@gmail.com,153489487,"""Nick - to check""",1
2025-06-12T11:12:28.172Z,448594,phil.martin.research@gmail.com,153489516,"""Nick - to check""",1
2025-06-12T11:12:28.172Z,448594,phil.martin.research@gmail.com,153489523,"""Nick - to check""",1
2025-06-12T11:12:28.172Z,448594,phil.martin.research@gmail.com,153489532,"""Nick - to check""",1
2025-06-12T11:12:28.172Z,448594,phil.martin.research@gmail.com,153489610,"""Nick - to check""",1
2025-06-12T11:12:28.172Z,448594,phil.martin.research@gmail.com,153489635,"""Nick - to check""",1
2025-06-12T11:12:28.172Z,448594,phil.martin.research@gmail.com,153489648,"""Nick - to check""",1
2025-06-12T11:12:28.172Z,448594,phil.martin.research@gmail.com,153489652,"""Nick - to check""",1
2025-06-12T11:12:28.172Z,448594,phil.martin.research@gmail.com,153489675,"""Nick - to check""",1
2025-06-12T11:12:28.172Z,448594,phil.martin.research@gmail.com,153489688,"""Nick - to check""",1
2025-06-12T11:12:28.172Z,448594,phil.martin.research@gmail.com,153489735,"""Nick - to check""",1
2025-06-12T11:12:28.172Z,448594,phil.martin.research@gmail.com,153489739,"""Nick - to check""",1
2025-06-12T11:12:28.172Z,448594,phil.martin.research@gmail.com,153489777,"""Nick - to check""",1
2025-06-12T11:12:28.172Z,448594,phil.martin.research@gmail.com,153489801,"""Nick - to check""",1
2025-06-12T11:12:28.172Z,448594,phil.martin.research@gmail.com,153489836,"""Nick - to check""",1
2025-06-12T11:12:28.172Z,448594,phil.martin.research@gmail.com,153489847,"""Nick - to check""",1
2025-06-12T11:12:28.172Z,448594,phil.martin.research@gmail.com,153489871,"""Nick - to check""",1
2025-06-12T11:12:28.172Z,448594,phil.martin.research@gmail.com,153489922,"""Nick - to check""",1
2025-06-12T11:12:28.172Z,448594,phil.martin.research@gmail.com,153489927,"""Nick - to check""",1
2025-06-12T11:12:28.172Z,448594,phil.martin.research@gmail.com,153489949,"""Nick - to check""",1
2025-06-12T11:12:28.172Z,448594,phil.martin.research@gmail.com,153489992,"""Nick - to check""",1
2025-06-12T11:12:28.172Z,448594,phil.martin.research@gmail.com,153489996,"""Nick - to check""",1
2025-06-12T11:12:28.172Z,448594,phil.martin.research@gmail.com,153489997,"""Nick - to check""",1
2025-06-12T11:12:28.172Z,448594,phil.martin.research@gmail.com,153490011,"""Nick - to check""",1
2025-06-12T11:12:28.172Z,448594,phil.martin.research@gmail.com,153490054,"""Nick - to check""",1
2025-06-12T11:12:28.172Z,448594,phil.martin.research@gmail.com,153490109,"""Nick - to check""",1
2025-06-12T11:12:28.172Z,448594,phil.martin.research@gmail.com,153490172,"""Nick - to check""",1
2025-06-12T11:12:28.172Z,448594,phil.martin.research@gmail.com,153490179,"""Nick - to check""",1
2025-06-12T11:12:28.172Z,448594,phil.martin.research@gmail.com,153490276,"""Nick - to check""",1
2025-06-12T11:12:28.172Z,448594,phil.martin.research@gmail.com,153490308,"""Nick - to check""",1
2025-06-12T11:12:28.172Z,448594,phil.martin.research@gmail.com,153490316,"""Nick - to check""",1
2025-06-12T11:12:28.172Z,448594,phil.martin.research@gmail.com,153490329,"""Nick - to check""",1
2025-06-12T11:12:28.172Z,448594,phil.martin.research@gmail.com,153490347,"""Nick - to check""",1
2025-06-12T11:12:28.172Z,448594,phil.martin.research@gmail.com,153490372,"""Nick - to check""",1
2025-06-12T11:12:28.172Z,448594,phil.martin.research@gmail.com,153490389,"""Nick - to check""",1
2025-06-12T11:12:28.172Z,448594,phil.martin.research@gmail.com,153490410,"""Nick - to check""",1
2025-06-12T11:12:28.172Z,448594,phil.martin.research@gmail.com,153490422,"""Nick - to check""",1
2025-06-12T11:12:28.172Z,448594,phil.martin.research@gmail.com,153490423,"""Nick - to check""",1
2025-06-12T11:12:28.172Z,448594,phil.martin.research@gmail.com,153490471,"""Nick - to check""",1
2025-06-12T11:12:28.172Z,448594,phil.martin.research@gmail.com,153490556,"""Nick - to check""",1
2025-06-12T11:12:27.986Z,448594,phil.martin.research@gmail.com,153487696,"""Nick - to check""",1
2025-06-12T11:12:27.986Z,448594,phil.martin.research@gmail.com,153487701,"""Nick - to check""",1
2025-06-12T11:12:27.986Z,448594,phil.martin.research@gmail.com,153487741,"""Nick - to check""",1
2025-06-12T11:12:27.986Z,448594,phil.martin.research@gmail.com,153487793,"""Nick - to check""",1
2025-06-12T11:12:27.986Z,448594,phil.martin.research@gmail.com,153487805,"""Nick - to check""",1
2025-06-12T11:12:27.986Z,448594,phil.martin.research@gmail.com,153487806,"""Nick - to check""",1
2025-06-12T11:12:27.986Z,448594,phil.martin.research@gmail.com,153487920,"""Nick - to check""",1
2025-06-12T11:12:27.986Z,448594,phil.martin.research@gmail.com,153487942,"""Nick - to check""",1
2025-06-12T11:12:27.986Z,448594,phil.martin.research@gmail.com,153487970,"""Nick - to check""",1
2025-06-12T11:12:27.986Z,448594,phil.martin.research@gmail.com,153487992,"""Nick - to check""",1
2025-06-12T11:12:27.986Z,448594,phil.martin.research@gmail.com,153488014,"""Nick - to check""",1
2025-06-12T11:12:27.986Z,448594,phil.martin.research@gmail.com,153488061,"""Nick - to check""",1
2025-06-12T11:12:27.986Z,448594,phil.martin.research@gmail.com,153488118,"""Nick - to check""",1
2025-06-12T11:12:27.986Z,448594,phil.martin.research@gmail.com,153488127,"""Nick - to check""",1
2025-06-12T11:12:27.986Z,448594,phil.martin.research@gmail.com,153488134,"""Nick - to check""",1
2025-06-12T11:12:27.986Z,448594,phil.martin.research@gmail.com,153488190,"""Nick - to check""",1
2025-06-12T11:12:27.986Z,448594,phil.martin.research@gmail.com,153488238,"""Nick - to check""",1
2025-06-12T11:12:27.986Z,448594,phil.martin.research@gmail.com,153488247,"""Nick - to check""",1
2025-06-12T11:12:27.986Z,448594,phil.martin.research@gmail.com,153488259,"""Nick - to check""",1
2025-06-12T11:12:27.986Z,448594,phil.martin.research@gmail.com,153488385,"""Nick - to check""",1
2025-06-12T11:12:27.986Z,448594,phil.martin.research@gmail.com,153488421,"""Nick - to check""",1
2025-06-12T11:12:27.986Z,448594,phil.martin.research@gmail.com,153488427,"""Nick - to check""",1
2025-06-12T11:12:27.986Z,448594,phil.martin.research@gmail.com,153488428,"""Nick - to check""",1
2025-06-12T11:12:27.986Z,448594,phil.martin.research@gmail.com,153488457,"""Nick - to check""",1
2025-06-12T11:12:27.986Z,448594,phil.martin.research@gmail.com,153488519,"""Nick - to check""",1
2025-06-12T11:12:27.986Z,448594,phil.martin.research@gmail.com,153488522,"""Nick - to check""",1
2025-06-12T11:12:27.986Z,448594,phil.martin.research@gmail.com,153488546,"""Nick - to check""",1
2025-06-12T11:12:27.986Z,448594,phil.martin.research@gmail.com,153488556,"""Nick - to check""",1
2025-06-12T11:12:27.986Z,448594,phil.martin.research@gmail.com,153488588,"""Nick - to check""",1
2025-06-12T11:12:27.986Z,448594,phil.martin.research@gmail.com,153488651,"""Nick - to check""",1
2025-06-12T11:12:27.986Z,448594,phil.martin.research@gmail.com,153488670,"""Nick - to check""",1
2025-06-12T11:12:27.986Z,448594,phil.martin.research@gmail.com,153488818,"""Nick - to check""",1
2025-06-12T11:12:27.986Z,448594,phil.martin.research@gmail.com,153488835,"""Nick - to check""",1
2025-06-12T11:12:27.986Z,448594,phil.martin.research@gmail.com,153488860,"""Nick - to check""",1
2025-06-12T11:12:27.986Z,448594,phil.martin.research@gmail.com,153488875,"""Nick - to check""",1
2025-06-12T11:12:27.986Z,448594,phil.martin.research@gmail.com,153488881,"""Nick - to check""",1
2025-06-12T11:12:27.986Z,448594,phil.martin.research@gmail.com,153488908,"""Nick - to check""",1
2025-06-12T11:12:27.986Z,448594,phil.martin.research@gmail.com,153488913,"""Nick - to check""",1
2025-06-12T11:12:27.986Z,448594,phil.martin.research@gmail.com,153488929,"""Nick - to check""",1
2025-06-12T11:12:27.986Z,448594,phil.martin.research@gmail.com,153488930,"""Nick - to check""",1
2025-06-12T11:12:27.986Z,448594,phil.martin.research@gmail.com,153488937,"""Nick - to check""",1
2025-06-12T11:12:27.986Z,448594,phil.martin.research@gmail.com,153488984,"""Nick - to check""",1
2025-06-12T11:12:27.986Z,448594,phil.martin.research@gmail.com,153489053,"""Nick - to check""",1
2025-06-12T11:12:27.986Z,448594,phil.martin.research@gmail.com,153489067,"""Nick - to check""",1
2025-06-12T11:12:27.986Z,448594,phil.martin.research@gmail.com,153489118,"""Nick - to check""",1
2025-06-12T11:12:27.986Z,448594,phil.martin.research@gmail.com,153489119,"""Nick - to check""",1
2025-06-12T11:12:27.986Z,448594,phil.martin.research@gmail.com,153489127,"""Nick - to check""",1
2025-06-12T11:12:27.986Z,448594,phil.martin.research@gmail.com,153489131,"""Nick - to check""",1
2025-06-12T11:12:27.986Z,448594,phil.martin.research@gmail.com,153489170,"""Nick - to check""",1
2025-06-12T11:12:27.986Z,448594,phil.martin.research@gmail.com,153489207,"""Nick - to check""",1
2025-06-12T11:12:27.866Z,448594,phil.martin.research@gmail.com,153486495,"""Nick - to check""",1
2025-06-12T11:12:27.866Z,448594,phil.martin.research@gmail.com,153486516,"""Nick - to check""",1
2025-06-12T11:12:27.866Z,448594,phil.martin.research@gmail.com,153486539,"""Nick - to check""",1
2025-06-12T11:12:27.866Z,448594,phil.martin.research@gmail.com,153486551,"""Nick - to check""",1
2025-06-12T11:12:27.866Z,448594,phil.martin.research@gmail.com,153486565,"""Nick - to check""",1
2025-06-12T11:12:27.866Z,448594,phil.martin.research@gmail.com,153486592,"""Nick - to check""",1
2025-06-12T11:12:27.866Z,448594,phil.martin.research@gmail.com,153486646,"""Nick - to check""",1
2025-06-12T11:12:27.866Z,448594,phil.martin.research@gmail.com,153486664,"""Nick - to check""",1
2025-06-12T11:12:27.866Z,448594,phil.martin.research@gmail.com,153486674,"""Nick - to check""",1
2025-06-12T11:12:27.866Z,448594,phil.martin.research@gmail.com,153486728,"""Nick - to check""",1
2025-06-12T11:12:27.866Z,448594,phil.martin.research@gmail.com,153486737,"""Nick - to check""",1
2025-06-12T11:12:27.866Z,448594,phil.martin.research@gmail.com,153486742,"""Nick - to check""",1
2025-06-12T11:12:27.866Z,448594,phil.martin.research@gmail.com,153486783,"""Nick - to check""",1
2025-06-12T11:12:27.866Z,448594,phil.martin.research@gmail.com,153486847,"""Nick - to check""",1
2025-06-12T11:12:27.866Z,448594,phil.martin.research@gmail.com,153486884,"""Nick - to check""",1
2025-06-12T11:12:27.866Z,448594,phil.martin.research@gmail.com,153486937,"""Nick - to check""",1
2025-06-12T11:12:27.866Z,448594,phil.martin.research@gmail.com,153486941,"""Nick - to check""",1
2025-06-12T11:12:27.866Z,448594,phil.martin.research@gmail.com,153486945,"""Nick - to check""",1
2025-06-12T11:12:27.866Z,448594,phil.martin.research@gmail.com,153486965,"""Nick - to check""",1
2025-06-12T11:12:27.866Z,448594,phil.martin.research@gmail.com,153487012,"""Nick - to check""",1
2025-06-12T11:12:27.866Z,448594,phil.martin.research@gmail.com,153487036,"""Nick - to check""",1
2025-06-12T11:12:27.866Z,448594,phil.martin.research@gmail.com,153487052,"""Nick - to check""",1
2025-06-12T11:12:27.866Z,448594,phil.martin.research@gmail.com,153487055,"""Nick - to check""",1
2025-06-12T11:12:27.866Z,448594,phil.martin.research@gmail.com,153487064,"""Nick - to check""",1
2025-06-12T11:12:27.866Z,448594,phil.martin.research@gmail.com,153487129,"""Nick - to check""",1
2025-06-12T11:12:27.866Z,448594,phil.martin.research@gmail.com,153487136,"""Nick - to check""",1
2025-06-12T11:12:27.866Z,448594,phil.martin.research@gmail.com,153487138,"""Nick - to check""",1
2025-06-12T11:12:27.866Z,448594,phil.martin.research@gmail.com,153487150,"""Nick - to check""",1
2025-06-12T11:12:27.866Z,448594,phil.martin.research@gmail.com,153487152,"""Nick - to check""",1
2025-06-12T11:12:27.866Z,448594,phil.martin.research@gmail.com,153487172,"""Nick - to check""",1
2025-04-24T18:37:35.741Z,793586,ake@ceh.ac.uk,153488908,"""__EXR__Not about conservation""",1
2025-04-24T18:37:35.768Z,793586,ake@ceh.ac.uk,153488908,included,-1
2025-04-24T18:43:20.326Z,793586,ake@ceh.ac.uk,153494174,"""__EXR__Not about conservation""",1
2025-04-24T18:43:20.339Z,793586,ake@ceh.ac.uk,153494174,included,-1
2025-04-24T18:54:16.337Z,793586,ake@ceh.ac.uk,153491541,"""__EXR__Not about conservation""",1
2025-04-24T18:54:16.355Z,793586,ake@ceh.ac.uk,153491541,included,-1
2025-04-24T18:54:33.912Z,793586,ake@ceh.ac.uk,153491889,"""__EXR__Not about conservation""",1
2025-04-24T18:54:33.931Z,793586,ake@ceh.ac.uk,153491889,included,-1
2025-04-24T18:55:57.515Z,793586,ake@ceh.ac.uk,153492977,"""__EXR__Not about conservation""",1
2025-04-24T18:55:57.543Z,793586,ake@ceh.ac.uk,153492977,included,-1
2025-04-25T10:00:14.979Z,817493,sarah.luke@nottingham.ac.uk,153486737,"""__EXR__Not about conservation""",1
2025-04-25T10:00:14.998Z,817493,sarah.luke@nottingham.ac.uk,153486737,included,-1
2025-04-25T10:14:51.821Z,817493,sarah.luke@nottingham.ac.uk,153486884,included,1
2025-04-25T10:56:50.891Z,817493,sarah.luke@nottingham.ac.uk,153487055,"""__EXR__Not about conservation""",1
2025-04-25T10:56:50.907Z,817493,sarah.luke@nottingham.ac.uk,153487055,included,-1
2025-04-25T11:27:08.809Z,817493,sarah.luke@nottingham.ac.uk,153487920,"""__EXR__Not about policy or practice""",1
2025-04-25T11:27:08.825Z,817493,sarah.luke@nottingham.ac.uk,153487920,included,-1
2025-04-26T16:03:20.822Z,793584,amirmohammadif@gmail.com,83177869,included,1
2025-04-26T16:03:37.381Z,793584,amirmohammadif@gmail.com,83177871,included,1
2025-04-27T07:54:03.820Z,793580,valentin.moser@wsl.ch,153486646,"""__EXR__Not about conservation""",1
2025-04-27T07:54:03.841Z,793580,valentin.moser@wsl.ch,153486646,included,-1
2025-04-27T22:17:45.945Z,793584,amirmohammadif@gmail.com,153485158,included,-1
2025-04-29T19:16:07.227Z,793576,carlos.barreto@algomau.ca,153486160,"""__EXR__Not about conservation""",1
2025-04-29T19:16:07.269Z,793576,carlos.barreto@algomau.ca,153486160,included,-1
2025-04-29T20:41:36.721Z,793580,valentin.moser@wsl.ch,153486937,"""__EXR__not about conservation""",1
2025-04-29T20:41:36.743Z,793580,valentin.moser@wsl.ch,153486937,included,-1
2025-04-29T20:47:24.651Z,793580,valentin.moser@wsl.ch,153487136,included,1
2025-04-29T21:02:42.466Z,793580,valentin.moser@wsl.ch,153487942,"""__EXR__Not about Evidence use""",1
2025-04-29T21:02:42.501Z,793580,valentin.moser@wsl.ch,153487942,included,-1
2025-04-30T07:08:00.787Z,793580,valentin.moser@wsl.ch,153488937,"""__EXR__Not about evidence use""",1
2025-04-30T07:08:00.803Z,793580,valentin.moser@wsl.ch,153488937,included,-1
2025-04-30T07:27:39.466Z,793580,valentin.moser@wsl.ch,153488428,"""__EXR__Not about conservation""",1
2025-04-30T07:27:39.479Z,793580,valentin.moser@wsl.ch,153488428,included,-1
2025-04-30T07:29:57.407Z,793580,valentin.moser@wsl.ch,153488651,"""__EXR__Not about policy or practice""",1
2025-04-30T07:29:57.425Z,793580,valentin.moser@wsl.ch,153488651,included,-1
2025-04-30T07:33:30.751Z,793580,valentin.moser@wsl.ch,153490347,"""__EXR__not about conservation""",1
2025-04-30T07:33:30.768Z,793580,valentin.moser@wsl.ch,153490347,included,-1
2025-04-30T10:50:29.283Z,793580,valentin.moser@wsl.ch,153492130,"""__EXR__Not about conservation""",1
2025-04-30T10:50:29.302Z,793580,valentin.moser@wsl.ch,153492130,included,-1
2025-04-30T11:04:33.248Z,793580,valentin.moser@wsl.ch,153495284,"""__EXR__Not about conservation""",1
2025-04-30T11:04:33.265Z,793580,valentin.moser@wsl.ch,153495284,included,-1
2025-04-30T11:05:05.408Z,793580,valentin.moser@wsl.ch,153495453,"""__EXR__Not about conservation""",1
2025-04-30T11:05:05.425Z,793580,valentin.moser@wsl.ch,153495453,included,-1
2025-06-12T11:12:27.866Z,448594,phil.martin.research@gmail.com,153487179,"""Nick - to check""",1
2025-06-12T11:12:27.866Z,448594,phil.martin.research@gmail.com,153487187,"""Nick - to check""",1
2025-06-12T11:12:27.866Z,448594,phil.martin.research@gmail.com,153487203,"""Nick - to check""",1
2025-06-12T11:12:27.866Z,448594,phil.martin.research@gmail.com,153487205,"""Nick - to check""",1
2025-06-12T11:12:27.866Z,448594,phil.martin.research@gmail.com,153487218,"""Nick - to check""",1
2025-06-12T11:12:27.866Z,448594,phil.martin.research@gmail.com,153487242,"""Nick - to check""",1
2025-06-12T11:12:27.866Z,448594,phil.martin.research@gmail.com,153487289,"""Nick - to check""",1
2025-06-12T11:12:27.866Z,448594,phil.martin.research@gmail.com,153487293,"""Nick - to check""",1
2025-06-12T11:12:27.866Z,448594,phil.martin.research@gmail.com,153487299,"""Nick - to check""",1
2025-06-12T11:12:27.866Z,448594,phil.martin.research@gmail.com,153487304,"""Nick - to check""",1
2025-06-12T11:12:27.866Z,448594,phil.martin.research@gmail.com,153487334,"""Nick - to check""",1
2025-06-12T11:12:27.866Z,448594,phil.martin.research@gmail.com,153487340,"""Nick - to check""",1
2025-06-12T11:12:27.866Z,448594,phil.martin.research@gmail.com,153487364,"""Nick - to check""",1
2025-06-12T11:12:27.866Z,448594,phil.martin.research@gmail.com,153487392,"""Nick - to check""",1
2025-06-12T11:12:27.866Z,448594,phil.martin.research@gmail.com,153487475,"""Nick - to check""",1
2025-06-12T11:12:27.866Z,448594,phil.martin.research@gmail.com,153487497,"""Nick - to check""",1
2025-06-12T11:12:27.866Z,448594,phil.martin.research@gmail.com,153487523,"""Nick - to check""",1
2025-06-12T11:12:27.866Z,448594,phil.martin.research@gmail.com,153487551,"""Nick - to check""",1
2025-06-12T11:12:27.866Z,448594,phil.martin.research@gmail.com,153487601,"""Nick - to check""",1
2025-06-12T11:12:27.866Z,448594,phil.martin.research@gmail.com,153487639,"""Nick - to check""",1
2025-06-12T11:12:27.761Z,448594,phil.martin.research@gmail.com,83177735,"""Nick - to check""",1
2025-06-12T11:12:27.761Z,448594,phil.martin.research@gmail.com,83177767,"""Nick - to check""",1
2025-06-12T11:12:27.761Z,448594,phil.martin.research@gmail.com,83177871,"""Nick - to check""",1
2025-06-12T11:12:27.761Z,448594,phil.martin.research@gmail.com,83177878,"""Nick - to check""",1
2025-06-12T11:12:27.761Z,448594,phil.martin.research@gmail.com,83177884,"""Nick - to check""",1
2025-06-12T11:12:27.761Z,448594,phil.martin.research@gmail.com,153485158,"""Nick - to check""",1
2025-06-12T11:12:27.761Z,448594,phil.martin.research@gmail.com,153485219,"""Nick - to check""",1
2025-06-12T11:12:27.761Z,448594,phil.martin.research@gmail.com,153485258,"""Nick - to check""",1
2025-06-12T11:12:27.761Z,448594,phil.martin.research@gmail.com,153485259,"""Nick - to check""",1
2025-06-12T11:12:27.761Z,448594,phil.martin.research@gmail.com,153485266,"""Nick - to check""",1
2025-06-12T11:12:27.761Z,448594,phil.martin.research@gmail.com,153485269,"""Nick - to check""",1
2025-06-12T11:12:27.761Z,448594,phil.martin.research@gmail.com,153485283,"""Nick - to check""",1
2025-06-12T11:12:27.761Z,448594,phil.martin.research@gmail.com,153485298,"""Nick - to check""",1
2025-06-12T11:12:27.761Z,448594,phil.martin.research@gmail.com,153485360,"""Nick - to check""",1
2025-06-12T11:12:27.761Z,448594,phil.martin.research@gmail.com,153485365,"""Nick - to check""",1
2025-06-12T11:12:27.761Z,448594,phil.martin.research@gmail.com,153485421,"""Nick - to check""",1
2025-06-12T11:12:27.761Z,448594,phil.martin.research@gmail.com,153485433,"""Nick - to check""",1
2025-06-12T11:12:27.761Z,448594,phil.martin.research@gmail.com,153485451,"""Nick - to check""",1
2025-06-12T11:12:27.761Z,448594,phil.martin.research@gmail.com,153485486,"""Nick - to check""",1
2025-06-12T11:12:27.761Z,448594,phil.martin.research@gmail.com,153485519,"""Nick - to check""",1
2025-06-12T11:12:27.761Z,448594,phil.martin.research@gmail.com,153485543,"""Nick - to check""",1
2025-06-12T11:12:27.761Z,448594,phil.martin.research@gmail.com,153485551,"""Nick - to check""",1
2025-06-12T11:12:27.761Z,448594,phil.martin.research@gmail.com,153485587,"""Nick - to check""",1
2025-06-12T11:12:27.761Z,448594,phil.martin.research@gmail.com,153485621,"""Nick - to check""",1
2025-06-12T11:12:27.761Z,448594,phil.martin.research@gmail.com,153485625,"""Nick - to check""",1
2025-06-12T11:12:27.761Z,448594,phil.martin.research@gmail.com,153485633,"""Nick - to check""",1
2025-06-12T11:12:27.761Z,448594,phil.martin.research@gmail.com,153485673,"""Nick - to check""",1
2025-06-12T11:12:27.761Z,448594,phil.martin.research@gmail.com,153485691,"""Nick - to check""",1
2025-06-12T11:12:27.761Z,448594,phil.martin.research@gmail.com,153485736,"""Nick - to check""",1
2025-06-12T11:12:27.761Z,448594,phil.martin.research@gmail.com,153485755,"""Nick - to check""",1
2025-06-12T11:12:27.761Z,448594,phil.martin.research@gmail.com,153485808,"""Nick - to check""",1
2025-06-12T11:12:27.761Z,448594,phil.martin.research@gmail.com,153485830,"""Nick - to check""",1
2025-06-12T11:12:27.761Z,448594,phil.martin.research@gmail.com,153485856,"""Nick - to check""",1
2025-06-12T11:12:27.761Z,448594,phil.martin.research@gmail.com,153485875,"""Nick - to check""",1
2025-06-12T11:12:27.761Z,448594,phil.martin.research@gmail.com,153485930,"""Nick - to check""",1
2025-06-12T11:12:27.761Z,448594,phil.martin.research@gmail.com,153485959,"""Nick - to check""",1
2025-06-12T11:12:27.761Z,448594,phil.martin.research@gmail.com,153485984,"""Nick - to check""",1
2025-06-12T11:12:27.761Z,448594,phil.martin.research@gmail.com,153485988,"""Nick - to check""",1
2025-06-12T11:12:27.761Z,448594,phil.martin.research@gmail.com,153486041,"""Nick - to check""",1
2025-06-12T11:12:27.761Z,448594,phil.martin.research@gmail.com,153486133,"""Nick - to check""",1
2025-06-12T11:12:27.761Z,448594,phil.martin.research@gmail.com,153486160,"""Nick - to check""",1
2025-06-12T11:12:27.761Z,448594,phil.martin.research@gmail.com,153486187,"""Nick - to check""",1
2025-06-12T11:12:27.761Z,448594,phil.martin.research@gmail.com,153486239,"""Nick - to check""",1
2025-06-12T11:12:27.761Z,448594,phil.martin.research@gmail.com,153486241,"""Nick - to check""",1
2025-06-12T11:12:27.761Z,448594,phil.martin.research@gmail.com,153486256,"""Nick - to check""",1
2025-06-12T11:12:27.761Z,448594,phil.martin.research@gmail.com,153486342,"""Nick - to check""",1
2025-06-12T11:12:27.761Z,448594,phil.martin.research@gmail.com,153486365,"""Nick - to check""",1
2025-06-12T11:12:27.761Z,448594,phil.martin.research@gmail.com,153486377,"""Nick - to check""",1
2025-06-12T11:12:27.761Z,448594,phil.martin.research@gmail.com,153486474,"""Nick - to check""",1
2025-06-12T11:12:27.761Z,448594,phil.martin.research@gmail.com,153486479,"""Nick - to check""",1
2025-06-12T11:12:12.287Z,448594,phil.martin.research@gmail.com,153492679,"""Nick - to check""",1
2025-06-12T11:12:00.302Z,448594,phil.martin.research@gmail.com,83177869,"""Nick - to check""",1
2025-06-12T11:12:00.302Z,448594,phil.martin.research@gmail.com,153485174,"""Nick - to check""",1
2025-06-12T11:12:00.302Z,448594,phil.martin.research@gmail.com,153485498,"""Nick - to check""",1
2025-06-12T11:12:00.302Z,448594,phil.martin.research@gmail.com,153485813,"""Nick - to check""",1
2025-06-12T11:12:00.302Z,448594,phil.martin.research@gmail.com,153485846,"""Nick - to check""",1
2025-06-12T11:12:00.302Z,448594,phil.martin.research@gmail.com,153486484,"""Nick - to check""",1
2025-06-12T11:12:00.302Z,448594,phil.martin.research@gmail.com,153486487,"""Nick - to check""",1
2025-06-12T11:12:00.302Z,448594,phil.martin.research@gmail.com,153486571,"""Nick - to check""",1
2025-06-12T11:12:00.302Z,448594,phil.martin.research@gmail.com,153486961,"""Nick - to check""",1
2025-06-12T11:12:00.302Z,448594,phil.martin.research@gmail.com,153487101,"""Nick - to check""",1
2025-06-12T11:12:00.302Z,448594,phil.martin.research@gmail.com,153487445,"""Nick - to check""",1
2025-06-12T11:12:00.302Z,448594,phil.martin.research@gmail.com,153487476,"""Nick - to check""",1
2025-06-12T11:12:00.302Z,448594,phil.martin.research@gmail.com,153487642,"""Nick - to check""",1
2025-06-12T11:12:00.302Z,448594,phil.martin.research@gmail.com,153488069,"""Nick - to check""",1
2025-06-12T11:12:00.302Z,448594,phil.martin.research@gmail.com,153488096,"""Nick - to check""",1
2025-06-12T11:12:00.302Z,448594,phil.martin.research@gmail.com,153488568,"""Nick - to check""",1
2025-06-12T11:12:00.302Z,448594,phil.martin.research@gmail.com,153488643,"""Nick - to check""",1
2025-06-12T11:12:00.302Z,448594,phil.martin.research@gmail.com,153488893,"""Nick - to check""",1
2025-06-12T11:12:00.302Z,448594,phil.martin.research@gmail.com,153489344,"""Nick - to check""",1
2025-06-12T11:12:00.302Z,448594,phil.martin.research@gmail.com,153489987,"""Nick - to check""",1
2025-06-12T11:12:00.302Z,448594,phil.martin.research@gmail.com,153490028,"""Nick - to check""",1
2025-06-12T11:12:00.302Z,448594,phil.martin.research@gmail.com,153492293,"""Nick - to check""",1
2025-06-12T11:09:56.104Z,448594,phil.martin.research@gmail.com,153487179,included,-1
2025-06-12T11:09:56.076Z,448594,phil.martin.research@gmail.com,153487179,"""__EXR__Not about conservation""",1
2025-06-11T14:28:33.595Z,448594,phil.martin.research@gmail.com,153487741,included,-1
2025-06-11T14:28:33.553Z,448594,phil.martin.research@gmail.com,153487741,"""__EXR__Not about conservation""",1
2025-04-30T11:46:58.630Z,0,rayyan@rayyan.ai,153495946,"""__SYSTEM__SAMPLE__de73ba8f0f54a708c4e9084ca4fea915_18796""",1
2025-04-30T11:46:58.697Z,0,rayyan@rayyan.ai,153491966,"""__SYSTEM__SAMPLE__de73ba8f0f54a708c4e9084ca4fea915_18796""",1
2025-04-30T11:46:58.729Z,0,rayyan@rayyan.ai,153493260,"""__SYSTEM__SAMPLE__de73ba8f0f54a708c4e9084ca4fea915_18796""",1
2025-04-30T11:46:58.790Z,0,rayyan@rayyan.ai,153487642,"""__SYSTEM__SAMPLE__de73ba8f0f54a708c4e9084ca4fea915_18796""",1
2025-04-30T11:46:58.821Z,0,rayyan@rayyan.ai,153488913,"""__SYSTEM__SAMPLE__de73ba8f0f54a708c4e9084ca4fea915_18796""",1
2025-04-30T11:46:58.821Z,0,rayyan@rayyan.ai,153489675,"""__SYSTEM__SAMPLE__de73ba8f0f54a708c4e9084ca4fea915_18796""",1
2025-04-30T11:46:58.851Z,0,rayyan@rayyan.ai,153487741,"""__SYSTEM__SAMPLE__de73ba8f0f54a708c4e9084ca4fea915_18796""",1
2025-04-30T11:46:58.851Z,0,rayyan@rayyan.ai,153489871,"""__SYSTEM__SAMPLE__de73ba8f0f54a708c4e9084ca4fea915_18796""",1
2025-04-30T11:46:58.882Z,0,rayyan@rayyan.ai,153492102,"""__SYSTEM__SAMPLE__de73ba8f0f54a708c4e9084ca4fea915_18796""",1
2025-04-30T11:46:58.882Z,0,rayyan@rayyan.ai,153487551,"""__SYSTEM__SAMPLE__de73ba8f0f54a708c4e9084ca4fea915_18796""",1
2025-04-30T11:46:58.913Z,0,rayyan@rayyan.ai,153491918,"""__SYSTEM__SAMPLE__de73ba8f0f54a708c4e9084ca4fea915_18796""",1
2025-04-30T11:46:58.913Z,0,rayyan@rayyan.ai,153494264,"""__SYSTEM__SAMPLE__de73ba8f0f54a708c4e9084ca4fea915_18796""",1
2025-04-30T11:46:58.949Z,0,rayyan@rayyan.ai,153487392,"""__SYSTEM__SAMPLE__de73ba8f0f54a708c4e9084ca4fea915_18796""",1
2025-04-30T11:46:58.982Z,0,rayyan@rayyan.ai,153488247,"""__SYSTEM__SAMPLE__de73ba8f0f54a708c4e9084ca4fea915_18796""",1
2025-04-30T11:46:59.023Z,0,rayyan@rayyan.ai,153489610,"""__SYSTEM__SAMPLE__de73ba8f0f54a708c4e9084ca4fea915_18796""",1
2025-04-30T11:46:59.056Z,0,rayyan@rayyan.ai,153494201,"""__SYSTEM__SAMPLE__de73ba8f0f54a708c4e9084ca4fea915_18796""",1
2025-04-30T11:46:59.056Z,0,rayyan@rayyan.ai,153488428,"""__SYSTEM__SAMPLE__de73ba8f0f54a708c4e9084ca4fea915_18796""",1
2025-04-30T11:46:59.153Z,0,rayyan@rayyan.ai,153487445,"""__SYSTEM__SAMPLE__de73ba8f0f54a708c4e9084ca4fea915_18796""",1
2025-04-30T11:46:59.153Z,0,rayyan@rayyan.ai,153489801,"""__SYSTEM__SAMPLE__de73ba8f0f54a708c4e9084ca4fea915_18796""",1
2025-04-30T11:46:59.153Z,0,rayyan@rayyan.ai,153488893,"""__SYSTEM__SAMPLE__de73ba8f0f54a708c4e9084ca4fea915_18796""",1
2025-04-30T11:46:59.423Z,0,rayyan@rayyan.ai,153490389,"""__SYSTEM__SAMPLE__de73ba8f0f54a708c4e9084ca4fea915_18796""",1
2025-04-30T11:46:59.486Z,0,rayyan@rayyan.ai,153488651,"""__SYSTEM__SAMPLE__de73ba8f0f54a708c4e9084ca4fea915_18796""",1
2025-04-30T11:46:59.486Z,0,rayyan@rayyan.ai,153488069,"""__SYSTEM__SAMPLE__de73ba8f0f54a708c4e9084ca4fea915_18796""",1
2025-04-30T12:38:41.238Z,793580,valentin.moser@wsl.ch,153494769,"""__EXR__Not about conservation""",1
2025-04-30T12:38:41.342Z,793580,valentin.moser@wsl.ch,153494769,included,-1
2025-04-30T18:27:09.081Z,793576,carlos.barreto@algomau.ca,153487203,"""__EXR__Not about evidence use""",1
2025-04-30T18:27:09.096Z,793576,carlos.barreto@algomau.ca,153487203,included,-1
2025-04-30T18:27:56.727Z,793576,carlos.barreto@algomau.ca,153487299,"""__EXR__Not about evidence use""",1
2025-04-30T18:27:56.746Z,793576,carlos.barreto@algomau.ca,153487299,included,-1
2025-04-30T21:50:42.554Z,793580,valentin.moser@wsl.ch,153497886,"""__EXR__Not about conservation""",1
2025-04-30T21:50:42.570Z,793580,valentin.moser@wsl.ch,153497886,included,-1
2025-04-30T22:34:59.377Z,793580,valentin.moser@wsl.ch,153492739,"""__EXR__not about conservation""",1
2025-04-30T22:34:59.390Z,793580,valentin.moser@wsl.ch,153492739,included,-1
2025-04-30T22:36:23.893Z,793580,valentin.moser@wsl.ch,153494602,"""__EXR__Not about evidence use""",1
2025-04-30T22:36:23.911Z,793580,valentin.moser@wsl.ch,153494602,included,-1
2025-05-01T00:52:46.425Z,793576,carlos.barreto@algomau.ca,153488061,"""__EXR__No about conservation""",1
2025-05-01T00:52:46.444Z,793576,carlos.barreto@algomau.ca,153488061,included,-1
2025-05-01T02:12:18.969Z,793576,carlos.barreto@algomau.ca,153490372,"""__EXR__not about conservation""",1
2025-05-01T02:12:18.988Z,793576,carlos.barreto@algomau.ca,153490372,included,-1
2025-05-01T14:05:18.254Z,793576,carlos.barreto@algomau.ca,153492849,"""__EXR__not about conservation""",1
2025-05-01T14:05:18.277Z,793576,carlos.barreto@algomau.ca,153492849,included,-1
2025-05-01T14:54:38.712Z,793576,carlos.barreto@algomau.ca,153495089,"""__EXR__not about conservation""",1
2025-05-01T14:54:38.744Z,793576,carlos.barreto@algomau.ca,153495089,included,-1
2025-05-01T15:53:08.798Z,793577,ian.thornhill@manchester.ac.uk,153487551,"""__EXR__Not about factors that influence evidence use""",1
2025-05-01T15:53:08.825Z,793577,ian.thornhill@manchester.ac.uk,153487551,included,-1
2025-05-01T15:59:55.017Z,793577,ian.thornhill@manchester.ac.uk,153487642,included,1
2025-05-01T16:04:57.120Z,793577,ian.thornhill@manchester.ac.uk,153487741,"""__EXR__not about conservation""",1
2025-05-01T16:04:57.142Z,793577,ian.thornhill@manchester.ac.uk,153487741,included,-1
2025-05-01T16:26:18.124Z,793576,carlos.barreto@algomau.ca,153493778,"""__EXR__not about conservation""",1
2025-05-01T16:26:18.148Z,793576,carlos.barreto@algomau.ca,153493778,included,-1
2025-05-01T20:38:11.400Z,840700,nick.littlewood@sruc.ac.uk,153487364,"""__EXR__Not about policy or practice""",1
2025-05-01T20:38:11.421Z,840700,nick.littlewood@sruc.ac.uk,153487364,included,-1
2025-05-01T20:40:49.481Z,840700,nick.littlewood@sruc.ac.uk,153487392,"""__EXR__Not about evidence use""",1
2025-05-01T20:40:49.501Z,840700,nick.littlewood@sruc.ac.uk,153487392,included,-1
2025-05-01T20:42:35.613Z,840700,nick.littlewood@sruc.ac.uk,153487445,included,1
2025-05-01T20:43:50.039Z,840700,nick.littlewood@sruc.ac.uk,153487475,"""__EXR__Not about conservation""",1
2025-05-01T20:43:50.056Z,840700,nick.littlewood@sruc.ac.uk,153487475,included,-1
2025-05-01T20:45:24.683Z,840700,nick.littlewood@sruc.ac.uk,153487476,included,1
2025-05-01T20:47:05.982Z,840700,nick.littlewood@sruc.ac.uk,153487497,"""__EXR__Not about evidence use""",1
2025-05-01T20:47:05.999Z,840700,nick.littlewood@sruc.ac.uk,153487497,included,-1
2025-05-01T20:48:02.277Z,840700,nick.littlewood@sruc.ac.uk,153487523,"""__EXR__Not about conservation""",1
2025-05-01T20:48:02.298Z,840700,nick.littlewood@sruc.ac.uk,153487523,included,-1
2025-05-01T20:49:07.156Z,840700,nick.littlewood@sruc.ac.uk,153487551,"""__EXR__Not about policy or practice""",1
2025-05-01T20:49:07.174Z,840700,nick.littlewood@sruc.ac.uk,153487551,included,-1
2025-05-01T21:43:34.560Z,840700,nick.littlewood@sruc.ac.uk,153487601,"""__EXR__Not about conservation""",1
2025-05-01T21:43:34.578Z,840700,nick.littlewood@sruc.ac.uk,153487601,included,-1
2025-05-01T21:44:50.374Z,840700,nick.littlewood@sruc.ac.uk,153487639,"""__EXR__Not about policy or practice""",1
2025-05-01T21:44:50.400Z,840700,nick.littlewood@sruc.ac.uk,153487639,included,-1
2025-05-01T21:46:32.913Z,840700,nick.littlewood@sruc.ac.uk,153487642,included,0
2025-05-01T21:47:15.272Z,840700,nick.littlewood@sruc.ac.uk,153487696,"""__EXR__Not about evidence use""",1
2025-05-01T21:47:15.288Z,840700,nick.littlewood@sruc.ac.uk,153487696,included,-1
2025-05-01T21:55:25.542Z,840700,nick.littlewood@sruc.ac.uk,153487701,included,0
2025-05-01T21:55:49.649Z,840700,nick.littlewood@sruc.ac.uk,153487741,"""__EXR__Not about conservation""",1
2025-05-01T21:55:49.664Z,840700,nick.littlewood@sruc.ac.uk,153487741,included,-1
2025-05-01T21:56:06.967Z,840700,nick.littlewood@sruc.ac.uk,153487793,"""__EXR__Not about conservation""",1
2025-05-01T21:56:06.980Z,840700,nick.littlewood@sruc.ac.uk,153487793,included,-1
2025-05-01T21:56:43.089Z,840700,nick.littlewood@sruc.ac.uk,153487805,"""__EXR__Not about evidence use""",1
2025-05-01T21:56:43.106Z,840700,nick.littlewood@sruc.ac.uk,153487805,included,-1
2025-05-01T21:56:43.121Z,840700,nick.littlewood@sruc.ac.uk,153487805,"""__EXR__Not about policy or practice""",deleted
2025-05-01T21:57:24.931Z,840700,nick.littlewood@sruc.ac.uk,153487806,"""__EXR__Not about evidence use""",1
2025-05-01T21:57:24.943Z,840700,nick.littlewood@sruc.ac.uk,153487806,included,-1
2025-05-01T21:57:46.502Z,840700,nick.littlewood@sruc.ac.uk,153487920,"""__EXR__Not about evidence use""",1
2025-05-01T21:57:46.515Z,840700,nick.littlewood@sruc.ac.uk,153487920,included,-1
2025-05-01T21:59:03.698Z,840700,nick.littlewood@sruc.ac.uk,153487942,"""__EXR__Not about evidence use""",1
2025-05-01T21:59:03.712Z,840700,nick.littlewood@sruc.ac.uk,153487942,included,-1
2025-05-01T22:00:06.748Z,840700,nick.littlewood@sruc.ac.uk,153487970,"""__EXR__Not about evidence use""",1
2025-05-01T22:00:06.764Z,840700,nick.littlewood@sruc.ac.uk,153487970,included,-1
2025-05-02T06:43:19.513Z,840700,nick.littlewood@sruc.ac.uk,153487992,"""__EXR__Not about evidence use""",1
2025-05-02T06:43:19.560Z,840700,nick.littlewood@sruc.ac.uk,153487992,included,-1
2025-05-02T06:43:27.676Z,840700,nick.littlewood@sruc.ac.uk,153488014,"""__EXR__Not about conservation""",1
2025-05-02T06:43:27.699Z,840700,nick.littlewood@sruc.ac.uk,153488014,included,-1
2025-05-02T06:44:13.548Z,840700,nick.littlewood@sruc.ac.uk,153488061,"""__EXR__Not about conservation""",1
2025-05-02T06:44:13.568Z,840700,nick.littlewood@sruc.ac.uk,153488061,included,-1
2025-05-02T06:45:33.868Z,840700,nick.littlewood@sruc.ac.uk,153488069,included,1
2025-05-02T06:48:17.359Z,840700,nick.littlewood@sruc.ac.uk,153488096,included,1
2025-05-02T06:48:49.172Z,840700,nick.littlewood@sruc.ac.uk,153488118,"""__EXR__Not about evidence use""",1
2025-05-02T06:48:49.190Z,840700,nick.littlewood@sruc.ac.uk,153488118,included,-1
2025-05-02T06:49:48.381Z,840700,nick.littlewood@sruc.ac.uk,153488127,"""__EXR__Not about policy or practice""",1
2025-05-02T06:49:48.402Z,840700,nick.littlewood@sruc.ac.uk,153488127,included,-1
2025-05-02T06:50:18.521Z,840700,nick.littlewood@sruc.ac.uk,153488134,"""__EXR__Not about conservation""",1
2025-05-02T06:50:18.537Z,840700,nick.littlewood@sruc.ac.uk,153488134,included,-1
2025-05-02T06:51:02.206Z,840700,nick.littlewood@sruc.ac.uk,153488190,"""__EXR__Not about policy or practice""",1
2025-05-02T06:51:02.229Z,840700,nick.littlewood@sruc.ac.uk,153488190,included,-1
2025-05-02T06:51:41.998Z,840700,nick.littlewood@sruc.ac.uk,153488238,"""__EXR__Not about policy or practice""",1
2025-05-02T06:51:42.036Z,840700,nick.littlewood@sruc.ac.uk,153488238,included,-1
2025-05-02T18:40:13.820Z,793576,carlos.barreto@algomau.ca,153493858,"""__EXR__not about conservation""",1
2025-05-02T18:40:13.836Z,793576,carlos.barreto@algomau.ca,153493858,included,-1
2025-05-03T19:54:33.196Z,793576,carlos.barreto@algomau.ca,153490276,"""__EXR__Not about evidence use""",1
2025-05-03T19:54:33.212Z,793576,carlos.barreto@algomau.ca,153490276,included,-1
2025-05-03T20:18:37.355Z,793576,carlos.barreto@algomau.ca,153488818,"""__EXR__not about conservation""",1
2025-05-03T20:18:37.375Z,793576,carlos.barreto@algomau.ca,153488818,included,-1
2025-05-05T09:41:44.203Z,793578,tabitha.taberer@jesus.ox.ac.uk,153488568,included,1
2025-05-05T18:51:00.275Z,793576,carlos.barreto@algomau.ca,153490422,"""__EXR__not about conservation""",1
2025-05-05T18:51:00.305Z,793576,carlos.barreto@algomau.ca,153490422,included,-1
2025-05-05T18:59:10.234Z,793576,carlos.barreto@algomau.ca,153493084,"""__EXR__not about conservation""",1
2025-05-05T18:59:10.256Z,793576,carlos.barreto@algomau.ca,153493084,included,-1
2025-05-05T19:11:33.415Z,793576,carlos.barreto@algomau.ca,153489067,"""__EXR__not about conservation""",1
2025-05-05T19:11:33.437Z,793576,carlos.barreto@algomau.ca,153489067,included,-1
2025-05-05T20:16:06.233Z,793576,carlos.barreto@algomau.ca,153494929,"""__EXR__not about conservation""",1
2025-05-05T20:16:06.254Z,793576,carlos.barreto@algomau.ca,153494929,included,-1
2025-05-05T20:20:32.082Z,793576,carlos.barreto@algomau.ca,153493241,"""__EXR__not about conservation""",1
2025-05-05T20:20:32.105Z,793576,carlos.barreto@algomau.ca,153493241,included,-1
2025-05-05T20:36:04.166Z,793576,carlos.barreto@algomau.ca,153494146,"""__EXR__not about conservation""",1
2025-05-05T20:36:04.184Z,793576,carlos.barreto@algomau.ca,153494146,included,-1
2025-05-05T21:26:15.762Z,793576,carlos.barreto@algomau.ca,153488259,"""__EXR__Not about evidence use""",1
2025-05-05T21:26:15.784Z,793576,carlos.barreto@algomau.ca,153488259,included,-1
2025-05-06T13:22:23.293Z,793584,amirmohammadif@gmail.com,83177735,included,-1
2025-05-06T13:55:52.770Z,793584,amirmohammadif@gmail.com,83177767,included,-1
2025-05-06T14:54:32.195Z,793584,amirmohammadif@gmail.com,83177878,included,-1
2025-05-06T14:54:43.720Z,793584,amirmohammadif@gmail.com,83177884,included,1
2025-05-06T14:58:29.064Z,793584,amirmohammadif@gmail.com,153485174,included,1
2025-05-07T13:52:46.541Z,840756,enaut.martinezdebirgara@bc3research.org,153486646,"""__EXR__Not about conservation""",1
2025-05-07T13:52:46.567Z,840756,enaut.martinezdebirgara@bc3research.org,153486646,included,-1
2025-05-07T18:32:34.956Z,840756,enaut.martinezdebirgara@bc3research.org,153485486,"""__EXR__Not about conservation""",1
2025-05-07T18:32:34.981Z,840756,enaut.martinezdebirgara@bc3research.org,153485486,included,-1
2025-05-07T18:56:45.552Z,840756,enaut.martinezdebirgara@bc3research.org,153485691,"""__EXR__Not about conservation""",1
2025-05-07T18:56:45.571Z,840756,enaut.martinezdebirgara@bc3research.org,153485691,included,-1
2025-05-07T18:59:22.948Z,793576,carlos.barreto@algomau.ca,153487639,"""__EXR__not about conservation""",1
2025-05-07T18:59:22.965Z,793576,carlos.barreto@algomau.ca,153487639,included,-1
2025-05-07T19:08:15.970Z,793576,carlos.barreto@algomau.ca,153487805,"""__EXR__not about conservation""",1
2025-05-07T19:08:15.987Z,793576,carlos.barreto@algomau.ca,153487805,included,-1
2025-05-07T19:14:55.484Z,840756,enaut.martinezdebirgara@bc3research.org,153486884,"""__EXR__Not about Evidence use""",1
2025-05-07T19:14:55.501Z,840756,enaut.martinezdebirgara@bc3research.org,153486884,included,-1
2025-05-07T19:14:55.515Z,840756,enaut.martinezdebirgara@bc3research.org,153486884,"""__EXR__Not about factors that influence evidence use""",1
2025-05-07T19:14:55.526Z,840756,enaut.martinezdebirgara@bc3research.org,153486884,included,-1
2025-05-07T19:14:55.538Z,840756,enaut.martinezdebirgara@bc3research.org,153486884,"""__EXR__Not about conservation""",deleted
2025-05-07T19:20:09.999Z,840756,enaut.martinezdebirgara@bc3research.org,153486884,note-12558341,1
2025-05-07T19:21:20.495Z,840756,enaut.martinezdebirgara@bc3research.org,153486937,"""__EXR__Not about conservation""",1
2025-05-07T19:21:20.511Z,840756,enaut.martinezdebirgara@bc3research.org,153486937,included,-1
2025-05-07T19:31:58.909Z,793576,carlos.barreto@algomau.ca,153488096,included,1
2025-05-07T23:26:42.257Z,793576,carlos.barreto@algomau.ca,153488546,"""__EXR__Not about policy or practice""",1
2025-05-07T23:26:42.289Z,793576,carlos.barreto@algomau.ca,153488546,included,-1
2025-05-08T18:19:39.592Z,793576,carlos.barreto@algomau.ca,153489131,"""__EXR__not about conservation""",1
2025-05-08T18:19:39.613Z,793576,carlos.barreto@algomau.ca,153489131,included,-1
2025-05-08T20:28:53.914Z,793576,carlos.barreto@algomau.ca,153490801,"""__EXR__Not about policy or practice""",1
2025-05-08T20:28:53.940Z,793576,carlos.barreto@algomau.ca,153490801,included,-1
2025-05-08T21:27:18.994Z,793584,amirmohammadif@gmail.com,153485219,included,-1
2025-05-08T21:38:56.501Z,793584,amirmohammadif@gmail.com,153485298,included,-1
2025-05-08T21:45:12.326Z,793584,amirmohammadif@gmail.com,153485486,included,-1
2025-05-08T21:45:46.014Z,793584,amirmohammadif@gmail.com,153485498,included,1
2025-05-08T21:46:19.084Z,793584,amirmohammadif@gmail.com,153485551,included,1
2025-05-08T21:48:56.675Z,793584,amirmohammadif@gmail.com,153485633,included,1
2025-05-08T21:51:21.750Z,793584,amirmohammadif@gmail.com,153485736,included,-1
2025-05-08T21:52:57.153Z,793584,amirmohammadif@gmail.com,153485808,included,-1
2025-05-08T21:53:26.147Z,793584,amirmohammadif@gmail.com,153485846,included,1
2025-05-08T21:53:48.405Z,793584,amirmohammadif@gmail.com,153485856,included,-1
2025-05-08T21:55:54.688Z,793584,amirmohammadif@gmail.com,153485930,included,-1
2025-05-08T21:56:23.683Z,793584,amirmohammadif@gmail.com,153485959,included,1
2025-05-10T17:50:32.598Z,793576,carlos.barreto@algomau.ca,153493047,"""__EXR__not about conservation""",1
2025-05-10T17:50:32.629Z,793576,carlos.barreto@algomau.ca,153493047,included,-1
2025-05-10T17:57:52.484Z,793576,carlos.barreto@algomau.ca,153493186,"""__EXR__Not about factors that influence evidence use""",1
2025-05-10T17:57:52.506Z,793576,carlos.barreto@algomau.ca,153493186,included,-1
2025-05-12T14:27:15.452Z,840700,nick.littlewood@sruc.ac.uk,153488247,"""__EXR__Not about evidence use""",1
2025-05-12T14:27:15.497Z,840700,nick.littlewood@sruc.ac.uk,153488247,included,-1
2025-05-12T14:28:07.376Z,840700,nick.littlewood@sruc.ac.uk,153488259,"""__EXR__Not about evidence use""",1
2025-05-12T14:28:07.398Z,840700,nick.littlewood@sruc.ac.uk,153488259,included,-1
2025-05-12T14:28:37.186Z,840700,nick.littlewood@sruc.ac.uk,153488385,"""__EXR__Not about evidence use""",1
2025-05-12T14:28:37.209Z,840700,nick.littlewood@sruc.ac.uk,153488385,included,-1
2025-05-12T14:29:50.679Z,840700,nick.littlewood@sruc.ac.uk,153488421,"""__EXR__Not about evidence use""",1
2025-05-12T14:29:50.700Z,840700,nick.littlewood@sruc.ac.uk,153488421,included,-1
2025-05-12T14:30:28.114Z,840700,nick.littlewood@sruc.ac.uk,153488427,"""__EXR__Not about evidence use""",1
2025-05-12T14:30:28.174Z,840700,nick.littlewood@sruc.ac.uk,153488427,included,-1
2025-05-12T14:32:16.264Z,840700,nick.littlewood@sruc.ac.uk,153488428,"""__EXR__Not about policy or practice""",1
2025-05-12T14:32:16.284Z,840700,nick.littlewood@sruc.ac.uk,153488428,included,-1
2025-05-12T14:32:16.298Z,840700,nick.littlewood@sruc.ac.uk,153488428,"""__EXR__Not about evidence use""",deleted
2025-05-12T14:32:27.625Z,840700,nick.littlewood@sruc.ac.uk,153488428,"""__EXR__Not about evidence use""",1
2025-05-12T14:32:27.641Z,840700,nick.littlewood@sruc.ac.uk,153488428,included,-1
2025-05-12T14:32:27.659Z,840700,nick.littlewood@sruc.ac.uk,153488428,"""__EXR__Not about policy or practice""",deleted
2025-05-12T14:33:06.729Z,840700,nick.littlewood@sruc.ac.uk,153488457,"""__EXR__Not about evidence use""",1
2025-05-12T14:33:06.756Z,840700,nick.littlewood@sruc.ac.uk,153488457,included,-1
2025-05-12T14:33:38.059Z,840700,nick.littlewood@sruc.ac.uk,153488519,"""__EXR__Not about evidence use""",1
2025-05-12T14:33:38.086Z,840700,nick.littlewood@sruc.ac.uk,153488519,included,-1
2025-05-12T14:38:35.875Z,840700,nick.littlewood@sruc.ac.uk,153488522,"""__EXR__Not about factors that influence evidence use""",1
2025-05-12T14:38:35.894Z,840700,nick.littlewood@sruc.ac.uk,153488522,included,-1
2025-05-12T15:04:13.811Z,840700,nick.littlewood@sruc.ac.uk,153488546,"""__EXR__Not about factors that influence evidence use""",1
2025-05-12T15:04:13.861Z,840700,nick.littlewood@sruc.ac.uk,153488546,included,-1
2025-05-12T15:04:33.301Z,840700,nick.littlewood@sruc.ac.uk,153488556,"""__EXR__Not about evidence use""",1
2025-05-12T15:04:33.334Z,840700,nick.littlewood@sruc.ac.uk,153488556,included,-1
2025-05-12T15:05:46.163Z,840700,nick.littlewood@sruc.ac.uk,153488568,"""__EXR__Not about evidence use""",1
2025-05-12T15:05:46.184Z,840700,nick.littlewood@sruc.ac.uk,153488568,included,-1
2025-05-12T15:05:56.725Z,840700,nick.littlewood@sruc.ac.uk,153488568,included,0
2025-05-12T15:07:41.959Z,840700,nick.littlewood@sruc.ac.uk,153488568,included,1
2025-05-12T15:07:51.941Z,840700,nick.littlewood@sruc.ac.uk,153488568,"""__EXR__Not about evidence use""",deleted
2025-05-12T15:08:28.056Z,840700,nick.littlewood@sruc.ac.uk,153488588,"""__EXR__Not about evidence use""",1
2025-05-12T15:08:28.086Z,840700,nick.littlewood@sruc.ac.uk,153488588,included,-1
2025-05-12T15:09:21.198Z,840700,nick.littlewood@sruc.ac.uk,153488643,included,1
2025-05-12T15:09:54.355Z,840700,nick.littlewood@sruc.ac.uk,153488651,"""__EXR__Not about evidence use""",1
2025-05-12T15:09:54.374Z,840700,nick.littlewood@sruc.ac.uk,153488651,included,-1
2025-05-12T15:10:08.744Z,840700,nick.littlewood@sruc.ac.uk,153488670,"""__EXR__Not about conservation""",1
2025-05-12T15:10:08.768Z,840700,nick.littlewood@sruc.ac.uk,153488670,included,-1
2025-05-12T15:11:50.940Z,840700,nick.littlewood@sruc.ac.uk,153488818,"""__EXR__Not about factors that influence evidence use""",1
2025-05-12T15:11:50.958Z,840700,nick.littlewood@sruc.ac.uk,153488818,included,-1
2025-05-12T15:11:59.179Z,840700,nick.littlewood@sruc.ac.uk,153488835,"""__EXR__Not about conservation""",1
2025-05-12T15:11:59.197Z,840700,nick.littlewood@sruc.ac.uk,153488835,included,-1
2025-05-12T15:12:25.724Z,840700,nick.littlewood@sruc.ac.uk,153488860,"""__EXR__Not about evidence use""",1
2025-05-12T15:12:25.745Z,840700,nick.littlewood@sruc.ac.uk,153488860,included,-1
2025-05-12T15:12:31.399Z,840700,nick.littlewood@sruc.ac.uk,153488875,"""__EXR__Not about conservation""",1
2025-05-12T15:12:31.456Z,840700,nick.littlewood@sruc.ac.uk,153488875,included,-1
2025-05-12T19:25:32.040Z,793584,amirmohammadif@gmail.com,153485266,included,-1
2025-05-12T19:25:40.839Z,793584,amirmohammadif@gmail.com,153485269,included,-1
2025-05-12T19:31:00.555Z,793584,amirmohammadif@gmail.com,153485283,included,-1
2025-05-12T19:54:42.561Z,793584,amirmohammadif@gmail.com,153485451,included,-1
2025-05-12T19:56:10.268Z,793584,amirmohammadif@gmail.com,153485543,included,-1
2025-05-12T19:57:19.813Z,793584,amirmohammadif@gmail.com,153485621,included,-1
2025-05-12T19:57:39.389Z,793584,amirmohammadif@gmail.com,153485625,included,-1
2025-05-12T20:00:30.405Z,793584,amirmohammadif@gmail.com,153485755,included,-1
2025-05-12T20:16:54.336Z,793584,amirmohammadif@gmail.com,153485813,included,1
2025-05-12T20:40:57.054Z,793584,amirmohammadif@gmail.com,153485984,included,1
2025-05-12T20:41:03.575Z,793584,amirmohammadif@gmail.com,153485988,included,-1
2025-05-12T20:53:29.303Z,793584,amirmohammadif@gmail.com,153486133,included,-1
2025-05-12T20:54:41.696Z,793584,amirmohammadif@gmail.com,153486187,included,-1
2025-05-13T09:44:56.400Z,793585,c.matos@hull.ac.uk,153487138,"""__EXR__Not about factors that influence evidence use""",1
2025-05-13T09:44:56.422Z,793585,c.matos@hull.ac.uk,153487138,included,-1
2025-05-13T11:05:38.499Z,793585,c.matos@hull.ac.uk,153487475,"""__EXR__Not about factors that influence evidence use""",1
2025-05-13T11:05:38.518Z,793585,c.matos@hull.ac.uk,153487475,included,-1
2025-05-14T08:38:10.362Z,840700,nick.littlewood@sruc.ac.uk,153488881,"""__EXR__Not about evidence use""",1
2025-05-14T08:38:10.408Z,840700,nick.littlewood@sruc.ac.uk,153488881,included,-1
2025-05-14T08:40:08.004Z,840700,nick.littlewood@sruc.ac.uk,153488893,included,0
2025-05-14T08:40:29.630Z,840700,nick.littlewood@sruc.ac.uk,153488908,"""__EXR__Not about policy or practice""",1
2025-05-14T08:40:29.652Z,840700,nick.littlewood@sruc.ac.uk,153488908,included,-1
2025-05-14T08:41:41.655Z,840700,nick.littlewood@sruc.ac.uk,153488913,"""__EXR__Not about evidence use""",1
2025-05-14T08:41:41.676Z,840700,nick.littlewood@sruc.ac.uk,153488913,included,-1
2025-05-14T08:42:21.696Z,840700,nick.littlewood@sruc.ac.uk,153488929,"""__EXR__Not about evidence use""",1
2025-05-14T08:42:21.717Z,840700,nick.littlewood@sruc.ac.uk,153488929,included,-1
2025-05-14T08:42:30.265Z,840700,nick.littlewood@sruc.ac.uk,153488930,"""__EXR__Not about conservation""",1
2025-05-14T08:42:30.286Z,840700,nick.littlewood@sruc.ac.uk,153488930,included,-1
2025-05-14T08:55:29.037Z,840700,nick.littlewood@sruc.ac.uk,153488937,"""__EXR__Not about conservation""",1
2025-05-14T08:55:29.071Z,840700,nick.littlewood@sruc.ac.uk,153488937,included,-1
2025-05-14T09:04:11.464Z,840700,nick.littlewood@sruc.ac.uk,153488984,"""__EXR__Not about factors that influence evidence use""",1
2025-05-14T09:04:11.512Z,840700,nick.littlewood@sruc.ac.uk,153488984,included,-1
2025-05-14T09:04:48.923Z,840700,nick.littlewood@sruc.ac.uk,153488984,note-12709681,1
2025-05-14T09:06:54.973Z,840700,nick.littlewood@sruc.ac.uk,153489053,"""__EXR__Not about evidence use""",1
2025-05-14T09:06:54.997Z,840700,nick.littlewood@sruc.ac.uk,153489053,included,-1
2025-05-14T09:07:56.589Z,840700,nick.littlewood@sruc.ac.uk,153489067,"""__EXR__Not about evidence use""",1
2025-05-14T09:07:56.619Z,840700,nick.littlewood@sruc.ac.uk,153489067,included,-1
2025-05-14T09:08:47.274Z,840700,nick.littlewood@sruc.ac.uk,153489118,"""__EXR__Not about evidence use""",1
2025-05-14T09:08:47.297Z,840700,nick.littlewood@sruc.ac.uk,153489118,included,-1
2025-05-14T09:09:55.346Z,840700,nick.littlewood@sruc.ac.uk,153489119,"""__EXR__Not about policy or practice""",1
2025-05-14T09:09:55.367Z,840700,nick.littlewood@sruc.ac.uk,153489119,included,-1
2025-05-14T09:10:41.105Z,840700,nick.littlewood@sruc.ac.uk,153489127,"""__EXR__Not about conservation""",1
2025-05-14T09:10:41.122Z,840700,nick.littlewood@sruc.ac.uk,153489127,included,-1
2025-05-14T09:13:46.279Z,840700,nick.littlewood@sruc.ac.uk,153489131,"""__EXR__Not about conservation""",1
2025-05-14T09:13:46.299Z,840700,nick.littlewood@sruc.ac.uk,153489131,included,-1
2025-05-14T09:16:28.470Z,840700,nick.littlewood@sruc.ac.uk,153489170,"""__EXR__Not about factors that influence evidence use""",1
2025-05-14T09:16:28.487Z,840700,nick.littlewood@sruc.ac.uk,153489170,included,-1
2025-05-14T09:16:38.642Z,840700,nick.littlewood@sruc.ac.uk,153489170,note-12709955,1
2025-05-14T09:17:17.230Z,840700,nick.littlewood@sruc.ac.uk,153489207,"""__EXR__Not about evidence use""",1
2025-05-14T09:17:17.251Z,840700,nick.littlewood@sruc.ac.uk,153489207,included,-1
2025-05-14T09:17:25.988Z,840700,nick.littlewood@sruc.ac.uk,153489257,"""__EXR__Not about conservation""",1
2025-05-14T09:17:26.015Z,840700,nick.littlewood@sruc.ac.uk,153489257,included,-1
2025-05-14T09:19:29.198Z,840700,nick.littlewood@sruc.ac.uk,153489284,"""__EXR__Not about conservation""",1
2025-05-14T09:19:29.218Z,840700,nick.littlewood@sruc.ac.uk,153489284,included,-1
2025-05-14T09:20:02.908Z,840700,nick.littlewood@sruc.ac.uk,153489303,"""__EXR__Not about policy or practice""",1
2025-05-14T09:20:02.928Z,840700,nick.littlewood@sruc.ac.uk,153489303,included,-1
2025-05-14T09:20:11.921Z,840700,nick.littlewood@sruc.ac.uk,153489307,"""__EXR__Not about conservation""",1
2025-05-14T09:20:11.942Z,840700,nick.littlewood@sruc.ac.uk,153489307,included,-1
2025-05-14T09:25:25.003Z,840700,nick.littlewood@sruc.ac.uk,153489344,note-12710187,1
2025-05-14T09:25:52.506Z,840700,nick.littlewood@sruc.ac.uk,153489344,note-12710187,edited
2025-05-14T09:25:53.855Z,840700,nick.littlewood@sruc.ac.uk,153489344,included,1
2025-05-14T09:26:02.907Z,840700,nick.littlewood@sruc.ac.uk,153489351,"""__EXR__Not about conservation""",1
2025-05-14T09:26:02.923Z,840700,nick.littlewood@sruc.ac.uk,153489351,included,-1
2025-05-14T09:27:07.677Z,840700,nick.littlewood@sruc.ac.uk,153489396,"""__EXR__Not about evidence use""",1
2025-05-14T09:27:07.697Z,840700,nick.littlewood@sruc.ac.uk,153489396,included,-1
2025-05-14T09:27:34.497Z,840700,nick.littlewood@sruc.ac.uk,153489777,"""__EXR__Not about evidence use""",1
2025-05-14T09:27:34.519Z,840700,nick.littlewood@sruc.ac.uk,153489777,included,-1
2025-05-14T09:28:30.821Z,840700,nick.littlewood@sruc.ac.uk,153489801,"""__EXR__Not about evidence use""",1
2025-05-14T09:28:30.843Z,840700,nick.littlewood@sruc.ac.uk,153489801,included,-1
2025-05-14T09:29:30.144Z,840700,nick.littlewood@sruc.ac.uk,153489836,"""__EXR__Not about evidence use""",1
2025-05-14T09:29:30.165Z,840700,nick.littlewood@sruc.ac.uk,153489836,included,-1
2025-05-14T09:31:02.724Z,840700,nick.littlewood@sruc.ac.uk,153489847,"""__EXR__Not about evidence use""",1
2025-05-14T09:31:02.743Z,840700,nick.littlewood@sruc.ac.uk,153489847,included,-1
2025-05-14T09:31:46.056Z,840700,nick.littlewood@sruc.ac.uk,153489871,"""__EXR__Not about policy or practice""",1
2025-05-14T09:31:46.075Z,840700,nick.littlewood@sruc.ac.uk,153489871,included,-1
2025-05-14T09:33:08.654Z,840700,nick.littlewood@sruc.ac.uk,153489922,"""__EXR__Not about evidence use""",1
2025-05-14T09:33:08.672Z,840700,nick.littlewood@sruc.ac.uk,153489922,included,-1
2025-05-14T09:33:08.685Z,840700,nick.littlewood@sruc.ac.uk,153489922,"""__EXR__Not about factors that influence evidence use""",deleted
2025-05-14T09:35:08.624Z,840700,nick.littlewood@sruc.ac.uk,153489927,"""__EXR__Not about policy or practice""",1
2025-05-14T09:35:08.675Z,840700,nick.littlewood@sruc.ac.uk,153489927,included,-1
2025-05-14T09:35:44.132Z,840700,nick.littlewood@sruc.ac.uk,153489949,"""__EXR__Not about policy or practice""",1
2025-05-14T09:35:44.155Z,840700,nick.littlewood@sruc.ac.uk,153489949,included,-1
2025-05-14T09:37:31.385Z,840700,nick.littlewood@sruc.ac.uk,153489987,note-12710483,1
2025-05-14T09:37:32.121Z,840700,nick.littlewood@sruc.ac.uk,153489987,included,1
2025-05-14T09:40:12.912Z,840700,nick.littlewood@sruc.ac.uk,153489992,note-12710546,1
2025-05-14T09:40:15.956Z,840700,nick.littlewood@sruc.ac.uk,153489992,"""__EXR__Not about evidence use""",1
2025-05-14T09:40:15.967Z,840700,nick.littlewood@sruc.ac.uk,153489992,included,-1
2025-05-14T09:41:00.005Z,840700,nick.littlewood@sruc.ac.uk,153489996,"""__EXR__Not about evidence use""",1
2025-05-14T09:41:00.035Z,840700,nick.littlewood@sruc.ac.uk,153489996,included,-1
2025-05-14T09:42:08.554Z,840700,nick.littlewood@sruc.ac.uk,153489997,"""__EXR__Not about evidence use""",1
2025-05-14T09:42:08.570Z,840700,nick.littlewood@sruc.ac.uk,153489997,included,-1
2025-05-14T09:42:28.018Z,840700,nick.littlewood@sruc.ac.uk,153490011,"""__EXR__foreign language""",1
2025-05-14T09:42:28.032Z,840700,nick.littlewood@sruc.ac.uk,153490011,included,-1
2025-05-14T09:47:34.721Z,840700,nick.littlewood@sruc.ac.uk,153490028,note-12710702,1
2025-05-14T09:47:38.714Z,840700,nick.littlewood@sruc.ac.uk,153490028,included,1
2025-05-14T09:48:09.218Z,840700,nick.littlewood@sruc.ac.uk,153490054,"""__EXR__Not about evidence use""",1
2025-05-14T09:48:09.237Z,840700,nick.littlewood@sruc.ac.uk,153490054,included,-1
2025-05-14T09:49:58.709Z,840700,nick.littlewood@sruc.ac.uk,153487642,included,1
2025-05-14T09:55:58.311Z,840700,nick.littlewood@sruc.ac.uk,153487701,note-12710915,1
2025-05-14T09:56:00.987Z,840700,nick.littlewood@sruc.ac.uk,153487701,"""__EXR__Not about conservation""",1
2025-05-14T09:56:01.011Z,840700,nick.littlewood@sruc.ac.uk,153487701,included,-1
2025-05-14T09:58:40.623Z,840700,nick.littlewood@sruc.ac.uk,153488893,note-12711000,1
2025-05-14T09:58:41.178Z,840700,nick.littlewood@sruc.ac.uk,153488893,included,1
2025-05-14T10:00:26.108Z,840700,nick.littlewood@sruc.ac.uk,153489431,"""__EXR__Not about evidence use""",1
2025-05-14T10:00:26.128Z,840700,nick.littlewood@sruc.ac.uk,153489431,included,-1
2025-05-14T10:01:32.606Z,840700,nick.littlewood@sruc.ac.uk,153489441,"""__EXR__Not about factors that influence evidence use""",1
2025-05-14T10:01:32.631Z,840700,nick.littlewood@sruc.ac.uk,153489441,included,-1
2025-05-14T10:02:42.128Z,840700,nick.littlewood@sruc.ac.uk,153489487,"""__EXR__Not about evidence use""",1
2025-05-14T10:02:42.276Z,840700,nick.littlewood@sruc.ac.uk,153489487,included,-1
2025-05-14T10:03:31.610Z,840700,nick.littlewood@sruc.ac.uk,153489516,"""__EXR__Not about evidence use""",1
2025-05-14T10:03:31.632Z,840700,nick.littlewood@sruc.ac.uk,153489516,included,-1
2025-05-14T10:05:17.958Z,840700,nick.littlewood@sruc.ac.uk,153489401,"""__EXR__Not about evidence use""",1
2025-05-14T10:05:17.975Z,840700,nick.littlewood@sruc.ac.uk,153489401,included,-1
2025-05-14T10:07:19.985Z,840700,nick.littlewood@sruc.ac.uk,153489421,"""__EXR__Not about evidence use""",1
2025-05-14T10:07:20.011Z,840700,nick.littlewood@sruc.ac.uk,153489421,included,-1
2025-05-14T10:07:36.880Z,840700,nick.littlewood@sruc.ac.uk,153489523,"""__EXR__Not about conservation""",1
2025-05-14T10:07:36.903Z,840700,nick.littlewood@sruc.ac.uk,153489523,included,-1
2025-05-14T10:08:24.323Z,840700,nick.littlewood@sruc.ac.uk,153489532,"""__EXR__Not about factors that influence evidence use""",1
2025-05-14T10:08:24.345Z,840700,nick.littlewood@sruc.ac.uk,153489532,included,-1
2025-05-14T10:08:55.761Z,840700,nick.littlewood@sruc.ac.uk,153489610,"""__EXR__Not about policy or practice""",1
2025-05-14T10:08:56.604Z,840700,nick.littlewood@sruc.ac.uk,153489610,included,-1
2025-05-14T10:08:56.620Z,840700,nick.littlewood@sruc.ac.uk,153489610,"""__EXR__Not about factors that influence evidence use""",deleted
2025-05-14T10:09:31.682Z,840700,nick.littlewood@sruc.ac.uk,153489635,"""__EXR__Not about evidence use""",1
2025-05-14T10:09:31.701Z,840700,nick.littlewood@sruc.ac.uk,153489635,included,-1
2025-05-14T19:26:20.271Z,793586,ake@ceh.ac.uk,153489871,"""__EXR__Not about conservation""",1
2025-05-14T19:26:20.293Z,793586,ake@ceh.ac.uk,153489871,included,-1
2025-05-14T19:45:44.059Z,793586,ake@ceh.ac.uk,83177884,"""__EXR__Not about conservation""",1
2025-05-14T19:45:44.090Z,793586,ake@ceh.ac.uk,83177884,included,-1
2025-05-14T19:58:58.229Z,793586,ake@ceh.ac.uk,153488385,"""__EXR__Not about factors that influence evidence use""",1
2025-05-14T19:58:58.245Z,793586,ake@ceh.ac.uk,153488385,included,-1
2025-05-20T13:54:00.256Z,817493,sarah.luke@nottingham.ac.uk,153488893,included,1
2025-05-21T14:31:39.153Z,793584,amirmohammadif@gmail.com,153485258,included,1
2025-05-21T14:31:46.615Z,793584,amirmohammadif@gmail.com,153485259,included,-1
2025-05-21T14:34:16.964Z,793584,amirmohammadif@gmail.com,153485360,included,-1
2025-05-21T14:34:18.806Z,793584,amirmohammadif@gmail.com,153485421,included,-1
2025-05-21T14:34:50.398Z,793584,amirmohammadif@gmail.com,153485433,included,-1
2025-05-21T15:18:11.844Z,793584,amirmohammadif@gmail.com,153485587,included,-1
2025-05-21T15:32:25.297Z,793584,amirmohammadif@gmail.com,153486041,included,1
2025-05-21T15:44:55.906Z,793584,amirmohammadif@gmail.com,153486256,included,-1
2025-05-21T15:45:00.283Z,793584,amirmohammadif@gmail.com,153486256,included,-1
2025-05-22T21:39:23.524Z,793584,amirmohammadif@gmail.com,153485365,included,-1
2025-05-22T21:43:29.619Z,793584,amirmohammadif@gmail.com,153485673,included,1
2025-05-23T18:18:24.053Z,793584,amirmohammadif@gmail.com,153485519,included,-1
2025-05-23T19:29:24.783Z,793584,amirmohammadif@gmail.com,153486239,included,-1
2025-05-23T19:30:14.294Z,793584,amirmohammadif@gmail.com,153486241,included,-1
2025-05-23T19:46:19.722Z,793584,amirmohammadif@gmail.com,153486377,included,-1
2025-05-23T19:50:52.575Z,793584,amirmohammadif@gmail.com,153486495,included,-1
2025-05-23T19:57:07.835Z,793584,amirmohammadif@gmail.com,153486539,included,-1
2025-05-23T19:57:25.717Z,793584,amirmohammadif@gmail.com,153486551,included,-1
2025-05-23T19:58:21.119Z,793584,amirmohammadif@gmail.com,153486592,included,-1
2025-05-23T20:40:18.140Z,793584,amirmohammadif@gmail.com,153486664,included,-1
2025-05-23T20:53:45.936Z,793584,amirmohammadif@gmail.com,153486674,included,-1
2025-05-23T20:56:22.865Z,793584,amirmohammadif@gmail.com,153486742,included,-1
2025-05-23T21:03:02.721Z,793584,amirmohammadif@gmail.com,153486783,included,1
2025-05-23T21:17:45.342Z,793584,amirmohammadif@gmail.com,153486941,included,-1
2025-05-23T21:18:08.190Z,793584,amirmohammadif@gmail.com,153486945,included,1
2025-05-25T17:09:59.641Z,315143,matthew.grainger@nina.no,153485174,included,1
2025-05-25T17:42:33.367Z,315143,matthew.grainger@nina.no,153485266,"""__EXR__Not about factors that influence evidence use""",1
2025-05-25T17:42:33.382Z,315143,matthew.grainger@nina.no,153485266,included,-1
2025-05-25T17:42:53.454Z,315143,matthew.grainger@nina.no,153485269,"""__EXR__Not about conservation""",1
2025-05-25T17:42:53.470Z,315143,matthew.grainger@nina.no,153485269,included,-1
2025-05-25T17:46:44.310Z,315143,matthew.grainger@nina.no,153485433,"""__EXR__Not about conservation""",1
2025-05-25T17:46:44.326Z,315143,matthew.grainger@nina.no,153485433,included,-1
2025-05-25T17:51:58.494Z,315143,matthew.grainger@nina.no,153485551,"""__EXR__Not about evidence use""",1
2025-05-25T17:51:58.525Z,315143,matthew.grainger@nina.no,153485551,included,-1
2025-05-25T18:02:48.655Z,315143,matthew.grainger@nina.no,153486241,"""__EXR__Not about Evidence use""",1
2025-05-25T18:02:48.669Z,315143,matthew.grainger@nina.no,153486241,included,-1
2025-05-25T18:30:22.590Z,315143,matthew.grainger@nina.no,153491503,"""__EXR__Not about evidence use""",1
2025-05-25T18:30:22.618Z,315143,matthew.grainger@nina.no,153491503,included,-1
2025-05-25T18:51:20.151Z,315143,matthew.grainger@nina.no,153494476,"""__EXR__Not about conservation""",1
2025-05-25T18:51:20.169Z,315143,matthew.grainger@nina.no,153494476,included,-1
2025-05-25T18:52:53.523Z,315143,matthew.grainger@nina.no,153485930,"""__EXR__Not about Evidence use""",1
2025-05-25T18:52:53.539Z,315143,matthew.grainger@nina.no,153485930,included,-1
2025-05-25T18:56:05.171Z,315143,matthew.grainger@nina.no,153488670,"""__EXR__Not about conservation""",1
2025-05-25T18:56:05.190Z,315143,matthew.grainger@nina.no,153488670,included,-1
2025-05-25T19:00:53.975Z,315143,matthew.grainger@nina.no,153489127,"""__EXR__Not about conservation""",1
2025-05-25T19:00:53.988Z,315143,matthew.grainger@nina.no,153489127,included,-1
2025-05-25T19:20:27.421Z,315143,matthew.grainger@nina.no,153487445,included,0
2025-05-26T08:40:55.098Z,840700,nick.littlewood@sruc.ac.uk,153489648,"""__EXR__Not about evidence use""",1
2025-05-26T08:40:55.149Z,840700,nick.littlewood@sruc.ac.uk,153489648,included,-1
2025-05-26T08:41:20.412Z,840700,nick.littlewood@sruc.ac.uk,153489652,"""__EXR__Not about evidence use""",1
2025-05-26T08:41:20.431Z,840700,nick.littlewood@sruc.ac.uk,153489652,included,-1
2025-05-26T08:42:39.043Z,840700,nick.littlewood@sruc.ac.uk,153489675,"""__EXR__Not about evidence use""",1
2025-05-26T08:42:39.070Z,840700,nick.littlewood@sruc.ac.uk,153489675,included,-1
2025-05-26T08:45:06.657Z,840700,nick.littlewood@sruc.ac.uk,153489688,"""__EXR__Not about factors that influence evidence use""",1
2025-05-26T08:45:06.678Z,840700,nick.littlewood@sruc.ac.uk,153489688,included,-1
2025-05-26T08:45:30.895Z,840700,nick.littlewood@sruc.ac.uk,153489735,"""__EXR__Not about evidence use""",1
2025-05-26T08:45:30.916Z,840700,nick.littlewood@sruc.ac.uk,153489735,included,-1
2025-05-26T08:46:32.940Z,840700,nick.littlewood@sruc.ac.uk,153489739,"""__EXR__Not about evidence use""",1
2025-05-26T08:46:32.961Z,840700,nick.littlewood@sruc.ac.uk,153489739,included,-1
2025-05-26T08:47:43.826Z,840700,nick.littlewood@sruc.ac.uk,153490109,"""__EXR__Not about evidence use""",1
2025-05-26T08:47:43.850Z,840700,nick.littlewood@sruc.ac.uk,153490109,included,-1
2025-05-26T08:48:02.796Z,840700,nick.littlewood@sruc.ac.uk,153490172,"""__EXR__Not about evidence use""",1
2025-05-26T08:48:02.816Z,840700,nick.littlewood@sruc.ac.uk,153490172,included,-1
2025-05-26T08:48:29.301Z,840700,nick.littlewood@sruc.ac.uk,153490179,"""__EXR__Not about policy or practice""",1
2025-05-26T08:48:29.323Z,840700,nick.littlewood@sruc.ac.uk,153490179,included,-1
2025-05-26T08:49:45.099Z,840700,nick.littlewood@sruc.ac.uk,153490276,"""__EXR__Not about evidence use""",1
2025-05-26T08:49:45.127Z,840700,nick.littlewood@sruc.ac.uk,153490276,included,-1
2025-05-26T15:17:17.975Z,840700,nick.littlewood@sruc.ac.uk,153490308,"""__EXR__Not about evidence use""",1
2025-05-26T15:17:18.030Z,840700,nick.littlewood@sruc.ac.uk,153490308,included,-1
2025-05-26T15:17:43.799Z,840700,nick.littlewood@sruc.ac.uk,153490316,"""__EXR__Not about policy or practice""",1
2025-05-26T15:17:43.820Z,840700,nick.littlewood@sruc.ac.uk,153490316,included,-1
2025-05-26T15:18:33.629Z,840700,nick.littlewood@sruc.ac.uk,153490329,"""__EXR__Not about evidence use""",1
2025-05-26T15:18:33.651Z,840700,nick.littlewood@sruc.ac.uk,153490329,included,-1
2025-05-26T15:18:56.064Z,840700,nick.littlewood@sruc.ac.uk,153490347,"""__EXR__Not about policy or practice""",1
2025-05-26T15:18:56.084Z,840700,nick.littlewood@sruc.ac.uk,153490347,included,-1
2025-05-26T15:19:31.772Z,840700,nick.littlewood@sruc.ac.uk,153490372,"""__EXR__Not about policy or practice""",1
2025-05-26T15:19:31.792Z,840700,nick.littlewood@sruc.ac.uk,153490372,included,-1
2025-05-26T15:20:15.359Z,840700,nick.littlewood@sruc.ac.uk,153490389,"""__EXR__Not about evidence use""",1
2025-05-26T15:20:15.379Z,840700,nick.littlewood@sruc.ac.uk,153490389,included,-1
2025-05-26T15:20:36.481Z,840700,nick.littlewood@sruc.ac.uk,153490410,"""__EXR__Not about evidence use""",1
2025-05-26T15:20:36.500Z,840700,nick.littlewood@sruc.ac.uk,153490410,included,-1
2025-05-26T15:21:20.473Z,840700,nick.littlewood@sruc.ac.uk,153490422,"""__EXR__Not about evidence use""",1
2025-05-26T15:21:20.494Z,840700,nick.littlewood@sruc.ac.uk,153490422,included,-1
2025-05-26T15:21:48.187Z,840700,nick.littlewood@sruc.ac.uk,153490423,"""__EXR__Not about policy or practice""",1
2025-05-26T15:21:48.206Z,840700,nick.littlewood@sruc.ac.uk,153490423,included,-1
2025-05-26T15:22:09.202Z,840700,nick.littlewood@sruc.ac.uk,153490471,"""__EXR__Not about policy or practice""",1
2025-05-26T15:22:09.226Z,840700,nick.littlewood@sruc.ac.uk,153490471,included,-1
2025-05-26T18:07:16.209Z,793584,amirmohammadif@gmail.com,153485691,included,-1
2025-05-26T18:25:43.127Z,793584,amirmohammadif@gmail.com,153485830,included,1
2025-05-26T18:25:59.518Z,793584,amirmohammadif@gmail.com,153485875,included,-1
2025-05-26T18:49:38.610Z,793584,amirmohammadif@gmail.com,153486160,included,-1
2025-05-26T19:10:14.358Z,793584,amirmohammadif@gmail.com,153486342,included,1
2025-05-26T19:40:44.871Z,793584,amirmohammadif@gmail.com,153486474,included,1
2025-05-26T19:40:54.405Z,793584,amirmohammadif@gmail.com,153486479,included,-1
2025-05-26T19:41:08.042Z,793584,amirmohammadif@gmail.com,153486484,included,1
2025-05-26T19:41:13.620Z,793584,amirmohammadif@gmail.com,153486487,included,1
2025-05-26T20:05:19.267Z,793584,amirmohammadif@gmail.com,153486565,included,-1
2025-05-26T20:12:51.256Z,793584,amirmohammadif@gmail.com,153486571,included,1
2025-05-26T20:13:29.394Z,793584,amirmohammadif@gmail.com,153486646,included,-1
2025-05-26T20:24:14.069Z,793584,amirmohammadif@gmail.com,153486884,included,1
2025-05-26T20:25:32.238Z,793584,amirmohammadif@gmail.com,153486937,included,-1
2025-05-26T20:25:50.828Z,793584,amirmohammadif@gmail.com,153486961,included,-1
2025-05-26T20:41:14.015Z,793584,amirmohammadif@gmail.com,153487012,included,-1
2025-05-26T20:42:23.681Z,793584,amirmohammadif@gmail.com,153487052,included,1
2025-05-26T20:42:29.847Z,793584,amirmohammadif@gmail.com,153487055,included,-1
2025-05-26T20:50:35.382Z,793584,amirmohammadif@gmail.com,153487101,included,1
2025-05-26T20:51:27.883Z,793584,amirmohammadif@gmail.com,153487129,included,-1
2025-05-26T20:51:40.630Z,793584,amirmohammadif@gmail.com,153487136,included,-1
2025-05-26T20:51:45.936Z,793584,amirmohammadif@gmail.com,153487138,included,-1
2025-05-26T20:52:36.624Z,793584,amirmohammadif@gmail.com,153487172,included,-1
2025-05-26T20:56:21.072Z,793584,amirmohammadif@gmail.com,153487179,included,-1
2025-05-27T08:19:18.238Z,840700,nick.littlewood@sruc.ac.uk,153490556,"""__EXR__Not about evidence use""",1
2025-05-27T08:19:18.312Z,840700,nick.littlewood@sruc.ac.uk,153490556,included,-1
2025-05-27T08:19:36.525Z,840700,nick.littlewood@sruc.ac.uk,153490579,"""__EXR__Not about policy or practice""",1
2025-05-27T08:19:36.544Z,840700,nick.littlewood@sruc.ac.uk,153490579,included,-1
2025-05-27T08:19:57.990Z,840700,nick.littlewood@sruc.ac.uk,153490582,"""__EXR__Not about evidence use""",1
2025-05-27T08:19:58.008Z,840700,nick.littlewood@sruc.ac.uk,153490582,included,-1
2025-05-27T08:20:48.834Z,840700,nick.littlewood@sruc.ac.uk,153490670,"""__EXR__Not about conservation""",1
2025-05-27T08:20:48.855Z,840700,nick.littlewood@sruc.ac.uk,153490670,included,-1
2025-05-27T08:21:03.535Z,840700,nick.littlewood@sruc.ac.uk,153490715,"""__EXR__Not about conservation""",1
2025-05-27T08:21:03.554Z,840700,nick.littlewood@sruc.ac.uk,153490715,included,-1
2025-05-27T08:21:37.210Z,840700,nick.littlewood@sruc.ac.uk,153490762,"""__EXR__Not about evidence use""",1
2025-05-27T08:21:37.233Z,840700,nick.littlewood@sruc.ac.uk,153490762,included,-1
2025-05-27T08:22:15.045Z,840700,nick.littlewood@sruc.ac.uk,153490801,"""__EXR__Not about policy or practice""",1
2025-05-27T08:22:15.064Z,840700,nick.littlewood@sruc.ac.uk,153490801,included,-1
2025-05-27T08:23:29.106Z,840700,nick.littlewood@sruc.ac.uk,153490844,"""__EXR__Not about evidence use""",1
2025-05-27T08:23:29.126Z,840700,nick.littlewood@sruc.ac.uk,153490844,included,-1
2025-05-27T08:25:54.671Z,840700,nick.littlewood@sruc.ac.uk,153490896,"""__EXR__Not about evidence use""",1
2025-05-27T08:25:54.691Z,840700,nick.littlewood@sruc.ac.uk,153490896,included,-1
2025-05-27T08:26:06.954Z,840700,nick.littlewood@sruc.ac.uk,153491013,"""__EXR__Not about conservation""",1
2025-05-27T08:26:06.975Z,840700,nick.littlewood@sruc.ac.uk,153491013,included,-1
2025-05-27T08:31:47.068Z,840700,nick.littlewood@sruc.ac.uk,153491039,"""__EXR__Not about evidence use""",1
2025-05-27T08:31:47.085Z,840700,nick.littlewood@sruc.ac.uk,153491039,included,-1
2025-05-27T08:32:31.308Z,840700,nick.littlewood@sruc.ac.uk,153491141,"""__EXR__Not about evidence use""",1
2025-05-27T08:32:31.328Z,840700,nick.littlewood@sruc.ac.uk,153491141,included,-1
2025-05-27T08:32:57.184Z,840700,nick.littlewood@sruc.ac.uk,153491332,"""__EXR__Not about policy or practice""",1
2025-05-27T08:32:57.203Z,840700,nick.littlewood@sruc.ac.uk,153491332,included,-1
2025-05-27T08:33:18.249Z,840700,nick.littlewood@sruc.ac.uk,153491426,"""__EXR__Not about conservation""",1
2025-05-27T08:33:18.267Z,840700,nick.littlewood@sruc.ac.uk,153491426,included,-1
2025-05-27T08:34:31.740Z,840700,nick.littlewood@sruc.ac.uk,153491449,"""__EXR__Not about factors that influence evidence use""",1
2025-05-27T08:34:31.759Z,840700,nick.littlewood@sruc.ac.uk,153491449,included,-1
2025-05-27T08:34:55.468Z,840700,nick.littlewood@sruc.ac.uk,153491492,"""__EXR__Not about conservation""",1
2025-05-27T08:34:55.492Z,840700,nick.littlewood@sruc.ac.uk,153491492,included,-1
2025-05-27T08:35:24.056Z,840700,nick.littlewood@sruc.ac.uk,153491503,"""__EXR__Not about evidence use""",1
2025-05-27T08:35:24.076Z,840700,nick.littlewood@sruc.ac.uk,153491503,included,-1
2025-05-27T08:36:15.195Z,840700,nick.littlewood@sruc.ac.uk,153491513,"""__EXR__Not about evidence use""",1
2025-05-27T08:36:15.210Z,840700,nick.littlewood@sruc.ac.uk,153491513,included,-1
2025-05-27T08:36:44.674Z,840700,nick.littlewood@sruc.ac.uk,153491541,"""__EXR__Not about evidence use""",1
2025-05-27T08:36:44.691Z,840700,nick.littlewood@sruc.ac.uk,153491541,included,-1
2025-05-27T08:37:05.142Z,840700,nick.littlewood@sruc.ac.uk,153491578,"""__EXR__Not about evidence use""",1
2025-05-27T08:37:05.157Z,840700,nick.littlewood@sruc.ac.uk,153491578,included,-1
2025-06-03T12:15:22.693Z,840700,nick.littlewood@sruc.ac.uk,153491594,"""__EXR__Not about evidence use""",1
2025-06-03T12:15:22.709Z,840700,nick.littlewood@sruc.ac.uk,153491594,included,-1
2025-06-03T12:28:58.290Z,840700,nick.littlewood@sruc.ac.uk,153491618,"""__EXR__Not about policy or practice""",1
2025-06-03T12:28:58.346Z,840700,nick.littlewood@sruc.ac.uk,153491618,included,-1
2025-06-03T12:29:24.682Z,840700,nick.littlewood@sruc.ac.uk,153491676,"""__EXR__Not about evidence use""",1
2025-06-03T12:29:24.705Z,840700,nick.littlewood@sruc.ac.uk,153491676,included,-1
2025-06-03T12:30:32.138Z,840700,nick.littlewood@sruc.ac.uk,153491745,"""__EXR__Not about evidence use""",1
2025-06-03T12:30:32.165Z,840700,nick.littlewood@sruc.ac.uk,153491745,included,-1
2025-06-03T12:32:01.294Z,840700,nick.littlewood@sruc.ac.uk,153491765,"""__EXR__Not about evidence use""",1
2025-06-03T12:32:01.314Z,840700,nick.littlewood@sruc.ac.uk,153491765,included,-1
2025-06-03T12:32:29.706Z,840700,nick.littlewood@sruc.ac.uk,153491776,"""__EXR__Not about conservation""",1
2025-06-03T12:32:29.724Z,840700,nick.littlewood@sruc.ac.uk,153491776,included,-1
2025-06-03T12:32:52.630Z,840700,nick.littlewood@sruc.ac.uk,153491805,"""__EXR__Not about evidence use""",1
2025-06-03T12:32:52.650Z,840700,nick.littlewood@sruc.ac.uk,153491805,included,-1
2025-06-03T12:40:01.545Z,840700,nick.littlewood@sruc.ac.uk,153491830,"""__EXR__Not about policy or practice""",1
2025-06-03T12:40:01.564Z,840700,nick.littlewood@sruc.ac.uk,153491830,included,-1
2025-06-03T12:41:02.496Z,840700,nick.littlewood@sruc.ac.uk,153491834,"""__EXR__Not about evidence use""",1
2025-06-03T12:41:02.557Z,840700,nick.littlewood@sruc.ac.uk,153491834,included,-1
2025-06-03T12:41:50.409Z,840700,nick.littlewood@sruc.ac.uk,153491837,"""__EXR__Not about evidence use""",1
2025-06-03T12:41:50.427Z,840700,nick.littlewood@sruc.ac.uk,153491837,included,-1
2025-06-03T12:42:27.251Z,840700,nick.littlewood@sruc.ac.uk,153491847,"""__EXR__Not about evidence use""",1
2025-06-03T12:42:27.267Z,840700,nick.littlewood@sruc.ac.uk,153491847,included,-1
2025-06-03T12:43:04.932Z,840700,nick.littlewood@sruc.ac.uk,153491864,"""__EXR__Not about evidence use""",1
2025-06-03T12:43:04.952Z,840700,nick.littlewood@sruc.ac.uk,153491864,included,-1
2025-06-03T12:43:16.881Z,840700,nick.littlewood@sruc.ac.uk,153491889,"""__EXR__Not about conservation""",1
2025-06-03T12:43:16.903Z,840700,nick.littlewood@sruc.ac.uk,153491889,included,-1
2025-06-03T12:43:58.786Z,840700,nick.littlewood@sruc.ac.uk,153491918,"""__EXR__Not about evidence use""",1
2025-06-03T12:43:58.808Z,840700,nick.littlewood@sruc.ac.uk,153491918,included,-1
2025-06-03T12:44:18.608Z,840700,nick.littlewood@sruc.ac.uk,153491932,"""__EXR__Not about policy or practice""",1
2025-06-03T12:44:18.628Z,840700,nick.littlewood@sruc.ac.uk,153491932,included,-1
2025-06-03T12:44:48.156Z,840700,nick.littlewood@sruc.ac.uk,153491939,"""__EXR__Not about conservation""",1
2025-06-03T12:44:48.173Z,840700,nick.littlewood@sruc.ac.uk,153491939,included,-1
2025-06-03T12:45:39.388Z,840700,nick.littlewood@sruc.ac.uk,153491944,"""__EXR__Not about policy or practice""",1
2025-06-03T12:45:39.410Z,840700,nick.littlewood@sruc.ac.uk,153491944,included,-1
2025-06-03T12:45:48.916Z,840700,nick.littlewood@sruc.ac.uk,153491954,"""__EXR__Not about conservation""",1
2025-06-03T12:45:48.933Z,840700,nick.littlewood@sruc.ac.uk,153491954,included,-1
2025-06-03T12:46:13.500Z,840700,nick.littlewood@sruc.ac.uk,153491966,"""__EXR__Not about conservation""",1
2025-06-03T12:46:13.516Z,840700,nick.littlewood@sruc.ac.uk,153491966,included,-1
2025-06-03T12:47:13.229Z,840700,nick.littlewood@sruc.ac.uk,153491984,"""__EXR__Not about evidence use""",1
2025-06-03T12:47:13.245Z,840700,nick.littlewood@sruc.ac.uk,153491984,included,-1
2025-06-03T12:53:32.838Z,840700,nick.littlewood@sruc.ac.uk,153492498,"""__EXR__Not about evidence use""",1
2025-06-03T12:53:32.864Z,840700,nick.littlewood@sruc.ac.uk,153492498,included,-1
2025-06-03T12:55:04.262Z,840700,nick.littlewood@sruc.ac.uk,153492679,included,0
2025-06-03T12:55:24.852Z,840700,nick.littlewood@sruc.ac.uk,153492739,"""__EXR__Not about conservation""",1
2025-06-03T12:55:24.878Z,840700,nick.littlewood@sruc.ac.uk,153492739,included,-1
2025-06-03T12:55:42.300Z,840700,nick.littlewood@sruc.ac.uk,153492767,"""__EXR__Not about evidence use""",1
2025-06-03T12:55:42.320Z,840700,nick.littlewood@sruc.ac.uk,153492767,included,-1
2025-06-03T12:56:47.107Z,840700,nick.littlewood@sruc.ac.uk,153492768,"""__EXR__Not about evidence use""",1
2025-06-03T12:56:47.121Z,840700,nick.littlewood@sruc.ac.uk,153492768,included,-1
2025-06-03T12:57:25.781Z,840700,nick.littlewood@sruc.ac.uk,153492835,"""__EXR__Not about evidence use""",1
2025-06-03T12:57:25.802Z,840700,nick.littlewood@sruc.ac.uk,153492835,included,-1
2025-06-03T12:59:06.838Z,840700,nick.littlewood@sruc.ac.uk,153492849,"""__EXR__Not about evidence use""",1
2025-06-03T12:59:06.859Z,840700,nick.littlewood@sruc.ac.uk,153492849,included,-1
2025-06-03T12:59:28.182Z,840700,nick.littlewood@sruc.ac.uk,153492909,"""__EXR__Not about conservation""",1
2025-06-03T12:59:28.198Z,840700,nick.littlewood@sruc.ac.uk,153492909,included,-1
2025-06-03T12:59:52.301Z,840700,nick.littlewood@sruc.ac.uk,153492937,"""__EXR__Not about evidence use""",1
2025-06-03T12:59:52.316Z,840700,nick.littlewood@sruc.ac.uk,153492937,included,-1
2025-06-03T13:00:59.247Z,840700,nick.littlewood@sruc.ac.uk,153492977,"""__EXR__Not about evidence use""",1
2025-06-03T13:00:59.266Z,840700,nick.littlewood@sruc.ac.uk,153492977,included,-1
2025-06-03T13:07:21.105Z,840700,nick.littlewood@sruc.ac.uk,153493047,"""__EXR__Not about policy or practice""",1
2025-06-03T13:07:21.127Z,840700,nick.littlewood@sruc.ac.uk,153493047,included,-1
2025-06-03T13:11:24.546Z,840700,nick.littlewood@sruc.ac.uk,153493069,"""__EXR__Not about policy or practice""",1
2025-06-03T13:11:24.566Z,840700,nick.littlewood@sruc.ac.uk,153493069,included,-1
2025-06-03T13:12:52.836Z,840700,nick.littlewood@sruc.ac.uk,153493084,"""__EXR__Not about factors that influence evidence use""",1
2025-06-03T13:12:52.855Z,840700,nick.littlewood@sruc.ac.uk,153493084,included,-1
2025-06-03T13:13:02.263Z,840700,nick.littlewood@sruc.ac.uk,153493097,"""__EXR__Not about conservation""",1
2025-06-03T13:13:02.282Z,840700,nick.littlewood@sruc.ac.uk,153493097,included,-1
2025-06-03T13:13:37.812Z,840700,nick.littlewood@sruc.ac.uk,153493129,"""__EXR__Not about evidence use""",1
2025-06-03T13:13:37.834Z,840700,nick.littlewood@sruc.ac.uk,153493129,included,-1
2025-06-03T13:13:57.233Z,840700,nick.littlewood@sruc.ac.uk,153493130,"""__EXR__Not about conservation""",1
2025-06-03T13:13:57.249Z,840700,nick.littlewood@sruc.ac.uk,153493130,included,-1
2025-06-03T13:15:44.172Z,840700,nick.littlewood@sruc.ac.uk,153493134,"""__EXR__Not about evidence use""",1
2025-06-03T13:15:44.187Z,840700,nick.littlewood@sruc.ac.uk,153493134,included,-1
2025-06-03T13:16:10.030Z,840700,nick.littlewood@sruc.ac.uk,153493173,"""__EXR__Not about evidence use""",1
2025-06-03T13:16:10.048Z,840700,nick.littlewood@sruc.ac.uk,153493173,included,-1
2025-06-03T13:16:35.889Z,840700,nick.littlewood@sruc.ac.uk,153493174,"""__EXR__Not about evidence use""",1
2025-06-03T13:16:35.908Z,840700,nick.littlewood@sruc.ac.uk,153493174,included,-1
2025-06-03T13:17:27.771Z,840700,nick.littlewood@sruc.ac.uk,153493181,"""__EXR__Not about evidence use""",1
2025-06-03T13:17:27.790Z,840700,nick.littlewood@sruc.ac.uk,153493181,included,-1
2025-06-03T14:03:47.094Z,840700,nick.littlewood@sruc.ac.uk,153493681,"""__EXR__Not about evidence use""",1
2025-06-03T14:03:47.147Z,840700,nick.littlewood@sruc.ac.uk,153493681,included,-1
2025-06-03T14:04:37.974Z,840700,nick.littlewood@sruc.ac.uk,153493778,"""__EXR__Not about factors that influence evidence use""",1
2025-06-03T14:04:37.999Z,840700,nick.littlewood@sruc.ac.uk,153493778,included,-1
2025-06-03T14:04:59.785Z,840700,nick.littlewood@sruc.ac.uk,153493844,"""__EXR__Not about evidence use""",1
2025-06-03T14:04:59.809Z,840700,nick.littlewood@sruc.ac.uk,153493844,included,-1
2025-06-03T14:06:20.073Z,840700,nick.littlewood@sruc.ac.uk,153493858,"""__EXR__Not about evidence use""",1
2025-06-03T14:06:20.091Z,840700,nick.littlewood@sruc.ac.uk,153493858,included,-1
2025-06-03T14:06:31.140Z,840700,nick.littlewood@sruc.ac.uk,153493858,"""__EXR__Not about policy or practice""",1
2025-06-03T14:06:31.151Z,840700,nick.littlewood@sruc.ac.uk,153493858,included,-1
2025-06-03T14:06:31.164Z,840700,nick.littlewood@sruc.ac.uk,153493858,"""__EXR__Not about evidence use""",deleted
2025-06-03T14:06:52.678Z,840700,nick.littlewood@sruc.ac.uk,153493889,"""__EXR__Not about evidence use""",1
2025-06-03T14:06:52.698Z,840700,nick.littlewood@sruc.ac.uk,153493889,included,-1
2025-06-03T14:07:03.115Z,840700,nick.littlewood@sruc.ac.uk,153493938,"""__EXR__Not about conservation""",1
2025-06-03T14:07:03.138Z,840700,nick.littlewood@sruc.ac.uk,153493938,included,-1
2025-06-03T14:07:37.209Z,840700,nick.littlewood@sruc.ac.uk,153493943,"""__EXR__Not about evidence use""",1
2025-06-03T14:07:37.228Z,840700,nick.littlewood@sruc.ac.uk,153493943,included,-1
2025-06-03T14:08:06.452Z,840700,nick.littlewood@sruc.ac.uk,153493955,"""__EXR__Not about conservation""",1
2025-06-03T14:08:06.473Z,840700,nick.littlewood@sruc.ac.uk,153493955,included,-1
2025-06-03T14:09:43.508Z,840700,nick.littlewood@sruc.ac.uk,153493967,"""__EXR__Not about conservation""",1
2025-06-03T14:09:43.527Z,840700,nick.littlewood@sruc.ac.uk,153493967,included,-1
2025-06-03T14:10:41.017Z,840700,nick.littlewood@sruc.ac.uk,153494120,"""__EXR__Not about conservation""",1
2025-06-03T14:10:41.072Z,840700,nick.littlewood@sruc.ac.uk,153494120,included,-1
2025-06-03T14:11:21.287Z,840700,nick.littlewood@sruc.ac.uk,153494146,"""__EXR__Not about conservation""",1
2025-06-03T14:11:21.304Z,840700,nick.littlewood@sruc.ac.uk,153494146,included,-1
2025-06-03T14:11:42.648Z,840700,nick.littlewood@sruc.ac.uk,153494174,"""__EXR__Not about conservation""",1
2025-06-03T14:11:42.671Z,840700,nick.littlewood@sruc.ac.uk,153494174,included,-1
2025-06-03T14:11:53.794Z,840700,nick.littlewood@sruc.ac.uk,153494201,"""__EXR__Not about conservation""",1
2025-06-03T14:11:53.820Z,840700,nick.littlewood@sruc.ac.uk,153494201,included,-1
2025-06-03T14:12:18.077Z,840700,nick.littlewood@sruc.ac.uk,153494264,"""__EXR__Not about conservation""",1
2025-06-03T14:12:18.099Z,840700,nick.littlewood@sruc.ac.uk,153494264,included,-1
2025-06-03T14:12:44.876Z,840700,nick.littlewood@sruc.ac.uk,153494386,"""__EXR__Not about conservation""",1
2025-06-03T14:12:44.899Z,840700,nick.littlewood@sruc.ac.uk,153494386,included,-1
2025-06-03T14:13:12.551Z,840700,nick.littlewood@sruc.ac.uk,153494476,"""__EXR__Not about evidence use""",1
2025-06-03T14:13:12.569Z,840700,nick.littlewood@sruc.ac.uk,153494476,included,-1
2025-06-03T14:13:53.958Z,840700,nick.littlewood@sruc.ac.uk,153494522,"""__EXR__Not about conservation""",1
2025-06-03T14:13:53.984Z,840700,nick.littlewood@sruc.ac.uk,153494522,included,-1
2025-06-03T14:14:21.624Z,840700,nick.littlewood@sruc.ac.uk,153494577,"""__EXR__Not about policy or practice""",1
2025-06-03T14:14:21.641Z,840700,nick.littlewood@sruc.ac.uk,153494577,included,-1
2025-06-03T14:15:29.689Z,840700,nick.littlewood@sruc.ac.uk,153494602,"""__EXR__Not about evidence use""",1
2025-06-03T14:15:29.711Z,840700,nick.littlewood@sruc.ac.uk,153494602,included,-1
2025-06-03T14:15:58.612Z,840700,nick.littlewood@sruc.ac.uk,153494638,"""__EXR__Not about evidence use""",1
2025-06-03T14:15:58.634Z,840700,nick.littlewood@sruc.ac.uk,153494638,included,-1
2025-06-03T14:15:58.648Z,840700,nick.littlewood@sruc.ac.uk,153494638,"""__EXR__Not about conservation""",deleted
2025-06-04T15:41:15.581Z,817493,sarah.luke@nottingham.ac.uk,153489777,"""__EXR__Not about conservation""",1
2025-06-04T15:41:15.602Z,817493,sarah.luke@nottingham.ac.uk,153489777,included,-1
2025-06-04T15:53:11.136Z,817493,sarah.luke@nottingham.ac.uk,153489997,"""__EXR__Not about conservation""",1
2025-06-04T15:53:11.162Z,817493,sarah.luke@nottingham.ac.uk,153489997,included,-1
2025-06-11T19:34:17.489Z,817493,sarah.luke@nottingham.ac.uk,153490896,"""__EXR__Not about factors that influence evidence use""",1
2025-06-11T19:34:17.514Z,817493,sarah.luke@nottingham.ac.uk,153490896,included,-1
2025-06-11T19:55:12.892Z,817493,sarah.luke@nottingham.ac.uk,153491492,"""__EXR__Not about conservation""",1
2025-06-11T19:55:12.911Z,817493,sarah.luke@nottingham.ac.uk,153491492,included,-1
2025-06-11T19:59:06.304Z,817493,sarah.luke@nottingham.ac.uk,153492293,included,1
2025-06-11T20:14:04.087Z,840700,nick.littlewood@sruc.ac.uk,153492035,"""__EXR__Not about evidence use""",1
2025-06-11T20:14:04.106Z,840700,nick.littlewood@sruc.ac.uk,153492035,included,-1
2025-06-11T20:14:30.992Z,840700,nick.littlewood@sruc.ac.uk,153492076,"""__EXR__Not about evidence use""",1
2025-06-11T20:14:31.014Z,840700,nick.littlewood@sruc.ac.uk,153492076,included,-1
2025-06-11T20:15:17.958Z,840700,nick.littlewood@sruc.ac.uk,153492090,"""__EXR__Not about policy or practice""",1
2025-06-11T20:15:17.975Z,840700,nick.littlewood@sruc.ac.uk,153492090,included,-1
2025-06-11T20:15:52.291Z,840700,nick.littlewood@sruc.ac.uk,153492102,"""__EXR__Not about evidence use""",1
2025-06-11T20:15:52.308Z,840700,nick.littlewood@sruc.ac.uk,153492102,included,-1
2025-06-11T20:16:13.527Z,840700,nick.littlewood@sruc.ac.uk,153492128,"""__EXR__Not about policy or practice""",1
2025-06-11T20:16:13.543Z,840700,nick.littlewood@sruc.ac.uk,153492128,included,-1
2025-06-11T20:16:37.360Z,840700,nick.littlewood@sruc.ac.uk,153492130,"""__EXR__Not about conservation""",1
2025-06-11T20:16:37.376Z,840700,nick.littlewood@sruc.ac.uk,153492130,included,-1
2025-06-11T20:17:25.220Z,840700,nick.littlewood@sruc.ac.uk,153492152,"""__EXR__Not about evidence use""",1
2025-06-11T20:17:25.237Z,840700,nick.littlewood@sruc.ac.uk,153492152,included,-1
2025-06-11T20:19:19.487Z,840700,nick.littlewood@sruc.ac.uk,153492196,"""__EXR__Not about evidence use""",1
2025-06-11T20:19:19.500Z,840700,nick.littlewood@sruc.ac.uk,153492196,included,-1
2025-06-11T20:19:42.711Z,840700,nick.littlewood@sruc.ac.uk,153492215,"""__EXR__Not about policy or practice""",1
2025-06-11T20:19:42.728Z,840700,nick.littlewood@sruc.ac.uk,153492215,included,-1
2025-06-11T20:19:42.741Z,840700,nick.littlewood@sruc.ac.uk,153492215,"""__EXR__Not about evidence use""",deleted
2025-06-11T20:20:01.847Z,840700,nick.littlewood@sruc.ac.uk,153492289,"""__EXR__Not about conservation""",1
2025-06-11T20:20:01.863Z,840700,nick.littlewood@sruc.ac.uk,153492289,included,-1
2025-06-11T20:21:06.320Z,840700,nick.littlewood@sruc.ac.uk,153492293,included,1
2025-06-11T20:22:02.241Z,840700,nick.littlewood@sruc.ac.uk,153492311,"""__EXR__Not about evidence use""",1
2025-06-11T20:22:02.261Z,840700,nick.littlewood@sruc.ac.uk,153492311,included,-1
2025-06-11T20:22:58.702Z,840700,nick.littlewood@sruc.ac.uk,153492334,"""__EXR__Not about conservation""",1
2025-06-11T20:22:58.718Z,840700,nick.littlewood@sruc.ac.uk,153492334,included,-1
2025-06-11T20:23:19.000Z,840700,nick.littlewood@sruc.ac.uk,153492346,"""__EXR__Not about policy or practice""",1
2025-06-11T20:23:19.015Z,840700,nick.littlewood@sruc.ac.uk,153492346,included,-1
2025-06-11T20:23:52.265Z,840700,nick.littlewood@sruc.ac.uk,153492448,"""__EXR__Not about evidence use""",1
2025-06-11T20:23:52.280Z,840700,nick.littlewood@sruc.ac.uk,153492448,included,-1
2025-06-11T20:24:13.396Z,840700,nick.littlewood@sruc.ac.uk,153492468,"""__EXR__Not about conservation""",1
2025-06-11T20:24:13.413Z,840700,nick.littlewood@sruc.ac.uk,153492468,included,-1
2025-06-11T20:25:23.232Z,840700,nick.littlewood@sruc.ac.uk,153493186,"""__EXR__Not about evidence use""",1
2025-06-11T20:25:23.251Z,840700,nick.littlewood@sruc.ac.uk,153493186,included,-1
2025-06-11T20:26:18.884Z,840700,nick.littlewood@sruc.ac.uk,153493241,"""__EXR__Not about conservation""",1
2025-06-11T20:26:18.900Z,840700,nick.littlewood@sruc.ac.uk,153493241,included,-1
2025-06-11T20:26:51.862Z,840700,nick.littlewood@sruc.ac.uk,153493254,"""__EXR__Not about policy or practice""",1
2025-06-11T20:26:51.874Z,840700,nick.littlewood@sruc.ac.uk,153493254,included,-1
2025-06-11T20:27:04.369Z,840700,nick.littlewood@sruc.ac.uk,153493260,"""__EXR__Not about conservation""",1
2025-06-11T20:27:04.384Z,840700,nick.littlewood@sruc.ac.uk,153493260,included,-1
2025-06-11T20:27:37.746Z,817493,sarah.luke@nottingham.ac.uk,153493938,"""__EXR__Not about conservation""",1
2025-06-11T20:27:37.761Z,817493,sarah.luke@nottingham.ac.uk,153493938,included,-1
2025-06-11T20:27:42.340Z,840700,nick.littlewood@sruc.ac.uk,153493670,"""__EXR__Not about evidence use""",1
2025-06-11T20:27:42.353Z,840700,nick.littlewood@sruc.ac.uk,153493670,included,-1
2025-06-11T20:28:12.317Z,840700,nick.littlewood@sruc.ac.uk,153494656,"""__EXR__Not about policy or practice""",1
2025-06-11T20:28:12.344Z,840700,nick.littlewood@sruc.ac.uk,153494656,included,-1
2025-06-11T20:28:35.311Z,840700,nick.littlewood@sruc.ac.uk,153494688,"""__EXR__Not about policy or practice""",1
2025-06-11T20:28:35.324Z,840700,nick.littlewood@sruc.ac.uk,153494688,included,-1
2025-06-11T20:29:06.646Z,840700,nick.littlewood@sruc.ac.uk,153494712,"""__EXR__Not about policy or practice""",1
2025-06-11T20:29:06.664Z,840700,nick.littlewood@sruc.ac.uk,153494712,included,-1
2025-06-11T20:29:15.563Z,840700,nick.littlewood@sruc.ac.uk,153494734,"""__EXR__Not about conservation""",1
2025-06-11T20:29:15.581Z,840700,nick.littlewood@sruc.ac.uk,153494734,included,-1
2025-06-11T20:29:53.298Z,840700,nick.littlewood@sruc.ac.uk,153494769,"""__EXR__Not about policy or practice""",1
2025-06-11T20:29:53.314Z,840700,nick.littlewood@sruc.ac.uk,153494769,included,-1
2025-06-11T20:36:05.006Z,840700,nick.littlewood@sruc.ac.uk,153494785,"""__EXR__Not about evidence use""",1
2025-06-11T20:36:05.023Z,840700,nick.littlewood@sruc.ac.uk,153494785,included,-1
2025-06-11T20:36:11.354Z,840700,nick.littlewood@sruc.ac.uk,153494804,"""__EXR__Not about conservation""",1
2025-06-11T20:36:11.369Z,840700,nick.littlewood@sruc.ac.uk,153494804,included,-1
2025-06-11T20:36:34.580Z,840700,nick.littlewood@sruc.ac.uk,153494929,"""__EXR__Not about conservation""",1
2025-06-11T20:36:34.591Z,840700,nick.littlewood@sruc.ac.uk,153494929,included,-1
2025-06-11T20:37:09.829Z,840700,nick.littlewood@sruc.ac.uk,153494934,"""__EXR__Not about evidence use""",1
2025-06-11T20:37:09.846Z,840700,nick.littlewood@sruc.ac.uk,153494934,included,-1
2025-06-11T20:37:20.588Z,840700,nick.littlewood@sruc.ac.uk,153494934,"""__EXR__Not about policy or practice""",1
2025-06-11T20:37:20.604Z,840700,nick.littlewood@sruc.ac.uk,153494934,included,-1
2025-06-11T20:37:20.620Z,840700,nick.littlewood@sruc.ac.uk,153494934,"""__EXR__Not about evidence use""",deleted
2025-06-11T20:37:45.508Z,840700,nick.littlewood@sruc.ac.uk,153495089,"""__EXR__Not about conservation""",1
2025-06-11T20:37:45.536Z,840700,nick.littlewood@sruc.ac.uk,153495089,included,-1
2025-06-11T20:39:33.479Z,840700,nick.littlewood@sruc.ac.uk,153495097,"""__EXR__Not about evidence use""",1
2025-06-11T20:39:33.510Z,840700,nick.littlewood@sruc.ac.uk,153495097,included,-1
2025-06-11T20:39:44.702Z,840700,nick.littlewood@sruc.ac.uk,153495146,"""__EXR__Not about conservation""",1
2025-06-11T20:39:44.720Z,840700,nick.littlewood@sruc.ac.uk,153495146,included,-1
2025-06-11T20:40:43.078Z,840700,nick.littlewood@sruc.ac.uk,153495175,"""__EXR__Not about evidence use""",1
2025-06-11T20:40:43.091Z,840700,nick.littlewood@sruc.ac.uk,153495175,included,-1
2025-06-11T20:41:25.228Z,840700,nick.littlewood@sruc.ac.uk,153495221,"""__EXR__Not about evidence use""",1
2025-06-11T20:41:25.245Z,840700,nick.littlewood@sruc.ac.uk,153495221,included,-1
2025-06-11T20:41:25.266Z,840700,nick.littlewood@sruc.ac.uk,153495221,"""__EXR__Not about conservation""",deleted
2025-06-11T20:41:51.116Z,840700,nick.littlewood@sruc.ac.uk,153495284,"""__EXR__Not about conservation""",1
2025-06-11T20:41:51.131Z,840700,nick.littlewood@sruc.ac.uk,153495284,included,-1
2025-06-11T20:42:01.374Z,840700,nick.littlewood@sruc.ac.uk,153495286,"""__EXR__Not about conservation""",1
2025-06-11T20:42:01.389Z,840700,nick.littlewood@sruc.ac.uk,153495286,included,-1
2025-06-11T20:49:00.866Z,840700,nick.littlewood@sruc.ac.uk,153495371,"""__EXR__Not about evidence use""",1
2025-06-11T20:49:00.881Z,840700,nick.littlewood@sruc.ac.uk,153495371,included,-1
2025-06-11T20:49:09.624Z,840700,nick.littlewood@sruc.ac.uk,153495431,"""__EXR__Not about conservation""",1
2025-06-11T20:49:09.635Z,840700,nick.littlewood@sruc.ac.uk,153495431,included,-1
2025-06-11T20:49:24.089Z,840700,nick.littlewood@sruc.ac.uk,153495449,"""__EXR__Not about conservation""",1
2025-06-11T20:49:24.105Z,840700,nick.littlewood@sruc.ac.uk,153495449,included,-1
2025-06-11T20:56:26.020Z,840700,nick.littlewood@sruc.ac.uk,153495453,"""__EXR__Not about conservation""",1
2025-06-11T20:56:26.036Z,840700,nick.littlewood@sruc.ac.uk,153495453,included,-1
2025-06-11T20:56:59.606Z,840700,nick.littlewood@sruc.ac.uk,153495476,"""__EXR__Not about evidence use""",1
2025-06-11T20:56:59.621Z,840700,nick.littlewood@sruc.ac.uk,153495476,included,-1
2025-06-11T20:57:22.056Z,840700,nick.littlewood@sruc.ac.uk,153495491,"""__EXR__Not about conservation""",1
2025-06-11T20:57:22.073Z,840700,nick.littlewood@sruc.ac.uk,153495491,included,-1
2025-06-11T20:57:57.243Z,840700,nick.littlewood@sruc.ac.uk,153495540,"""__EXR__Not about evidence use""",1
2025-06-11T20:57:57.259Z,840700,nick.littlewood@sruc.ac.uk,153495540,included,-1
2025-06-11T20:58:18.620Z,840700,nick.littlewood@sruc.ac.uk,153495620,"""__EXR__Not about policy or practice""",1
2025-06-11T20:58:18.634Z,840700,nick.littlewood@sruc.ac.uk,153495620,included,-1
2025-06-11T21:00:40.323Z,840700,nick.littlewood@sruc.ac.uk,153495627,"""__EXR__Not about conservation""",1
2025-06-11T21:00:40.342Z,840700,nick.littlewood@sruc.ac.uk,153495627,included,-1
2025-06-11T21:00:50.591Z,840700,nick.littlewood@sruc.ac.uk,153495635,"""__EXR__Not about conservation""",1
2025-06-11T21:00:50.606Z,840700,nick.littlewood@sruc.ac.uk,153495635,included,-1
2025-06-11T21:01:10.244Z,840700,nick.littlewood@sruc.ac.uk,153495659,"""__EXR__Not about conservation""",1
2025-06-11T21:01:10.256Z,840700,nick.littlewood@sruc.ac.uk,153495659,included,-1
2025-06-11T21:01:10.269Z,840700,nick.littlewood@sruc.ac.uk,153495659,"""__EXR__Not about evidence use""",deleted
2025-06-11T21:01:40.611Z,840700,nick.littlewood@sruc.ac.uk,153495755,"""__EXR__Not about policy or practice""",1
2025-06-11T21:01:40.626Z,840700,nick.littlewood@sruc.ac.uk,153495755,included,-1
2025-06-11T21:02:20.720Z,840700,nick.littlewood@sruc.ac.uk,153495821,"""__EXR__Not about evidence use""",1
2025-06-11T21:02:20.737Z,840700,nick.littlewood@sruc.ac.uk,153495821,included,-1
2025-06-11T21:03:16.190Z,840700,nick.littlewood@sruc.ac.uk,153495934,"""__EXR__Not about conservation""",1
2025-06-11T21:03:16.207Z,840700,nick.littlewood@sruc.ac.uk,153495934,included,-1
2025-06-11T21:04:25.819Z,840700,nick.littlewood@sruc.ac.uk,153495946,"""__EXR__Not about evidence use""",1
2025-06-11T21:04:25.838Z,840700,nick.littlewood@sruc.ac.uk,153495946,included,-1
2025-06-11T21:11:43.808Z,840700,nick.littlewood@sruc.ac.uk,153495954,"""__EXR__Not about policy or practice""",1
2025-06-11T21:11:43.822Z,840700,nick.littlewood@sruc.ac.uk,153495954,included,-1
2025-06-11T21:12:15.953Z,840700,nick.littlewood@sruc.ac.uk,153496037,"""__EXR__Not about evidence use""",1
2025-06-11T21:12:15.968Z,840700,nick.littlewood@sruc.ac.uk,153496037,included,-1
2025-06-11T21:12:39.647Z,840700,nick.littlewood@sruc.ac.uk,153496075,"""__EXR__Not about evidence use""",1
2025-06-11T21:12:39.664Z,840700,nick.littlewood@sruc.ac.uk,153496075,included,-1
2025-06-11T21:13:15.804Z,840700,nick.littlewood@sruc.ac.uk,153496096,"""__EXR__Not about policy or practice""",1
2025-06-11T21:13:15.821Z,840700,nick.littlewood@sruc.ac.uk,153496096,included,-1
2025-06-11T21:13:46.353Z,840700,nick.littlewood@sruc.ac.uk,153496100,"""__EXR__Not about conservation""",1
2025-06-11T21:13:46.370Z,840700,nick.littlewood@sruc.ac.uk,153496100,included,-1
2025-06-11T21:14:13.458Z,840700,nick.littlewood@sruc.ac.uk,153496109,"""__EXR__Not about policy or practice""",1
2025-06-11T21:14:13.472Z,840700,nick.littlewood@sruc.ac.uk,153496109,included,-1
2025-06-11T21:14:30.586Z,840700,nick.littlewood@sruc.ac.uk,153496155,"""__EXR__Not about policy or practice""",1
2025-06-11T21:14:30.597Z,840700,nick.littlewood@sruc.ac.uk,153496155,included,-1
2025-06-11T21:15:14.118Z,840700,nick.littlewood@sruc.ac.uk,153496160,"""__EXR__Not about evidence use""",1
2025-06-11T21:15:14.136Z,840700,nick.littlewood@sruc.ac.uk,153496160,included,-1
2025-06-11T21:32:22.334Z,840700,nick.littlewood@sruc.ac.uk,153497608,"""__EXR__Not about conservation""",1
2025-06-11T21:32:22.359Z,840700,nick.littlewood@sruc.ac.uk,153497608,included,-1
2025-06-11T21:32:37.712Z,840700,nick.littlewood@sruc.ac.uk,153497622,"""__EXR__Not about conservation""",1
2025-06-11T21:32:37.736Z,840700,nick.littlewood@sruc.ac.uk,153497622,included,-1
2025-06-11T21:32:48.775Z,840700,nick.littlewood@sruc.ac.uk,153497695,"""__EXR__Not about conservation""",1
2025-06-11T21:32:48.795Z,840700,nick.littlewood@sruc.ac.uk,153497695,included,-1
2025-06-11T21:33:40.480Z,840700,nick.littlewood@sruc.ac.uk,153497858,"""__EXR__Not about evidence use""",1
2025-06-11T21:33:40.499Z,840700,nick.littlewood@sruc.ac.uk,153497858,included,-1
2025-06-11T21:34:47.679Z,840700,nick.littlewood@sruc.ac.uk,153497879,"""__EXR__Not about evidence use""",1
2025-06-11T21:34:47.701Z,840700,nick.littlewood@sruc.ac.uk,153497879,included,-1
2025-06-11T21:34:55.247Z,840700,nick.littlewood@sruc.ac.uk,153497886,"""__EXR__Not about conservation""",1
2025-06-11T21:34:55.269Z,840700,nick.littlewood@sruc.ac.uk,153497886,included,-1
2025-06-11T21:42:44.177Z,840700,nick.littlewood@sruc.ac.uk,153497927,"""__EXR__Not about evidence use""",1
2025-06-11T21:42:44.196Z,840700,nick.littlewood@sruc.ac.uk,153497927,included,-1
2025-06-11T21:43:06.014Z,840700,nick.littlewood@sruc.ac.uk,153497946,"""__EXR__Not about policy or practice""",1
2025-06-11T21:43:06.069Z,840700,nick.littlewood@sruc.ac.uk,153497946,included,-1
2025-06-11T21:43:12.168Z,840700,nick.littlewood@sruc.ac.uk,153497950,"""__EXR__Not about conservation""",1
2025-06-11T21:43:12.190Z,840700,nick.littlewood@sruc.ac.uk,153497950,included,-1
2025-06-11T21:43:19.884Z,840700,nick.littlewood@sruc.ac.uk,153497953,"""__EXR__Not about conservation""",1
2025-06-11T21:43:19.904Z,840700,nick.littlewood@sruc.ac.uk,153497953,included,-1
2025-06-12T08:07:21.388Z,817493,sarah.luke@nottingham.ac.uk,153491830,"""__EXR__Not about factors that influence evidence use""",1
2025-06-12T08:07:21.401Z,817493,sarah.luke@nottingham.ac.uk,153491830,included,-1
2025-06-12T08:19:11.328Z,817493,sarah.luke@nottingham.ac.uk,153492739,"""__EXR__Not about conservation""",1
2025-06-12T08:19:11.343Z,817493,sarah.luke@nottingham.ac.uk,153492739,included,-1
2025-06-12T12:45:42.064Z,793581,santip1320@gmail.com,153485360,included,-1
2025-06-12T13:23:41.179Z,793581,santip1320@gmail.com,153486847,included,1
2025-06-12T13:26:34.132Z,793581,santip1320@gmail.com,153486941,note-13452831,1
2025-06-12T13:26:36.538Z,793581,santip1320@gmail.com,153486941,included,0
2025-06-12T13:28:38.620Z,793581,santip1320@gmail.com,153487476,included,1
