created_at,user_id,user_email,article_id,key,value
2025-01-28T09:45:20.780Z,448594,phil.martin.research@gmail.com,153486972,included,1
2025-01-28T09:48:36.804Z,448594,phil.martin.research@gmail.com,83177421,included,1
2025-01-28T10:28:07.559Z,448594,phil.martin.research@gmail.com,83177797,"""__EXR__Not about factors that influence evidence use""",1
2025-01-28T10:28:07.573Z,448594,phil.martin.research@gmail.com,83177797,included,-1
2025-01-28T15:18:16.331Z,448594,phil.martin.research@gmail.com,83177423,included,1
2025-01-30T08:43:35.773Z,0,rayyan@rayyan.ai,153486246,"""__SYSTEM__SAMPLE__c8ec392c388730c4c6deb36dc3dfd181_13326""",1
2025-01-30T08:43:35.773Z,0,rayyan@rayyan.ai,153486814,"""__SYSTEM__SAMPLE__c8ec392c388730c4c6deb36dc3dfd181_13326""",1
2025-01-30T08:43:35.973Z,0,rayyan@rayyan.ai,153487698,"""__SYSTEM__SAMPLE__c8ec392c388730c4c6deb36dc3dfd181_13326""",1
2025-01-30T08:43:35.973Z,0,rayyan@rayyan.ai,153486327,"""__SYSTEM__SAMPLE__c8ec392c388730c4c6deb36dc3dfd181_13326""",1
2025-01-30T08:43:36.146Z,0,rayyan@rayyan.ai,83177797,"""__SYSTEM__SAMPLE__c8ec392c388730c4c6deb36dc3dfd181_13326""",1
2025-01-30T08:43:36.635Z,0,rayyan@rayyan.ai,153485615,"""__SYSTEM__SAMPLE__c8ec392c388730c4c6deb36dc3dfd181_13326""",1
2025-01-30T08:43:36.710Z,0,rayyan@rayyan.ai,153486827,"""__SYSTEM__SAMPLE__c8ec392c388730c4c6deb36dc3dfd181_13326""",1
2025-01-30T08:43:36.792Z,0,rayyan@rayyan.ai,83177482,"""__SYSTEM__SAMPLE__c8ec392c388730c4c6deb36dc3dfd181_13326""",1
2025-01-30T08:43:36.792Z,0,rayyan@rayyan.ai,153487563,"""__SYSTEM__SAMPLE__c8ec392c388730c4c6deb36dc3dfd181_13326""",1
2025-01-30T08:45:21.316Z,448594,phil.martin.research@gmail.com,83177482,"""__EXR__Not about conservation""",1
2025-01-30T08:45:21.325Z,448594,phil.martin.research@gmail.com,83177482,included,-1
2025-02-11T05:41:46.410Z,0,rayyan@rayyan.ai,153485748,"""__SYSTEM__SAMPLE__b188e399694c081794809f0b33283ea2_13923""",1
2025-02-11T05:41:46.808Z,0,rayyan@rayyan.ai,153487482,"""__SYSTEM__SAMPLE__b188e399694c081794809f0b33283ea2_13923""",1
2025-02-11T08:18:38.946Z,448594,phil.martin.research@gmail.com,153485748,included,1
2025-02-11T08:30:08.205Z,448594,phil.martin.research@gmail.com,153487482,"""__EXR__Not about Evidence use""",1
2025-02-11T08:30:08.276Z,448594,phil.martin.research@gmail.com,153487482,included,-1
2025-02-25T15:39:52.961Z,0,rayyan@rayyan.ai,153487405,"""__SYSTEM__SAMPLE__d72c2ca73bbcdce9c5896489789e38cb_14911""",1
2025-02-25T15:39:53.330Z,0,rayyan@rayyan.ai,153485320,"""__SYSTEM__SAMPLE__d72c2ca73bbcdce9c5896489789e38cb_14911""",1
2025-02-25T16:46:46.298Z,448594,phil.martin.research@gmail.com,153485320,"""__EXR__Not about Evidence use""",1
2025-02-25T16:46:46.328Z,448594,phil.martin.research@gmail.com,153485320,included,-1
2025-02-25T16:49:09.508Z,448594,phil.martin.research@gmail.com,153487405,"""__EXR__Not about Evidence use""",1
2025-02-25T16:49:09.535Z,448594,phil.martin.research@gmail.com,153487405,included,-1
2025-02-26T05:38:09.994Z,448594,phil.martin.research@gmail.com,83177449,included,1
2025-02-26T05:45:02.464Z,793579,prishnee.bissessur1@gmail.com,153485320,included,1
2025-02-26T05:45:03.531Z,448594,phil.martin.research@gmail.com,83177458,included,0
2025-02-26T05:53:31.591Z,793579,prishnee.bissessur1@gmail.com,153485320,included,1
2025-02-26T05:57:43.109Z,793579,prishnee.bissessur1@gmail.com,153485320,included,-1
2025-02-26T06:00:52.635Z,793579,prishnee.bissessur1@gmail.com,153485320,included,1
2025-02-26T06:01:15.644Z,793579,prishnee.bissessur1@gmail.com,153485320,included,-1
2025-02-26T06:05:51.043Z,793579,prishnee.bissessur1@gmail.com,153487405,note-10879653,1
2025-02-26T06:07:04.494Z,793579,prishnee.bissessur1@gmail.com,153487405,included,0
2025-02-26T06:08:08.226Z,793579,prishnee.bissessur1@gmail.com,153487405,note-10879667,1
2025-02-26T06:08:20.276Z,793579,prishnee.bissessur1@gmail.com,153487405,note-10879653,deleted
2025-02-26T06:48:17.986Z,793579,prishnee.bissessur1@gmail.com,153487405,included,-1
2025-02-26T06:48:22.013Z,793579,prishnee.bissessur1@gmail.com,153487405,"""__EXR__Not research study""",1
2025-02-26T06:48:22.023Z,793579,prishnee.bissessur1@gmail.com,153487405,included,-1
2025-02-26T06:48:28.376Z,793579,prishnee.bissessur1@gmail.com,153487405,note-10879667,deleted
2025-02-26T06:49:03.945Z,793579,prishnee.bissessur1@gmail.com,153485320,"""__EXR__Not about conservation""",1
2025-02-26T06:49:03.956Z,793579,prishnee.bissessur1@gmail.com,153485320,included,-1
2025-02-26T09:19:29.359Z,0,rayyan@rayyan.ai,83177421,"""__SYSTEM__STAGE__70058""",1
2025-02-26T09:19:29.359Z,0,rayyan@rayyan.ai,83177423,"""__SYSTEM__STAGE__70058""",1
2025-02-26T09:19:29.426Z,0,rayyan@rayyan.ai,83177458,"""__SYSTEM__STAGE__70058""",1
2025-02-26T09:19:29.359Z,0,rayyan@rayyan.ai,83177449,"""__SYSTEM__STAGE__70058""",1
2025-02-26T09:19:29.359Z,0,rayyan@rayyan.ai,153485748,"""__SYSTEM__STAGE__70058""",1
2025-02-26T09:19:29.359Z,0,rayyan@rayyan.ai,153486972,"""__SYSTEM__STAGE__70058""",1
2025-02-27T08:37:06.670Z,448594,phil.martin.research@gmail.com,83177465,"""__EXR__Not about conservation""",1
2025-02-27T08:37:06.718Z,448594,phil.martin.research@gmail.com,83177465,included,-1
2025-02-27T16:25:48.964Z,0,rayyan@rayyan.ai,83177554,"""__SYSTEM__SAMPLE__bf16548037788a03250fcfb89d192afc_15155""",1
2025-02-27T16:25:48.964Z,0,rayyan@rayyan.ai,153487528,"""__SYSTEM__SAMPLE__bf16548037788a03250fcfb89d192afc_15155""",1
2025-02-27T16:25:49.083Z,0,rayyan@rayyan.ai,153486827,"""__SYSTEM__SAMPLE__bf16548037788a03250fcfb89d192afc_15155""",1
2025-02-27T16:25:49.501Z,0,rayyan@rayyan.ai,153485752,"""__SYSTEM__SAMPLE__bf16548037788a03250fcfb89d192afc_15155""",1
2025-02-27T16:25:49.600Z,0,rayyan@rayyan.ai,153487485,"""__SYSTEM__SAMPLE__bf16548037788a03250fcfb89d192afc_15155""",1
2025-02-27T16:25:49.796Z,0,rayyan@rayyan.ai,153486933,"""__SYSTEM__SAMPLE__bf16548037788a03250fcfb89d192afc_15155""",1
2025-02-27T16:25:50.891Z,0,rayyan@rayyan.ai,153486327,"""__SYSTEM__SAMPLE__bf16548037788a03250fcfb89d192afc_15155""",1
2025-02-28T10:59:28.468Z,0,rayyan@rayyan.ai,83177482,"""__SYSTEM__SAMPLE__1844316c46179ea4d070527c2a6eda09_15194""",1
2025-02-28T10:59:28.823Z,0,rayyan@rayyan.ai,153487698,"""__SYSTEM__SAMPLE__1844316c46179ea4d070527c2a6eda09_15194""",1
2025-02-28T10:59:29.055Z,0,rayyan@rayyan.ai,153487567,"""__SYSTEM__SAMPLE__1844316c46179ea4d070527c2a6eda09_15194""",1
2025-02-28T10:59:29.055Z,0,rayyan@rayyan.ai,83177766,"""__SYSTEM__SAMPLE__1844316c46179ea4d070527c2a6eda09_15194""",1
2025-02-28T10:59:29.450Z,0,rayyan@rayyan.ai,153486246,"""__SYSTEM__SAMPLE__1844316c46179ea4d070527c2a6eda09_15194""",1
2025-02-28T10:59:30.540Z,0,rayyan@rayyan.ai,83177667,"""__SYSTEM__SAMPLE__1844316c46179ea4d070527c2a6eda09_15194""",1
2025-02-28T10:59:30.639Z,0,rayyan@rayyan.ai,153485537,"""__SYSTEM__SAMPLE__1844316c46179ea4d070527c2a6eda09_15194""",1
2025-02-28T10:59:30.809Z,0,rayyan@rayyan.ai,153486772,"""__SYSTEM__SAMPLE__1844316c46179ea4d070527c2a6eda09_15194""",1
2025-02-28T10:59:30.871Z,0,rayyan@rayyan.ai,153487609,"""__SYSTEM__SAMPLE__1844316c46179ea4d070527c2a6eda09_15194""",1
2025-02-28T10:59:30.871Z,0,rayyan@rayyan.ai,153485521,"""__SYSTEM__SAMPLE__1844316c46179ea4d070527c2a6eda09_15194""",1
2025-02-28T10:59:31.914Z,0,rayyan@rayyan.ai,153485296,"""__SYSTEM__SAMPLE__1844316c46179ea4d070527c2a6eda09_15194""",1
2025-02-28T10:59:31.971Z,0,rayyan@rayyan.ai,83177692,"""__SYSTEM__SAMPLE__1844316c46179ea4d070527c2a6eda09_15194""",1
2025-02-28T10:59:31.971Z,0,rayyan@rayyan.ai,153486729,"""__SYSTEM__SAMPLE__1844316c46179ea4d070527c2a6eda09_15194""",1
2025-02-28T11:01:02.442Z,0,rayyan@rayyan.ai,153487567,"""__SYSTEM__SAMPLE__446a534be459a3c37d2858980816e649_15195""",1
2025-02-28T11:01:03.037Z,0,rayyan@rayyan.ai,153486381,"""__SYSTEM__SAMPLE__446a534be459a3c37d2858980816e649_15195""",1
2025-02-28T11:01:44.948Z,0,rayyan@rayyan.ai,153487567,"""__SYSTEM__SAMPLE__919c8339297fb84d71346db9fe115513_15196""",1
2025-02-28T11:01:45.970Z,0,rayyan@rayyan.ai,153486381,"""__SYSTEM__SAMPLE__919c8339297fb84d71346db9fe115513_15196""",1
2025-02-28T17:18:45.083Z,793579,prishnee.bissessur1@gmail.com,153486381,included,1
2025-03-01T09:47:03.617Z,563832,alice.m.oswald@durham.ac.uk,153485320,"""__EXR__Not about factors that influence evidence use""",1
2025-03-01T09:47:03.640Z,563832,alice.m.oswald@durham.ac.uk,153485320,included,-1
2025-03-01T09:51:45.473Z,563832,alice.m.oswald@durham.ac.uk,153487405,included,1
2025-03-02T06:38:50.176Z,793579,prishnee.bissessur1@gmail.com,153487567,included,0
2025-03-02T22:06:25.567Z,793584,amirmohammadif@gmail.com,83177466,included,1
2025-03-03T08:02:32.813Z,0,rayyan@rayyan.ai,83177797,"""__SYSTEM__SAMPLE__5ef013fd1ac260e2ad077cb0f803864e_15279""",1
2025-03-03T08:02:32.813Z,0,rayyan@rayyan.ai,153486941,"""__SYSTEM__SAMPLE__5ef013fd1ac260e2ad077cb0f803864e_15279""",1
2025-03-03T08:02:33.674Z,0,rayyan@rayyan.ai,153486933,"""__SYSTEM__SAMPLE__5ef013fd1ac260e2ad077cb0f803864e_15279""",1
2025-03-03T08:02:33.837Z,0,rayyan@rayyan.ai,153487528,"""__SYSTEM__SAMPLE__5ef013fd1ac260e2ad077cb0f803864e_15279""",1
2025-03-03T08:02:33.837Z,0,rayyan@rayyan.ai,83177465,"""__SYSTEM__SAMPLE__5ef013fd1ac260e2ad077cb0f803864e_15279""",1
2025-03-03T08:02:34.571Z,0,rayyan@rayyan.ai,153485537,"""__SYSTEM__SAMPLE__5ef013fd1ac260e2ad077cb0f803864e_15279""",1
2025-03-03T08:02:34.822Z,0,rayyan@rayyan.ai,83177421,"""__SYSTEM__SAMPLE__5ef013fd1ac260e2ad077cb0f803864e_15279""",1
2025-03-03T08:02:34.822Z,0,rayyan@rayyan.ai,153486847,"""__SYSTEM__SAMPLE__5ef013fd1ac260e2ad077cb0f803864e_15279""",1
2025-03-03T08:02:34.892Z,0,rayyan@rayyan.ai,153485615,"""__SYSTEM__SAMPLE__5ef013fd1ac260e2ad077cb0f803864e_15280""",1
2025-03-03T08:02:34.892Z,0,rayyan@rayyan.ai,153486739,"""__SYSTEM__SAMPLE__5ef013fd1ac260e2ad077cb0f803864e_15280""",1
2025-03-03T08:02:34.936Z,0,rayyan@rayyan.ai,83177554,"""__SYSTEM__SAMPLE__5ef013fd1ac260e2ad077cb0f803864e_15280""",1
2025-03-03T08:02:35.159Z,0,rayyan@rayyan.ai,153486972,"""__SYSTEM__SAMPLE__5ef013fd1ac260e2ad077cb0f803864e_15280""",1
2025-03-03T08:02:35.159Z,0,rayyan@rayyan.ai,153487609,"""__SYSTEM__SAMPLE__5ef013fd1ac260e2ad077cb0f803864e_15280""",1
2025-03-03T08:02:35.669Z,0,rayyan@rayyan.ai,83177423,"""__SYSTEM__SAMPLE__5ef013fd1ac260e2ad077cb0f803864e_15280""",1
2025-03-03T08:02:35.669Z,0,rayyan@rayyan.ai,153486262,"""__SYSTEM__SAMPLE__5ef013fd1ac260e2ad077cb0f803864e_15280""",1
2025-03-03T08:02:35.711Z,0,rayyan@rayyan.ai,83177482,"""__SYSTEM__SAMPLE__5ef013fd1ac260e2ad077cb0f803864e_15280""",1
2025-03-03T08:02:35.753Z,0,rayyan@rayyan.ai,153485241,"""__SYSTEM__SAMPLE__5ef013fd1ac260e2ad077cb0f803864e_15280""",1
2025-03-03T08:02:35.753Z,0,rayyan@rayyan.ai,153487680,"""__SYSTEM__SAMPLE__5ef013fd1ac260e2ad077cb0f803864e_15280""",1
2025-03-03T08:02:35.838Z,0,rayyan@rayyan.ai,153487405,"""__SYSTEM__SAMPLE__5ef013fd1ac260e2ad077cb0f803864e_15280""",1
2025-03-03T08:02:35.838Z,0,rayyan@rayyan.ai,153485702,"""__SYSTEM__SAMPLE__5ef013fd1ac260e2ad077cb0f803864e_15280""",1
2025-03-03T08:02:35.955Z,0,rayyan@rayyan.ai,153487683,"""__SYSTEM__SAMPLE__5ef013fd1ac260e2ad077cb0f803864e_15280""",1
2025-03-03T08:02:36.047Z,0,rayyan@rayyan.ai,83177598,"""__SYSTEM__SAMPLE__5ef013fd1ac260e2ad077cb0f803864e_15281""",1
2025-03-03T08:02:36.089Z,0,rayyan@rayyan.ai,83177823,"""__SYSTEM__SAMPLE__5ef013fd1ac260e2ad077cb0f803864e_15281""",1
2025-03-03T08:02:36.357Z,0,rayyan@rayyan.ai,153486956,"""__SYSTEM__SAMPLE__5ef013fd1ac260e2ad077cb0f803864e_15281""",1
2025-03-03T08:02:36.395Z,0,rayyan@rayyan.ai,153485577,"""__SYSTEM__SAMPLE__5ef013fd1ac260e2ad077cb0f803864e_15281""",1
2025-03-03T08:02:36.433Z,0,rayyan@rayyan.ai,83177670,"""__SYSTEM__SAMPLE__5ef013fd1ac260e2ad077cb0f803864e_15281""",1
2025-03-03T08:02:36.473Z,0,rayyan@rayyan.ai,153485535,"""__SYSTEM__SAMPLE__5ef013fd1ac260e2ad077cb0f803864e_15281""",1
2025-03-03T08:02:36.510Z,0,rayyan@rayyan.ai,153486729,"""__SYSTEM__SAMPLE__5ef013fd1ac260e2ad077cb0f803864e_15281""",1
2025-03-03T08:02:36.591Z,0,rayyan@rayyan.ai,153486327,"""__SYSTEM__SAMPLE__5ef013fd1ac260e2ad077cb0f803864e_15281""",1
2025-03-03T08:02:36.705Z,0,rayyan@rayyan.ai,83177828,"""__SYSTEM__SAMPLE__5ef013fd1ac260e2ad077cb0f803864e_15281""",1
2025-03-03T08:02:36.964Z,0,rayyan@rayyan.ai,153485336,"""__SYSTEM__SAMPLE__5ef013fd1ac260e2ad077cb0f803864e_15281""",1
2025-03-03T08:02:36.964Z,0,rayyan@rayyan.ai,83177678,"""__SYSTEM__SAMPLE__5ef013fd1ac260e2ad077cb0f803864e_15281""",1
2025-03-03T08:02:36.998Z,0,rayyan@rayyan.ai,83177449,"""__SYSTEM__SAMPLE__5ef013fd1ac260e2ad077cb0f803864e_15281""",1
2025-03-03T08:02:36.998Z,0,rayyan@rayyan.ai,83177853,"""__SYSTEM__SAMPLE__5ef013fd1ac260e2ad077cb0f803864e_15281""",1
2025-03-03T08:02:37.446Z,0,rayyan@rayyan.ai,153485360,"""__SYSTEM__SAMPLE__5ef013fd1ac260e2ad077cb0f803864e_15282""",1
2025-03-03T08:02:37.569Z,0,rayyan@rayyan.ai,83177906,"""__SYSTEM__SAMPLE__5ef013fd1ac260e2ad077cb0f803864e_15282""",1
2025-03-03T08:02:37.609Z,0,rayyan@rayyan.ai,153486743,"""__SYSTEM__SAMPLE__5ef013fd1ac260e2ad077cb0f803864e_15282""",1
2025-03-03T08:02:37.693Z,0,rayyan@rayyan.ai,153486446,"""__SYSTEM__SAMPLE__5ef013fd1ac260e2ad077cb0f803864e_15282""",1
2025-03-03T08:02:37.825Z,0,rayyan@rayyan.ai,153485779,"""__SYSTEM__SAMPLE__5ef013fd1ac260e2ad077cb0f803864e_15282""",1
2025-03-03T08:02:37.906Z,0,rayyan@rayyan.ai,153486423,"""__SYSTEM__SAMPLE__5ef013fd1ac260e2ad077cb0f803864e_15282""",1
2025-03-03T08:02:37.943Z,0,rayyan@rayyan.ai,153487566,"""__SYSTEM__SAMPLE__5ef013fd1ac260e2ad077cb0f803864e_15282""",1
2025-03-03T08:02:38.391Z,0,rayyan@rayyan.ai,153486399,"""__SYSTEM__SAMPLE__5ef013fd1ac260e2ad077cb0f803864e_15282""",1
2025-03-03T08:02:38.391Z,0,rayyan@rayyan.ai,153486827,"""__SYSTEM__SAMPLE__5ef013fd1ac260e2ad077cb0f803864e_15282""",1
2025-03-03T08:02:38.652Z,0,rayyan@rayyan.ai,153485580,"""__SYSTEM__SAMPLE__5ef013fd1ac260e2ad077cb0f803864e_15283""",1
2025-03-03T08:02:38.687Z,0,rayyan@rayyan.ai,83177822,"""__SYSTEM__SAMPLE__5ef013fd1ac260e2ad077cb0f803864e_15283""",1
2025-03-03T08:02:38.724Z,0,rayyan@rayyan.ai,153486285,"""__SYSTEM__SAMPLE__5ef013fd1ac260e2ad077cb0f803864e_15283""",1
2025-03-03T08:02:38.874Z,0,rayyan@rayyan.ai,153486713,"""__SYSTEM__SAMPLE__5ef013fd1ac260e2ad077cb0f803864e_15283""",1
2025-03-03T08:02:39.258Z,0,rayyan@rayyan.ai,83177620,"""__SYSTEM__SAMPLE__5ef013fd1ac260e2ad077cb0f803864e_15283""",1
2025-03-03T08:02:39.258Z,0,rayyan@rayyan.ai,153485683,"""__SYSTEM__SAMPLE__5ef013fd1ac260e2ad077cb0f803864e_15283""",1
2025-03-03T08:02:39.292Z,0,rayyan@rayyan.ai,153485492,"""__SYSTEM__SAMPLE__5ef013fd1ac260e2ad077cb0f803864e_15283""",1
2025-03-03T08:02:40.086Z,0,rayyan@rayyan.ai,153485803,"""__SYSTEM__SAMPLE__5ef013fd1ac260e2ad077cb0f803864e_15284""",1
2025-03-03T08:02:40.086Z,0,rayyan@rayyan.ai,83177766,"""__SYSTEM__SAMPLE__5ef013fd1ac260e2ad077cb0f803864e_15284""",1
2025-03-03T08:02:40.219Z,0,rayyan@rayyan.ai,83177626,"""__SYSTEM__SAMPLE__5ef013fd1ac260e2ad077cb0f803864e_15284""",1
2025-03-03T08:02:40.256Z,0,rayyan@rayyan.ai,153486448,"""__SYSTEM__SAMPLE__5ef013fd1ac260e2ad077cb0f803864e_15284""",1
2025-03-03T08:02:40.300Z,0,rayyan@rayyan.ai,153486266,"""__SYSTEM__SAMPLE__5ef013fd1ac260e2ad077cb0f803864e_15284""",1
2025-03-03T08:02:40.376Z,0,rayyan@rayyan.ai,83177485,"""__SYSTEM__SAMPLE__5ef013fd1ac260e2ad077cb0f803864e_15285""",1
2025-03-03T08:02:41.090Z,0,rayyan@rayyan.ai,83177625,"""__SYSTEM__SAMPLE__5ef013fd1ac260e2ad077cb0f803864e_15285""",1
2025-03-03T08:02:41.128Z,0,rayyan@rayyan.ai,153487662,"""__SYSTEM__SAMPLE__5ef013fd1ac260e2ad077cb0f803864e_15285""",1
2025-03-03T08:02:41.320Z,0,rayyan@rayyan.ai,83177585,"""__SYSTEM__SAMPLE__5ef013fd1ac260e2ad077cb0f803864e_15285""",1
2025-03-03T08:02:41.389Z,0,rayyan@rayyan.ai,153487698,"""__SYSTEM__SAMPLE__5ef013fd1ac260e2ad077cb0f803864e_15285""",1
2025-03-03T08:02:41.535Z,0,rayyan@rayyan.ai,153486769,"""__SYSTEM__SAMPLE__5ef013fd1ac260e2ad077cb0f803864e_15285""",1
2025-03-03T08:02:41.640Z,0,rayyan@rayyan.ai,153486420,"""__SYSTEM__SAMPLE__5ef013fd1ac260e2ad077cb0f803864e_15285""",1
2025-03-03T08:02:41.776Z,0,rayyan@rayyan.ai,153487375,"""__SYSTEM__SAMPLE__5ef013fd1ac260e2ad077cb0f803864e_15285""",1
2025-03-03T08:02:41.939Z,0,rayyan@rayyan.ai,153486310,"""__SYSTEM__SAMPLE__5ef013fd1ac260e2ad077cb0f803864e_15285""",1
2025-03-03T08:02:41.989Z,0,rayyan@rayyan.ai,153486381,"""__SYSTEM__SAMPLE__5ef013fd1ac260e2ad077cb0f803864e_15286""",1
2025-03-03T08:02:42.411Z,0,rayyan@rayyan.ai,153486772,"""__SYSTEM__SAMPLE__5ef013fd1ac260e2ad077cb0f803864e_15286""",1
2025-03-03T08:02:42.629Z,0,rayyan@rayyan.ai,83177660,"""__SYSTEM__SAMPLE__5ef013fd1ac260e2ad077cb0f803864e_15286""",1
2025-03-03T08:02:42.668Z,0,rayyan@rayyan.ai,153485752,"""__SYSTEM__SAMPLE__5ef013fd1ac260e2ad077cb0f803864e_15286""",1
2025-03-03T08:02:43.019Z,0,rayyan@rayyan.ai,83177458,"""__SYSTEM__SAMPLE__5ef013fd1ac260e2ad077cb0f803864e_15286""",1
2025-03-03T08:02:43.474Z,0,rayyan@rayyan.ai,153485748,"""__SYSTEM__SAMPLE__5ef013fd1ac260e2ad077cb0f803864e_15286""",1
2025-03-03T08:05:23.232Z,0,rayyan@rayyan.ai,153486310,"""__SYSTEM__SAMPLE__7e180c281ac02758a82cc34f7e6794d7_15287""",1
2025-03-03T08:05:23.269Z,0,rayyan@rayyan.ai,153485296,"""__SYSTEM__SAMPLE__7e180c281ac02758a82cc34f7e6794d7_15287""",1
2025-03-03T08:05:23.336Z,0,rayyan@rayyan.ai,83177823,"""__SYSTEM__SAMPLE__7e180c281ac02758a82cc34f7e6794d7_15287""",1
2025-03-03T08:05:23.404Z,0,rayyan@rayyan.ai,153487683,"""__SYSTEM__SAMPLE__7e180c281ac02758a82cc34f7e6794d7_15287""",1
2025-03-03T08:05:23.470Z,0,rayyan@rayyan.ai,153486797,"""__SYSTEM__SAMPLE__7e180c281ac02758a82cc34f7e6794d7_15287""",1
2025-03-03T08:05:23.538Z,0,rayyan@rayyan.ai,153487476,"""__SYSTEM__SAMPLE__7e180c281ac02758a82cc34f7e6794d7_15287""",1
2025-03-03T08:05:23.538Z,0,rayyan@rayyan.ai,83177458,"""__SYSTEM__SAMPLE__7e180c281ac02758a82cc34f7e6794d7_15287""",1
2025-03-03T08:05:23.609Z,0,rayyan@rayyan.ai,153485537,"""__SYSTEM__SAMPLE__7e180c281ac02758a82cc34f7e6794d7_15287""",1
2025-03-03T08:05:24.037Z,0,rayyan@rayyan.ai,153485748,"""__SYSTEM__SAMPLE__7e180c281ac02758a82cc34f7e6794d7_15288""",1
2025-03-03T08:05:24.037Z,0,rayyan@rayyan.ai,153485577,"""__SYSTEM__SAMPLE__7e180c281ac02758a82cc34f7e6794d7_15288""",1
2025-03-03T08:05:24.450Z,0,rayyan@rayyan.ai,153486446,"""__SYSTEM__SAMPLE__7e180c281ac02758a82cc34f7e6794d7_15288""",1
2025-03-03T08:05:24.483Z,0,rayyan@rayyan.ai,83177677,"""__SYSTEM__SAMPLE__7e180c281ac02758a82cc34f7e6794d7_15288""",1
2025-03-03T08:05:24.957Z,0,rayyan@rayyan.ai,153486739,"""__SYSTEM__SAMPLE__7e180c281ac02758a82cc34f7e6794d7_15288""",1
2025-03-03T08:05:24.992Z,0,rayyan@rayyan.ai,153487485,"""__SYSTEM__SAMPLE__7e180c281ac02758a82cc34f7e6794d7_15288""",1
2025-03-03T08:05:25.089Z,0,rayyan@rayyan.ai,153486814,"""__SYSTEM__SAMPLE__7e180c281ac02758a82cc34f7e6794d7_15289""",1
2025-03-03T08:05:25.089Z,0,rayyan@rayyan.ai,153486399,"""__SYSTEM__SAMPLE__7e180c281ac02758a82cc34f7e6794d7_15289""",1
2025-03-03T08:05:25.089Z,0,rayyan@rayyan.ai,153486844,"""__SYSTEM__SAMPLE__7e180c281ac02758a82cc34f7e6794d7_15289""",1
2025-03-03T08:05:25.089Z,0,rayyan@rayyan.ai,153485703,"""__SYSTEM__SAMPLE__7e180c281ac02758a82cc34f7e6794d7_15289""",1
2025-03-03T08:05:25.127Z,0,rayyan@rayyan.ai,153485521,"""__SYSTEM__SAMPLE__7e180c281ac02758a82cc34f7e6794d7_15289""",1
2025-03-03T08:05:25.197Z,0,rayyan@rayyan.ai,83177554,"""__SYSTEM__SAMPLE__7e180c281ac02758a82cc34f7e6794d7_15289""",1
2025-03-03T08:05:25.235Z,0,rayyan@rayyan.ai,83177906,"""__SYSTEM__SAMPLE__7e180c281ac02758a82cc34f7e6794d7_15289""",1
2025-03-03T08:05:25.269Z,0,rayyan@rayyan.ai,83177545,"""__SYSTEM__SAMPLE__7e180c281ac02758a82cc34f7e6794d7_15289""",1
2025-03-03T08:05:25.302Z,0,rayyan@rayyan.ai,153485336,"""__SYSTEM__SAMPLE__7e180c281ac02758a82cc34f7e6794d7_15289""",1
2025-03-03T08:05:25.302Z,0,rayyan@rayyan.ai,153486327,"""__SYSTEM__SAMPLE__7e180c281ac02758a82cc34f7e6794d7_15289""",1
2025-03-03T08:05:25.516Z,0,rayyan@rayyan.ai,153486713,"""__SYSTEM__SAMPLE__7e180c281ac02758a82cc34f7e6794d7_15289""",1
2025-03-03T08:05:25.516Z,0,rayyan@rayyan.ai,153486381,"""__SYSTEM__SAMPLE__7e180c281ac02758a82cc34f7e6794d7_15289""",1
2025-03-03T08:05:25.693Z,0,rayyan@rayyan.ai,153487375,"""__SYSTEM__SAMPLE__7e180c281ac02758a82cc34f7e6794d7_15289""",1
2025-03-03T08:05:25.974Z,0,rayyan@rayyan.ai,83177485,"""__SYSTEM__SAMPLE__7e180c281ac02758a82cc34f7e6794d7_15289""",1
2025-03-03T08:05:25.974Z,0,rayyan@rayyan.ai,83177528,"""__SYSTEM__SAMPLE__7e180c281ac02758a82cc34f7e6794d7_15289""",1
2025-03-03T08:05:26.008Z,0,rayyan@rayyan.ai,153486339,"""__SYSTEM__SAMPLE__7e180c281ac02758a82cc34f7e6794d7_15289""",1
2025-03-03T08:05:26.411Z,0,rayyan@rayyan.ai,153486421,"""__SYSTEM__SAMPLE__7e180c281ac02758a82cc34f7e6794d7_15290""",1
2025-03-03T08:05:26.483Z,0,rayyan@rayyan.ai,153487698,"""__SYSTEM__SAMPLE__7e180c281ac02758a82cc34f7e6794d7_15290""",1
2025-03-03T08:05:26.522Z,0,rayyan@rayyan.ai,83177465,"""__SYSTEM__SAMPLE__7e180c281ac02758a82cc34f7e6794d7_15290""",1
2025-03-03T08:05:26.522Z,0,rayyan@rayyan.ai,153487604,"""__SYSTEM__SAMPLE__7e180c281ac02758a82cc34f7e6794d7_15290""",1
2025-03-03T08:05:26.553Z,0,rayyan@rayyan.ai,153485580,"""__SYSTEM__SAMPLE__7e180c281ac02758a82cc34f7e6794d7_15290""",1
2025-03-03T08:05:26.553Z,0,rayyan@rayyan.ai,83177822,"""__SYSTEM__SAMPLE__7e180c281ac02758a82cc34f7e6794d7_15290""",1
2025-03-03T08:05:26.691Z,0,rayyan@rayyan.ai,83177449,"""__SYSTEM__SAMPLE__7e180c281ac02758a82cc34f7e6794d7_15290""",1
2025-03-03T08:05:26.870Z,0,rayyan@rayyan.ai,83177626,"""__SYSTEM__SAMPLE__7e180c281ac02758a82cc34f7e6794d7_15290""",1
2025-03-03T08:05:26.901Z,0,rayyan@rayyan.ai,153486933,"""__SYSTEM__SAMPLE__7e180c281ac02758a82cc34f7e6794d7_15290""",1
2025-03-03T08:05:26.937Z,0,rayyan@rayyan.ai,83177598,"""__SYSTEM__SAMPLE__7e180c281ac02758a82cc34f7e6794d7_15290""",1
2025-03-03T08:05:27.271Z,0,rayyan@rayyan.ai,153485702,"""__SYSTEM__SAMPLE__7e180c281ac02758a82cc34f7e6794d7_15291""",1
2025-03-03T08:05:27.304Z,0,rayyan@rayyan.ai,153486285,"""__SYSTEM__SAMPLE__7e180c281ac02758a82cc34f7e6794d7_15291""",1
2025-03-03T08:05:27.338Z,0,rayyan@rayyan.ai,83177828,"""__SYSTEM__SAMPLE__7e180c281ac02758a82cc34f7e6794d7_15291""",1
2025-03-03T08:05:27.562Z,0,rayyan@rayyan.ai,153487686,"""__SYSTEM__SAMPLE__7e180c281ac02758a82cc34f7e6794d7_15291""",1
2025-03-03T08:05:27.628Z,0,rayyan@rayyan.ai,153486420,"""__SYSTEM__SAMPLE__7e180c281ac02758a82cc34f7e6794d7_15291""",1
2025-03-03T08:05:27.760Z,0,rayyan@rayyan.ai,83177692,"""__SYSTEM__SAMPLE__7e180c281ac02758a82cc34f7e6794d7_15291""",1
2025-03-03T08:05:27.760Z,0,rayyan@rayyan.ai,83177670,"""__SYSTEM__SAMPLE__7e180c281ac02758a82cc34f7e6794d7_15291""",1
2025-03-03T08:05:27.824Z,0,rayyan@rayyan.ai,83177423,"""__SYSTEM__SAMPLE__7e180c281ac02758a82cc34f7e6794d7_15291""",1
2025-03-03T08:05:27.857Z,0,rayyan@rayyan.ai,83177667,"""__SYSTEM__SAMPLE__7e180c281ac02758a82cc34f7e6794d7_15291""",1
2025-03-03T08:05:27.857Z,0,rayyan@rayyan.ai,153486195,"""__SYSTEM__SAMPLE__7e180c281ac02758a82cc34f7e6794d7_15291""",1
2025-03-03T08:05:28.045Z,0,rayyan@rayyan.ai,83177585,"""__SYSTEM__SAMPLE__7e180c281ac02758a82cc34f7e6794d7_15291""",1
2025-03-03T08:05:28.368Z,0,rayyan@rayyan.ai,153486743,"""__SYSTEM__SAMPLE__7e180c281ac02758a82cc34f7e6794d7_15292""",1
2025-03-03T08:05:28.495Z,0,rayyan@rayyan.ai,153486772,"""__SYSTEM__SAMPLE__7e180c281ac02758a82cc34f7e6794d7_15292""",1
2025-03-03T08:05:28.526Z,0,rayyan@rayyan.ai,153487646,"""__SYSTEM__SAMPLE__7e180c281ac02758a82cc34f7e6794d7_15292""",1
2025-03-03T08:05:28.526Z,0,rayyan@rayyan.ai,153487405,"""__SYSTEM__SAMPLE__7e180c281ac02758a82cc34f7e6794d7_15292""",1
2025-03-03T08:05:28.559Z,0,rayyan@rayyan.ai,153485492,"""__SYSTEM__SAMPLE__7e180c281ac02758a82cc34f7e6794d7_15292""",1
2025-03-03T08:05:28.559Z,0,rayyan@rayyan.ai,153486972,"""__SYSTEM__SAMPLE__7e180c281ac02758a82cc34f7e6794d7_15292""",1
2025-03-03T08:05:28.593Z,0,rayyan@rayyan.ai,153485720,"""__SYSTEM__SAMPLE__7e180c281ac02758a82cc34f7e6794d7_15292""",1
2025-03-03T08:05:28.593Z,0,rayyan@rayyan.ai,83177797,"""__SYSTEM__SAMPLE__7e180c281ac02758a82cc34f7e6794d7_15292""",1
2025-03-03T08:05:28.624Z,0,rayyan@rayyan.ai,153485360,"""__SYSTEM__SAMPLE__7e180c281ac02758a82cc34f7e6794d7_15292""",1
2025-03-03T08:05:28.973Z,0,rayyan@rayyan.ai,153485241,"""__SYSTEM__SAMPLE__7e180c281ac02758a82cc34f7e6794d7_15292""",1
2025-03-03T08:05:29.004Z,0,rayyan@rayyan.ai,153485752,"""__SYSTEM__SAMPLE__7e180c281ac02758a82cc34f7e6794d7_15292""",1
2025-03-03T08:05:29.004Z,0,rayyan@rayyan.ai,153486778,"""__SYSTEM__SAMPLE__7e180c281ac02758a82cc34f7e6794d7_15292""",1
2025-03-03T08:05:29.004Z,0,rayyan@rayyan.ai,153485803,"""__SYSTEM__SAMPLE__7e180c281ac02758a82cc34f7e6794d7_15292""",1
2025-03-03T08:05:29.146Z,0,rayyan@rayyan.ai,153485148,"""__SYSTEM__SAMPLE__7e180c281ac02758a82cc34f7e6794d7_15293""",1
2025-03-03T08:05:29.229Z,0,rayyan@rayyan.ai,153486769,"""__SYSTEM__SAMPLE__7e180c281ac02758a82cc34f7e6794d7_15293""",1
2025-03-03T08:05:29.229Z,0,rayyan@rayyan.ai,153486956,"""__SYSTEM__SAMPLE__7e180c281ac02758a82cc34f7e6794d7_15293""",1
2025-03-03T08:05:29.412Z,0,rayyan@rayyan.ai,153485485,"""__SYSTEM__SAMPLE__7e180c281ac02758a82cc34f7e6794d7_15293""",1
2025-03-03T08:05:29.510Z,0,rayyan@rayyan.ai,153485443,"""__SYSTEM__SAMPLE__7e180c281ac02758a82cc34f7e6794d7_15293""",1
2025-03-03T08:05:29.510Z,0,rayyan@rayyan.ai,153485766,"""__SYSTEM__SAMPLE__7e180c281ac02758a82cc34f7e6794d7_15293""",1
2025-03-03T08:05:29.729Z,0,rayyan@rayyan.ai,83177853,"""__SYSTEM__SAMPLE__7e180c281ac02758a82cc34f7e6794d7_15293""",1
2025-03-03T08:05:29.885Z,0,rayyan@rayyan.ai,153486776,"""__SYSTEM__SAMPLE__7e180c281ac02758a82cc34f7e6794d7_15293""",1
2025-03-03T08:05:30.020Z,0,rayyan@rayyan.ai,153486827,"""__SYSTEM__SAMPLE__7e180c281ac02758a82cc34f7e6794d7_15293""",1
2025-03-03T08:05:30.020Z,0,rayyan@rayyan.ai,153487482,"""__SYSTEM__SAMPLE__7e180c281ac02758a82cc34f7e6794d7_15293""",1
2025-03-03T08:16:17.952Z,448594,phil.martin.research@gmail.com,153487405,included,1
2025-03-03T08:49:46.764Z,809822,tltk2@cam.ac.uk,153485320,"""__EXR__wrong population""",deleted
2025-03-03T08:50:01.160Z,809822,tltk2@cam.ac.uk,153485320,included,-1
2025-03-03T08:50:09.965Z,809822,tltk2@cam.ac.uk,153485320,included,-1
2025-03-03T09:46:20.088Z,809822,tltk2@cam.ac.uk,153485320,included,-1
2025-03-03T10:03:55.173Z,809822,tltk2@cam.ac.uk,153485320,"""__EXR__Not about conservation""",1
2025-03-03T10:03:55.191Z,809822,tltk2@cam.ac.uk,153485320,included,-1
2025-03-03T10:14:31.597Z,809822,tltk2@cam.ac.uk,153487405,included,1
2025-03-03T12:47:29.415Z,793578,tabitha.taberer@jesus.ox.ac.uk,153485320,included,1
2025-03-03T13:10:51.644Z,793578,tabitha.taberer@jesus.ox.ac.uk,153485320,included,-1
2025-03-03T13:12:00.877Z,793578,tabitha.taberer@jesus.ox.ac.uk,153487405,included,-1
2025-03-03T14:17:26.782Z,448594,phil.martin.research@gmail.com,83177466,included,1
2025-03-03T14:29:34.662Z,793578,tabitha.taberer@jesus.ox.ac.uk,153485320,"""__EXR__Not about factors that influence evidence use""",1
2025-03-03T14:29:34.732Z,793578,tabitha.taberer@jesus.ox.ac.uk,153485320,included,-1
2025-03-03T19:32:19.436Z,0,rayyan@rayyan.ai,153486399,"""__SYSTEM__SAMPLE__3e981fa25c9d210f15f61af0b328cb3b_15336""",1
2025-03-03T19:32:20.106Z,0,rayyan@rayyan.ai,83177670,"""__SYSTEM__SAMPLE__3e981fa25c9d210f15f61af0b328cb3b_15336""",1
2025-03-03T19:32:20.316Z,0,rayyan@rayyan.ai,153486697,"""__SYSTEM__SAMPLE__3e981fa25c9d210f15f61af0b328cb3b_15336""",1
2025-03-03T19:32:21.359Z,0,rayyan@rayyan.ai,83177585,"""__SYSTEM__SAMPLE__3e981fa25c9d210f15f61af0b328cb3b_15336""",1
2025-03-03T19:32:21.671Z,0,rayyan@rayyan.ai,83177822,"""__SYSTEM__SAMPLE__3e981fa25c9d210f15f61af0b328cb3b_15336""",1
2025-03-03T19:32:21.833Z,0,rayyan@rayyan.ai,153487686,"""__SYSTEM__SAMPLE__3e981fa25c9d210f15f61af0b328cb3b_15336""",1
2025-03-03T19:32:21.973Z,0,rayyan@rayyan.ai,153486933,"""__SYSTEM__SAMPLE__3e981fa25c9d210f15f61af0b328cb3b_15336""",1
2025-03-03T19:32:22.089Z,0,rayyan@rayyan.ai,153486362,"""__SYSTEM__SAMPLE__3e981fa25c9d210f15f61af0b328cb3b_15336""",1
2025-03-03T19:32:22.089Z,0,rayyan@rayyan.ai,83177678,"""__SYSTEM__SAMPLE__3e981fa25c9d210f15f61af0b328cb3b_15336""",1
2025-03-03T19:32:22.998Z,0,rayyan@rayyan.ai,153487567,"""__SYSTEM__SAMPLE__3e981fa25c9d210f15f61af0b328cb3b_15336""",1
2025-03-03T19:32:22.998Z,0,rayyan@rayyan.ai,153486743,"""__SYSTEM__SAMPLE__3e981fa25c9d210f15f61af0b328cb3b_15336""",1
2025-03-03T19:32:23.171Z,0,rayyan@rayyan.ai,153486797,"""__SYSTEM__SAMPLE__3e981fa25c9d210f15f61af0b328cb3b_15336""",1
2025-03-03T19:32:23.323Z,0,rayyan@rayyan.ai,83177528,"""__SYSTEM__SAMPLE__3e981fa25c9d210f15f61af0b328cb3b_15336""",1
2025-03-03T19:32:23.394Z,0,rayyan@rayyan.ai,83177828,"""__SYSTEM__SAMPLE__3e981fa25c9d210f15f61af0b328cb3b_15336""",1
2025-03-03T21:55:35.424Z,793576,carlos.barreto@algomau.ca,153485320,included,-1
2025-03-03T21:55:38.920Z,793576,carlos.barreto@algomau.ca,153485320,included,-1
2025-03-03T22:03:44.245Z,793576,carlos.barreto@algomau.ca,153485320,included,1
2025-03-03T22:16:49.983Z,793576,carlos.barreto@algomau.ca,153487405,included,1
2025-03-04T14:08:42.082Z,793583,elina.takola@ufz.de,153485320,included,-1
2025-03-04T14:16:55.493Z,793583,elina.takola@ufz.de,153485320,"""__EXR__Not about factors that influence evidence use""",1
2025-03-04T14:16:55.558Z,793583,elina.takola@ufz.de,153485320,included,-1
2025-03-04T14:19:33.273Z,793583,elina.takola@ufz.de,153487405,included,1
2025-03-04T16:22:07.871Z,448594,phil.martin.research@gmail.com,153486381,"""__EXR__Not about conservation""",1
2025-03-04T16:22:07.901Z,448594,phil.martin.research@gmail.com,153486381,included,-1
2025-03-06T12:29:19.096Z,0,rayyan@rayyan.ai,83177678,"""__SYSTEM__SAMPLE__6162b2583ac27b37ac06dfc5672321e9_15502""",1
2025-03-06T12:29:19.096Z,0,rayyan@rayyan.ai,153487604,"""__SYSTEM__SAMPLE__6162b2583ac27b37ac06dfc5672321e9_15502""",1
2025-03-06T12:29:19.096Z,0,rayyan@rayyan.ai,153487567,"""__SYSTEM__SAMPLE__6162b2583ac27b37ac06dfc5672321e9_15502""",1
2025-03-06T12:29:19.096Z,0,rayyan@rayyan.ai,153485703,"""__SYSTEM__SAMPLE__6162b2583ac27b37ac06dfc5672321e9_15502""",1
2025-03-06T12:29:19.096Z,0,rayyan@rayyan.ai,83177620,"""__SYSTEM__SAMPLE__6162b2583ac27b37ac06dfc5672321e9_15502""",1
2025-03-06T12:29:19.286Z,0,rayyan@rayyan.ai,153485615,"""__SYSTEM__SAMPLE__6162b2583ac27b37ac06dfc5672321e9_15502""",1
2025-03-06T12:29:19.286Z,0,rayyan@rayyan.ai,83177797,"""__SYSTEM__SAMPLE__6162b2583ac27b37ac06dfc5672321e9_15502""",1
2025-03-06T12:29:19.286Z,0,rayyan@rayyan.ai,153486972,"""__SYSTEM__SAMPLE__6162b2583ac27b37ac06dfc5672321e9_15502""",1
2025-03-06T12:29:19.286Z,0,rayyan@rayyan.ai,153486446,"""__SYSTEM__SAMPLE__6162b2583ac27b37ac06dfc5672321e9_15502""",1
2025-03-06T12:29:19.286Z,0,rayyan@rayyan.ai,83177458,"""__SYSTEM__SAMPLE__6162b2583ac27b37ac06dfc5672321e9_15502""",1
2025-03-06T12:29:19.286Z,0,rayyan@rayyan.ai,153486847,"""__SYSTEM__SAMPLE__6162b2583ac27b37ac06dfc5672321e9_15502""",1
2025-03-06T12:29:19.322Z,0,rayyan@rayyan.ai,153486933,"""__SYSTEM__SAMPLE__6162b2583ac27b37ac06dfc5672321e9_15502""",1
2025-03-06T12:29:19.322Z,0,rayyan@rayyan.ai,153485296,"""__SYSTEM__SAMPLE__6162b2583ac27b37ac06dfc5672321e9_15502""",1
2025-03-06T12:29:19.322Z,0,rayyan@rayyan.ai,153487557,"""__SYSTEM__SAMPLE__6162b2583ac27b37ac06dfc5672321e9_15502""",1
2025-03-06T12:29:19.322Z,0,rayyan@rayyan.ai,153486778,"""__SYSTEM__SAMPLE__6162b2583ac27b37ac06dfc5672321e9_15502""",1
2025-03-06T12:29:19.322Z,0,rayyan@rayyan.ai,153486250,"""__SYSTEM__SAMPLE__6162b2583ac27b37ac06dfc5672321e9_15502""",1
2025-03-06T12:29:19.356Z,0,rayyan@rayyan.ai,153486827,"""__SYSTEM__SAMPLE__6162b2583ac27b37ac06dfc5672321e9_15502""",1
2025-03-06T12:29:19.356Z,0,rayyan@rayyan.ai,153485779,"""__SYSTEM__SAMPLE__6162b2583ac27b37ac06dfc5672321e9_15502""",1
2025-03-06T12:29:19.356Z,0,rayyan@rayyan.ai,153486844,"""__SYSTEM__SAMPLE__6162b2583ac27b37ac06dfc5672321e9_15502""",1
2025-03-06T12:29:19.356Z,0,rayyan@rayyan.ai,153486339,"""__SYSTEM__SAMPLE__6162b2583ac27b37ac06dfc5672321e9_15502""",1
2025-03-06T12:29:19.356Z,0,rayyan@rayyan.ai,153485803,"""__SYSTEM__SAMPLE__6162b2583ac27b37ac06dfc5672321e9_15502""",1
2025-03-06T12:29:19.356Z,0,rayyan@rayyan.ai,153487563,"""__SYSTEM__SAMPLE__6162b2583ac27b37ac06dfc5672321e9_15502""",1
2025-03-06T12:29:19.356Z,0,rayyan@rayyan.ai,153485311,"""__SYSTEM__SAMPLE__6162b2583ac27b37ac06dfc5672321e9_15502""",1
2025-03-06T12:29:19.389Z,0,rayyan@rayyan.ai,153486406,"""__SYSTEM__SAMPLE__6162b2583ac27b37ac06dfc5672321e9_15502""",1
2025-03-06T12:29:19.389Z,0,rayyan@rayyan.ai,83177421,"""__SYSTEM__SAMPLE__6162b2583ac27b37ac06dfc5672321e9_15502""",1
2025-03-06T12:29:19.389Z,0,rayyan@rayyan.ai,153486454,"""__SYSTEM__SAMPLE__6162b2583ac27b37ac06dfc5672321e9_15502""",1
2025-03-06T12:29:19.389Z,0,rayyan@rayyan.ai,153486399,"""__SYSTEM__SAMPLE__6162b2583ac27b37ac06dfc5672321e9_15502""",1
2025-03-06T12:29:19.389Z,0,rayyan@rayyan.ai,153487683,"""__SYSTEM__SAMPLE__6162b2583ac27b37ac06dfc5672321e9_15502""",1
2025-03-06T12:29:19.389Z,0,rayyan@rayyan.ai,83177465,"""__SYSTEM__SAMPLE__6162b2583ac27b37ac06dfc5672321e9_15502""",1
2025-03-06T12:29:19.389Z,0,rayyan@rayyan.ai,83177482,"""__SYSTEM__SAMPLE__6162b2583ac27b37ac06dfc5672321e9_15502""",1
2025-03-06T12:29:19.389Z,0,rayyan@rayyan.ai,83177598,"""__SYSTEM__SAMPLE__6162b2583ac27b37ac06dfc5672321e9_15502""",1
2025-03-06T12:29:19.389Z,0,rayyan@rayyan.ai,153485320,"""__SYSTEM__SAMPLE__6162b2583ac27b37ac06dfc5672321e9_15502""",1
2025-03-06T12:29:19.424Z,0,rayyan@rayyan.ai,153486423,"""__SYSTEM__SAMPLE__6162b2583ac27b37ac06dfc5672321e9_15502""",1
2025-03-06T12:29:19.424Z,0,rayyan@rayyan.ai,153486713,"""__SYSTEM__SAMPLE__6162b2583ac27b37ac06dfc5672321e9_15502""",1
2025-03-06T12:29:19.424Z,0,rayyan@rayyan.ai,83177823,"""__SYSTEM__SAMPLE__6162b2583ac27b37ac06dfc5672321e9_15502""",1
2025-03-06T12:29:19.424Z,0,rayyan@rayyan.ai,153487662,"""__SYSTEM__SAMPLE__6162b2583ac27b37ac06dfc5672321e9_15502""",1
2025-03-06T12:29:19.424Z,0,rayyan@rayyan.ai,83177528,"""__SYSTEM__SAMPLE__6162b2583ac27b37ac06dfc5672321e9_15502""",1
2025-03-06T12:29:19.424Z,0,rayyan@rayyan.ai,83177670,"""__SYSTEM__SAMPLE__6162b2583ac27b37ac06dfc5672321e9_15502""",1
2025-03-06T12:29:19.457Z,0,rayyan@rayyan.ai,153486743,"""__SYSTEM__SAMPLE__6162b2583ac27b37ac06dfc5672321e9_15502""",1
2025-03-06T12:29:19.457Z,0,rayyan@rayyan.ai,83177677,"""__SYSTEM__SAMPLE__6162b2583ac27b37ac06dfc5672321e9_15502""",1
2025-03-06T12:29:19.457Z,0,rayyan@rayyan.ai,153487476,"""__SYSTEM__SAMPLE__6162b2583ac27b37ac06dfc5672321e9_15502""",1
2025-03-06T12:29:19.457Z,0,rayyan@rayyan.ai,153486776,"""__SYSTEM__SAMPLE__6162b2583ac27b37ac06dfc5672321e9_15502""",1
2025-03-06T12:29:19.457Z,0,rayyan@rayyan.ai,153486262,"""__SYSTEM__SAMPLE__6162b2583ac27b37ac06dfc5672321e9_15502""",1
2025-03-06T12:29:19.457Z,0,rayyan@rayyan.ai,83177449,"""__SYSTEM__SAMPLE__6162b2583ac27b37ac06dfc5672321e9_15502""",1
2025-03-06T12:29:19.457Z,0,rayyan@rayyan.ai,83177585,"""__SYSTEM__SAMPLE__6162b2583ac27b37ac06dfc5672321e9_15502""",1
2025-03-06T12:29:19.457Z,0,rayyan@rayyan.ai,153485577,"""__SYSTEM__SAMPLE__6162b2583ac27b37ac06dfc5672321e9_15502""",1
2025-03-06T12:29:19.457Z,0,rayyan@rayyan.ai,153487528,"""__SYSTEM__SAMPLE__6162b2583ac27b37ac06dfc5672321e9_15502""",1
2025-03-06T12:29:19.491Z,0,rayyan@rayyan.ai,153485336,"""__SYSTEM__SAMPLE__6162b2583ac27b37ac06dfc5672321e9_15502""",1
2025-03-06T12:29:19.524Z,0,rayyan@rayyan.ai,153486777,"""__SYSTEM__SAMPLE__6162b2583ac27b37ac06dfc5672321e9_15502""",1
2025-03-06T12:29:19.524Z,0,rayyan@rayyan.ai,83177692,"""__SYSTEM__SAMPLE__6162b2583ac27b37ac06dfc5672321e9_15502""",1
2025-03-06T12:29:19.524Z,0,rayyan@rayyan.ai,153485669,"""__SYSTEM__SAMPLE__6162b2583ac27b37ac06dfc5672321e9_15502""",1
2025-03-06T12:29:19.524Z,0,rayyan@rayyan.ai,153486310,"""__SYSTEM__SAMPLE__6162b2583ac27b37ac06dfc5672321e9_15502""",1
2025-03-06T12:29:19.558Z,0,rayyan@rayyan.ai,83177610,"""__SYSTEM__SAMPLE__6162b2583ac27b37ac06dfc5672321e9_15502""",1
2025-03-06T12:29:19.558Z,0,rayyan@rayyan.ai,83177486,"""__SYSTEM__SAMPLE__6162b2583ac27b37ac06dfc5672321e9_15502""",1
2025-03-06T12:29:19.558Z,0,rayyan@rayyan.ai,153487485,"""__SYSTEM__SAMPLE__6162b2583ac27b37ac06dfc5672321e9_15502""",1
2025-03-06T12:29:19.558Z,0,rayyan@rayyan.ai,153485752,"""__SYSTEM__SAMPLE__6162b2583ac27b37ac06dfc5672321e9_15502""",1
2025-03-06T12:29:19.558Z,0,rayyan@rayyan.ai,153485716,"""__SYSTEM__SAMPLE__6162b2583ac27b37ac06dfc5672321e9_15502""",1
2025-03-06T12:29:19.558Z,0,rayyan@rayyan.ai,153487609,"""__SYSTEM__SAMPLE__6162b2583ac27b37ac06dfc5672321e9_15502""",1
2025-03-06T12:29:19.558Z,0,rayyan@rayyan.ai,153487617,"""__SYSTEM__SAMPLE__6162b2583ac27b37ac06dfc5672321e9_15502""",1
2025-03-06T12:29:19.595Z,0,rayyan@rayyan.ai,83177906,"""__SYSTEM__SAMPLE__6162b2583ac27b37ac06dfc5672321e9_15502""",1
2025-03-06T12:29:19.595Z,0,rayyan@rayyan.ai,153486246,"""__SYSTEM__SAMPLE__6162b2583ac27b37ac06dfc5672321e9_15502""",1
2025-03-06T12:29:19.595Z,0,rayyan@rayyan.ai,153485720,"""__SYSTEM__SAMPLE__6162b2583ac27b37ac06dfc5672321e9_15502""",1
2025-03-06T12:29:19.595Z,0,rayyan@rayyan.ai,83177545,"""__SYSTEM__SAMPLE__6162b2583ac27b37ac06dfc5672321e9_15502""",1
2025-03-06T12:29:19.595Z,0,rayyan@rayyan.ai,153485521,"""__SYSTEM__SAMPLE__6162b2583ac27b37ac06dfc5672321e9_15502""",1
2025-03-06T12:29:19.595Z,0,rayyan@rayyan.ai,153486806,"""__SYSTEM__SAMPLE__6162b2583ac27b37ac06dfc5672321e9_15502""",1
2025-03-06T12:29:19.595Z,0,rayyan@rayyan.ai,153485580,"""__SYSTEM__SAMPLE__6162b2583ac27b37ac06dfc5672321e9_15502""",1
2025-03-06T12:29:19.629Z,0,rayyan@rayyan.ai,153487489,"""__SYSTEM__SAMPLE__6162b2583ac27b37ac06dfc5672321e9_15502""",1
2025-03-06T12:29:19.629Z,0,rayyan@rayyan.ai,153485683,"""__SYSTEM__SAMPLE__6162b2583ac27b37ac06dfc5672321e9_15502""",1
2025-03-06T12:29:19.629Z,0,rayyan@rayyan.ai,153485748,"""__SYSTEM__SAMPLE__6162b2583ac27b37ac06dfc5672321e9_15502""",1
2025-03-06T12:29:19.629Z,0,rayyan@rayyan.ai,153486956,"""__SYSTEM__SAMPLE__6162b2583ac27b37ac06dfc5672321e9_15502""",1
2025-03-06T12:29:19.665Z,0,rayyan@rayyan.ai,83177822,"""__SYSTEM__SAMPLE__6162b2583ac27b37ac06dfc5672321e9_15502""",1
2025-03-06T12:29:19.665Z,0,rayyan@rayyan.ai,153486362,"""__SYSTEM__SAMPLE__6162b2583ac27b37ac06dfc5672321e9_15502""",1
2025-03-06T12:29:19.665Z,0,rayyan@rayyan.ai,153486697,"""__SYSTEM__SAMPLE__6162b2583ac27b37ac06dfc5672321e9_15502""",1
2025-03-06T12:29:19.665Z,0,rayyan@rayyan.ai,83177485,"""__SYSTEM__SAMPLE__6162b2583ac27b37ac06dfc5672321e9_15502""",1
2025-03-06T12:29:19.665Z,0,rayyan@rayyan.ai,153485241,"""__SYSTEM__SAMPLE__6162b2583ac27b37ac06dfc5672321e9_15502""",1
2025-03-06T12:29:19.665Z,0,rayyan@rayyan.ai,153486941,"""__SYSTEM__SAMPLE__6162b2583ac27b37ac06dfc5672321e9_15502""",1
2025-03-06T12:29:19.665Z,0,rayyan@rayyan.ai,153485148,"""__SYSTEM__SAMPLE__6162b2583ac27b37ac06dfc5672321e9_15502""",1
2025-03-06T12:29:19.665Z,0,rayyan@rayyan.ai,153487686,"""__SYSTEM__SAMPLE__6162b2583ac27b37ac06dfc5672321e9_15502""",1
2025-03-06T12:29:19.665Z,0,rayyan@rayyan.ai,83177660,"""__SYSTEM__SAMPLE__6162b2583ac27b37ac06dfc5672321e9_15502""",1
2025-03-06T12:29:19.665Z,0,rayyan@rayyan.ai,83177554,"""__SYSTEM__SAMPLE__6162b2583ac27b37ac06dfc5672321e9_15502""",1
2025-03-06T12:29:19.665Z,0,rayyan@rayyan.ai,153487482,"""__SYSTEM__SAMPLE__6162b2583ac27b37ac06dfc5672321e9_15502""",1
2025-03-06T12:29:19.665Z,0,rayyan@rayyan.ai,83177766,"""__SYSTEM__SAMPLE__6162b2583ac27b37ac06dfc5672321e9_15502""",1
2025-03-06T12:29:19.710Z,0,rayyan@rayyan.ai,153487646,"""__SYSTEM__SAMPLE__6162b2583ac27b37ac06dfc5672321e9_15502""",1
2025-03-06T12:29:19.710Z,0,rayyan@rayyan.ai,153486421,"""__SYSTEM__SAMPLE__6162b2583ac27b37ac06dfc5672321e9_15502""",1
2025-03-06T12:29:19.710Z,0,rayyan@rayyan.ai,83177903,"""__SYSTEM__SAMPLE__6162b2583ac27b37ac06dfc5672321e9_15502""",1
2025-03-06T12:29:19.710Z,0,rayyan@rayyan.ai,83177626,"""__SYSTEM__SAMPLE__6162b2583ac27b37ac06dfc5672321e9_15502""",1
2025-03-06T12:29:19.741Z,0,rayyan@rayyan.ai,153485485,"""__SYSTEM__SAMPLE__6162b2583ac27b37ac06dfc5672321e9_15502""",1
2025-03-06T12:29:19.741Z,0,rayyan@rayyan.ai,153486420,"""__SYSTEM__SAMPLE__6162b2583ac27b37ac06dfc5672321e9_15502""",1
2025-03-06T12:29:19.741Z,0,rayyan@rayyan.ai,153485360,"""__SYSTEM__SAMPLE__6162b2583ac27b37ac06dfc5672321e9_15502""",1
2025-03-06T12:29:19.741Z,0,rayyan@rayyan.ai,153487566,"""__SYSTEM__SAMPLE__6162b2583ac27b37ac06dfc5672321e9_15502""",1
2025-03-06T12:29:19.741Z,0,rayyan@rayyan.ai,153486448,"""__SYSTEM__SAMPLE__6162b2583ac27b37ac06dfc5672321e9_15502""",1
2025-03-06T12:29:19.741Z,0,rayyan@rayyan.ai,153486739,"""__SYSTEM__SAMPLE__6162b2583ac27b37ac06dfc5672321e9_15502""",1
2025-03-06T12:29:19.741Z,0,rayyan@rayyan.ai,153486772,"""__SYSTEM__SAMPLE__6162b2583ac27b37ac06dfc5672321e9_15502""",1
2025-03-06T12:29:19.741Z,0,rayyan@rayyan.ai,83177529,"""__SYSTEM__SAMPLE__6162b2583ac27b37ac06dfc5672321e9_15502""",1
2025-03-06T12:29:19.771Z,0,rayyan@rayyan.ai,153485492,"""__SYSTEM__SAMPLE__6162b2583ac27b37ac06dfc5672321e9_15502""",1
2025-03-06T12:29:19.771Z,0,rayyan@rayyan.ai,153487405,"""__SYSTEM__SAMPLE__6162b2583ac27b37ac06dfc5672321e9_15502""",1
2025-03-06T12:29:19.803Z,0,rayyan@rayyan.ai,83177667,"""__SYSTEM__SAMPLE__6162b2583ac27b37ac06dfc5672321e9_15502""",1
2025-03-06T12:29:19.803Z,0,rayyan@rayyan.ai,153485443,"""__SYSTEM__SAMPLE__6162b2583ac27b37ac06dfc5672321e9_15502""",1
2025-03-06T12:29:19.803Z,0,rayyan@rayyan.ai,153487680,"""__SYSTEM__SAMPLE__6162b2583ac27b37ac06dfc5672321e9_15502""",1
2025-03-06T12:29:19.803Z,0,rayyan@rayyan.ai,153486381,"""__SYSTEM__SAMPLE__6162b2583ac27b37ac06dfc5672321e9_15502""",1
2025-03-06T12:29:19.803Z,0,rayyan@rayyan.ai,153486327,"""__SYSTEM__SAMPLE__6162b2583ac27b37ac06dfc5672321e9_15502""",1
2025-03-06T12:29:19.803Z,0,rayyan@rayyan.ai,153486769,"""__SYSTEM__SAMPLE__6162b2583ac27b37ac06dfc5672321e9_15502""",1
2025-03-06T12:29:19.803Z,0,rayyan@rayyan.ai,153486729,"""__SYSTEM__SAMPLE__6162b2583ac27b37ac06dfc5672321e9_15502""",1
2025-03-06T12:29:19.996Z,0,rayyan@rayyan.ai,83177828,"""__SYSTEM__SAMPLE__6162b2583ac27b37ac06dfc5672321e9_15502""",1
2025-03-06T12:29:19.996Z,0,rayyan@rayyan.ai,83177466,"""__SYSTEM__SAMPLE__6162b2583ac27b37ac06dfc5672321e9_15502""",1
2025-03-06T12:29:19.996Z,0,rayyan@rayyan.ai,83177423,"""__SYSTEM__SAMPLE__6162b2583ac27b37ac06dfc5672321e9_15502""",1
2025-03-06T12:29:19.996Z,0,rayyan@rayyan.ai,153486266,"""__SYSTEM__SAMPLE__6162b2583ac27b37ac06dfc5672321e9_15502""",1
2025-03-06T12:29:19.996Z,0,rayyan@rayyan.ai,153486797,"""__SYSTEM__SAMPLE__6162b2583ac27b37ac06dfc5672321e9_15502""",1
2025-03-06T12:29:19.996Z,0,rayyan@rayyan.ai,153487375,"""__SYSTEM__SAMPLE__6162b2583ac27b37ac06dfc5672321e9_15502""",1
2025-03-06T12:29:20.030Z,0,rayyan@rayyan.ai,83177625,"""__SYSTEM__SAMPLE__6162b2583ac27b37ac06dfc5672321e9_15502""",1
2025-03-06T12:29:20.030Z,0,rayyan@rayyan.ai,153485766,"""__SYSTEM__SAMPLE__6162b2583ac27b37ac06dfc5672321e9_15502""",1
2025-03-06T12:29:20.030Z,0,rayyan@rayyan.ai,153485224,"""__SYSTEM__SAMPLE__6162b2583ac27b37ac06dfc5672321e9_15502""",1
2025-03-06T12:29:20.030Z,0,rayyan@rayyan.ai,153486373,"""__SYSTEM__SAMPLE__6162b2583ac27b37ac06dfc5672321e9_15502""",1
2025-03-06T12:29:20.030Z,0,rayyan@rayyan.ai,153485535,"""__SYSTEM__SAMPLE__6162b2583ac27b37ac06dfc5672321e9_15502""",1
2025-03-06T12:29:20.030Z,0,rayyan@rayyan.ai,153486195,"""__SYSTEM__SAMPLE__6162b2583ac27b37ac06dfc5672321e9_15502""",1
2025-03-06T12:29:20.061Z,0,rayyan@rayyan.ai,153485537,"""__SYSTEM__SAMPLE__6162b2583ac27b37ac06dfc5672321e9_15502""",1
2025-03-06T12:29:20.061Z,0,rayyan@rayyan.ai,153487698,"""__SYSTEM__SAMPLE__6162b2583ac27b37ac06dfc5672321e9_15502""",1
2025-03-06T12:29:20.061Z,0,rayyan@rayyan.ai,153486285,"""__SYSTEM__SAMPLE__6162b2583ac27b37ac06dfc5672321e9_15502""",1
2025-03-06T12:29:20.061Z,0,rayyan@rayyan.ai,83177853,"""__SYSTEM__SAMPLE__6162b2583ac27b37ac06dfc5672321e9_15502""",1
2025-03-06T12:29:20.061Z,0,rayyan@rayyan.ai,153486814,"""__SYSTEM__SAMPLE__6162b2583ac27b37ac06dfc5672321e9_15502""",1
2025-03-06T12:29:20.061Z,0,rayyan@rayyan.ai,153485702,"""__SYSTEM__SAMPLE__6162b2583ac27b37ac06dfc5672321e9_15502""",1
2025-03-06T13:50:58.082Z,793585,c.matos@hull.ac.uk,153485320,note-11070276,1
2025-03-06T13:51:41.792Z,793585,c.matos@hull.ac.uk,153485320,note-11070276,deleted
2025-03-06T13:54:30.590Z,793585,c.matos@hull.ac.uk,153485320,included,1
2025-03-06T14:22:18.724Z,793586,ake@ceh.ac.uk,153485320,included,1
2025-03-06T14:26:19.420Z,315143,matthew.grainger@nina.no,153485320,"""__EXR__Not about Evidence use""",1
2025-03-06T14:26:19.439Z,315143,matthew.grainger@nina.no,153485320,included,-1
2025-03-06T14:27:16.098Z,793586,ake@ceh.ac.uk,153487405,included,1
2025-03-06T14:28:05.457Z,793584,amirmohammadif@gmail.com,83177421,included,1
2025-03-06T14:28:18.404Z,793584,amirmohammadif@gmail.com,83177423,included,1
2025-03-06T14:35:53.247Z,793584,amirmohammadif@gmail.com,83177449,included,1
2025-03-06T14:39:05.624Z,793584,amirmohammadif@gmail.com,83177458,included,1
2025-03-06T14:48:20.818Z,793585,c.matos@hull.ac.uk,153487405,included,1
2025-03-06T14:54:50.229Z,793584,amirmohammadif@gmail.com,83177465,included,1
2025-03-06T15:32:42.970Z,315143,matthew.grainger@nina.no,153487405,"""__EXR__Not about factors that influence evidence use""",1
2025-03-06T15:32:42.982Z,315143,matthew.grainger@nina.no,153487405,included,-1
2025-03-06T15:32:59.744Z,315143,matthew.grainger@nina.no,153487405,"""Background""",1
2025-03-06T15:53:39.021Z,793584,amirmohammadif@gmail.com,83177545,included,-1
2025-03-06T15:59:50.571Z,793584,amirmohammadif@gmail.com,83177554,included,1
2025-03-06T17:06:24.338Z,315143,matthew.grainger@nina.no,153487405,included,1
2025-03-06T20:05:07.710Z,793584,amirmohammadif@gmail.com,83177797,included,1
2025-03-06T20:07:52.417Z,793584,amirmohammadif@gmail.com,83177853,included,1
2025-03-06T20:09:53.352Z,793584,amirmohammadif@gmail.com,83177903,included,1
2025-03-06T20:10:02.284Z,793584,amirmohammadif@gmail.com,83177906,included,-1
2025-03-06T20:29:07.840Z,809970,ib451@cam.ac.uk,153485320,included,1
2025-03-06T20:44:15.844Z,809970,ib451@cam.ac.uk,153487405,included,1
2025-03-07T00:18:45.345Z,808990,jhartup45@gmail.com,153487405,included,1
2025-03-07T00:20:49.566Z,808990,jhartup45@gmail.com,153485320,included,0
2025-03-07T00:21:08.237Z,808990,jhartup45@gmail.com,153485320,included,1
2025-03-07T00:22:12.688Z,808990,jhartup45@gmail.com,153485320,included,0
2025-03-07T00:23:24.983Z,808990,jhartup45@gmail.com,153485320,included,-1
2025-03-07T00:23:57.130Z,808990,jhartup45@gmail.com,153485320,"""__EXR__Not about Evidence use""",1
2025-03-07T00:23:57.145Z,808990,jhartup45@gmail.com,153485320,included,-1
2025-03-07T00:24:15.819Z,808990,jhartup45@gmail.com,153485320,included,-1
2025-03-07T06:21:24.015Z,793581,santip1320@gmail.com,83177421,included,1
2025-03-07T06:22:07.370Z,793581,santip1320@gmail.com,83177423,included,1
2025-03-07T06:24:02.131Z,793581,santip1320@gmail.com,83177458,included,1
2025-03-07T06:24:59.303Z,793581,santip1320@gmail.com,83177465,included,-1
2025-03-07T06:25:14.466Z,793581,santip1320@gmail.com,83177466,included,1
2025-03-07T06:31:10.326Z,793581,santip1320@gmail.com,83177554,included,-1
2025-03-07T06:35:48.627Z,793581,santip1320@gmail.com,83177610,included,-1
2025-03-07T06:38:19.864Z,793581,santip1320@gmail.com,83177620,included,-1
2025-03-07T08:44:24.040Z,793580,valentin.moser@wsl.ch,153485320,included,0
2025-03-07T08:56:39.351Z,793580,valentin.moser@wsl.ch,153487405,note-11088374,1
2025-03-07T08:56:39.474Z,793580,valentin.moser@wsl.ch,153487405,included,-1
2025-03-07T09:10:56.857Z,793580,valentin.moser@wsl.ch,153487405,"""Not survey/interview/workshop""",1
2025-03-07T10:11:53.496Z,793580,valentin.moser@wsl.ch,153487405,included,0
2025-03-07T14:22:17.088Z,793577,ian.thornhill@manchester.ac.uk,153485320,included,-1
2025-03-07T14:25:01.684Z,793577,ian.thornhill@manchester.ac.uk,153485320,"""__EXR__Not about conservation""",1
2025-03-07T14:25:01.696Z,793577,ian.thornhill@manchester.ac.uk,153485320,included,-1
2025-03-07T14:47:19.522Z,793577,ian.thornhill@manchester.ac.uk,153487405,included,1
2025-03-07T15:50:31.669Z,817493,sarah.luke@nottingham.ac.uk,153485320,included,0
2025-03-07T16:01:14.567Z,817493,sarah.luke@nottingham.ac.uk,153487405,included,1
2025-03-10T13:26:39.627Z,448594,phil.martin.research@gmail.com,153487405,"""__EXR__Not about Evidence use""",deleted
2025-03-10T13:26:39.663Z,448594,phil.martin.research@gmail.com,153487405,"""__EXR__Not about factors that influence evidence use""",deleted
2025-03-10T13:26:39.678Z,448594,phil.martin.research@gmail.com,153487405,"""__EXR__Not research study""",deleted
2025-03-10T16:23:02.150Z,813409,isa.donoso@bc3research.org,153485320,included,0
2025-03-10T16:27:21.498Z,813409,isa.donoso@bc3research.org,153485320,note-11157557,1
2025-03-11T13:15:16.858Z,793579,prishnee.bissessur1@gmail.com,153486381,"""__EXR__Not about factors that influence evidence use""",1
2025-03-11T13:15:16.882Z,793579,prishnee.bissessur1@gmail.com,153486381,included,-1
2025-03-11T13:35:16.902Z,793579,prishnee.bissessur1@gmail.com,153487567,"""__EXR__Not about evidence use""",1
2025-03-11T13:35:16.923Z,793579,prishnee.bissessur1@gmail.com,153487567,included,-1
2025-03-11T13:35:16.937Z,793579,prishnee.bissessur1@gmail.com,153487567,"""__EXR__Not about factors that influence evidence use""",1
2025-03-11T13:35:16.949Z,793579,prishnee.bissessur1@gmail.com,153487567,included,-1
2025-03-11T14:10:15.296Z,793579,prishnee.bissessur1@gmail.com,153487405,included,1
2025-03-14T11:44:56.669Z,448594,phil.martin.research@gmail.com,153487567,"""__EXR__Not about Evidence use""",1
2025-03-14T11:44:56.687Z,448594,phil.martin.research@gmail.com,153487567,included,-1
2025-03-14T16:02:43.570Z,448594,phil.martin.research@gmail.com,83177529,included,1
2025-03-14T16:03:57.630Z,448594,phil.martin.research@gmail.com,83177670,included,1
2025-03-14T16:07:26.901Z,448594,phil.martin.research@gmail.com,83177692,included,1
2025-03-14T16:11:32.485Z,448594,phil.martin.research@gmail.com,83177823,"""__EXR__Not about conservation""",1
2025-03-14T16:11:32.502Z,448594,phil.martin.research@gmail.com,83177823,included,-1
2025-03-17T10:37:38.550Z,448594,phil.martin.research@gmail.com,83177529,"""For exercise""",1
2025-03-17T10:37:38.550Z,448594,phil.martin.research@gmail.com,83177670,"""For exercise""",1
2025-03-17T10:37:38.550Z,448594,phil.martin.research@gmail.com,83177692,"""For exercise""",1
2025-03-17T10:49:48.989Z,448594,phil.martin.research@gmail.com,83177529,"""For exercise""",deleted
2025-03-17T13:13:31.257Z,448594,phil.martin.research@gmail.com,83177692,"""For exercise""",deleted
2025-03-18T14:17:06.480Z,793579,prishnee.bissessur1@gmail.com,153487405,included,-1
2025-03-20T17:51:03.050Z,828219,nibedita.41282@gmail.com,153485320,included,1
2025-03-20T17:55:10.817Z,828219,nibedita.41282@gmail.com,153487405,included,-1
2025-03-21T11:27:13.085Z,0,rayyan@rayyan.ai,83177585,"""__SYSTEM__SAMPLE__60b2ea219c59992ffd761532d50e40f8_16471""",1
2025-03-21T11:27:13.863Z,0,rayyan@rayyan.ai,83177598,"""__SYSTEM__SAMPLE__60b2ea219c59992ffd761532d50e40f8_16471""",1
2025-03-21T11:27:15.781Z,0,rayyan@rayyan.ai,83177486,"""__SYSTEM__SAMPLE__60b2ea219c59992ffd761532d50e40f8_16471""",1
2025-03-21T14:09:25.951Z,448594,phil.martin.research@gmail.com,153485320,included,1
2025-03-21T14:12:50.083Z,0,rayyan@rayyan.ai,153487485,"""__SYSTEM__SAMPLE__332ded61f9b01bac2631a91b57c712dc_16484""",1
2025-03-21T14:12:51.953Z,0,rayyan@rayyan.ai,83177485,"""__SYSTEM__SAMPLE__332ded61f9b01bac2631a91b57c712dc_16484""",1
2025-03-21T14:12:53.183Z,0,rayyan@rayyan.ai,153486454,"""__SYSTEM__SAMPLE__332ded61f9b01bac2631a91b57c712dc_16484""",1
2025-03-21T14:12:53.302Z,0,rayyan@rayyan.ai,153487563,"""__SYSTEM__SAMPLE__332ded61f9b01bac2631a91b57c712dc_16484""",1
2025-03-21T14:34:21.392Z,833925,achristi@ic.ac.uk,153485320,included,1
2025-03-21T14:37:43.346Z,833925,achristi@ic.ac.uk,153487405,included,1
2025-03-26T09:54:16.670Z,0,rayyan@rayyan.ai,83177545,"""__SYSTEM__SAMPLE__730a823cae12798df7c211cebf91c4ae_16733""",1
2025-03-26T09:54:16.670Z,0,rayyan@rayyan.ai,153487609,"""__SYSTEM__SAMPLE__730a823cae12798df7c211cebf91c4ae_16733""",1
2025-03-26T09:54:16.670Z,0,rayyan@rayyan.ai,83177458,"""__SYSTEM__SAMPLE__730a823cae12798df7c211cebf91c4ae_16733""",1
2025-03-26T09:54:16.876Z,0,rayyan@rayyan.ai,153487485,"""__SYSTEM__SAMPLE__730a823cae12798df7c211cebf91c4ae_16733""",1
2025-03-26T09:54:16.876Z,0,rayyan@rayyan.ai,153486421,"""__SYSTEM__SAMPLE__730a823cae12798df7c211cebf91c4ae_16733""",1
2025-03-26T09:54:16.876Z,0,rayyan@rayyan.ai,153485296,"""__SYSTEM__SAMPLE__730a823cae12798df7c211cebf91c4ae_16733""",1
2025-03-26T09:54:17.083Z,0,rayyan@rayyan.ai,153487563,"""__SYSTEM__SAMPLE__730a823cae12798df7c211cebf91c4ae_16733""",1
2025-03-26T09:54:17.472Z,0,rayyan@rayyan.ai,83177667,"""__SYSTEM__SAMPLE__730a823cae12798df7c211cebf91c4ae_16733""",1
2025-03-26T09:54:17.574Z,0,rayyan@rayyan.ai,153486941,"""__SYSTEM__SAMPLE__730a823cae12798df7c211cebf91c4ae_16733""",1
2025-03-26T09:54:17.574Z,0,rayyan@rayyan.ai,153486339,"""__SYSTEM__SAMPLE__730a823cae12798df7c211cebf91c4ae_16733""",1
2025-03-26T09:54:17.574Z,0,rayyan@rayyan.ai,153485702,"""__SYSTEM__SAMPLE__730a823cae12798df7c211cebf91c4ae_16733""",1
2025-03-26T09:54:18.726Z,0,rayyan@rayyan.ai,153485311,"""__SYSTEM__SAMPLE__730a823cae12798df7c211cebf91c4ae_16733""",1
2025-03-26T09:54:18.932Z,0,rayyan@rayyan.ai,153485703,"""__SYSTEM__SAMPLE__730a823cae12798df7c211cebf91c4ae_16733""",1
2025-03-26T09:54:19.066Z,0,rayyan@rayyan.ai,153485577,"""__SYSTEM__SAMPLE__730a823cae12798df7c211cebf91c4ae_16733""",1
2025-03-26T09:55:08.449Z,0,rayyan@rayyan.ai,153486772,"""__SYSTEM__SAMPLE__10a5e0f6eb0a9d1a4c4eae730730cf7f_16734""",1
2025-03-26T09:55:08.537Z,0,rayyan@rayyan.ai,83177660,"""__SYSTEM__SAMPLE__10a5e0f6eb0a9d1a4c4eae730730cf7f_16734""",1
2025-03-26T09:55:08.584Z,0,rayyan@rayyan.ai,83177449,"""__SYSTEM__SAMPLE__10a5e0f6eb0a9d1a4c4eae730730cf7f_16734""",1
2025-03-26T09:55:09.453Z,0,rayyan@rayyan.ai,153486743,"""__SYSTEM__SAMPLE__10a5e0f6eb0a9d1a4c4eae730730cf7f_16734""",1
2025-03-26T09:55:09.497Z,0,rayyan@rayyan.ai,153486420,"""__SYSTEM__SAMPLE__10a5e0f6eb0a9d1a4c4eae730730cf7f_16734""",1
2025-03-26T09:55:09.543Z,0,rayyan@rayyan.ai,153486697,"""__SYSTEM__SAMPLE__10a5e0f6eb0a9d1a4c4eae730730cf7f_16734""",1
2025-03-26T09:55:09.543Z,0,rayyan@rayyan.ai,153486956,"""__SYSTEM__SAMPLE__10a5e0f6eb0a9d1a4c4eae730730cf7f_16734""",1
2025-03-26T09:55:10.083Z,0,rayyan@rayyan.ai,153486777,"""__SYSTEM__SAMPLE__10a5e0f6eb0a9d1a4c4eae730730cf7f_16735""",1
2025-03-26T09:55:10.229Z,0,rayyan@rayyan.ai,153485779,"""__SYSTEM__SAMPLE__10a5e0f6eb0a9d1a4c4eae730730cf7f_16735""",1
2025-03-26T09:55:10.309Z,0,rayyan@rayyan.ai,153485803,"""__SYSTEM__SAMPLE__10a5e0f6eb0a9d1a4c4eae730730cf7f_16735""",1
2025-03-26T09:55:10.348Z,0,rayyan@rayyan.ai,153486446,"""__SYSTEM__SAMPLE__10a5e0f6eb0a9d1a4c4eae730730cf7f_16735""",1
2025-03-26T09:55:10.387Z,0,rayyan@rayyan.ai,153487375,"""__SYSTEM__SAMPLE__10a5e0f6eb0a9d1a4c4eae730730cf7f_16735""",1
2025-03-26T09:55:10.504Z,0,rayyan@rayyan.ai,83177667,"""__SYSTEM__SAMPLE__10a5e0f6eb0a9d1a4c4eae730730cf7f_16735""",1
2025-03-26T09:55:10.948Z,0,rayyan@rayyan.ai,83177466,"""__SYSTEM__SAMPLE__10a5e0f6eb0a9d1a4c4eae730730cf7f_16735""",1
2025-03-27T12:10:46.995Z,841732,i.ollard@jbs.cam.ac.uk,153485320,included,1
2025-03-27T12:10:54.850Z,841732,i.ollard@jbs.cam.ac.uk,153485320,included,1
2025-03-27T12:11:08.587Z,841732,i.ollard@jbs.cam.ac.uk,153485320,included,1
2025-03-27T12:13:14.006Z,841732,i.ollard@jbs.cam.ac.uk,153485320,included,1
2025-03-27T12:19:46.360Z,841732,i.ollard@jbs.cam.ac.uk,153487405,included,1
2025-03-27T17:51:25.076Z,793580,valentin.moser@wsl.ch,83177485,"""__EXR__not about conservation""",1
2025-03-27T17:51:25.119Z,793580,valentin.moser@wsl.ch,83177485,included,-1
2025-03-27T17:52:23.103Z,793580,valentin.moser@wsl.ch,83177486,"""__EXR__not about conservation""",1
2025-03-27T17:52:23.121Z,793580,valentin.moser@wsl.ch,83177486,included,-1
2025-03-28T06:26:33.131Z,0,rayyan@rayyan.ai,153486448,"""__SYSTEM__SAMPLE__68d2ca5a6f813c5aa820c74cf5c9ce2e_16938""",1
2025-03-28T06:26:33.131Z,0,rayyan@rayyan.ai,83177585,"""__SYSTEM__SAMPLE__68d2ca5a6f813c5aa820c74cf5c9ce2e_16938""",1
2025-03-28T06:26:33.830Z,0,rayyan@rayyan.ai,153487485,"""__SYSTEM__SAMPLE__68d2ca5a6f813c5aa820c74cf5c9ce2e_16938""",1
2025-03-28T06:26:34.233Z,0,rayyan@rayyan.ai,83177626,"""__SYSTEM__SAMPLE__68d2ca5a6f813c5aa820c74cf5c9ce2e_16938""",1
2025-03-28T06:26:34.233Z,0,rayyan@rayyan.ai,153486262,"""__SYSTEM__SAMPLE__68d2ca5a6f813c5aa820c74cf5c9ce2e_16938""",1
2025-03-28T06:26:34.330Z,0,rayyan@rayyan.ai,153485577,"""__SYSTEM__SAMPLE__68d2ca5a6f813c5aa820c74cf5c9ce2e_16938""",1
2025-03-28T06:26:34.330Z,0,rayyan@rayyan.ai,153485296,"""__SYSTEM__SAMPLE__68d2ca5a6f813c5aa820c74cf5c9ce2e_16938""",1
2025-03-28T06:26:34.589Z,0,rayyan@rayyan.ai,83177677,"""__SYSTEM__SAMPLE__68d2ca5a6f813c5aa820c74cf5c9ce2e_16938""",1
2025-03-28T06:26:34.867Z,0,rayyan@rayyan.ai,153486250,"""__SYSTEM__SAMPLE__68d2ca5a6f813c5aa820c74cf5c9ce2e_16938""",1
2025-03-28T06:26:35.880Z,0,rayyan@rayyan.ai,153487609,"""__SYSTEM__SAMPLE__68d2ca5a6f813c5aa820c74cf5c9ce2e_16938""",1
2025-03-28T06:26:35.985Z,0,rayyan@rayyan.ai,83177660,"""__SYSTEM__SAMPLE__68d2ca5a6f813c5aa820c74cf5c9ce2e_16939""",1
2025-03-28T06:26:36.189Z,0,rayyan@rayyan.ai,153485580,"""__SYSTEM__SAMPLE__68d2ca5a6f813c5aa820c74cf5c9ce2e_16939""",1
2025-03-28T06:26:36.889Z,0,rayyan@rayyan.ai,153486406,"""__SYSTEM__SAMPLE__68d2ca5a6f813c5aa820c74cf5c9ce2e_16939""",1
2025-03-28T06:26:36.985Z,0,rayyan@rayyan.ai,153487683,"""__SYSTEM__SAMPLE__68d2ca5a6f813c5aa820c74cf5c9ce2e_16939""",1
2025-03-28T06:26:37.049Z,0,rayyan@rayyan.ai,153485702,"""__SYSTEM__SAMPLE__68d2ca5a6f813c5aa820c74cf5c9ce2e_16939""",1
2025-03-28T06:26:37.138Z,0,rayyan@rayyan.ai,153486339,"""__SYSTEM__SAMPLE__68d2ca5a6f813c5aa820c74cf5c9ce2e_16939""",1
2025-03-28T06:26:37.262Z,0,rayyan@rayyan.ai,153486454,"""__SYSTEM__SAMPLE__68d2ca5a6f813c5aa820c74cf5c9ce2e_16939""",1
2025-03-28T06:26:37.262Z,0,rayyan@rayyan.ai,153486327,"""__SYSTEM__SAMPLE__68d2ca5a6f813c5aa820c74cf5c9ce2e_16939""",1
2025-03-28T06:26:37.876Z,0,rayyan@rayyan.ai,153485716,"""__SYSTEM__SAMPLE__68d2ca5a6f813c5aa820c74cf5c9ce2e_16940""",1
2025-03-28T06:26:38.036Z,0,rayyan@rayyan.ai,153486195,"""__SYSTEM__SAMPLE__68d2ca5a6f813c5aa820c74cf5c9ce2e_16940""",1
2025-03-28T06:26:38.424Z,0,rayyan@rayyan.ai,153487528,"""__SYSTEM__SAMPLE__68d2ca5a6f813c5aa820c74cf5c9ce2e_16940""",1
2025-03-28T06:26:38.674Z,0,rayyan@rayyan.ai,153485224,"""__SYSTEM__SAMPLE__68d2ca5a6f813c5aa820c74cf5c9ce2e_16940""",1
2025-03-28T06:26:39.428Z,0,rayyan@rayyan.ai,153486266,"""__SYSTEM__SAMPLE__68d2ca5a6f813c5aa820c74cf5c9ce2e_16941""",1
2025-03-28T06:26:39.754Z,0,rayyan@rayyan.ai,153485683,"""__SYSTEM__SAMPLE__68d2ca5a6f813c5aa820c74cf5c9ce2e_16941""",1
2025-03-28T06:26:39.791Z,0,rayyan@rayyan.ai,153486777,"""__SYSTEM__SAMPLE__68d2ca5a6f813c5aa820c74cf5c9ce2e_16941""",1
2025-03-28T06:26:39.898Z,0,rayyan@rayyan.ai,153486772,"""__SYSTEM__SAMPLE__68d2ca5a6f813c5aa820c74cf5c9ce2e_16942""",1
2025-03-28T06:26:39.898Z,0,rayyan@rayyan.ai,153487375,"""__SYSTEM__SAMPLE__68d2ca5a6f813c5aa820c74cf5c9ce2e_16942""",1
2025-03-28T06:26:40.159Z,0,rayyan@rayyan.ai,153486814,"""__SYSTEM__SAMPLE__68d2ca5a6f813c5aa820c74cf5c9ce2e_16942""",1
2025-03-28T06:26:40.159Z,0,rayyan@rayyan.ai,153485241,"""__SYSTEM__SAMPLE__68d2ca5a6f813c5aa820c74cf5c9ce2e_16942""",1
2025-03-28T06:26:40.342Z,0,rayyan@rayyan.ai,153487686,"""__SYSTEM__SAMPLE__68d2ca5a6f813c5aa820c74cf5c9ce2e_16942""",1
2025-03-28T06:26:40.554Z,0,rayyan@rayyan.ai,153485492,"""__SYSTEM__SAMPLE__68d2ca5a6f813c5aa820c74cf5c9ce2e_16942""",1
2025-03-28T06:26:41.070Z,0,rayyan@rayyan.ai,153486847,"""__SYSTEM__SAMPLE__68d2ca5a6f813c5aa820c74cf5c9ce2e_16943""",1
2025-03-28T06:26:41.217Z,0,rayyan@rayyan.ai,153485360,"""__SYSTEM__SAMPLE__68d2ca5a6f813c5aa820c74cf5c9ce2e_16943""",1
2025-03-28T06:26:41.326Z,0,rayyan@rayyan.ai,153487476,"""__SYSTEM__SAMPLE__68d2ca5a6f813c5aa820c74cf5c9ce2e_16943""",1
2025-03-28T06:26:41.489Z,0,rayyan@rayyan.ai,153486941,"""__SYSTEM__SAMPLE__68d2ca5a6f813c5aa820c74cf5c9ce2e_16943""",1
2025-03-28T06:26:42.176Z,0,rayyan@rayyan.ai,153486246,"""__SYSTEM__SAMPLE__68d2ca5a6f813c5aa820c74cf5c9ce2e_16944""",1
2025-03-28T06:26:42.213Z,0,rayyan@rayyan.ai,153486420,"""__SYSTEM__SAMPLE__68d2ca5a6f813c5aa820c74cf5c9ce2e_16944""",1
2025-03-28T06:26:42.326Z,0,rayyan@rayyan.ai,153486827,"""__SYSTEM__SAMPLE__68d2ca5a6f813c5aa820c74cf5c9ce2e_16944""",1
2025-03-28T06:26:42.450Z,0,rayyan@rayyan.ai,153486956,"""__SYSTEM__SAMPLE__68d2ca5a6f813c5aa820c74cf5c9ce2e_16944""",1
2025-03-28T06:26:42.681Z,0,rayyan@rayyan.ai,153486423,"""__SYSTEM__SAMPLE__68d2ca5a6f813c5aa820c74cf5c9ce2e_16944""",1
2025-03-28T06:26:42.856Z,0,rayyan@rayyan.ai,83177766,"""__SYSTEM__SAMPLE__68d2ca5a6f813c5aa820c74cf5c9ce2e_16944""",1
2025-03-28T06:26:43.269Z,0,rayyan@rayyan.ai,153485485,"""__SYSTEM__SAMPLE__68d2ca5a6f813c5aa820c74cf5c9ce2e_16944""",1
2025-03-28T06:26:43.302Z,0,rayyan@rayyan.ai,153486362,"""__SYSTEM__SAMPLE__68d2ca5a6f813c5aa820c74cf5c9ce2e_16944""",1
2025-03-28T06:26:43.444Z,0,rayyan@rayyan.ai,83177598,"""__SYSTEM__SAMPLE__68d2ca5a6f813c5aa820c74cf5c9ce2e_16945""",1
2025-03-28T06:26:43.475Z,0,rayyan@rayyan.ai,83177667,"""__SYSTEM__SAMPLE__68d2ca5a6f813c5aa820c74cf5c9ce2e_16945""",1
2025-03-28T06:26:43.642Z,0,rayyan@rayyan.ai,153486797,"""__SYSTEM__SAMPLE__68d2ca5a6f813c5aa820c74cf5c9ce2e_16945""",1
2025-03-28T06:26:44.369Z,0,rayyan@rayyan.ai,83177625,"""__SYSTEM__SAMPLE__68d2ca5a6f813c5aa820c74cf5c9ce2e_16945""",1
2025-03-28T06:26:44.647Z,0,rayyan@rayyan.ai,83177828,"""__SYSTEM__SAMPLE__68d2ca5a6f813c5aa820c74cf5c9ce2e_16945""",1
2025-03-31T14:02:15.615Z,840700,nick.littlewood@sruc.ac.uk,153485320,included,1
2025-03-31T14:11:37.888Z,840700,nick.littlewood@sruc.ac.uk,153487405,included,1
2025-04-01T08:59:27.650Z,817493,sarah.luke@nottingham.ac.uk,83177421,included,1
2025-04-01T09:03:05.095Z,817493,sarah.luke@nottingham.ac.uk,83177423,included,1
2025-04-01T09:03:12.820Z,817493,sarah.luke@nottingham.ac.uk,83177423,included,1
2025-04-01T09:24:46.857Z,817493,sarah.luke@nottingham.ac.uk,83177458,included,1
2025-04-01T09:29:49.393Z,817493,sarah.luke@nottingham.ac.uk,83177465,"""__EXR__Not about conservation""",1
2025-04-01T09:29:49.409Z,817493,sarah.luke@nottingham.ac.uk,83177465,included,-1
2025-04-01T09:30:16.773Z,817493,sarah.luke@nottingham.ac.uk,83177466,"""__EXR__Not about conservation""",1
2025-04-01T09:30:16.788Z,817493,sarah.luke@nottingham.ac.uk,83177466,included,-1
2025-04-01T09:51:32.592Z,817493,sarah.luke@nottingham.ac.uk,83177528,"""__EXR__Not about conservation""",1
2025-04-01T09:51:32.624Z,817493,sarah.luke@nottingham.ac.uk,83177528,included,-1
2025-04-01T09:52:33.242Z,817493,sarah.luke@nottingham.ac.uk,83177529,included,1
2025-04-01T10:09:36.958Z,817493,sarah.luke@nottingham.ac.uk,83177545,"""__EXR__Not about conservation""",1
2025-04-01T10:09:36.974Z,817493,sarah.luke@nottingham.ac.uk,83177545,included,-1
2025-04-01T10:13:15.175Z,817493,sarah.luke@nottingham.ac.uk,83177610,"""__EXR__Not about conservation""",1
2025-04-01T10:13:15.321Z,817493,sarah.luke@nottingham.ac.uk,83177610,included,-1
2025-04-01T10:17:48.654Z,817493,sarah.luke@nottingham.ac.uk,83177620,"""__EXR__Not about conservation""",1
2025-04-01T10:17:48.666Z,817493,sarah.luke@nottingham.ac.uk,83177620,included,-1
2025-04-01T10:17:48.684Z,817493,sarah.luke@nottingham.ac.uk,83177620,"""__EXR__Not about evidence use""",deleted
2025-04-01T13:38:48.623Z,0,rayyan@rayyan.ai,153487617,"""__SYSTEM__SAMPLE__f4a00ea4025167ff6070212d6244523a_17119""",1
2025-04-01T13:38:48.623Z,0,rayyan@rayyan.ai,83177766,"""__SYSTEM__SAMPLE__f4a00ea4025167ff6070212d6244523a_17119""",1
2025-04-01T13:38:49.359Z,0,rayyan@rayyan.ai,83177822,"""__SYSTEM__SAMPLE__f4a00ea4025167ff6070212d6244523a_17119""",1
2025-04-01T13:38:50.066Z,0,rayyan@rayyan.ai,153485360,"""__SYSTEM__SAMPLE__f4a00ea4025167ff6070212d6244523a_17119""",1
2025-04-01T13:38:50.066Z,0,rayyan@rayyan.ai,153486362,"""__SYSTEM__SAMPLE__f4a00ea4025167ff6070212d6244523a_17119""",1
2025-04-01T13:38:51.607Z,0,rayyan@rayyan.ai,153487609,"""__SYSTEM__SAMPLE__f4a00ea4025167ff6070212d6244523a_17119""",1
2025-04-01T13:38:51.839Z,0,rayyan@rayyan.ai,153485702,"""__SYSTEM__SAMPLE__f4a00ea4025167ff6070212d6244523a_17119""",1
2025-04-01T13:38:51.897Z,0,rayyan@rayyan.ai,83177585,"""__SYSTEM__SAMPLE__f4a00ea4025167ff6070212d6244523a_17119""",1
2025-04-01T14:33:16.754Z,817493,sarah.luke@nottingham.ac.uk,83177449,included,1
2025-04-01T14:38:15.952Z,817493,sarah.luke@nottingham.ac.uk,83177660,"""__EXR__Not about conservation""",1
2025-04-01T14:38:15.966Z,817493,sarah.luke@nottingham.ac.uk,83177660,included,-1
2025-04-01T15:39:03.144Z,841732,i.ollard@jbs.cam.ac.uk,83177766,"""__EXR__Not about conservation""",1
2025-04-01T15:39:03.156Z,841732,i.ollard@jbs.cam.ac.uk,83177766,included,-1
2025-04-02T08:10:05.291Z,793586,ake@ceh.ac.uk,83177585,"""__EXR__Not about conservation""",1
2025-04-02T08:10:05.316Z,793586,ake@ceh.ac.uk,83177585,included,-1
2025-04-02T08:16:41.596Z,793586,ake@ceh.ac.uk,83177766,"""__EXR__Not about conservation""",1
2025-04-02T08:16:41.616Z,793586,ake@ceh.ac.uk,83177766,included,-1
2025-04-02T08:23:54.336Z,793586,ake@ceh.ac.uk,153485360,"""__EXR__Not about conservation""",1
2025-04-02T08:23:54.359Z,793586,ake@ceh.ac.uk,153485360,included,-1
2025-04-02T08:58:02.872Z,841732,i.ollard@jbs.cam.ac.uk,153485485,"""__EXR__Not about conservation""",1
2025-04-02T08:58:02.894Z,841732,i.ollard@jbs.cam.ac.uk,153485485,included,-1
2025-04-03T14:38:37.559Z,841732,i.ollard@jbs.cam.ac.uk,153486246,"""__EXR__Not about Evidence use""",1
2025-04-03T14:38:37.577Z,841732,i.ollard@jbs.cam.ac.uk,153486246,included,-1
2025-04-03T14:43:43.730Z,841732,i.ollard@jbs.cam.ac.uk,153486362,included,1
2025-04-03T14:46:29.425Z,841732,i.ollard@jbs.cam.ac.uk,153486420,included,1
2025-04-03T14:47:09.658Z,841732,i.ollard@jbs.cam.ac.uk,153486423,included,1
2025-04-03T15:14:07.781Z,841732,i.ollard@jbs.cam.ac.uk,153486827,"""__EXR__Not about factors that influence evidence use""",1
2025-04-03T15:14:07.797Z,841732,i.ollard@jbs.cam.ac.uk,153486827,included,-1
2025-04-03T16:00:40.627Z,841732,i.ollard@jbs.cam.ac.uk,153486956,"""__EXR__Not about Evidence use""",1
2025-04-03T16:00:40.655Z,841732,i.ollard@jbs.cam.ac.uk,153486956,included,-1
2025-04-05T12:06:36.345Z,809970,ib451@cam.ac.uk,83177660,included,-1
2025-04-05T12:14:44.501Z,809970,ib451@cam.ac.uk,83177660,"""__EXR__Not about conservation""",1
2025-04-05T12:14:44.512Z,809970,ib451@cam.ac.uk,83177660,included,-1
2025-04-05T13:09:40.347Z,809970,ib451@cam.ac.uk,153485702,"""__EXR__Not about factors that influence evidence use""",1
2025-04-05T13:09:40.359Z,809970,ib451@cam.ac.uk,153485702,included,-1
2025-04-06T12:51:08.154Z,809970,ib451@cam.ac.uk,153486327,"""__EXR__Not about Evidence use""",1
2025-04-06T12:51:08.172Z,809970,ib451@cam.ac.uk,153486327,included,-1
2025-04-06T12:53:42.192Z,809970,ib451@cam.ac.uk,153486339,"""__EXR__Not about Evidence use""",1
2025-04-06T12:53:42.210Z,809970,ib451@cam.ac.uk,153486339,included,-1
2025-04-06T13:01:26.027Z,809970,ib451@cam.ac.uk,153486406,"""__EXR__Not about Evidence use""",1
2025-04-06T13:01:26.049Z,809970,ib451@cam.ac.uk,153486406,included,-1
2025-04-06T13:04:13.867Z,809970,ib451@cam.ac.uk,153486454,"""__EXR__Not about Evidence use""",1
2025-04-06T13:04:13.883Z,809970,ib451@cam.ac.uk,153486454,included,-1
2025-04-07T11:22:20.082Z,817493,sarah.luke@nottingham.ac.uk,153486420,"""__EXR__Not about factors that influence evidence use""",1
2025-04-07T11:22:20.104Z,817493,sarah.luke@nottingham.ac.uk,153486420,included,-1
2025-04-07T14:50:29.019Z,448594,phil.martin.research@gmail.com,83177660,"""Iris - to check""",1
2025-04-07T14:50:29.019Z,448594,phil.martin.research@gmail.com,83177660,"""Catia - to check""",deleted
2025-04-07T14:50:29.019Z,448594,phil.martin.research@gmail.com,83177660,"""Valentin - to check""",deleted
2025-04-07T14:50:29.019Z,448594,phil.martin.research@gmail.com,153485702,"""Iris - to check""",1
2025-04-07T14:50:29.019Z,448594,phil.martin.research@gmail.com,153485702,"""Catia - to check""",deleted
2025-04-07T14:50:29.019Z,448594,phil.martin.research@gmail.com,153485702,"""Valentin - to check""",deleted
2025-04-07T14:50:29.231Z,448594,phil.martin.research@gmail.com,153486327,"""Iris - to check""",1
2025-04-07T14:50:29.231Z,448594,phil.martin.research@gmail.com,153486327,"""Catia - to check""",deleted
2025-04-07T14:50:29.231Z,448594,phil.martin.research@gmail.com,153486327,"""Valentin - to check""",deleted
2025-04-07T14:50:29.231Z,448594,phil.martin.research@gmail.com,153486339,"""Iris - to check""",1
2025-04-07T14:50:29.231Z,448594,phil.martin.research@gmail.com,153486339,"""Catia - to check""",deleted
2025-04-07T14:50:29.231Z,448594,phil.martin.research@gmail.com,153486339,"""Valentin - to check""",deleted
2025-04-07T14:50:29.231Z,448594,phil.martin.research@gmail.com,153486406,"""Iris - to check""",1
2025-04-07T14:50:29.231Z,448594,phil.martin.research@gmail.com,153486406,"""Catia - to check""",deleted
2025-04-07T14:50:29.231Z,448594,phil.martin.research@gmail.com,153486406,"""Valentin - to check""",deleted
2025-04-07T14:50:29.231Z,448594,phil.martin.research@gmail.com,153486454,"""Iris - to check""",1
2025-04-07T14:50:29.231Z,448594,phil.martin.research@gmail.com,153486454,"""Catia - to check""",deleted
2025-04-07T14:50:29.231Z,448594,phil.martin.research@gmail.com,153486454,"""Valentin - to check""",deleted
2025-04-07T14:51:24.281Z,448594,phil.martin.research@gmail.com,83177660,"""Iris - to check""",deleted
2025-04-07T14:51:24.281Z,448594,phil.martin.research@gmail.com,83177660,"""Catia - to check""",deleted
2025-04-07T14:51:24.419Z,448594,phil.martin.research@gmail.com,153486420,"""Iris - to check""",deleted
2025-04-07T14:51:24.419Z,448594,phil.martin.research@gmail.com,153486420,"""Catia - to check""",deleted
2025-04-07T14:51:54.357Z,448594,phil.martin.research@gmail.com,83177449,"""Sarah - to check""",1
2025-04-07T14:51:54.358Z,448594,phil.martin.research@gmail.com,83177449,"""Iris - to check""",deleted
2025-04-07T14:51:54.363Z,448594,phil.martin.research@gmail.com,83177449,"""Catia - to check""",deleted
2025-04-07T14:52:07.161Z,448594,phil.martin.research@gmail.com,83177660,"""Sarah - to check""",1
2025-04-07T14:52:07.275Z,448594,phil.martin.research@gmail.com,153486420,"""Sarah - to check""",1
2025-04-09T10:38:35.602Z,448594,phil.martin.research@gmail.com,83177660,"""Iris - to check""",1
2025-04-09T10:38:35.602Z,448594,phil.martin.research@gmail.com,153485702,"""Iris - to check""",1
2025-04-09T10:38:35.602Z,448594,phil.martin.research@gmail.com,153486327,"""Iris - to check""",1
2025-04-09T10:38:35.602Z,448594,phil.martin.research@gmail.com,153486339,"""Iris - to check""",1
2025-04-09T10:38:35.602Z,448594,phil.martin.research@gmail.com,153486406,"""Iris - to check""",1
2025-04-09T10:38:35.602Z,448594,phil.martin.research@gmail.com,153486454,"""Iris - to check""",1
2025-04-09T10:40:22.766Z,448594,phil.martin.research@gmail.com,83177660,"""__EXR__Not about conservation""",1
2025-04-09T10:40:22.776Z,448594,phil.martin.research@gmail.com,83177660,included,-1
2025-04-09T12:38:18.341Z,448594,phil.martin.research@gmail.com,153485702,included,1
2025-04-09T12:39:12.963Z,448594,phil.martin.research@gmail.com,153486327,"""__EXR__Not about conservation""",1
2025-04-09T12:39:12.978Z,448594,phil.martin.research@gmail.com,153486327,included,-1
2025-04-09T12:47:17.968Z,448594,phil.martin.research@gmail.com,153486454,"""__EXR__Not about Evidence use""",1
2025-04-09T12:47:18.012Z,448594,phil.martin.research@gmail.com,153486454,included,-1
2025-04-09T13:01:38.834Z,448594,phil.martin.research@gmail.com,153486406,"""__EXR__Not about Evidence use""",1
2025-04-09T13:01:38.855Z,448594,phil.martin.research@gmail.com,153486406,included,-1
2025-04-09T13:04:59.572Z,448594,phil.martin.research@gmail.com,153486339,"""__EXR__Not about Evidence use""",1
2025-04-09T13:04:59.586Z,448594,phil.martin.research@gmail.com,153486339,included,-1
2025-04-10T09:31:13.968Z,813409,isa.donoso@bc3research.org,153487405,"""not about conservation""",1
2025-04-10T09:31:26.651Z,813409,isa.donoso@bc3research.org,153487405,"""not about conservation""",deleted
2025-04-10T09:38:09.606Z,813409,isa.donoso@bc3research.org,153487405,note-11881801,1
2025-04-10T09:38:13.156Z,813409,isa.donoso@bc3research.org,153487405,included,1
2025-04-10T14:23:50.495Z,448594,phil.martin.research@gmail.com,153486420,included,1
2025-04-11T09:16:23.524Z,793586,ake@ceh.ac.uk,153487617,"""__EXR__Not about conservation""",1
2025-04-11T09:16:23.545Z,793586,ake@ceh.ac.uk,153487617,included,-1
2025-04-11T17:35:22.075Z,840759,alvaro.moreno@bc3research.org,83177421,"""__EXR__Not about Evidence use""",1
2025-04-11T17:35:22.122Z,840759,alvaro.moreno@bc3research.org,83177421,included,-1
2025-04-11T17:39:31.345Z,840759,alvaro.moreno@bc3research.org,83177423,included,1
2025-04-11T18:25:39.650Z,840759,alvaro.moreno@bc3research.org,83177449,included,1
2025-04-11T18:44:30.539Z,840759,alvaro.moreno@bc3research.org,83177458,included,0
2025-04-12T09:46:56.734Z,840759,alvaro.moreno@bc3research.org,153485320,"""__EXR__Not about factors that influence evidence use""",deleted
2025-04-12T09:47:11.720Z,840759,alvaro.moreno@bc3research.org,153485320,"""__EXR__Not about factors that influence evidence use""",1
2025-04-12T09:47:11.733Z,840759,alvaro.moreno@bc3research.org,153485320,included,-1
2025-04-12T10:07:37.521Z,840759,alvaro.moreno@bc3research.org,153487405,included,1
2025-04-14T09:12:40.808Z,448594,phil.martin.research@gmail.com,83177421,included__SYSTEM__STAGE__70058,1
2025-04-14T09:17:32.498Z,448594,phil.martin.research@gmail.com,83177423,"""__EXR__Not about policy or practice""",1
2025-04-14T09:17:32.516Z,448594,phil.martin.research@gmail.com,83177423,included__SYSTEM__STAGE__70058,-1
2025-04-14T10:09:47.261Z,448594,phil.martin.research@gmail.com,83177449,included__SYSTEM__STAGE__70058,1
2025-04-14T11:32:51.977Z,448594,phil.martin.research@gmail.com,83177458,included__SYSTEM__STAGE__70058,1
2025-04-14T12:08:35.856Z,0,rayyan@rayyan.ai,83177421,"""__SYSTEM__STAGE__70058""",1
2025-04-14T12:08:35.856Z,0,rayyan@rayyan.ai,83177423,"""__SYSTEM__STAGE__70058""",1
2025-04-14T12:08:35.856Z,0,rayyan@rayyan.ai,83177449,"""__SYSTEM__STAGE__70058""",1
2025-04-14T12:08:35.856Z,0,rayyan@rayyan.ai,83177466,"""__SYSTEM__STAGE__70058""",1
2025-04-14T12:08:35.856Z,0,rayyan@rayyan.ai,83177529,"""__SYSTEM__STAGE__70058""",1
2025-04-14T12:08:36.132Z,0,rayyan@rayyan.ai,83177670,"""__SYSTEM__STAGE__70058""",1
2025-04-14T12:08:36.132Z,0,rayyan@rayyan.ai,83177692,"""__SYSTEM__STAGE__70058""",1
2025-04-14T12:08:36.340Z,0,rayyan@rayyan.ai,153485320,"""__SYSTEM__STAGE__70058""",1
2025-04-14T12:08:36.340Z,0,rayyan@rayyan.ai,153485702,"""__SYSTEM__STAGE__70058""",1
2025-04-14T12:08:36.340Z,0,rayyan@rayyan.ai,153485748,"""__SYSTEM__STAGE__70058""",1
2025-04-14T12:08:36.497Z,0,rayyan@rayyan.ai,153486420,"""__SYSTEM__STAGE__70058""",1
2025-04-14T12:08:36.497Z,0,rayyan@rayyan.ai,153486972,"""__SYSTEM__STAGE__70058""",1
2025-04-14T12:08:36.497Z,0,rayyan@rayyan.ai,153487405,"""__SYSTEM__STAGE__70058""",1
2025-04-14T14:49:28.350Z,448594,phil.martin.research@gmail.com,83177466,"""__EXR__Not about factors that influence evidence use""",1
2025-04-14T14:49:28.381Z,448594,phil.martin.research@gmail.com,83177466,included__SYSTEM__STAGE__70058,-1
2025-04-14T18:04:28.689Z,840756,enaut.martinezdebirgara@bc3research.org,153485320,included,1
2025-04-14T18:15:22.565Z,840756,enaut.martinezdebirgara@bc3research.org,153487405,included,1
2025-04-15T11:25:42.307Z,793586,ake@ceh.ac.uk,83177822,"""__EXR__Not about evidence use""",1
2025-04-15T11:25:42.334Z,793586,ake@ceh.ac.uk,83177822,included,-1
2025-04-16T21:27:26.515Z,840700,nick.littlewood@sruc.ac.uk,153485360,"""__EXR__Not about conservation""",1
2025-04-16T21:27:26.533Z,840700,nick.littlewood@sruc.ac.uk,153485360,included,-1
2025-04-18T21:47:38.551Z,448594,phil.martin.research@gmail.com,153485752,included,1
2025-04-18T21:57:11.401Z,448594,phil.martin.research@gmail.com,153487375,"""__EXR__Not about Evidence use""",1
2025-04-18T21:57:11.424Z,448594,phil.martin.research@gmail.com,153487375,included,-1
2025-04-22T12:09:22.832Z,828219,nibedita.41282@gmail.com,83177585,included,-1
2025-04-22T12:09:56.866Z,828219,nibedita.41282@gmail.com,83177626,included,-1
2025-04-22T12:11:18.043Z,828219,nibedita.41282@gmail.com,83177677,included,-1
2025-04-22T12:20:14.619Z,828219,nibedita.41282@gmail.com,153485296,included,-1
2025-04-22T12:30:07.437Z,828219,nibedita.41282@gmail.com,153486250,included,-1
2025-04-22T12:30:40.051Z,828219,nibedita.41282@gmail.com,153486262,included,-1
2025-04-22T12:36:04.058Z,828219,nibedita.41282@gmail.com,153486448,included,-1
2025-04-22T13:10:02.489Z,828219,nibedita.41282@gmail.com,153485577,included,0
2025-04-22T14:10:16.655Z,448594,phil.martin.research@gmail.com,153486399,included,1
2025-04-22T14:45:24.897Z,448594,phil.martin.research@gmail.com,153487476,included,1
2025-04-22T14:48:11.302Z,448594,phil.martin.research@gmail.com,153487485,included,1
2025-04-22T14:53:54.352Z,448594,phil.martin.research@gmail.com,83177554,"""Likely to include - check""",1
2025-04-22T14:53:54.352Z,448594,phil.martin.research@gmail.com,83177626,"""Likely to include - check""",1
2025-04-22T14:53:54.352Z,448594,phil.martin.research@gmail.com,83177822,"""Likely to include - check""",1
2025-04-22T14:53:54.352Z,448594,phil.martin.research@gmail.com,153486423,"""Likely to include - check""",1
2025-04-22T14:53:54.625Z,448594,phil.martin.research@gmail.com,153486814,"""Likely to include - check""",1
2025-04-22T14:53:54.625Z,448594,phil.martin.research@gmail.com,153486933,"""Likely to include - check""",1
2025-04-22T15:11:12.132Z,448594,phil.martin.research@gmail.com,83177554,included,1
2025-04-22T15:41:07.914Z,448594,phil.martin.research@gmail.com,83177585,"""Aidan - to check""",1
2025-04-22T15:41:07.914Z,448594,phil.martin.research@gmail.com,83177766,"""Aidan - to check""",1
2025-04-22T15:41:07.914Z,448594,phil.martin.research@gmail.com,83177822,"""Aidan - to check""",1
2025-04-22T15:41:07.914Z,448594,phil.martin.research@gmail.com,153485360,"""Aidan - to check""",1
2025-04-22T15:41:08.290Z,448594,phil.martin.research@gmail.com,153487617,"""Aidan - to check""",1
2025-04-22T16:22:03.110Z,0,rayyan@rayyan.ai,153485360,"""__SYSTEM__SAMPLE__3ff0d7fee4e91535b9e1dbf417bd181c_18354""",1
2025-04-22T16:22:03.110Z,0,rayyan@rayyan.ai,153486448,"""__SYSTEM__SAMPLE__3ff0d7fee4e91535b9e1dbf417bd181c_18354""",1
2025-04-22T16:22:05.085Z,0,rayyan@rayyan.ai,153486844,"""__SYSTEM__SAMPLE__3ff0d7fee4e91535b9e1dbf417bd181c_18354""",1
2025-04-22T16:22:05.172Z,0,rayyan@rayyan.ai,83177766,"""__SYSTEM__SAMPLE__3ff0d7fee4e91535b9e1dbf417bd181c_18354""",1
2025-04-22T16:22:05.303Z,0,rayyan@rayyan.ai,153486769,"""__SYSTEM__SAMPLE__3ff0d7fee4e91535b9e1dbf417bd181c_18354""",1
2025-04-22T16:22:06.234Z,0,rayyan@rayyan.ai,153487604,"""__SYSTEM__SAMPLE__3ff0d7fee4e91535b9e1dbf417bd181c_18354""",1
2025-04-22T16:22:06.234Z,0,rayyan@rayyan.ai,153487566,"""__SYSTEM__SAMPLE__3ff0d7fee4e91535b9e1dbf417bd181c_18354""",1
2025-04-22T16:22:06.318Z,0,rayyan@rayyan.ai,153486421,"""__SYSTEM__SAMPLE__3ff0d7fee4e91535b9e1dbf417bd181c_18355""",1
2025-04-22T16:22:06.508Z,0,rayyan@rayyan.ai,153486362,"""__SYSTEM__SAMPLE__3ff0d7fee4e91535b9e1dbf417bd181c_18355""",1
2025-04-22T16:22:06.599Z,0,rayyan@rayyan.ai,153485703,"""__SYSTEM__SAMPLE__3ff0d7fee4e91535b9e1dbf417bd181c_18355""",1
2025-04-22T16:22:06.829Z,0,rayyan@rayyan.ai,153485492,"""__SYSTEM__SAMPLE__3ff0d7fee4e91535b9e1dbf417bd181c_18355""",1
2025-04-22T16:22:07.059Z,0,rayyan@rayyan.ai,153486373,"""__SYSTEM__SAMPLE__3ff0d7fee4e91535b9e1dbf417bd181c_18355""",1
2025-04-22T16:22:07.740Z,0,rayyan@rayyan.ai,153486697,"""__SYSTEM__SAMPLE__3ff0d7fee4e91535b9e1dbf417bd181c_18355""",1
2025-04-22T16:22:07.740Z,0,rayyan@rayyan.ai,153486262,"""__SYSTEM__SAMPLE__3ff0d7fee4e91535b9e1dbf417bd181c_18355""",1
2025-04-22T16:22:07.805Z,0,rayyan@rayyan.ai,153486195,"""__SYSTEM__SAMPLE__3ff0d7fee4e91535b9e1dbf417bd181c_18355""",1
2025-04-22T16:22:08.502Z,0,rayyan@rayyan.ai,153485669,"""__SYSTEM__SAMPLE__3ff0d7fee4e91535b9e1dbf417bd181c_18356""",1
2025-04-22T16:22:08.786Z,0,rayyan@rayyan.ai,153485766,"""__SYSTEM__SAMPLE__3ff0d7fee4e91535b9e1dbf417bd181c_18356""",1
2025-04-22T16:22:09.098Z,0,rayyan@rayyan.ai,153487609,"""__SYSTEM__SAMPLE__3ff0d7fee4e91535b9e1dbf417bd181c_18356""",1
2025-04-22T16:22:09.224Z,0,rayyan@rayyan.ai,153486285,"""__SYSTEM__SAMPLE__3ff0d7fee4e91535b9e1dbf417bd181c_18356""",1
2025-04-22T16:22:09.438Z,0,rayyan@rayyan.ai,153486446,"""__SYSTEM__SAMPLE__3ff0d7fee4e91535b9e1dbf417bd181c_18356""",1
2025-04-22T16:22:09.584Z,0,rayyan@rayyan.ai,153485148,"""__SYSTEM__SAMPLE__3ff0d7fee4e91535b9e1dbf417bd181c_18356""",1
2025-04-22T16:22:09.584Z,0,rayyan@rayyan.ai,153485311,"""__SYSTEM__SAMPLE__3ff0d7fee4e91535b9e1dbf417bd181c_18356""",1
2025-04-22T16:22:09.653Z,0,rayyan@rayyan.ai,83177598,"""__SYSTEM__SAMPLE__3ff0d7fee4e91535b9e1dbf417bd181c_18356""",1
2025-04-22T16:22:09.832Z,0,rayyan@rayyan.ai,153486310,"""__SYSTEM__SAMPLE__3ff0d7fee4e91535b9e1dbf417bd181c_18356""",1
2025-04-22T16:22:09.898Z,0,rayyan@rayyan.ai,83177906,"""__SYSTEM__SAMPLE__3ff0d7fee4e91535b9e1dbf417bd181c_18356""",1
2025-04-22T16:22:09.962Z,0,rayyan@rayyan.ai,153486778,"""__SYSTEM__SAMPLE__3ff0d7fee4e91535b9e1dbf417bd181c_18356""",1
2025-04-23T08:52:47.994Z,840700,nick.littlewood@sruc.ac.uk,153486847,"""__EXR__Not about evidence use""",1
2025-04-23T08:52:48.037Z,840700,nick.littlewood@sruc.ac.uk,153486847,included,-1
2025-04-23T08:59:15.736Z,840700,nick.littlewood@sruc.ac.uk,153486941,"""__EXR__Not about conservation""",1
2025-04-23T08:59:15.756Z,840700,nick.littlewood@sruc.ac.uk,153486941,included,-1
2025-04-23T12:56:57.106Z,793586,ake@ceh.ac.uk,153485296,"""__EXR__Not about conservation""",1
2025-04-23T12:56:57.125Z,793586,ake@ceh.ac.uk,153485296,included,-1
2025-04-23T13:02:35.022Z,793586,ake@ceh.ac.uk,153485615,"""__EXR__Not about conservation""",1
2025-04-23T13:02:35.038Z,793586,ake@ceh.ac.uk,153485615,included,-1
2025-04-23T13:03:19.615Z,793586,ake@ceh.ac.uk,153485669,"""__EXR__Not about conservation""",1
2025-04-23T13:03:19.634Z,793586,ake@ceh.ac.uk,153485669,included,-1
2025-04-23T13:08:39.067Z,793581,santip1320@gmail.com,83177598,included,-1
2025-04-23T13:09:20.665Z,793581,santip1320@gmail.com,83177598,note-12193303,1
2025-04-23T13:10:11.319Z,793581,santip1320@gmail.com,83177625,included,-1
2025-04-23T13:10:41.308Z,793581,santip1320@gmail.com,83177667,included,-1
2025-04-23T13:10:50.961Z,793581,santip1320@gmail.com,83177678,included,-1
2025-04-23T13:12:23.859Z,793586,ake@ceh.ac.uk,153485443,"""__EXR__Not about conservation""",1
2025-04-23T13:12:23.873Z,793586,ake@ceh.ac.uk,153485443,included,-1
2025-04-23T13:12:42.659Z,793581,santip1320@gmail.com,83177828,included,-1
2025-04-23T13:16:43.595Z,793581,santip1320@gmail.com,153485148,included,1
2025-04-23T13:25:27.496Z,793581,santip1320@gmail.com,153485224,included,-1
2025-04-23T13:27:14.180Z,793581,santip1320@gmail.com,153485241,included,-1
2025-04-23T13:34:45.754Z,793581,santip1320@gmail.com,153485492,included,-1
2025-04-23T13:36:23.140Z,793581,santip1320@gmail.com,153485521,included,-1
2025-04-23T13:36:59.180Z,793581,santip1320@gmail.com,153485535,included,-1
2025-04-23T13:37:43.572Z,793581,santip1320@gmail.com,153485537,note-12194354,1
2025-04-23T13:37:44.766Z,793581,santip1320@gmail.com,153485537,included,0
2025-04-23T13:43:13.500Z,793581,santip1320@gmail.com,153485580,included,-1
2025-04-23T13:44:12.811Z,793581,santip1320@gmail.com,153485580,included,-1
2025-04-23T19:33:33.628Z,828219,nibedita.41282@gmail.com,153487485,included,1
2025-04-23T19:49:14.792Z,828219,nibedita.41282@gmail.com,153487609,included,-1
2025-04-23T19:54:00.154Z,808990,jhartup45@gmail.com,83177486,"""__EXR__Not about conservation""",1
2025-04-23T19:54:00.174Z,808990,jhartup45@gmail.com,83177486,included,-1
2025-04-23T20:13:09.830Z,808990,jhartup45@gmail.com,83177585,"""__EXR__Not about conservation""",1
2025-04-23T20:13:09.843Z,808990,jhartup45@gmail.com,83177585,included,-1
2025-04-23T20:14:26.761Z,808990,jhartup45@gmail.com,83177598,"""__EXR__Not about conservation""",1
2025-04-23T20:14:26.776Z,808990,jhartup45@gmail.com,83177598,included,-1
2025-04-24T13:28:21.874Z,448594,phil.martin.research@gmail.com,153485360,"""Nick - to check""",1
2025-04-24T13:28:22.262Z,448594,phil.martin.research@gmail.com,153486847,"""Nick - to check""",1
2025-04-24T13:28:22.262Z,448594,phil.martin.research@gmail.com,153486941,"""Nick - to check""",1
2025-04-24T13:29:40.076Z,448594,phil.martin.research@gmail.com,153487485,"""Nibu - to check""",1
2025-04-24T13:29:59.619Z,448594,phil.martin.research@gmail.com,83177585,"""Nibu - to check""",1
2025-04-24T13:29:59.619Z,448594,phil.martin.research@gmail.com,83177626,"""Nibu - to check""",1
2025-04-24T13:29:59.619Z,448594,phil.martin.research@gmail.com,83177677,"""Nibu - to check""",1
2025-04-24T13:29:59.619Z,448594,phil.martin.research@gmail.com,153485296,"""Nibu - to check""",1
2025-04-24T13:29:59.619Z,448594,phil.martin.research@gmail.com,153486250,"""Nibu - to check""",1
2025-04-24T13:29:59.805Z,448594,phil.martin.research@gmail.com,153486262,"""Nibu - to check""",1
2025-04-24T13:29:59.805Z,448594,phil.martin.research@gmail.com,153486448,"""Nibu - to check""",1
2025-04-24T13:29:59.805Z,448594,phil.martin.research@gmail.com,153487609,"""Nibu - to check""",1
2025-04-24T13:30:13.387Z,448594,phil.martin.research@gmail.com,153485577,"""Nibu - to check""",1
2025-04-24T13:30:50.045Z,448594,phil.martin.research@gmail.com,83177421,"""Santiago - to check""",1
2025-04-24T13:30:50.045Z,448594,phil.martin.research@gmail.com,83177423,"""Santiago - to check""",1
2025-04-24T13:30:50.045Z,448594,phil.martin.research@gmail.com,83177458,"""Santiago - to check""",1
2025-04-24T13:30:50.045Z,448594,phil.martin.research@gmail.com,83177466,"""Santiago - to check""",1
2025-04-24T13:30:50.045Z,448594,phil.martin.research@gmail.com,153485148,"""Santiago - to check""",1
2025-04-24T13:31:00.682Z,448594,phil.martin.research@gmail.com,153485537,"""Santiago - to check""",1
2025-04-24T13:31:19.261Z,448594,phil.martin.research@gmail.com,83177465,"""Santiago - to check""",1
2025-04-24T13:31:19.261Z,448594,phil.martin.research@gmail.com,83177554,"""Santiago - to check""",1
2025-04-24T13:31:19.261Z,448594,phil.martin.research@gmail.com,83177598,"""Santiago - to check""",1
2025-04-24T13:31:19.261Z,448594,phil.martin.research@gmail.com,83177610,"""Santiago - to check""",1
2025-04-24T13:31:19.261Z,448594,phil.martin.research@gmail.com,83177620,"""Santiago - to check""",1
2025-04-24T13:31:19.261Z,448594,phil.martin.research@gmail.com,83177625,"""Santiago - to check""",1
2025-04-24T13:31:19.261Z,448594,phil.martin.research@gmail.com,83177667,"""Santiago - to check""",1
2025-04-24T13:31:19.261Z,448594,phil.martin.research@gmail.com,83177678,"""Santiago - to check""",1
2025-04-24T13:31:19.261Z,448594,phil.martin.research@gmail.com,83177828,"""Santiago - to check""",1
2025-04-24T13:31:19.261Z,448594,phil.martin.research@gmail.com,153485224,"""Santiago - to check""",1
2025-04-24T13:31:19.261Z,448594,phil.martin.research@gmail.com,153485241,"""Santiago - to check""",1
2025-04-24T13:31:19.261Z,448594,phil.martin.research@gmail.com,153485492,"""Santiago - to check""",1
2025-04-24T13:31:19.261Z,448594,phil.martin.research@gmail.com,153485521,"""Santiago - to check""",1
2025-04-24T13:31:19.261Z,448594,phil.martin.research@gmail.com,153485535,"""Santiago - to check""",1
2025-04-24T13:31:19.261Z,448594,phil.martin.research@gmail.com,153485580,"""Santiago - to check""",1
2025-04-24T13:33:00.923Z,448594,phil.martin.research@gmail.com,83177486,"""Jamie - to check""",1
2025-04-24T13:33:00.923Z,448594,phil.martin.research@gmail.com,83177585,"""Jamie - to check""",1
2025-04-24T13:33:00.923Z,448594,phil.martin.research@gmail.com,83177598,"""Jamie - to check""",1
2025-04-24T14:18:18.727Z,448594,phil.martin.research@gmail.com,153486847,"""__EXR__Not about Evidence use""",1
2025-04-24T14:18:18.781Z,448594,phil.martin.research@gmail.com,153486847,included,-1
2025-04-24T15:07:43.104Z,448594,phil.martin.research@gmail.com,153486941,"""__EXR__Not about Evidence use""",1
2025-04-24T15:07:43.122Z,448594,phil.martin.research@gmail.com,153486941,included,-1
2025-04-24T15:26:20.786Z,448594,phil.martin.research@gmail.com,153485360,"""__EXR__Not about conservation""",1
2025-04-24T15:26:20.806Z,448594,phil.martin.research@gmail.com,153485360,included,-1
2025-04-24T16:08:58.746Z,833925,achristi@ic.ac.uk,153486814,included,1
2025-04-24T16:10:38.521Z,833925,achristi@ic.ac.uk,153487375,"""__EXR__Not about factors that influence evidence use""",1
2025-04-24T16:10:38.537Z,833925,achristi@ic.ac.uk,153487375,included,-1
2025-04-25T09:54:52.266Z,817493,sarah.luke@nottingham.ac.uk,153486697,included,1
2025-04-25T10:05:04.323Z,817493,sarah.luke@nottingham.ac.uk,153486743,included,1
2025-04-25T10:08:30.707Z,817493,sarah.luke@nottingham.ac.uk,153486772,"""__EXR__Not about factors that influence evidence use""",1
2025-04-25T10:08:30.723Z,817493,sarah.luke@nottingham.ac.uk,153486772,included,-1
2025-04-25T10:21:18.954Z,817493,sarah.luke@nottingham.ac.uk,153486956,"""__EXR__Not about conservation""",1
2025-04-25T10:21:18.969Z,817493,sarah.luke@nottingham.ac.uk,153486956,included,-1
2025-04-25T15:35:36.218Z,793584,amirmohammadif@gmail.com,83177482,included,1
2025-04-25T15:37:58.067Z,793584,amirmohammadif@gmail.com,83177485,included,-1
2025-04-25T15:39:22.492Z,793584,amirmohammadif@gmail.com,83177486,included,1
2025-04-25T16:08:52.220Z,833925,achristi@ic.ac.uk,153485241,included,1
2025-04-26T13:10:23.239Z,793584,amirmohammadif@gmail.com,83177528,included,-1
2025-04-26T13:10:39.011Z,793584,amirmohammadif@gmail.com,83177529,included,1
2025-04-26T13:11:11.191Z,793584,amirmohammadif@gmail.com,83177585,included,-1
2025-04-26T13:27:18.680Z,793584,amirmohammadif@gmail.com,83177598,included,1
2025-04-26T15:35:27.957Z,793584,amirmohammadif@gmail.com,83177677,included,-1
2025-04-26T15:35:34.120Z,793584,amirmohammadif@gmail.com,83177678,included,1
2025-04-26T15:49:27.899Z,793584,amirmohammadif@gmail.com,83177692,included,1
2025-04-26T15:58:48.764Z,793584,amirmohammadif@gmail.com,83177822,included,1
2025-04-26T15:58:55.012Z,793584,amirmohammadif@gmail.com,83177823,included,1
2025-04-26T15:59:12.931Z,793584,amirmohammadif@gmail.com,83177828,included,1
2025-04-28T10:32:40.106Z,833925,achristi@ic.ac.uk,153486772,"""__EXR__Not about evidence use""",1
2025-04-28T10:32:40.122Z,833925,achristi@ic.ac.uk,153486772,included,-1
2025-04-28T10:34:20.658Z,833925,achristi@ic.ac.uk,153485492,"""__EXR__Not about evidence use""",1
2025-04-28T10:34:20.671Z,833925,achristi@ic.ac.uk,153485492,included,-1
2025-04-28T11:13:51.821Z,833925,achristi@ic.ac.uk,153487686,included,1
2025-04-29T13:20:53.623Z,793584,amirmohammadif@gmail.com,83177610,included,1
2025-04-30T11:44:23.485Z,448594,phil.martin.research@gmail.com,153485443,"""Automatically excluded (Likely to exclude)""",1
2025-04-30T11:44:24.089Z,448594,phil.martin.research@gmail.com,153487680,"""Automatically excluded (Likely to exclude)""",1
2025-04-30T11:44:41.342Z,448594,phil.martin.research@gmail.com,153485443,included,-1
2025-04-30T11:44:41.489Z,448594,phil.martin.research@gmail.com,153487680,included,-1
2025-04-30T11:45:19.791Z,448594,phil.martin.research@gmail.com,153485716,"""Automatically excluded (Most likely to exclude)""",1
2025-04-30T11:45:19.791Z,448594,phil.martin.research@gmail.com,153487557,"""Automatically excluded (Most likely to exclude)""",1
2025-04-30T11:45:31.487Z,448594,phil.martin.research@gmail.com,153485716,included,-1
2025-04-30T11:45:31.487Z,448594,phil.martin.research@gmail.com,153487557,included,-1
2025-04-30T11:46:58.630Z,0,rayyan@rayyan.ai,153485521,"""__SYSTEM__SAMPLE__de73ba8f0f54a708c4e9084ca4fea915_18796""",1
2025-04-30T11:46:59.089Z,0,rayyan@rayyan.ai,83177822,"""__SYSTEM__SAMPLE__de73ba8f0f54a708c4e9084ca4fea915_18796""",1
2025-04-30T11:46:59.122Z,0,rayyan@rayyan.ai,153486373,"""__SYSTEM__SAMPLE__de73ba8f0f54a708c4e9084ca4fea915_18796""",1
2025-04-30T11:46:59.454Z,0,rayyan@rayyan.ai,83177598,"""__SYSTEM__SAMPLE__de73ba8f0f54a708c4e9084ca4fea915_18796""",1
2025-04-30T11:46:59.486Z,0,rayyan@rayyan.ai,153485669,"""__SYSTEM__SAMPLE__de73ba8f0f54a708c4e9084ca4fea915_18796""",1
2025-05-01T15:14:50.734Z,793577,ian.thornhill@manchester.ac.uk,83177598,"""__EXR__Not about conservation""",1
2025-05-01T15:14:50.758Z,793577,ian.thornhill@manchester.ac.uk,83177598,included,-1
2025-05-01T15:17:31.570Z,793577,ian.thornhill@manchester.ac.uk,83177822,"""__EXR__not about conservation""",1
2025-05-01T15:17:31.591Z,793577,ian.thornhill@manchester.ac.uk,83177822,included,-1
2025-05-01T15:25:23.079Z,793577,ian.thornhill@manchester.ac.uk,153485521,"""__EXR__Not about factors that influence evidence use""",1
2025-05-01T15:25:23.101Z,793577,ian.thornhill@manchester.ac.uk,153485521,included,-1
2025-05-01T15:28:07.944Z,793577,ian.thornhill@manchester.ac.uk,153485669,"""__EXR__Not about conservation""",1
2025-05-01T15:28:07.965Z,793577,ian.thornhill@manchester.ac.uk,153485669,included,-1
2025-05-01T15:35:04.510Z,793577,ian.thornhill@manchester.ac.uk,153486373,"""__EXR__not about conservation""",1
2025-05-01T15:35:04.532Z,793577,ian.thornhill@manchester.ac.uk,153486373,included,-1
2025-05-01T19:23:47.987Z,813409,isa.donoso@bc3research.org,83177598,note-12404385,1
2025-05-01T19:23:49.337Z,813409,isa.donoso@bc3research.org,83177598,included,1
2025-05-01T19:25:27.941Z,813409,isa.donoso@bc3research.org,83177625,included,-1
2025-05-01T19:25:44.730Z,813409,isa.donoso@bc3research.org,83177625,included,-1
2025-05-01T19:25:59.758Z,813409,isa.donoso@bc3research.org,83177625,"""not about conservation""",1
2025-05-01T19:33:48.065Z,813409,isa.donoso@bc3research.org,83177667,note-12404557,1
2025-05-01T19:33:54.437Z,813409,isa.donoso@bc3research.org,83177667,included,0
2025-05-01T19:35:30.987Z,813409,isa.donoso@bc3research.org,83177828,"""not about conservation""",1
2025-05-01T19:35:31.794Z,813409,isa.donoso@bc3research.org,83177828,included,-1
2025-05-01T20:45:24.683Z,840700,nick.littlewood@sruc.ac.uk,153487476,included,1
2025-05-02T23:36:43.843Z,809970,ib451@cam.ac.uk,153485580,"""__EXR__Not about conservation""",1
2025-05-02T23:36:43.865Z,809970,ib451@cam.ac.uk,153485580,included,-1
2025-05-03T03:11:07.314Z,809970,ib451@cam.ac.uk,153487683,included,1
2025-05-04T11:55:15.825Z,840759,alvaro.moreno@bc3research.org,153485683,note-12463651,1
2025-05-04T11:55:54.864Z,840759,alvaro.moreno@bc3research.org,153485683,note-12463651,deleted
2025-05-04T12:00:14.456Z,840759,alvaro.moreno@bc3research.org,153485683,note-12463764,1
2025-05-04T12:00:49.717Z,840759,alvaro.moreno@bc3research.org,153485683,note-12463764,deleted
2025-05-04T12:02:11.653Z,840759,alvaro.moreno@bc3research.org,153485683,included,1
2025-05-06T07:31:40.940Z,840756,enaut.martinezdebirgara@bc3research.org,83177598,included,0
2025-05-06T13:08:50.047Z,793584,amirmohammadif@gmail.com,83177625,included,-1
2025-05-06T13:08:52.302Z,793584,amirmohammadif@gmail.com,83177626,included,-1
2025-05-06T13:09:10.553Z,793584,amirmohammadif@gmail.com,83177660,included,-1
2025-05-06T13:09:51.445Z,793584,amirmohammadif@gmail.com,83177667,included,1
2025-05-06T13:22:51.314Z,793584,amirmohammadif@gmail.com,83177766,included,-1
2025-05-06T14:56:41.923Z,793584,amirmohammadif@gmail.com,153485148,included,1
2025-05-06T14:59:25.554Z,793584,amirmohammadif@gmail.com,153485224,included,-1
2025-05-07T10:31:17.974Z,840756,enaut.martinezdebirgara@bc3research.org,83177906,"""__EXR__Not about conservation""",1
2025-05-07T10:31:18.026Z,840756,enaut.martinezdebirgara@bc3research.org,83177906,included,-1
2025-05-07T10:31:18.042Z,840756,enaut.martinezdebirgara@bc3research.org,83177906,"""__EXR__Not about Evidence use""",1
2025-05-07T10:31:18.056Z,840756,enaut.martinezdebirgara@bc3research.org,83177906,included,-1
2025-05-07T10:31:18.071Z,840756,enaut.martinezdebirgara@bc3research.org,83177906,"""__EXR__Not about factors that influence evidence use""",1
2025-05-07T10:31:18.083Z,840756,enaut.martinezdebirgara@bc3research.org,83177906,included,-1
2025-05-07T10:54:26.922Z,840756,enaut.martinezdebirgara@bc3research.org,153485148,"""__EXR__Not about Evidence use""",1
2025-05-07T10:54:26.956Z,840756,enaut.martinezdebirgara@bc3research.org,153485148,included,-1
2025-05-07T10:54:26.976Z,840756,enaut.martinezdebirgara@bc3research.org,153485148,"""__EXR__Not about factors that influence evidence use""",1
2025-05-07T10:54:26.991Z,840756,enaut.martinezdebirgara@bc3research.org,153485148,included,-1
2025-05-07T10:59:06.500Z,840756,enaut.martinezdebirgara@bc3research.org,153485311,"""__EXR__Not about conservation""",1
2025-05-07T10:59:06.525Z,840756,enaut.martinezdebirgara@bc3research.org,153485311,included,-1
2025-05-07T10:59:06.539Z,840756,enaut.martinezdebirgara@bc3research.org,153485311,"""__EXR__Not about factors that influence evidence use""",1
2025-05-07T10:59:06.550Z,840756,enaut.martinezdebirgara@bc3research.org,153485311,included,-1
2025-05-07T11:38:16.746Z,840756,enaut.martinezdebirgara@bc3research.org,153485766,"""__EXR__Not about conservation""",1
2025-05-07T11:38:16.765Z,840756,enaut.martinezdebirgara@bc3research.org,153485766,included,-1
2025-05-07T11:38:16.779Z,840756,enaut.martinezdebirgara@bc3research.org,153485766,"""__EXR__Not about Evidence use""",1
2025-05-07T11:38:16.789Z,840756,enaut.martinezdebirgara@bc3research.org,153485766,included,-1
2025-05-07T11:38:16.803Z,840756,enaut.martinezdebirgara@bc3research.org,153485766,"""__EXR__Not about factors that influence evidence use""",1
2025-05-07T11:38:16.815Z,840756,enaut.martinezdebirgara@bc3research.org,153485766,included,-1
2025-05-07T11:38:16.830Z,840756,enaut.martinezdebirgara@bc3research.org,153485766,"""__EXR__Not about policy or practice""",1
2025-05-07T11:38:16.846Z,840756,enaut.martinezdebirgara@bc3research.org,153485766,included,-1
2025-05-07T12:04:02.467Z,813409,isa.donoso@bc3research.org,153486797,note-12548733,1
2025-05-07T12:04:07.515Z,813409,isa.donoso@bc3research.org,153486797,included,1
2025-05-07T13:22:11.048Z,840759,alvaro.moreno@bc3research.org,153486266,note-12550787,1
2025-05-07T13:23:10.896Z,840759,alvaro.moreno@bc3research.org,153486266,note-12550787,edited
2025-05-07T13:23:21.548Z,840759,alvaro.moreno@bc3research.org,153486266,included,0
2025-05-07T13:42:46.984Z,840759,alvaro.moreno@bc3research.org,153486777,included,1
2025-05-07T14:50:42.067Z,840756,enaut.martinezdebirgara@bc3research.org,153486778,"""__EXR__Not about Evidence use""",1
2025-05-07T14:50:42.133Z,840756,enaut.martinezdebirgara@bc3research.org,153486778,included,-1
2025-05-07T14:50:42.147Z,840756,enaut.martinezdebirgara@bc3research.org,153486778,"""__EXR__Not about factors that influence evidence use""",1
2025-05-07T14:50:42.162Z,840756,enaut.martinezdebirgara@bc3research.org,153486778,included,-1
2025-05-07T14:50:42.185Z,840756,enaut.martinezdebirgara@bc3research.org,153486778,"""__EXR__Not about conservation""",1
2025-05-07T14:50:42.200Z,840756,enaut.martinezdebirgara@bc3research.org,153486778,included,-1
2025-05-07T18:55:50.237Z,840756,enaut.martinezdebirgara@bc3research.org,153485669,"""__EXR__Not about conservation""",1
2025-05-07T18:55:50.256Z,840756,enaut.martinezdebirgara@bc3research.org,153485669,included,-1
2025-05-07T19:02:47.433Z,840756,enaut.martinezdebirgara@bc3research.org,153486285,"""__EXR__Not about Evidence use""",1
2025-05-07T19:02:47.457Z,840756,enaut.martinezdebirgara@bc3research.org,153486285,included,-1
2025-05-07T19:02:47.477Z,840756,enaut.martinezdebirgara@bc3research.org,153486285,"""__EXR__Not about factors that influence evidence use""",1
2025-05-07T19:02:47.494Z,840756,enaut.martinezdebirgara@bc3research.org,153486285,included,-1
2025-05-07T19:04:29.677Z,840756,enaut.martinezdebirgara@bc3research.org,153486310,"""__EXR__Not about Evidence use""",1
2025-05-07T19:04:29.708Z,840756,enaut.martinezdebirgara@bc3research.org,153486310,included,-1
2025-05-07T19:04:29.724Z,840756,enaut.martinezdebirgara@bc3research.org,153486310,"""__EXR__Not about factors that influence evidence use""",1
2025-05-07T19:04:29.736Z,840756,enaut.martinezdebirgara@bc3research.org,153486310,included,-1
2025-05-07T21:27:26.161Z,793584,amirmohammadif@gmail.com,83177620,included,1
2025-05-07T22:02:21.021Z,793584,amirmohammadif@gmail.com,83177670,included,1
2025-05-08T07:12:04.579Z,448594,phil.martin.research@gmail.com,153486266,"""Alvaro - to check""",1
2025-05-08T07:12:22.750Z,448594,phil.martin.research@gmail.com,153485683,"""Alvaro - to check""",1
2025-05-08T07:12:22.750Z,448594,phil.martin.research@gmail.com,153486777,"""Alvaro - to check""",1
2025-05-08T07:13:37.131Z,448594,phil.martin.research@gmail.com,83177598,"""Enaut - to check""",1
2025-05-08T07:13:57.416Z,448594,phil.martin.research@gmail.com,83177906,"""Enaut - to check""",1
2025-05-08T07:13:57.416Z,448594,phil.martin.research@gmail.com,153485148,"""Enaut - to check""",1
2025-05-08T07:13:57.416Z,448594,phil.martin.research@gmail.com,153485311,"""Enaut - to check""",1
2025-05-08T07:13:57.416Z,448594,phil.martin.research@gmail.com,153485669,"""Enaut - to check""",1
2025-05-08T07:13:57.416Z,448594,phil.martin.research@gmail.com,153485766,"""Enaut - to check""",1
2025-05-08T07:13:57.598Z,448594,phil.martin.research@gmail.com,153486285,"""Enaut - to check""",1
2025-05-08T07:13:57.598Z,448594,phil.martin.research@gmail.com,153486310,"""Enaut - to check""",1
2025-05-08T07:13:57.598Z,448594,phil.martin.research@gmail.com,153486778,"""Enaut - to check""",1
2025-05-08T07:15:07.645Z,448594,phil.martin.research@gmail.com,83177625,"""Isa - to check""",1
2025-05-08T07:15:07.645Z,448594,phil.martin.research@gmail.com,83177828,"""Isa - to check""",1
2025-05-08T07:15:25.974Z,448594,phil.martin.research@gmail.com,83177667,"""Isa - to check""",1
2025-05-08T07:15:50.502Z,448594,phil.martin.research@gmail.com,83177598,"""Isa - to check""",1
2025-05-08T07:15:50.502Z,448594,phil.martin.research@gmail.com,153486797,"""Isa - to check""",1
2025-05-08T07:18:24.181Z,448594,phil.martin.research@gmail.com,83177598,included,0
2025-05-08T07:20:08.025Z,448594,phil.martin.research@gmail.com,83177625,"""__EXR__Not about conservation""",1
2025-05-08T07:20:08.036Z,448594,phil.martin.research@gmail.com,83177625,included,-1
2025-05-08T07:20:34.628Z,448594,phil.martin.research@gmail.com,83177667,"""__EXR__Not about conservation""",1
2025-05-08T07:20:34.644Z,448594,phil.martin.research@gmail.com,83177667,included,-1
2025-05-08T07:21:31.886Z,448594,phil.martin.research@gmail.com,83177828,"""__EXR__Not about conservation""",1
2025-05-08T07:21:31.902Z,448594,phil.martin.research@gmail.com,83177828,included,-1
2025-05-08T07:26:53.796Z,448594,phil.martin.research@gmail.com,153486797,included,1
2025-05-08T08:07:36.974Z,840756,enaut.martinezdebirgara@bc3research.org,83177598,note-12567579,1
2025-05-08T12:18:17.053Z,448594,phil.martin.research@gmail.com,153486777,"""__EXR__Not about evidence use""",1
2025-05-08T12:18:17.073Z,448594,phil.martin.research@gmail.com,153486777,included,-1
2025-05-08T12:24:06.382Z,448594,phil.martin.research@gmail.com,153486266,"""__EXR__Not about evidence use""",1
2025-05-08T12:24:06.408Z,448594,phil.martin.research@gmail.com,153486266,included,-1
2025-05-08T12:31:19.135Z,448594,phil.martin.research@gmail.com,153485683,"""__EXR__Not about evidence use""",1
2025-05-08T12:31:19.149Z,448594,phil.martin.research@gmail.com,153485683,included,-1
2025-05-08T12:59:29.599Z,448594,phil.martin.research@gmail.com,153486778,"""__EXR__Not about conservation""",1
2025-05-08T12:59:29.615Z,448594,phil.martin.research@gmail.com,153486778,included,-1
2025-05-08T13:03:51.548Z,448594,phil.martin.research@gmail.com,153485148,"""__EXR__Not about evidence use""",1
2025-05-08T13:03:51.565Z,448594,phil.martin.research@gmail.com,153485148,included,-1
2025-05-08T13:04:10.477Z,448594,phil.martin.research@gmail.com,153485669,"""__EXR__Not about conservation""",1
2025-05-08T13:04:10.493Z,448594,phil.martin.research@gmail.com,153485669,included,-1
2025-05-08T13:07:24.901Z,448594,phil.martin.research@gmail.com,153486285,"""__EXR__Not about conservation""",1
2025-05-08T13:07:24.918Z,448594,phil.martin.research@gmail.com,153486285,included,-1
2025-05-08T13:12:05.892Z,448594,phil.martin.research@gmail.com,153485311,"""__EXR__Not about conservation""",1
2025-05-08T13:12:05.906Z,448594,phil.martin.research@gmail.com,153485311,included,-1
2025-05-08T13:22:38.920Z,448594,phil.martin.research@gmail.com,153485766,"""__EXR__Not about conservation""",1
2025-05-08T13:22:38.959Z,448594,phil.martin.research@gmail.com,153485766,included,-1
2025-05-08T13:26:28.127Z,448594,phil.martin.research@gmail.com,153486310,included,0
2025-05-08T13:32:15.558Z,448594,phil.martin.research@gmail.com,83177906,"""__EXR__Not about factors that influence evidence use""",1
2025-05-08T13:32:15.571Z,448594,phil.martin.research@gmail.com,83177906,included,-1
2025-05-08T15:02:09.611Z,448594,phil.martin.research@gmail.com,83177598,included,-1
2025-05-08T15:13:01.409Z,448594,phil.martin.research@gmail.com,153486310,included,1
2025-05-08T20:32:11.885Z,793584,amirmohammadif@gmail.com,153485336,included,-1
2025-05-08T20:32:23.252Z,793584,amirmohammadif@gmail.com,153485336,included,1
2025-05-08T21:28:13.608Z,793584,amirmohammadif@gmail.com,153485241,included,-1
2025-05-08T21:38:20.753Z,793584,amirmohammadif@gmail.com,153485296,included,-1
2025-05-08T21:39:32.739Z,793584,amirmohammadif@gmail.com,153485311,included,-1
2025-05-08T21:39:59.227Z,793584,amirmohammadif@gmail.com,153485320,included,-1
2025-05-08T21:45:10.699Z,793584,amirmohammadif@gmail.com,153485485,included,-1
2025-05-08T21:45:28.108Z,793584,amirmohammadif@gmail.com,153485492,included,1
2025-05-08T21:50:40.446Z,793584,amirmohammadif@gmail.com,153485716,included,-1
2025-05-08T21:50:47.011Z,793584,amirmohammadif@gmail.com,153485720,included,1
2025-05-08T21:51:47.725Z,793584,amirmohammadif@gmail.com,153485748,included,1
2025-05-08T21:52:33.704Z,793584,amirmohammadif@gmail.com,153485803,included,1
2025-05-09T07:51:06.608Z,448594,phil.martin.research@gmail.com,83177585,"""__EXR__Not about conservation""",1
2025-05-09T07:51:06.654Z,448594,phil.martin.research@gmail.com,83177585,included,-1
2025-05-09T08:10:10.911Z,448594,phil.martin.research@gmail.com,153485577,"""__EXR__Not about evidence use""",1
2025-05-09T08:10:10.931Z,448594,phil.martin.research@gmail.com,153485577,included,-1
2025-05-09T08:12:54.815Z,448594,phil.martin.research@gmail.com,153486448,included,1
2025-05-09T08:50:47.308Z,448594,phil.martin.research@gmail.com,153486250,"""__EXR__Not about policy or practice""",1
2025-05-09T08:50:47.323Z,448594,phil.martin.research@gmail.com,153486250,included,-1
2025-05-09T08:53:22.461Z,448594,phil.martin.research@gmail.com,83177677,"""__EXR__Not about conservation""",1
2025-05-09T08:53:22.476Z,448594,phil.martin.research@gmail.com,83177677,included,-1
2025-05-09T09:14:30.546Z,448594,phil.martin.research@gmail.com,83177626,"""__EXR__Not about evidence use""",1
2025-05-09T09:14:30.558Z,448594,phil.martin.research@gmail.com,83177626,included,-1
2025-05-09T09:34:50.091Z,448594,phil.martin.research@gmail.com,153486262,"""__EXR__Not about conservation""",1
2025-05-09T09:34:50.111Z,448594,phil.martin.research@gmail.com,153486262,included,-1
2025-05-09T09:55:00.128Z,448594,phil.martin.research@gmail.com,153487609,"""__EXR__Not about evidence use""",1
2025-05-09T09:55:00.146Z,448594,phil.martin.research@gmail.com,153487609,included,-1
2025-05-09T09:58:34.872Z,448594,phil.martin.research@gmail.com,153485296,"""__EXR__Not about conservation""",1
2025-05-09T09:58:34.890Z,448594,phil.martin.research@gmail.com,153485296,included,-1
2025-05-11T07:31:39.067Z,793584,amirmohammadif@gmail.com,153485703,included,1
2025-05-11T07:36:04.416Z,793584,amirmohammadif@gmail.com,153485779,included,-1
2025-05-11T07:41:47.889Z,793584,amirmohammadif@gmail.com,153486195,included,-1
2025-05-12T19:55:42.450Z,793584,amirmohammadif@gmail.com,153485535,included,-1
2025-05-12T19:55:56.052Z,793584,amirmohammadif@gmail.com,153485537,included,-1
2025-05-12T19:57:05.901Z,793584,amirmohammadif@gmail.com,153485615,included,-1
2025-05-12T19:57:45.342Z,793584,amirmohammadif@gmail.com,153485669,included,-1
2025-05-12T20:00:00.853Z,793584,amirmohammadif@gmail.com,153485702,included,-1
2025-05-12T20:00:21.828Z,793584,amirmohammadif@gmail.com,153485752,included,1
2025-05-14T19:30:24.364Z,793586,ake@ceh.ac.uk,153485485,"""__EXR__Not about conservation""",1
2025-05-14T19:30:24.403Z,793586,ake@ceh.ac.uk,153485485,included,-1
2025-05-17T05:44:25.880Z,448594,phil.martin.research@gmail.com,83177822,"""__EXR__Not about factors that influence evidence use""",1
2025-05-17T05:44:25.908Z,448594,phil.martin.research@gmail.com,83177822,included,-1
2025-05-17T06:05:38.411Z,448594,phil.martin.research@gmail.com,83177598,"""Ian - to check""",1
2025-05-17T06:05:38.411Z,448594,phil.martin.research@gmail.com,83177822,"""Ian - to check""",1
2025-05-17T06:05:38.411Z,448594,phil.martin.research@gmail.com,153485521,"""Ian - to check""",1
2025-05-17T06:05:38.411Z,448594,phil.martin.research@gmail.com,153485669,"""Ian - to check""",1
2025-05-17T06:05:38.411Z,448594,phil.martin.research@gmail.com,153486373,"""Ian - to check""",1
2025-05-17T06:11:49.645Z,448594,phil.martin.research@gmail.com,153486373,included,1
2025-05-21T14:34:16.964Z,793584,amirmohammadif@gmail.com,153485360,included,-1
2025-05-21T14:36:17.797Z,793584,amirmohammadif@gmail.com,153485443,included,-1
2025-05-21T15:14:26.592Z,793584,amirmohammadif@gmail.com,153485577,included,1
2025-05-21T15:17:00.750Z,793584,amirmohammadif@gmail.com,153485580,included,-1
2025-05-21T15:19:07.507Z,793584,amirmohammadif@gmail.com,153485766,included,-1
2025-05-21T15:43:14.624Z,793584,amirmohammadif@gmail.com,153486246,included,-1
2025-05-21T15:44:43.654Z,793584,amirmohammadif@gmail.com,153486250,included,-1
2025-05-21T15:45:06.863Z,793584,amirmohammadif@gmail.com,153486262,included,-1
2025-05-21T15:45:24.291Z,793584,amirmohammadif@gmail.com,153486266,included,-1
2025-05-21T15:49:13.265Z,793584,amirmohammadif@gmail.com,153486310,included,-1
2025-05-23T18:22:37.310Z,793584,amirmohammadif@gmail.com,153485521,included,-1
2025-05-23T18:37:01.086Z,793584,amirmohammadif@gmail.com,153485683,included,-1
2025-05-23T19:39:56.861Z,793584,amirmohammadif@gmail.com,153486285,included,-1
2025-05-23T19:46:15.021Z,793584,amirmohammadif@gmail.com,153486373,included,-1
2025-05-23T19:46:29.330Z,793584,amirmohammadif@gmail.com,153486381,included,-1
2025-05-23T19:48:55.675Z,793584,amirmohammadif@gmail.com,153486420,included,-1
2025-05-23T19:48:57.168Z,793584,amirmohammadif@gmail.com,153486421,included,-1
2025-05-23T19:49:23.565Z,793584,amirmohammadif@gmail.com,153486423,included,1
2025-05-23T19:50:16.055Z,793584,amirmohammadif@gmail.com,153486454,included,-1
2025-05-23T20:54:51.256Z,793584,amirmohammadif@gmail.com,153486713,included,-1
2025-05-23T20:56:15.855Z,793584,amirmohammadif@gmail.com,153486739,included,-1
2025-05-23T20:56:25.634Z,793584,amirmohammadif@gmail.com,153486743,included,1
2025-05-23T21:03:29.355Z,793584,amirmohammadif@gmail.com,153486797,included,1
2025-05-23T21:03:51.519Z,793584,amirmohammadif@gmail.com,153486827,included,-1
2025-05-23T21:17:45.342Z,793584,amirmohammadif@gmail.com,153486941,included,-1
2025-05-23T21:18:33.980Z,793584,amirmohammadif@gmail.com,153486956,included,-1
2025-05-25T17:48:28.993Z,315143,matthew.grainger@nina.no,153485492,"""__EXR__Not about conservation""",1
2025-05-25T17:48:29.008Z,315143,matthew.grainger@nina.no,153485492,included,-1
2025-05-25T18:01:50.173Z,315143,matthew.grainger@nina.no,153486195,"""__EXR__Not about conservation""",1
2025-05-25T18:01:50.192Z,315143,matthew.grainger@nina.no,153486195,included,-1
2025-05-25T19:21:42.284Z,315143,matthew.grainger@nina.no,153486373,"""__EXR__Not about conservation""",1
2025-05-25T19:21:42.306Z,315143,matthew.grainger@nina.no,153486373,included,-1
2025-05-26T19:09:51.236Z,793584,amirmohammadif@gmail.com,153486339,included,-1
2025-05-26T19:28:18.356Z,793584,amirmohammadif@gmail.com,153486399,included,1
2025-05-26T19:40:27.874Z,793584,amirmohammadif@gmail.com,153486406,included,-1
2025-05-26T20:22:29.301Z,793584,amirmohammadif@gmail.com,153486697,included,1
2025-05-26T20:23:25.350Z,793584,amirmohammadif@gmail.com,153486806,included,1
2025-05-26T20:23:41.743Z,793584,amirmohammadif@gmail.com,153486814,included,-1
2025-05-26T20:23:48.463Z,793584,amirmohammadif@gmail.com,153486814,included,1
2025-05-26T20:25:20.141Z,793584,amirmohammadif@gmail.com,153486933,included,1
2025-06-11T14:19:50.293Z,448594,phil.martin.research@gmail.com,153485521,"""__EXR__Not about evidence use""",1
2025-06-11T14:19:50.306Z,448594,phil.martin.research@gmail.com,153485521,included,-1
2025-06-12T07:38:26.869Z,448594,phil.martin.research@gmail.com,83177486,"""__EXR__Not about conservation""",1
2025-06-12T07:38:26.914Z,448594,phil.martin.research@gmail.com,83177486,included,-1
2025-06-12T09:45:47.782Z,448594,phil.martin.research@gmail.com,83177421,"""Santiago - to check""",1
2025-06-12T09:45:47.782Z,448594,phil.martin.research@gmail.com,83177423,"""Santiago - to check""",1
2025-06-12T09:45:47.782Z,448594,phil.martin.research@gmail.com,83177458,"""Santiago - to check""",1
2025-06-12T09:45:47.782Z,448594,phil.martin.research@gmail.com,83177466,"""Santiago - to check""",1
2025-06-12T09:45:47.782Z,448594,phil.martin.research@gmail.com,153485148,"""Santiago - to check""",1
2025-06-12T09:46:01.171Z,448594,phil.martin.research@gmail.com,83177465,"""Santiago - to check""",1
2025-06-12T09:46:01.171Z,448594,phil.martin.research@gmail.com,83177554,"""Santiago - to check""",1
2025-06-12T09:46:01.313Z,448594,phil.martin.research@gmail.com,83177598,"""Santiago - to check""",1
2025-06-12T09:46:01.313Z,448594,phil.martin.research@gmail.com,83177610,"""Santiago - to check""",1
2025-06-12T09:46:01.313Z,448594,phil.martin.research@gmail.com,83177620,"""Santiago - to check""",1
2025-06-12T09:46:01.313Z,448594,phil.martin.research@gmail.com,83177625,"""Santiago - to check""",1
2025-06-12T09:46:01.313Z,448594,phil.martin.research@gmail.com,83177667,"""Santiago - to check""",1
2025-06-12T09:46:01.313Z,448594,phil.martin.research@gmail.com,83177678,"""Santiago - to check""",1
2025-06-12T09:46:01.313Z,448594,phil.martin.research@gmail.com,83177828,"""Santiago - to check""",1
2025-06-12T09:46:01.444Z,448594,phil.martin.research@gmail.com,153485224,"""Santiago - to check""",1
2025-06-12T09:46:01.444Z,448594,phil.martin.research@gmail.com,153485241,"""Santiago - to check""",1
2025-06-12T09:46:01.444Z,448594,phil.martin.research@gmail.com,153485492,"""Santiago - to check""",1
2025-06-12T09:46:01.444Z,448594,phil.martin.research@gmail.com,153485521,"""Santiago - to check""",1
2025-06-12T09:46:01.444Z,448594,phil.martin.research@gmail.com,153485535,"""Santiago - to check""",1
2025-06-12T09:46:01.444Z,448594,phil.martin.research@gmail.com,153485580,"""Santiago - to check""",1
2025-06-12T09:46:12.020Z,448594,phil.martin.research@gmail.com,153485537,"""Santiago - to check""",1
2025-06-12T11:12:00.302Z,448594,phil.martin.research@gmail.com,153487476,"""Nick - to check""",1
2025-06-12T11:12:27.761Z,448594,phil.martin.research@gmail.com,153485360,"""Nick - to check""",1
2025-06-12T11:12:27.866Z,448594,phil.martin.research@gmail.com,153486847,"""Nick - to check""",1
2025-06-12T11:12:27.866Z,448594,phil.martin.research@gmail.com,153486941,"""Nick - to check""",1
2025-06-12T12:33:38.287Z,793581,santip1320@gmail.com,83177449,included,0
2025-06-12T12:33:47.206Z,793581,santip1320@gmail.com,83177449,note-13451223,1
2025-06-12T12:34:56.220Z,793581,santip1320@gmail.com,83177482,note-13451254,1
2025-06-12T12:35:02.277Z,793581,santip1320@gmail.com,83177482,included,-1
2025-06-12T12:35:28.264Z,793581,santip1320@gmail.com,83177485,included,-1
2025-06-12T12:35:46.508Z,793581,santip1320@gmail.com,83177486,included,-1
2025-06-12T12:36:34.433Z,793581,santip1320@gmail.com,83177528,note-13451291,1
2025-06-12T12:36:38.551Z,793581,santip1320@gmail.com,83177528,included,-1
2025-06-12T12:38:23.829Z,793581,santip1320@gmail.com,83177529,note-13451337,1
2025-06-12T12:38:27.494Z,793581,santip1320@gmail.com,83177529,included,0
2025-06-12T12:38:49.918Z,793581,santip1320@gmail.com,83177545,included,-1
2025-06-12T12:39:10.709Z,793581,santip1320@gmail.com,83177585,included,-1
2025-06-12T12:39:29.870Z,793581,santip1320@gmail.com,83177626,included,-1
2025-06-12T12:39:42.942Z,793581,santip1320@gmail.com,83177660,included,-1
2025-06-12T12:39:55.980Z,793581,santip1320@gmail.com,83177670,included,-1
2025-06-12T12:40:37.786Z,793581,santip1320@gmail.com,83177677,note-13451399,1
2025-06-12T12:40:40.948Z,793581,santip1320@gmail.com,83177677,included,-1
2025-06-12T12:40:50.654Z,793581,santip1320@gmail.com,83177692,included,-1
2025-06-12T12:40:55.727Z,793581,santip1320@gmail.com,83177766,included,-1
2025-06-12T12:41:08.322Z,793581,santip1320@gmail.com,83177797,included,-1
2025-06-12T12:41:49.129Z,793581,santip1320@gmail.com,83177822,included,-1
2025-06-12T12:42:02.894Z,793581,santip1320@gmail.com,83177823,included,-1
2025-06-12T12:42:31.146Z,793581,santip1320@gmail.com,83177853,included,-1
2025-06-12T12:42:40.042Z,793581,santip1320@gmail.com,83177903,included,-1
2025-06-12T12:42:47.403Z,793581,santip1320@gmail.com,83177906,included,-1
2025-06-12T12:43:02.024Z,793581,santip1320@gmail.com,153485296,included,-1
2025-06-12T12:43:16.526Z,793581,santip1320@gmail.com,153485311,included,-1
2025-06-12T12:44:15.981Z,793581,santip1320@gmail.com,153485320,included,1
2025-06-12T12:45:30.090Z,793581,santip1320@gmail.com,153485336,note-13451539,1
2025-06-12T12:45:33.154Z,793581,santip1320@gmail.com,153485336,included,1
2025-06-12T12:45:42.064Z,793581,santip1320@gmail.com,153485360,included,-1
2025-06-12T12:45:57.905Z,793581,santip1320@gmail.com,153485443,included,-1
2025-06-12T12:46:14.675Z,793581,santip1320@gmail.com,153485485,included,-1
2025-06-12T12:46:34.805Z,793581,santip1320@gmail.com,153485577,included,1
2025-06-12T12:47:10.213Z,793581,santip1320@gmail.com,153485615,note-13451585,1
2025-06-12T12:47:15.715Z,793581,santip1320@gmail.com,153485615,included,0
2025-06-12T12:47:22.059Z,793581,santip1320@gmail.com,153485669,included,-1
2025-06-12T12:48:41.847Z,793581,santip1320@gmail.com,153485683,note-13451622,1
2025-06-12T12:48:46.736Z,793581,santip1320@gmail.com,153485683,included,0
2025-06-12T12:49:37.273Z,793581,santip1320@gmail.com,153485702,included,1
2025-06-12T12:49:52.072Z,793581,santip1320@gmail.com,153485703,included,-1
2025-06-12T12:50:41.770Z,793581,santip1320@gmail.com,153485716,note-13451674,1
2025-06-12T12:50:44.325Z,793581,santip1320@gmail.com,153485716,included,-1
2025-06-12T12:51:38.048Z,793581,santip1320@gmail.com,153485720,included,0
2025-06-12T12:51:52.546Z,793581,santip1320@gmail.com,153485748,included,1
2025-06-12T12:52:31.556Z,793581,santip1320@gmail.com,153485752,included,1
2025-06-12T12:53:04.151Z,793581,santip1320@gmail.com,153485766,included,-1
2025-06-12T12:53:08.780Z,793581,santip1320@gmail.com,153485779,included,-1
2025-06-12T12:53:45.979Z,793581,santip1320@gmail.com,153485803,included,1
2025-06-12T12:54:03.101Z,793581,santip1320@gmail.com,153486195,included,-1
2025-06-12T12:54:27.061Z,793581,santip1320@gmail.com,153486246,included,-1
2025-06-12T12:55:12.182Z,793581,santip1320@gmail.com,153486250,included,1
2025-06-12T12:55:33.348Z,793581,santip1320@gmail.com,153486262,included,-1
2025-06-12T12:56:39.575Z,793581,santip1320@gmail.com,153486266,note-13451808,1
2025-06-12T12:56:41.946Z,793581,santip1320@gmail.com,153486266,included,1
2025-06-12T12:58:13.998Z,793581,santip1320@gmail.com,153486285,included,-1
2025-06-12T12:58:34.599Z,793581,santip1320@gmail.com,153486310,included,-1
2025-06-12T12:59:10.946Z,793581,santip1320@gmail.com,153486327,included,-1
2025-06-12T12:59:21.156Z,793581,santip1320@gmail.com,153486339,included,1
2025-06-12T13:00:04.837Z,793581,santip1320@gmail.com,153486362,included,1
2025-06-12T13:00:58.590Z,793581,santip1320@gmail.com,153486373,note-13451927,1
2025-06-12T13:01:00.086Z,793581,santip1320@gmail.com,153486373,included,1
2025-06-12T13:07:45.545Z,793581,santip1320@gmail.com,153486381,included,1
2025-06-12T13:07:55.534Z,793581,santip1320@gmail.com,153486399,included,1
2025-06-12T13:08:34.347Z,793581,santip1320@gmail.com,153486406,note-13452133,1
2025-06-12T13:08:36.138Z,793581,santip1320@gmail.com,153486406,included,-1
2025-06-12T13:09:17.565Z,793581,santip1320@gmail.com,153486420,included,1
2025-06-12T13:09:43.497Z,793581,santip1320@gmail.com,153486421,included,1
2025-06-12T13:10:45.744Z,793581,santip1320@gmail.com,153486423,included,1
2025-06-12T13:10:50.742Z,793581,santip1320@gmail.com,153486446,included,1
2025-06-12T13:11:02.492Z,793581,santip1320@gmail.com,153486448,included,1
2025-06-12T13:11:12.699Z,793581,santip1320@gmail.com,153486454,included,1
2025-06-12T13:11:20.992Z,793581,santip1320@gmail.com,153486697,included,1
2025-06-12T13:12:01.326Z,793581,santip1320@gmail.com,153486713,included,1
2025-06-12T13:12:40.531Z,793581,santip1320@gmail.com,153486729,included,1
2025-06-12T13:13:19.877Z,793581,santip1320@gmail.com,153486739,included,1
2025-06-12T13:14:03.258Z,793581,santip1320@gmail.com,153486743,included,1
2025-06-12T13:14:23.913Z,793581,santip1320@gmail.com,153486769,included,1
2025-06-12T13:15:03.394Z,793581,santip1320@gmail.com,153486772,note-13452405,1
2025-06-12T13:15:05.232Z,793581,santip1320@gmail.com,153486772,included,0
2025-06-12T13:15:39.297Z,793581,santip1320@gmail.com,153486776,included,0
2025-06-12T13:16:26.355Z,793581,santip1320@gmail.com,153486776,note-13452475,1
2025-06-12T13:17:51.350Z,793581,santip1320@gmail.com,153486777,note-13452542,1
2025-06-12T13:17:53.706Z,793581,santip1320@gmail.com,153486777,included,0
2025-06-12T13:18:11.334Z,793581,santip1320@gmail.com,153486778,included,-1
2025-06-12T13:20:11.475Z,793581,santip1320@gmail.com,153486797,included,0
2025-06-12T13:20:19.190Z,793581,santip1320@gmail.com,153486797,note-13452638,1
2025-06-12T13:20:48.498Z,793581,santip1320@gmail.com,153486806,included,1
2025-06-12T13:20:55.365Z,793581,santip1320@gmail.com,153486814,included,1
2025-06-12T13:21:11.355Z,793581,santip1320@gmail.com,153486827,included,1
2025-06-12T13:22:13.594Z,793581,santip1320@gmail.com,153486844,note-13452706,1
2025-06-12T13:22:15.894Z,793581,santip1320@gmail.com,153486844,included,0
2025-06-12T13:23:41.179Z,793581,santip1320@gmail.com,153486847,included,1
2025-06-12T13:24:49.977Z,793581,santip1320@gmail.com,153486933,included,1
2025-06-12T13:26:34.132Z,793581,santip1320@gmail.com,153486941,note-13452831,1
2025-06-12T13:26:36.538Z,793581,santip1320@gmail.com,153486941,included,0
2025-06-12T13:26:46.828Z,793581,santip1320@gmail.com,153486956,included,-1
2025-06-12T13:27:12.273Z,793581,santip1320@gmail.com,153486972,included,-1
2025-06-12T13:27:36.839Z,793581,santip1320@gmail.com,153487375,included,1
2025-06-12T13:28:29.495Z,793581,santip1320@gmail.com,153487405,included,1
2025-06-12T13:28:38.620Z,793581,santip1320@gmail.com,153487476,included,1
2025-06-12T13:29:04.736Z,793581,santip1320@gmail.com,153487482,included,-1
2025-06-12T13:30:05.173Z,793581,santip1320@gmail.com,153487485,included,1
2025-06-12T13:31:00.347Z,793581,santip1320@gmail.com,153487489,included,1
2025-06-12T13:31:21.195Z,793581,santip1320@gmail.com,153487528,included,-1
2025-06-12T13:31:25.830Z,793581,santip1320@gmail.com,153487557,included,-1
2025-06-12T13:32:21.187Z,793581,santip1320@gmail.com,153487563,included,1
2025-06-12T13:32:33.306Z,793581,santip1320@gmail.com,153487566,included,-1
2025-06-12T13:33:35.477Z,793581,santip1320@gmail.com,153487567,included,1
2025-06-12T13:35:14.032Z,793581,santip1320@gmail.com,153487604,included,1
2025-06-12T13:35:44.670Z,793581,santip1320@gmail.com,153487609,included,1
2025-06-12T13:36:12.176Z,793581,santip1320@gmail.com,153487617,included,1
2025-06-12T13:36:31.248Z,793581,santip1320@gmail.com,153487646,included,-1
2025-06-12T13:36:38.111Z,793581,santip1320@gmail.com,153487662,included,-1
2025-06-12T13:36:54.045Z,793581,santip1320@gmail.com,153487680,included,-1
2025-06-12T13:37:08.413Z,793581,santip1320@gmail.com,153487683,included,1
2025-06-12T13:38:10.455Z,793581,santip1320@gmail.com,153487686,note-13453243,1
2025-06-12T13:38:12.703Z,793581,santip1320@gmail.com,153487686,included,0
2025-06-12T13:38:45.251Z,793581,santip1320@gmail.com,153487698,included,-1
2025-06-12T14:45:50.051Z,448594,phil.martin.research@gmail.com,83177610,"""Santiago - to check""",deleted
2025-06-12T14:45:50.051Z,448594,phil.martin.research@gmail.com,83177620,"""Santiago - to check""",deleted
2025-06-12T14:45:50.051Z,448594,phil.martin.research@gmail.com,83177678,"""Santiago - to check""",deleted
2025-06-12T14:45:50.454Z,448594,phil.martin.research@gmail.com,153485224,"""Santiago - to check""",deleted
2025-06-12T14:45:50.454Z,448594,phil.martin.research@gmail.com,153485241,"""Santiago - to check""",deleted
2025-06-12T14:45:50.454Z,448594,phil.martin.research@gmail.com,153485492,"""Santiago - to check""",deleted
2025-06-12T14:45:50.454Z,448594,phil.martin.research@gmail.com,153485535,"""Santiago - to check""",deleted
2025-06-12T14:45:50.454Z,448594,phil.martin.research@gmail.com,153485537,"""Santiago - to check""",deleted
2025-06-12T14:45:50.454Z,448594,phil.martin.research@gmail.com,153485580,"""Santiago - to check""",deleted
2025-06-12T14:46:08.970Z,448594,phil.martin.research@gmail.com,83177421,"""Santiago - to check""",deleted
2025-06-12T14:46:08.970Z,448594,phil.martin.research@gmail.com,83177423,"""Santiago - to check""",deleted
2025-06-12T14:46:08.970Z,448594,phil.martin.research@gmail.com,83177458,"""Santiago - to check""",deleted
2025-06-12T14:46:08.970Z,448594,phil.martin.research@gmail.com,83177465,"""Santiago - to check""",deleted
2025-06-12T14:46:08.970Z,448594,phil.martin.research@gmail.com,83177466,"""Santiago - to check""",deleted
2025-06-12T14:46:09.113Z,448594,phil.martin.research@gmail.com,83177554,"""Santiago - to check""",deleted
2025-06-12T14:46:09.113Z,448594,phil.martin.research@gmail.com,83177598,"""Santiago - to check""",deleted
2025-06-12T14:46:09.113Z,448594,phil.martin.research@gmail.com,83177625,"""Santiago - to check""",deleted
2025-06-12T14:46:09.113Z,448594,phil.martin.research@gmail.com,83177667,"""Santiago - to check""",deleted
2025-06-12T14:46:09.113Z,448594,phil.martin.research@gmail.com,83177828,"""Santiago - to check""",deleted
2025-06-12T14:46:09.113Z,448594,phil.martin.research@gmail.com,153485148,"""Santiago - to check""",deleted
2025-06-12T14:46:09.244Z,448594,phil.martin.research@gmail.com,153485521,"""Santiago - to check""",deleted
2025-06-12T14:48:22.151Z,448594,phil.martin.research@gmail.com,83177421,"""Santiago - to check""",1
2025-06-12T14:48:22.151Z,448594,phil.martin.research@gmail.com,83177423,"""Santiago - to check""",1
2025-06-12T14:48:22.151Z,448594,phil.martin.research@gmail.com,83177458,"""Santiago - to check""",1
2025-06-12T14:48:22.151Z,448594,phil.martin.research@gmail.com,83177466,"""Santiago - to check""",1
2025-06-12T14:48:22.151Z,448594,phil.martin.research@gmail.com,153485148,"""Santiago - to check""",1
2025-06-12T14:48:22.151Z,448594,phil.martin.research@gmail.com,153485320,"""Santiago - to check""",1
2025-06-12T14:48:22.151Z,448594,phil.martin.research@gmail.com,153485336,"""Santiago - to check""",1
2025-06-12T14:48:22.151Z,448594,phil.martin.research@gmail.com,153485577,"""Santiago - to check""",1
2025-06-12T14:48:22.151Z,448594,phil.martin.research@gmail.com,153485702,"""Santiago - to check""",1
2025-06-12T14:48:22.151Z,448594,phil.martin.research@gmail.com,153485748,"""Santiago - to check""",1
2025-06-12T14:48:22.151Z,448594,phil.martin.research@gmail.com,153485752,"""Santiago - to check""",1
2025-06-12T14:48:22.151Z,448594,phil.martin.research@gmail.com,153485803,"""Santiago - to check""",1
2025-06-12T14:48:22.151Z,448594,phil.martin.research@gmail.com,153486250,"""Santiago - to check""",1
2025-06-12T14:48:22.151Z,448594,phil.martin.research@gmail.com,153486266,"""Santiago - to check""",1
2025-06-12T14:48:22.151Z,448594,phil.martin.research@gmail.com,153486339,"""Santiago - to check""",1
2025-06-12T14:48:22.151Z,448594,phil.martin.research@gmail.com,153486362,"""Santiago - to check""",1
2025-06-12T14:48:22.151Z,448594,phil.martin.research@gmail.com,153486373,"""Santiago - to check""",1
2025-06-12T14:48:22.151Z,448594,phil.martin.research@gmail.com,153486381,"""Santiago - to check""",1
2025-06-12T14:48:22.151Z,448594,phil.martin.research@gmail.com,153486399,"""Santiago - to check""",1
2025-06-12T14:48:22.151Z,448594,phil.martin.research@gmail.com,153486420,"""Santiago - to check""",1
2025-06-12T14:48:22.151Z,448594,phil.martin.research@gmail.com,153486421,"""Santiago - to check""",1
2025-06-12T14:48:22.151Z,448594,phil.martin.research@gmail.com,153486423,"""Santiago - to check""",1
2025-06-12T14:48:22.151Z,448594,phil.martin.research@gmail.com,153486446,"""Santiago - to check""",1
2025-06-12T14:48:22.151Z,448594,phil.martin.research@gmail.com,153486448,"""Santiago - to check""",1
2025-06-12T14:48:22.151Z,448594,phil.martin.research@gmail.com,153486454,"""Santiago - to check""",1
2025-06-12T14:48:22.151Z,448594,phil.martin.research@gmail.com,153486697,"""Santiago - to check""",1
2025-06-12T14:48:22.151Z,448594,phil.martin.research@gmail.com,153486713,"""Santiago - to check""",1
2025-06-12T14:48:22.151Z,448594,phil.martin.research@gmail.com,153486729,"""Santiago - to check""",1
2025-06-12T14:48:22.151Z,448594,phil.martin.research@gmail.com,153486739,"""Santiago - to check""",1
2025-06-12T14:48:22.151Z,448594,phil.martin.research@gmail.com,153486743,"""Santiago - to check""",1
2025-06-12T14:48:22.151Z,448594,phil.martin.research@gmail.com,153486769,"""Santiago - to check""",1
2025-06-12T14:48:22.151Z,448594,phil.martin.research@gmail.com,153486806,"""Santiago - to check""",1
2025-06-12T14:48:22.151Z,448594,phil.martin.research@gmail.com,153486814,"""Santiago - to check""",1
2025-06-12T14:48:22.151Z,448594,phil.martin.research@gmail.com,153486827,"""Santiago - to check""",1
2025-06-12T14:48:22.151Z,448594,phil.martin.research@gmail.com,153486847,"""Santiago - to check""",1
2025-06-12T14:48:22.151Z,448594,phil.martin.research@gmail.com,153486933,"""Santiago - to check""",1
2025-06-12T14:48:22.151Z,448594,phil.martin.research@gmail.com,153487375,"""Santiago - to check""",1
2025-06-12T14:48:22.151Z,448594,phil.martin.research@gmail.com,153487405,"""Santiago - to check""",1
2025-06-12T14:48:22.151Z,448594,phil.martin.research@gmail.com,153487476,"""Santiago - to check""",1
2025-06-12T14:48:22.151Z,448594,phil.martin.research@gmail.com,153487485,"""Santiago - to check""",1
2025-06-12T14:48:22.151Z,448594,phil.martin.research@gmail.com,153487489,"""Santiago - to check""",1
2025-06-12T14:48:22.151Z,448594,phil.martin.research@gmail.com,153487563,"""Santiago - to check""",1
2025-06-12T14:48:22.151Z,448594,phil.martin.research@gmail.com,153487567,"""Santiago - to check""",1
2025-06-12T14:48:22.151Z,448594,phil.martin.research@gmail.com,153487604,"""Santiago - to check""",1
2025-06-12T14:48:22.151Z,448594,phil.martin.research@gmail.com,153487609,"""Santiago - to check""",1
2025-06-12T14:48:22.151Z,448594,phil.martin.research@gmail.com,153487617,"""Santiago - to check""",1
2025-06-12T14:48:22.151Z,448594,phil.martin.research@gmail.com,153487683,"""Santiago - to check""",1
2025-06-12T14:48:40.617Z,448594,phil.martin.research@gmail.com,83177465,"""Santiago - to check""",1
2025-06-12T14:48:40.617Z,448594,phil.martin.research@gmail.com,83177482,"""Santiago - to check""",1
2025-06-12T14:48:40.617Z,448594,phil.martin.research@gmail.com,83177485,"""Santiago - to check""",1
2025-06-12T14:48:40.617Z,448594,phil.martin.research@gmail.com,83177486,"""Santiago - to check""",1
2025-06-12T14:48:40.617Z,448594,phil.martin.research@gmail.com,83177528,"""Santiago - to check""",1
2025-06-12T14:48:40.617Z,448594,phil.martin.research@gmail.com,83177545,"""Santiago - to check""",1
2025-06-12T14:48:40.617Z,448594,phil.martin.research@gmail.com,83177554,"""Santiago - to check""",1
2025-06-12T14:48:40.617Z,448594,phil.martin.research@gmail.com,83177585,"""Santiago - to check""",1
2025-06-12T14:48:40.617Z,448594,phil.martin.research@gmail.com,83177598,"""Santiago - to check""",1
2025-06-12T14:48:40.617Z,448594,phil.martin.research@gmail.com,83177610,"""Santiago - to check""",1
2025-06-12T14:48:40.617Z,448594,phil.martin.research@gmail.com,83177620,"""Santiago - to check""",1
2025-06-12T14:48:40.617Z,448594,phil.martin.research@gmail.com,83177625,"""Santiago - to check""",1
2025-06-12T14:48:40.617Z,448594,phil.martin.research@gmail.com,83177626,"""Santiago - to check""",1
2025-06-12T14:48:40.617Z,448594,phil.martin.research@gmail.com,83177660,"""Santiago - to check""",1
2025-06-12T14:48:40.617Z,448594,phil.martin.research@gmail.com,83177667,"""Santiago - to check""",1
2025-06-12T14:48:40.617Z,448594,phil.martin.research@gmail.com,83177670,"""Santiago - to check""",1
2025-06-12T14:48:40.617Z,448594,phil.martin.research@gmail.com,83177677,"""Santiago - to check""",1
2025-06-12T14:48:40.617Z,448594,phil.martin.research@gmail.com,83177678,"""Santiago - to check""",1
2025-06-12T14:48:40.617Z,448594,phil.martin.research@gmail.com,83177692,"""Santiago - to check""",1
2025-06-12T14:48:40.617Z,448594,phil.martin.research@gmail.com,83177766,"""Santiago - to check""",1
2025-06-12T14:48:40.617Z,448594,phil.martin.research@gmail.com,83177797,"""Santiago - to check""",1
2025-06-12T14:48:40.617Z,448594,phil.martin.research@gmail.com,83177822,"""Santiago - to check""",1
2025-06-12T14:48:40.617Z,448594,phil.martin.research@gmail.com,83177823,"""Santiago - to check""",1
2025-06-12T14:48:40.617Z,448594,phil.martin.research@gmail.com,83177828,"""Santiago - to check""",1
2025-06-12T14:48:40.617Z,448594,phil.martin.research@gmail.com,83177853,"""Santiago - to check""",1
2025-06-12T14:48:40.617Z,448594,phil.martin.research@gmail.com,83177903,"""Santiago - to check""",1
2025-06-12T14:48:40.617Z,448594,phil.martin.research@gmail.com,83177906,"""Santiago - to check""",1
2025-06-12T14:48:40.617Z,448594,phil.martin.research@gmail.com,153485224,"""Santiago - to check""",1
2025-06-12T14:48:40.617Z,448594,phil.martin.research@gmail.com,153485241,"""Santiago - to check""",1
2025-06-12T14:48:40.617Z,448594,phil.martin.research@gmail.com,153485296,"""Santiago - to check""",1
2025-06-12T14:48:40.617Z,448594,phil.martin.research@gmail.com,153485311,"""Santiago - to check""",1
2025-06-12T14:48:40.617Z,448594,phil.martin.research@gmail.com,153485360,"""Santiago - to check""",1
2025-06-12T14:48:40.617Z,448594,phil.martin.research@gmail.com,153485443,"""Santiago - to check""",1
2025-06-12T14:48:40.617Z,448594,phil.martin.research@gmail.com,153485485,"""Santiago - to check""",1
2025-06-12T14:48:40.617Z,448594,phil.martin.research@gmail.com,153485492,"""Santiago - to check""",1
2025-06-12T14:48:40.617Z,448594,phil.martin.research@gmail.com,153485521,"""Santiago - to check""",1
2025-06-12T14:48:40.617Z,448594,phil.martin.research@gmail.com,153485535,"""Santiago - to check""",1
2025-06-12T14:48:40.617Z,448594,phil.martin.research@gmail.com,153485580,"""Santiago - to check""",1
2025-06-12T14:48:40.617Z,448594,phil.martin.research@gmail.com,153485669,"""Santiago - to check""",1
2025-06-12T14:48:40.617Z,448594,phil.martin.research@gmail.com,153485703,"""Santiago - to check""",1
2025-06-12T14:48:40.617Z,448594,phil.martin.research@gmail.com,153485716,"""Santiago - to check""",1
2025-06-12T14:48:40.617Z,448594,phil.martin.research@gmail.com,153485766,"""Santiago - to check""",1
2025-06-12T14:48:40.617Z,448594,phil.martin.research@gmail.com,153485779,"""Santiago - to check""",1
2025-06-12T14:48:40.617Z,448594,phil.martin.research@gmail.com,153486195,"""Santiago - to check""",1
2025-06-12T14:48:40.617Z,448594,phil.martin.research@gmail.com,153486246,"""Santiago - to check""",1
2025-06-12T14:48:40.617Z,448594,phil.martin.research@gmail.com,153486262,"""Santiago - to check""",1
2025-06-12T14:48:40.617Z,448594,phil.martin.research@gmail.com,153486285,"""Santiago - to check""",1
2025-06-12T14:48:40.617Z,448594,phil.martin.research@gmail.com,153486310,"""Santiago - to check""",1
2025-06-12T14:48:40.617Z,448594,phil.martin.research@gmail.com,153486327,"""Santiago - to check""",1
2025-06-12T14:48:40.617Z,448594,phil.martin.research@gmail.com,153486406,"""Santiago - to check""",1
2025-06-12T14:48:40.728Z,448594,phil.martin.research@gmail.com,153486778,"""Santiago - to check""",1
2025-06-12T14:48:40.728Z,448594,phil.martin.research@gmail.com,153486956,"""Santiago - to check""",1
2025-06-12T14:48:40.728Z,448594,phil.martin.research@gmail.com,153486972,"""Santiago - to check""",1
2025-06-12T14:48:40.728Z,448594,phil.martin.research@gmail.com,153487482,"""Santiago - to check""",1
2025-06-12T14:48:40.728Z,448594,phil.martin.research@gmail.com,153487528,"""Santiago - to check""",1
2025-06-12T14:48:40.728Z,448594,phil.martin.research@gmail.com,153487557,"""Santiago - to check""",1
2025-06-12T14:48:40.728Z,448594,phil.martin.research@gmail.com,153487566,"""Santiago - to check""",1
2025-06-12T14:48:40.728Z,448594,phil.martin.research@gmail.com,153487646,"""Santiago - to check""",1
2025-06-12T14:48:40.728Z,448594,phil.martin.research@gmail.com,153487662,"""Santiago - to check""",1
2025-06-12T14:48:40.728Z,448594,phil.martin.research@gmail.com,153487680,"""Santiago - to check""",1
2025-06-12T14:48:40.728Z,448594,phil.martin.research@gmail.com,153487698,"""Santiago - to check""",1
2025-06-12T14:48:54.664Z,448594,phil.martin.research@gmail.com,83177449,"""Santiago - to check""",1
2025-06-12T14:48:54.664Z,448594,phil.martin.research@gmail.com,83177529,"""Santiago - to check""",1
2025-06-12T14:48:54.664Z,448594,phil.martin.research@gmail.com,153485537,"""Santiago - to check""",1
2025-06-12T14:48:54.664Z,448594,phil.martin.research@gmail.com,153485615,"""Santiago - to check""",1
2025-06-12T14:48:54.664Z,448594,phil.martin.research@gmail.com,153485683,"""Santiago - to check""",1
2025-06-12T14:48:54.664Z,448594,phil.martin.research@gmail.com,153485720,"""Santiago - to check""",1
2025-06-12T14:48:54.664Z,448594,phil.martin.research@gmail.com,153486772,"""Santiago - to check""",1
2025-06-12T14:48:54.664Z,448594,phil.martin.research@gmail.com,153486776,"""Santiago - to check""",1
2025-06-12T14:48:54.664Z,448594,phil.martin.research@gmail.com,153486777,"""Santiago - to check""",1
2025-06-12T14:48:54.664Z,448594,phil.martin.research@gmail.com,153486797,"""Santiago - to check""",1
2025-06-12T14:48:54.664Z,448594,phil.martin.research@gmail.com,153486844,"""Santiago - to check""",1
2025-06-12T14:48:54.664Z,448594,phil.martin.research@gmail.com,153486941,"""Santiago - to check""",1
2025-06-12T14:48:54.664Z,448594,phil.martin.research@gmail.com,153487686,"""Santiago - to check""",1
2025-06-12T14:56:46.079Z,448594,phil.martin.research@gmail.com,83177485,"""__EXR__Not about conservation""",1
2025-06-12T14:56:46.101Z,448594,phil.martin.research@gmail.com,83177485,included,-1
2025-06-12T14:57:03.979Z,448594,phil.martin.research@gmail.com,83177528,"""__EXR__Not about conservation""",1
2025-06-12T14:57:04.069Z,448594,phil.martin.research@gmail.com,83177528,included,-1
2025-06-12T14:57:08.157Z,448594,phil.martin.research@gmail.com,83177545,"""__EXR__Not about conservation""",1
2025-06-12T14:57:08.177Z,448594,phil.martin.research@gmail.com,83177545,included,-1
2025-06-12T14:58:01.785Z,448594,phil.martin.research@gmail.com,83177610,"""__EXR__Not about conservation""",1
2025-06-12T14:58:01.803Z,448594,phil.martin.research@gmail.com,83177610,included,-1
2025-06-12T14:58:57.690Z,448594,phil.martin.research@gmail.com,83177620,included,1
2025-06-12T14:59:18.863Z,448594,phil.martin.research@gmail.com,83177678,"""__EXR__Not about conservation""",1
2025-06-12T14:59:18.880Z,448594,phil.martin.research@gmail.com,83177678,included,-1
2025-06-12T15:00:24.808Z,448594,phil.martin.research@gmail.com,83177766,"""__EXR__Not about conservation""",1
2025-06-12T15:00:24.826Z,448594,phil.martin.research@gmail.com,83177766,included,-1
2025-06-12T15:01:30.499Z,448594,phil.martin.research@gmail.com,83177853,"""__EXR__Not about evidence use""",1
2025-06-12T15:01:30.520Z,448594,phil.martin.research@gmail.com,83177853,included,-1
2025-06-12T15:02:19.052Z,448594,phil.martin.research@gmail.com,83177903,"""__EXR__Not about conservation""",1
2025-06-12T15:02:19.074Z,448594,phil.martin.research@gmail.com,83177903,included,-1
2025-06-12T15:02:34.409Z,448594,phil.martin.research@gmail.com,153485224,"""__EXR__Not about conservation""",1
2025-06-12T15:02:34.434Z,448594,phil.martin.research@gmail.com,153485224,included,-1
2025-06-12T15:02:54.854Z,448594,phil.martin.research@gmail.com,153485241,included,1
2025-06-12T15:03:52.476Z,448594,phil.martin.research@gmail.com,153485336,"""__EXR__Not about factors that influence evidence use""",1
2025-06-12T15:03:52.496Z,448594,phil.martin.research@gmail.com,153485336,included,-1
2025-06-12T15:03:57.406Z,448594,phil.martin.research@gmail.com,153485485,"""__EXR__Not about conservation""",1
2025-06-12T15:03:57.468Z,448594,phil.martin.research@gmail.com,153485485,included,-1
2025-06-12T15:04:47.399Z,448594,phil.martin.research@gmail.com,153485492,included,1
2025-06-12T15:05:02.018Z,448594,phil.martin.research@gmail.com,153485535,"""__EXR__Not about conservation""",1
2025-06-12T15:05:02.038Z,448594,phil.martin.research@gmail.com,153485535,included,-1
2025-06-12T15:06:27.044Z,448594,phil.martin.research@gmail.com,153485537,"""__EXR__Not about evidence use""",1
2025-06-12T15:06:27.065Z,448594,phil.martin.research@gmail.com,153485537,included,-1
2025-06-12T15:06:33.850Z,448594,phil.martin.research@gmail.com,153485580,"""__EXR__Not about conservation""",1
2025-06-12T15:06:33.869Z,448594,phil.martin.research@gmail.com,153485580,included,-1
2025-06-12T15:06:59.863Z,448594,phil.martin.research@gmail.com,153485615,"""__EXR__Not about evidence use""",1
2025-06-12T15:06:59.880Z,448594,phil.martin.research@gmail.com,153485615,included,-1
2025-06-12T15:07:17.930Z,448594,phil.martin.research@gmail.com,153485703,"""__EXR__Not about conservation""",1
2025-06-12T15:07:17.949Z,448594,phil.martin.research@gmail.com,153485703,included,-1
2025-06-12T15:07:48.991Z,448594,phil.martin.research@gmail.com,153485720,"""__EXR__Not about evidence use""",1
2025-06-12T15:07:49.012Z,448594,phil.martin.research@gmail.com,153485720,included,-1
2025-06-12T15:09:44.177Z,448594,phil.martin.research@gmail.com,153486806,"""__EXR__Not about evidence use""",1
2025-06-12T15:09:44.201Z,448594,phil.martin.research@gmail.com,153486806,included,-1
2025-06-12T15:12:44.541Z,448594,phil.martin.research@gmail.com,153486814,included,1
2025-06-12T15:13:42.830Z,448594,phil.martin.research@gmail.com,153486827,"""__EXR__Not about factors that influence evidence use""",1
2025-06-12T15:13:42.853Z,448594,phil.martin.research@gmail.com,153486827,included,-1
2025-06-12T15:13:55.947Z,448594,phil.martin.research@gmail.com,153486844,"""__EXR__Not about evidence use""",1
2025-06-12T15:13:55.974Z,448594,phil.martin.research@gmail.com,153486844,included,-1
2025-06-12T15:15:05.415Z,448594,phil.martin.research@gmail.com,153486933,included,1
2025-06-12T15:15:09.442Z,448594,phil.martin.research@gmail.com,153486956,"""__EXR__Not about conservation""",1
2025-06-12T15:15:09.463Z,448594,phil.martin.research@gmail.com,153486956,included,-1
2025-06-12T15:15:24.044Z,448594,phil.martin.research@gmail.com,153487489,"""__EXR__Not about factors that influence evidence use""",1
2025-06-12T15:15:24.073Z,448594,phil.martin.research@gmail.com,153487489,included,-1
2025-06-12T15:16:17.364Z,448594,phil.martin.research@gmail.com,153487528,"""__EXR__Not about evidence use""",1
2025-06-12T15:16:17.386Z,448594,phil.martin.research@gmail.com,153487528,included,-1
2025-06-12T15:16:25.923Z,448594,phil.martin.research@gmail.com,153487563,"""__EXR__Not about conservation""",1
2025-06-12T15:16:25.971Z,448594,phil.martin.research@gmail.com,153487563,included,-1
2025-06-12T15:16:29.516Z,448594,phil.martin.research@gmail.com,153487566,"""__EXR__Not about conservation""",1
2025-06-12T15:16:29.540Z,448594,phil.martin.research@gmail.com,153487566,included,-1
2025-06-12T15:16:57.327Z,448594,phil.martin.research@gmail.com,153487604,"""__EXR__Not about conservation""",1
2025-06-12T15:16:57.353Z,448594,phil.martin.research@gmail.com,153487604,included,-1
2025-06-12T15:17:23.404Z,448594,phil.martin.research@gmail.com,153487617,"""__EXR__Not about evidence use""",1
2025-06-12T15:17:23.427Z,448594,phil.martin.research@gmail.com,153487617,included,-1
2025-06-12T15:17:25.813Z,448594,phil.martin.research@gmail.com,153487646,"""__EXR__Not about conservation""",1
2025-06-12T15:17:25.831Z,448594,phil.martin.research@gmail.com,153487646,included,-1
2025-06-12T15:17:29.155Z,448594,phil.martin.research@gmail.com,153487662,"""__EXR__Not about conservation""",1
2025-06-12T15:17:29.175Z,448594,phil.martin.research@gmail.com,153487662,included,-1
2025-06-12T15:17:56.675Z,448594,phil.martin.research@gmail.com,153487683,"""__EXR__Not about evidence use""",1
2025-06-12T15:17:56.695Z,448594,phil.martin.research@gmail.com,153487683,included,-1
2025-06-12T15:19:20.973Z,448594,phil.martin.research@gmail.com,153487686,included,1
2025-06-12T15:19:55.062Z,448594,phil.martin.research@gmail.com,153487698,"""__EXR__Not about evidence use""",1
2025-06-12T15:19:55.081Z,448594,phil.martin.research@gmail.com,153487698,included,-1
2025-06-12T15:20:21.336Z,448594,phil.martin.research@gmail.com,153485779,"""__EXR__Not about evidence use""",1
2025-06-12T15:20:21.354Z,448594,phil.martin.research@gmail.com,153485779,included,-1
2025-06-12T15:21:31.452Z,448594,phil.martin.research@gmail.com,153485803,"""__EXR__Not about evidence use""",1
2025-06-12T15:21:31.475Z,448594,phil.martin.research@gmail.com,153485803,included,-1
2025-06-12T15:21:43.143Z,448594,phil.martin.research@gmail.com,153486195,"""__EXR__Not about conservation""",1
2025-06-12T15:21:43.159Z,448594,phil.martin.research@gmail.com,153486195,included,-1
2025-06-12T15:22:37.778Z,448594,phil.martin.research@gmail.com,153486246,"""__EXR__Not about evidence use""",1
2025-06-12T15:22:37.796Z,448594,phil.martin.research@gmail.com,153486246,included,-1
2025-06-12T15:22:57.510Z,448594,phil.martin.research@gmail.com,153486362,"""__EXR__Not about evidence use""",1
2025-06-12T15:22:57.571Z,448594,phil.martin.research@gmail.com,153486362,included,-1
2025-06-12T15:23:23.586Z,448594,phil.martin.research@gmail.com,153486421,"""__EXR__Not about evidence use""",1
2025-06-12T15:23:23.602Z,448594,phil.martin.research@gmail.com,153486421,included,-1
2025-06-12T15:24:08.945Z,448594,phil.martin.research@gmail.com,153486423,included,1
2025-06-12T15:24:39.373Z,448594,phil.martin.research@gmail.com,153486446,included,1
2025-06-12T15:25:22.939Z,448594,phil.martin.research@gmail.com,153486697,"""__EXR__Not about factors that influence evidence use""",1
2025-06-12T15:25:22.972Z,448594,phil.martin.research@gmail.com,153486697,included,-1
2025-06-12T15:26:28.858Z,448594,phil.martin.research@gmail.com,153486713,"""__EXR__Not about factors that influence evidence use""",1
2025-06-12T15:26:28.874Z,448594,phil.martin.research@gmail.com,153486713,included,-1
2025-06-12T15:27:03.381Z,448594,phil.martin.research@gmail.com,153486729,"""__EXR__Not about evidence use""",1
2025-06-12T15:27:03.394Z,448594,phil.martin.research@gmail.com,153486729,included,-1
2025-06-12T15:28:33.162Z,448594,phil.martin.research@gmail.com,153486739,"""__EXR__Not about factors that influence evidence use""",1
2025-06-12T15:28:33.178Z,448594,phil.martin.research@gmail.com,153486739,included,-1
2025-06-12T15:28:44.957Z,448594,phil.martin.research@gmail.com,153486743,"""__EXR__Not about conservation""",1
2025-06-12T15:28:44.978Z,448594,phil.martin.research@gmail.com,153486743,included,-1
2025-06-12T15:29:21.072Z,448594,phil.martin.research@gmail.com,153486769,"""__EXR__Not about evidence use""",1
2025-06-12T15:29:21.091Z,448594,phil.martin.research@gmail.com,153486769,included,-1
2025-06-12T15:29:52.955Z,448594,phil.martin.research@gmail.com,153486772,"""__EXR__Not about factors that influence evidence use""",1
2025-06-12T15:29:52.972Z,448594,phil.martin.research@gmail.com,153486772,included,-1
2025-06-12T15:30:00.966Z,448594,phil.martin.research@gmail.com,153486776,"""__EXR__Not about conservation""",1
2025-06-12T15:30:00.988Z,448594,phil.martin.research@gmail.com,153486776,included,-1
