created_at,user_id,user_email,article_id,key,value
2025-01-28T08:57:22.994Z,0,rayyan@rayyan.ai,153491490,"""__SYSTEM__SAMPLE__3d4c6ff621bab3cd03f5b34d775c4094_13196""",1
2025-01-30T08:41:27.818Z,448594,phil.martin.research@gmail.com,153491490,"""__EXR__Not about conservation""",1
2025-01-30T08:41:27.832Z,448594,phil.martin.research@gmail.com,153491490,included,-1
2025-01-30T08:41:27.843Z,448594,phil.martin.research@gmail.com,153491490,"""__EXR__Not about Evidence use""",deleted
2025-01-30T08:43:35.773Z,0,rayyan@rayyan.ai,153498156,"""__SYSTEM__SAMPLE__c8ec392c388730c4c6deb36dc3dfd181_13326""",1
2025-01-30T08:43:35.973Z,0,rayyan@rayyan.ai,153487940,"""__SYSTEM__SAMPLE__c8ec392c388730c4c6deb36dc3dfd181_13326""",1
2025-01-30T08:43:36.146Z,0,rayyan@rayyan.ai,153497986,"""__SYSTEM__SAMPLE__c8ec392c388730c4c6deb36dc3dfd181_13326""",1
2025-01-30T08:43:36.146Z,0,rayyan@rayyan.ai,153489193,"""__SYSTEM__SAMPLE__c8ec392c388730c4c6deb36dc3dfd181_13326""",1
2025-01-30T08:43:36.146Z,0,rayyan@rayyan.ai,153495676,"""__SYSTEM__SAMPLE__c8ec392c388730c4c6deb36dc3dfd181_13326""",1
2025-01-30T08:43:36.286Z,0,rayyan@rayyan.ai,153496159,"""__SYSTEM__SAMPLE__c8ec392c388730c4c6deb36dc3dfd181_13326""",1
2025-01-30T08:43:36.286Z,0,rayyan@rayyan.ai,153497461,"""__SYSTEM__SAMPLE__c8ec392c388730c4c6deb36dc3dfd181_13326""",1
2025-01-30T08:43:36.286Z,0,rayyan@rayyan.ai,153487562,"""__SYSTEM__SAMPLE__c8ec392c388730c4c6deb36dc3dfd181_13326""",1
2025-01-30T08:43:36.286Z,0,rayyan@rayyan.ai,153491345,"""__SYSTEM__SAMPLE__c8ec392c388730c4c6deb36dc3dfd181_13326""",1
2025-01-30T08:43:36.415Z,0,rayyan@rayyan.ai,153491679,"""__SYSTEM__SAMPLE__c8ec392c388730c4c6deb36dc3dfd181_13326""",1
2025-01-30T08:43:36.523Z,0,rayyan@rayyan.ai,153498039,"""__SYSTEM__SAMPLE__c8ec392c388730c4c6deb36dc3dfd181_13326""",1
2025-01-30T08:43:36.523Z,0,rayyan@rayyan.ai,153498617,"""__SYSTEM__SAMPLE__c8ec392c388730c4c6deb36dc3dfd181_13326""",1
2025-01-30T08:43:36.523Z,0,rayyan@rayyan.ai,153497336,"""__SYSTEM__SAMPLE__c8ec392c388730c4c6deb36dc3dfd181_13326""",1
2025-01-30T08:43:36.710Z,0,rayyan@rayyan.ai,153490863,"""__SYSTEM__SAMPLE__c8ec392c388730c4c6deb36dc3dfd181_13326""",1
2025-01-30T08:43:36.792Z,0,rayyan@rayyan.ai,153492209,"""__SYSTEM__SAMPLE__c8ec392c388730c4c6deb36dc3dfd181_13326""",1
2025-01-30T08:43:36.792Z,0,rayyan@rayyan.ai,153485869,"""__SYSTEM__SAMPLE__c8ec392c388730c4c6deb36dc3dfd181_13326""",1
2025-02-11T05:41:46.312Z,0,rayyan@rayyan.ai,164688510,"""__SYSTEM__SAMPLE__b188e399694c081794809f0b33283ea2_13923""",1
2025-02-11T05:41:46.312Z,0,rayyan@rayyan.ai,153497460,"""__SYSTEM__SAMPLE__b188e399694c081794809f0b33283ea2_13923""",1
2025-02-11T05:41:46.312Z,0,rayyan@rayyan.ai,153489286,"""__SYSTEM__SAMPLE__b188e399694c081794809f0b33283ea2_13923""",1
2025-02-11T05:41:46.312Z,0,rayyan@rayyan.ai,153494830,"""__SYSTEM__SAMPLE__b188e399694c081794809f0b33283ea2_13923""",1
2025-02-11T05:41:46.312Z,0,rayyan@rayyan.ai,153497336,"""__SYSTEM__SAMPLE__b188e399694c081794809f0b33283ea2_13923""",1
2025-02-11T05:41:46.410Z,0,rayyan@rayyan.ai,164692518,"""__SYSTEM__SAMPLE__b188e399694c081794809f0b33283ea2_13923""",1
2025-02-11T05:41:46.410Z,0,rayyan@rayyan.ai,164702843,"""__SYSTEM__SAMPLE__b188e399694c081794809f0b33283ea2_13923""",1
2025-02-11T05:41:46.472Z,0,rayyan@rayyan.ai,153497130,"""__SYSTEM__SAMPLE__b188e399694c081794809f0b33283ea2_13923""",1
2025-02-11T05:41:46.472Z,0,rayyan@rayyan.ai,153490255,"""__SYSTEM__SAMPLE__b188e399694c081794809f0b33283ea2_13923""",1
2025-02-11T05:41:46.472Z,0,rayyan@rayyan.ai,164700273,"""__SYSTEM__SAMPLE__b188e399694c081794809f0b33283ea2_13923""",1
2025-02-11T05:41:46.472Z,0,rayyan@rayyan.ai,153492230,"""__SYSTEM__SAMPLE__b188e399694c081794809f0b33283ea2_13923""",1
2025-02-11T05:41:46.472Z,0,rayyan@rayyan.ai,153490119,"""__SYSTEM__SAMPLE__b188e399694c081794809f0b33283ea2_13923""",1
2025-02-11T05:41:46.526Z,0,rayyan@rayyan.ai,164703007,"""__SYSTEM__SAMPLE__b188e399694c081794809f0b33283ea2_13923""",1
2025-02-11T05:41:46.526Z,0,rayyan@rayyan.ai,153498229,"""__SYSTEM__SAMPLE__b188e399694c081794809f0b33283ea2_13923""",1
2025-02-11T05:41:46.569Z,0,rayyan@rayyan.ai,153494246,"""__SYSTEM__SAMPLE__b188e399694c081794809f0b33283ea2_13923""",1
2025-02-11T05:41:46.659Z,0,rayyan@rayyan.ai,153494165,"""__SYSTEM__SAMPLE__b188e399694c081794809f0b33283ea2_13923""",1
2025-02-11T05:41:46.707Z,0,rayyan@rayyan.ai,164689749,"""__SYSTEM__SAMPLE__b188e399694c081794809f0b33283ea2_13923""",1
2025-02-11T05:41:46.707Z,0,rayyan@rayyan.ai,153496315,"""__SYSTEM__SAMPLE__b188e399694c081794809f0b33283ea2_13923""",1
2025-02-11T05:41:46.707Z,0,rayyan@rayyan.ai,164688478,"""__SYSTEM__SAMPLE__b188e399694c081794809f0b33283ea2_13923""",1
2025-02-11T05:41:46.707Z,0,rayyan@rayyan.ai,164703307,"""__SYSTEM__SAMPLE__b188e399694c081794809f0b33283ea2_13923""",1
2025-02-11T05:41:46.769Z,0,rayyan@rayyan.ai,164692036,"""__SYSTEM__SAMPLE__b188e399694c081794809f0b33283ea2_13923""",1
2025-02-11T05:41:46.769Z,0,rayyan@rayyan.ai,164706762,"""__SYSTEM__SAMPLE__b188e399694c081794809f0b33283ea2_13923""",1
2025-02-11T05:41:46.769Z,0,rayyan@rayyan.ai,153490001,"""__SYSTEM__SAMPLE__b188e399694c081794809f0b33283ea2_13923""",1
2025-02-11T05:41:46.769Z,0,rayyan@rayyan.ai,164705886,"""__SYSTEM__SAMPLE__b188e399694c081794809f0b33283ea2_13923""",1
2025-02-11T05:41:46.769Z,0,rayyan@rayyan.ai,153490625,"""__SYSTEM__SAMPLE__b188e399694c081794809f0b33283ea2_13923""",1
2025-02-11T05:41:46.769Z,0,rayyan@rayyan.ai,153498648,"""__SYSTEM__SAMPLE__b188e399694c081794809f0b33283ea2_13923""",1
2025-02-11T05:41:46.808Z,0,rayyan@rayyan.ai,164705109,"""__SYSTEM__SAMPLE__b188e399694c081794809f0b33283ea2_13923""",1
2025-02-11T05:41:46.808Z,0,rayyan@rayyan.ai,164693318,"""__SYSTEM__SAMPLE__b188e399694c081794809f0b33283ea2_13923""",1
2025-02-11T08:44:40.537Z,448594,phil.martin.research@gmail.com,153490001,"""__EXR__Not about conservation""",1
2025-02-11T08:44:40.551Z,448594,phil.martin.research@gmail.com,153490001,included,-1
2025-02-11T08:45:19.943Z,448594,phil.martin.research@gmail.com,153490119,"""__EXR__Not about conservation""",1
2025-02-11T08:45:19.957Z,448594,phil.martin.research@gmail.com,153490119,included,-1
2025-02-11T08:46:53.042Z,448594,phil.martin.research@gmail.com,153490255,"""__EXR__Not about Evidence use""",1
2025-02-11T08:46:53.063Z,448594,phil.martin.research@gmail.com,153490255,included,-1
2025-02-11T09:03:45.410Z,448594,phil.martin.research@gmail.com,153490625,"""__EXR__Not about conservation""",1
2025-02-11T09:03:45.426Z,448594,phil.martin.research@gmail.com,153490625,included,-1
2025-02-11T09:20:04.590Z,448594,phil.martin.research@gmail.com,153494165,"""__EXR__Not about policy or practice""",1
2025-02-11T09:20:04.606Z,448594,phil.martin.research@gmail.com,153494165,included,-1
2025-02-11T09:20:10.167Z,448594,phil.martin.research@gmail.com,153494246,"""__EXR__Not about conservation""",1
2025-02-11T09:20:10.185Z,448594,phil.martin.research@gmail.com,153494246,included,-1
2025-02-11T09:22:20.744Z,448594,phil.martin.research@gmail.com,153494830,"""__EXR__Not about conservation""",1
2025-02-11T09:22:20.760Z,448594,phil.martin.research@gmail.com,153494830,included,-1
2025-02-11T10:04:25.528Z,448594,phil.martin.research@gmail.com,153498229,"""__EXR__Not about conservation""",1
2025-02-11T10:04:25.547Z,448594,phil.martin.research@gmail.com,153498229,included,-1
2025-02-11T10:04:53.237Z,448594,phil.martin.research@gmail.com,164703307,"""__EXR__Not about conservation""",1
2025-02-11T10:04:53.251Z,448594,phil.martin.research@gmail.com,164703307,included,-1
2025-02-11T10:05:07.584Z,448594,phil.martin.research@gmail.com,164692518,"""__EXR__Not about policy or practice""",1
2025-02-11T10:05:07.616Z,448594,phil.martin.research@gmail.com,164692518,included,-1
2025-02-11T10:05:33.294Z,448594,phil.martin.research@gmail.com,153492230,"""__EXR__Not about conservation""",1
2025-02-11T10:05:33.307Z,448594,phil.martin.research@gmail.com,153492230,included,-1
2025-02-11T10:06:07.404Z,448594,phil.martin.research@gmail.com,164688510,"""__EXR__Not about Evidence use""",1
2025-02-11T10:06:07.418Z,448594,phil.martin.research@gmail.com,164688510,included,-1
2025-02-11T16:26:04.632Z,448594,phil.martin.research@gmail.com,153489286,"""__EXR__Not about conservation""",1
2025-02-11T16:26:04.656Z,448594,phil.martin.research@gmail.com,153489286,included,-1
2025-02-11T16:38:54.586Z,448594,phil.martin.research@gmail.com,164688478,"""__EXR__Not about policy or practice""",1
2025-02-11T16:38:54.614Z,448594,phil.martin.research@gmail.com,164688478,included,-1
2025-02-11T16:44:49.959Z,448594,phil.martin.research@gmail.com,164689749,"""__EXR__Not about policy or practice""",1
2025-02-11T16:44:50.004Z,448594,phil.martin.research@gmail.com,164689749,included,-1
2025-02-11T16:52:59.589Z,448594,phil.martin.research@gmail.com,164700273,"""__EXR__Not about conservation""",1
2025-02-11T16:52:59.610Z,448594,phil.martin.research@gmail.com,164700273,included,-1
2025-02-11T16:59:53.635Z,448594,phil.martin.research@gmail.com,164706762,"""__EXR__Not about conservation""",1
2025-02-11T16:59:53.719Z,448594,phil.martin.research@gmail.com,164706762,included,-1
2025-02-11T22:10:42.661Z,448594,phil.martin.research@gmail.com,153496315,"""__EXR__Not about conservation""",1
2025-02-11T22:10:42.690Z,448594,phil.martin.research@gmail.com,153496315,included,-1
2025-02-11T22:11:14.843Z,448594,phil.martin.research@gmail.com,153497130,"""__EXR__Not about conservation""",1
2025-02-11T22:11:14.880Z,448594,phil.martin.research@gmail.com,153497130,included,-1
2025-02-11T22:11:22.200Z,448594,phil.martin.research@gmail.com,153497336,"""__EXR__Not about conservation""",1
2025-02-11T22:11:22.233Z,448594,phil.martin.research@gmail.com,153497336,included,-1
2025-02-11T22:11:33.467Z,448594,phil.martin.research@gmail.com,153497460,"""__EXR__Not about conservation""",1
2025-02-11T22:11:33.509Z,448594,phil.martin.research@gmail.com,153497460,included,-1
2025-02-11T22:12:54.477Z,448594,phil.martin.research@gmail.com,153498648,"""__EXR__Not about policy or practice""",1
2025-02-11T22:12:54.603Z,448594,phil.martin.research@gmail.com,153498648,included,-1
2025-02-11T22:13:29.204Z,448594,phil.martin.research@gmail.com,164692036,"""__EXR__Not about policy or practice""",1
2025-02-11T22:13:29.226Z,448594,phil.martin.research@gmail.com,164692036,included,-1
2025-02-11T22:15:14.490Z,448594,phil.martin.research@gmail.com,164693318,"""__EXR__Not about conservation""",1
2025-02-11T22:15:14.508Z,448594,phil.martin.research@gmail.com,164693318,included,-1
2025-02-11T22:17:58.018Z,448594,phil.martin.research@gmail.com,164702843,"""__EXR__Not about conservation""",1
2025-02-11T22:17:58.050Z,448594,phil.martin.research@gmail.com,164702843,included,-1
2025-02-11T22:18:57.692Z,448594,phil.martin.research@gmail.com,164703007,"""__EXR__Not about policy or practice""",1
2025-02-11T22:18:57.714Z,448594,phil.martin.research@gmail.com,164703007,included,-1
2025-02-11T22:19:28.598Z,448594,phil.martin.research@gmail.com,164705109,"""__EXR__Not about conservation""",1
2025-02-11T22:19:28.619Z,448594,phil.martin.research@gmail.com,164705109,included,-1
2025-02-11T22:20:07.750Z,448594,phil.martin.research@gmail.com,164705886,"""__EXR__Not about conservation""",1
2025-02-11T22:20:07.775Z,448594,phil.martin.research@gmail.com,164705886,included,-1
2025-02-27T16:25:47.434Z,0,rayyan@rayyan.ai,153490991,"""__SYSTEM__SAMPLE__bf16548037788a03250fcfb89d192afc_15155""",1
2025-02-27T16:25:47.434Z,0,rayyan@rayyan.ai,164705816,"""__SYSTEM__SAMPLE__bf16548037788a03250fcfb89d192afc_15155""",1
2025-02-27T16:25:47.434Z,0,rayyan@rayyan.ai,164696151,"""__SYSTEM__SAMPLE__bf16548037788a03250fcfb89d192afc_15155""",1
2025-02-27T16:25:47.861Z,0,rayyan@rayyan.ai,153490166,"""__SYSTEM__SAMPLE__bf16548037788a03250fcfb89d192afc_15155""",1
2025-02-27T16:25:47.861Z,0,rayyan@rayyan.ai,164705576,"""__SYSTEM__SAMPLE__bf16548037788a03250fcfb89d192afc_15155""",1
2025-02-27T16:25:48.155Z,0,rayyan@rayyan.ai,153494802,"""__SYSTEM__SAMPLE__bf16548037788a03250fcfb89d192afc_15155""",1
2025-02-27T16:25:48.155Z,0,rayyan@rayyan.ai,164697847,"""__SYSTEM__SAMPLE__bf16548037788a03250fcfb89d192afc_15155""",1
2025-02-27T16:25:48.155Z,0,rayyan@rayyan.ai,164699824,"""__SYSTEM__SAMPLE__bf16548037788a03250fcfb89d192afc_15155""",1
2025-02-27T16:25:48.428Z,0,rayyan@rayyan.ai,164696001,"""__SYSTEM__SAMPLE__bf16548037788a03250fcfb89d192afc_15155""",1
2025-02-27T16:25:48.428Z,0,rayyan@rayyan.ai,153490150,"""__SYSTEM__SAMPLE__bf16548037788a03250fcfb89d192afc_15155""",1
2025-02-27T16:25:48.428Z,0,rayyan@rayyan.ai,164693488,"""__SYSTEM__SAMPLE__bf16548037788a03250fcfb89d192afc_15155""",1
2025-02-27T16:25:48.428Z,0,rayyan@rayyan.ai,153486206,"""__SYSTEM__SAMPLE__bf16548037788a03250fcfb89d192afc_15155""",1
2025-02-27T16:25:48.632Z,0,rayyan@rayyan.ai,164701168,"""__SYSTEM__SAMPLE__bf16548037788a03250fcfb89d192afc_15155""",1
2025-02-27T16:25:48.813Z,0,rayyan@rayyan.ai,153485983,"""__SYSTEM__SAMPLE__bf16548037788a03250fcfb89d192afc_15155""",1
2025-02-27T16:25:48.813Z,0,rayyan@rayyan.ai,164685134,"""__SYSTEM__SAMPLE__bf16548037788a03250fcfb89d192afc_15155""",1
2025-02-27T16:25:48.813Z,0,rayyan@rayyan.ai,164690102,"""__SYSTEM__SAMPLE__bf16548037788a03250fcfb89d192afc_15155""",1
2025-02-27T16:25:48.813Z,0,rayyan@rayyan.ai,164695010,"""__SYSTEM__SAMPLE__bf16548037788a03250fcfb89d192afc_15155""",1
2025-02-27T16:25:48.813Z,0,rayyan@rayyan.ai,153497875,"""__SYSTEM__SAMPLE__bf16548037788a03250fcfb89d192afc_15155""",1
2025-02-27T16:25:48.813Z,0,rayyan@rayyan.ai,164701458,"""__SYSTEM__SAMPLE__bf16548037788a03250fcfb89d192afc_15155""",1
2025-02-27T16:25:48.813Z,0,rayyan@rayyan.ai,164698865,"""__SYSTEM__SAMPLE__bf16548037788a03250fcfb89d192afc_15155""",1
2025-02-27T16:25:48.813Z,0,rayyan@rayyan.ai,153491525,"""__SYSTEM__SAMPLE__bf16548037788a03250fcfb89d192afc_15155""",1
2025-02-27T16:25:48.964Z,0,rayyan@rayyan.ai,153490759,"""__SYSTEM__SAMPLE__bf16548037788a03250fcfb89d192afc_15155""",1
2025-02-27T16:25:48.964Z,0,rayyan@rayyan.ai,164688334,"""__SYSTEM__SAMPLE__bf16548037788a03250fcfb89d192afc_15155""",1
2025-02-27T16:25:49.083Z,0,rayyan@rayyan.ai,164684808,"""__SYSTEM__SAMPLE__bf16548037788a03250fcfb89d192afc_15155""",1
2025-02-27T16:25:49.083Z,0,rayyan@rayyan.ai,153493720,"""__SYSTEM__SAMPLE__bf16548037788a03250fcfb89d192afc_15155""",1
2025-02-27T16:25:49.083Z,0,rayyan@rayyan.ai,153497099,"""__SYSTEM__SAMPLE__bf16548037788a03250fcfb89d192afc_15155""",1
2025-02-27T16:25:49.083Z,0,rayyan@rayyan.ai,164699974,"""__SYSTEM__SAMPLE__bf16548037788a03250fcfb89d192afc_15155""",1
2025-02-27T16:25:49.083Z,0,rayyan@rayyan.ai,153497007,"""__SYSTEM__SAMPLE__bf16548037788a03250fcfb89d192afc_15155""",1
2025-02-27T16:25:49.083Z,0,rayyan@rayyan.ai,164691534,"""__SYSTEM__SAMPLE__bf16548037788a03250fcfb89d192afc_15155""",1
2025-02-27T16:25:49.083Z,0,rayyan@rayyan.ai,164703307,"""__SYSTEM__SAMPLE__bf16548037788a03250fcfb89d192afc_15155""",1
2025-02-27T16:25:49.183Z,0,rayyan@rayyan.ai,164705589,"""__SYSTEM__SAMPLE__bf16548037788a03250fcfb89d192afc_15155""",1
2025-02-27T16:25:49.183Z,0,rayyan@rayyan.ai,153492922,"""__SYSTEM__SAMPLE__bf16548037788a03250fcfb89d192afc_15155""",1
2025-02-27T16:25:49.183Z,0,rayyan@rayyan.ai,164703172,"""__SYSTEM__SAMPLE__bf16548037788a03250fcfb89d192afc_15155""",1
2025-02-27T16:25:49.183Z,0,rayyan@rayyan.ai,164687937,"""__SYSTEM__SAMPLE__bf16548037788a03250fcfb89d192afc_15155""",1
2025-02-27T16:25:49.183Z,0,rayyan@rayyan.ai,153490925,"""__SYSTEM__SAMPLE__bf16548037788a03250fcfb89d192afc_15155""",1
2025-02-27T16:25:49.183Z,0,rayyan@rayyan.ai,153488432,"""__SYSTEM__SAMPLE__bf16548037788a03250fcfb89d192afc_15155""",1
2025-02-27T16:25:49.183Z,0,rayyan@rayyan.ai,164687503,"""__SYSTEM__SAMPLE__bf16548037788a03250fcfb89d192afc_15155""",1
2025-02-27T16:25:49.281Z,0,rayyan@rayyan.ai,153491473,"""__SYSTEM__SAMPLE__bf16548037788a03250fcfb89d192afc_15155""",1
2025-02-27T16:25:49.281Z,0,rayyan@rayyan.ai,164699307,"""__SYSTEM__SAMPLE__bf16548037788a03250fcfb89d192afc_15155""",1
2025-02-27T16:25:49.281Z,0,rayyan@rayyan.ai,153492251,"""__SYSTEM__SAMPLE__bf16548037788a03250fcfb89d192afc_15155""",1
2025-02-27T16:25:49.281Z,0,rayyan@rayyan.ai,153493761,"""__SYSTEM__SAMPLE__bf16548037788a03250fcfb89d192afc_15155""",1
2025-02-27T16:25:49.374Z,0,rayyan@rayyan.ai,153489980,"""__SYSTEM__SAMPLE__bf16548037788a03250fcfb89d192afc_15155""",1
2025-02-27T16:25:49.374Z,0,rayyan@rayyan.ai,153489333,"""__SYSTEM__SAMPLE__bf16548037788a03250fcfb89d192afc_15155""",1
2025-02-27T16:25:49.374Z,0,rayyan@rayyan.ai,153486297,"""__SYSTEM__SAMPLE__bf16548037788a03250fcfb89d192afc_15155""",1
2025-02-27T16:25:49.374Z,0,rayyan@rayyan.ai,164702347,"""__SYSTEM__SAMPLE__bf16548037788a03250fcfb89d192afc_15155""",1
2025-02-27T16:25:49.501Z,0,rayyan@rayyan.ai,153493705,"""__SYSTEM__SAMPLE__bf16548037788a03250fcfb89d192afc_15155""",1
2025-02-27T16:25:49.501Z,0,rayyan@rayyan.ai,153497157,"""__SYSTEM__SAMPLE__bf16548037788a03250fcfb89d192afc_15155""",1
2025-02-27T16:25:49.501Z,0,rayyan@rayyan.ai,153493294,"""__SYSTEM__SAMPLE__bf16548037788a03250fcfb89d192afc_15155""",1
2025-02-27T16:25:49.600Z,0,rayyan@rayyan.ai,153495603,"""__SYSTEM__SAMPLE__bf16548037788a03250fcfb89d192afc_15155""",1
2025-02-27T16:25:49.600Z,0,rayyan@rayyan.ai,164706021,"""__SYSTEM__SAMPLE__bf16548037788a03250fcfb89d192afc_15155""",1
2025-02-27T16:25:49.600Z,0,rayyan@rayyan.ai,153493637,"""__SYSTEM__SAMPLE__bf16548037788a03250fcfb89d192afc_15155""",1
2025-02-27T16:25:49.600Z,0,rayyan@rayyan.ai,153495355,"""__SYSTEM__SAMPLE__bf16548037788a03250fcfb89d192afc_15155""",1
2025-02-27T16:25:49.600Z,0,rayyan@rayyan.ai,164685056,"""__SYSTEM__SAMPLE__bf16548037788a03250fcfb89d192afc_15155""",1
2025-02-27T16:25:49.600Z,0,rayyan@rayyan.ai,164700930,"""__SYSTEM__SAMPLE__bf16548037788a03250fcfb89d192afc_15155""",1
2025-02-27T16:25:49.600Z,0,rayyan@rayyan.ai,153498592,"""__SYSTEM__SAMPLE__bf16548037788a03250fcfb89d192afc_15155""",1
2025-02-27T16:25:49.600Z,0,rayyan@rayyan.ai,164704851,"""__SYSTEM__SAMPLE__bf16548037788a03250fcfb89d192afc_15155""",1
2025-02-27T16:25:49.674Z,0,rayyan@rayyan.ai,153489720,"""__SYSTEM__SAMPLE__bf16548037788a03250fcfb89d192afc_15155""",1
2025-02-27T16:25:49.674Z,0,rayyan@rayyan.ai,164687885,"""__SYSTEM__SAMPLE__bf16548037788a03250fcfb89d192afc_15155""",1
2025-02-27T16:25:49.674Z,0,rayyan@rayyan.ai,153496942,"""__SYSTEM__SAMPLE__bf16548037788a03250fcfb89d192afc_15155""",1
2025-02-27T16:25:49.674Z,0,rayyan@rayyan.ai,164686112,"""__SYSTEM__SAMPLE__bf16548037788a03250fcfb89d192afc_15155""",1
2025-02-27T16:25:49.674Z,0,rayyan@rayyan.ai,153493885,"""__SYSTEM__SAMPLE__bf16548037788a03250fcfb89d192afc_15155""",1
2025-02-27T16:25:49.739Z,0,rayyan@rayyan.ai,153494097,"""__SYSTEM__SAMPLE__bf16548037788a03250fcfb89d192afc_15155""",1
2025-02-27T16:25:49.739Z,0,rayyan@rayyan.ai,153498316,"""__SYSTEM__SAMPLE__bf16548037788a03250fcfb89d192afc_15155""",1
2025-02-27T16:25:49.739Z,0,rayyan@rayyan.ai,164687334,"""__SYSTEM__SAMPLE__bf16548037788a03250fcfb89d192afc_15155""",1
2025-02-27T16:25:49.796Z,0,rayyan@rayyan.ai,164706070,"""__SYSTEM__SAMPLE__bf16548037788a03250fcfb89d192afc_15155""",1
2025-02-27T16:25:49.796Z,0,rayyan@rayyan.ai,164694024,"""__SYSTEM__SAMPLE__bf16548037788a03250fcfb89d192afc_15155""",1
2025-02-27T16:25:49.859Z,0,rayyan@rayyan.ai,153489109,"""__SYSTEM__SAMPLE__bf16548037788a03250fcfb89d192afc_15155""",1
2025-02-27T16:25:49.859Z,0,rayyan@rayyan.ai,153494246,"""__SYSTEM__SAMPLE__bf16548037788a03250fcfb89d192afc_15155""",1
2025-02-27T16:25:49.859Z,0,rayyan@rayyan.ai,164705337,"""__SYSTEM__SAMPLE__bf16548037788a03250fcfb89d192afc_15155""",1
2025-02-27T16:25:50.776Z,0,rayyan@rayyan.ai,164706525,"""__SYSTEM__SAMPLE__bf16548037788a03250fcfb89d192afc_15155""",1
2025-02-27T16:25:50.776Z,0,rayyan@rayyan.ai,153487092,"""__SYSTEM__SAMPLE__bf16548037788a03250fcfb89d192afc_15155""",1
2025-02-27T16:25:50.776Z,0,rayyan@rayyan.ai,164690622,"""__SYSTEM__SAMPLE__bf16548037788a03250fcfb89d192afc_15155""",1
2025-02-27T16:25:50.776Z,0,rayyan@rayyan.ai,164698258,"""__SYSTEM__SAMPLE__bf16548037788a03250fcfb89d192afc_15155""",1
2025-02-27T16:25:50.834Z,0,rayyan@rayyan.ai,164704108,"""__SYSTEM__SAMPLE__bf16548037788a03250fcfb89d192afc_15155""",1
2025-02-27T16:25:50.834Z,0,rayyan@rayyan.ai,164693867,"""__SYSTEM__SAMPLE__bf16548037788a03250fcfb89d192afc_15155""",1
2025-02-27T16:25:50.834Z,0,rayyan@rayyan.ai,153496479,"""__SYSTEM__SAMPLE__bf16548037788a03250fcfb89d192afc_15155""",1
2025-02-27T16:25:50.834Z,0,rayyan@rayyan.ai,153488645,"""__SYSTEM__SAMPLE__bf16548037788a03250fcfb89d192afc_15155""",1
2025-02-27T16:25:50.834Z,0,rayyan@rayyan.ai,153492425,"""__SYSTEM__SAMPLE__bf16548037788a03250fcfb89d192afc_15155""",1
2025-02-27T16:25:50.891Z,0,rayyan@rayyan.ai,164686050,"""__SYSTEM__SAMPLE__bf16548037788a03250fcfb89d192afc_15155""",1
2025-02-27T16:25:50.891Z,0,rayyan@rayyan.ai,153488236,"""__SYSTEM__SAMPLE__bf16548037788a03250fcfb89d192afc_15155""",1
2025-02-27T16:25:50.891Z,0,rayyan@rayyan.ai,164695962,"""__SYSTEM__SAMPLE__bf16548037788a03250fcfb89d192afc_15155""",1
2025-02-27T16:25:50.891Z,0,rayyan@rayyan.ai,153497215,"""__SYSTEM__SAMPLE__bf16548037788a03250fcfb89d192afc_15155""",1
2025-02-27T16:25:50.891Z,0,rayyan@rayyan.ai,153494214,"""__SYSTEM__SAMPLE__bf16548037788a03250fcfb89d192afc_15155""",1
2025-02-27T16:25:50.891Z,0,rayyan@rayyan.ai,164687594,"""__SYSTEM__SAMPLE__bf16548037788a03250fcfb89d192afc_15155""",1
2025-02-28T10:59:28.468Z,0,rayyan@rayyan.ai,164702366,"""__SYSTEM__SAMPLE__1844316c46179ea4d070527c2a6eda09_15194""",1
2025-02-28T10:59:28.468Z,0,rayyan@rayyan.ai,153491472,"""__SYSTEM__SAMPLE__1844316c46179ea4d070527c2a6eda09_15194""",1
2025-02-28T10:59:28.468Z,0,rayyan@rayyan.ai,153491322,"""__SYSTEM__SAMPLE__1844316c46179ea4d070527c2a6eda09_15194""",1
2025-02-28T10:59:28.468Z,0,rayyan@rayyan.ai,164701624,"""__SYSTEM__SAMPLE__1844316c46179ea4d070527c2a6eda09_15194""",1
2025-02-28T10:59:28.823Z,0,rayyan@rayyan.ai,164686064,"""__SYSTEM__SAMPLE__1844316c46179ea4d070527c2a6eda09_15194""",1
2025-02-28T10:59:28.823Z,0,rayyan@rayyan.ai,164694697,"""__SYSTEM__SAMPLE__1844316c46179ea4d070527c2a6eda09_15194""",1
2025-02-28T10:59:28.823Z,0,rayyan@rayyan.ai,164704358,"""__SYSTEM__SAMPLE__1844316c46179ea4d070527c2a6eda09_15194""",1
2025-02-28T10:59:28.823Z,0,rayyan@rayyan.ai,153495489,"""__SYSTEM__SAMPLE__1844316c46179ea4d070527c2a6eda09_15194""",1
2025-02-28T10:59:29.055Z,0,rayyan@rayyan.ai,164689097,"""__SYSTEM__SAMPLE__1844316c46179ea4d070527c2a6eda09_15194""",1
2025-02-28T10:59:29.055Z,0,rayyan@rayyan.ai,164693963,"""__SYSTEM__SAMPLE__1844316c46179ea4d070527c2a6eda09_15194""",1
2025-02-28T10:59:29.055Z,0,rayyan@rayyan.ai,153487567,"""__SYSTEM__SAMPLE__1844316c46179ea4d070527c2a6eda09_15194""",1
2025-02-28T10:59:29.055Z,0,rayyan@rayyan.ai,153493099,"""__SYSTEM__SAMPLE__1844316c46179ea4d070527c2a6eda09_15194""",1
2025-02-28T10:59:29.055Z,0,rayyan@rayyan.ai,164704427,"""__SYSTEM__SAMPLE__1844316c46179ea4d070527c2a6eda09_15194""",1
2025-02-28T10:59:29.266Z,0,rayyan@rayyan.ai,153491064,"""__SYSTEM__SAMPLE__1844316c46179ea4d070527c2a6eda09_15194""",1
2025-02-28T10:59:29.266Z,0,rayyan@rayyan.ai,153485991,"""__SYSTEM__SAMPLE__1844316c46179ea4d070527c2a6eda09_15194""",1
2025-02-28T10:59:29.266Z,0,rayyan@rayyan.ai,153490260,"""__SYSTEM__SAMPLE__1844316c46179ea4d070527c2a6eda09_15194""",1
2025-02-28T10:59:29.266Z,0,rayyan@rayyan.ai,164688731,"""__SYSTEM__SAMPLE__1844316c46179ea4d070527c2a6eda09_15194""",1
2025-02-28T10:59:29.266Z,0,rayyan@rayyan.ai,164691467,"""__SYSTEM__SAMPLE__1844316c46179ea4d070527c2a6eda09_15194""",1
2025-02-28T10:59:29.450Z,0,rayyan@rayyan.ai,164697974,"""__SYSTEM__SAMPLE__1844316c46179ea4d070527c2a6eda09_15194""",1
2025-02-28T10:59:29.450Z,0,rayyan@rayyan.ai,153490863,"""__SYSTEM__SAMPLE__1844316c46179ea4d070527c2a6eda09_15194""",1
2025-02-28T10:59:29.450Z,0,rayyan@rayyan.ai,164705589,"""__SYSTEM__SAMPLE__1844316c46179ea4d070527c2a6eda09_15194""",1
2025-02-28T10:59:29.450Z,0,rayyan@rayyan.ai,164701892,"""__SYSTEM__SAMPLE__1844316c46179ea4d070527c2a6eda09_15194""",1
2025-02-28T10:59:29.450Z,0,rayyan@rayyan.ai,153492584,"""__SYSTEM__SAMPLE__1844316c46179ea4d070527c2a6eda09_15194""",1
2025-02-28T10:59:29.450Z,0,rayyan@rayyan.ai,164695694,"""__SYSTEM__SAMPLE__1844316c46179ea4d070527c2a6eda09_15194""",1
2025-02-28T10:59:29.450Z,0,rayyan@rayyan.ai,164699617,"""__SYSTEM__SAMPLE__1844316c46179ea4d070527c2a6eda09_15194""",1
2025-02-28T10:59:30.225Z,0,rayyan@rayyan.ai,164687108,"""__SYSTEM__SAMPLE__1844316c46179ea4d070527c2a6eda09_15194""",1
2025-02-28T10:59:30.225Z,0,rayyan@rayyan.ai,153490255,"""__SYSTEM__SAMPLE__1844316c46179ea4d070527c2a6eda09_15194""",1
2025-02-28T10:59:30.225Z,0,rayyan@rayyan.ai,164705763,"""__SYSTEM__SAMPLE__1844316c46179ea4d070527c2a6eda09_15194""",1
2025-02-28T10:59:30.338Z,0,rayyan@rayyan.ai,164685125,"""__SYSTEM__SAMPLE__1844316c46179ea4d070527c2a6eda09_15194""",1
2025-02-28T10:59:30.338Z,0,rayyan@rayyan.ai,164701940,"""__SYSTEM__SAMPLE__1844316c46179ea4d070527c2a6eda09_15194""",1
2025-02-28T10:59:30.338Z,0,rayyan@rayyan.ai,153490424,"""__SYSTEM__SAMPLE__1844316c46179ea4d070527c2a6eda09_15194""",1
2025-02-28T10:59:30.338Z,0,rayyan@rayyan.ai,164694874,"""__SYSTEM__SAMPLE__1844316c46179ea4d070527c2a6eda09_15194""",1
2025-02-28T10:59:30.338Z,0,rayyan@rayyan.ai,153497290,"""__SYSTEM__SAMPLE__1844316c46179ea4d070527c2a6eda09_15194""",1
2025-02-28T10:59:30.338Z,0,rayyan@rayyan.ai,153492722,"""__SYSTEM__SAMPLE__1844316c46179ea4d070527c2a6eda09_15194""",1
2025-02-28T10:59:30.338Z,0,rayyan@rayyan.ai,164686188,"""__SYSTEM__SAMPLE__1844316c46179ea4d070527c2a6eda09_15194""",1
2025-02-28T10:59:30.444Z,0,rayyan@rayyan.ai,164701831,"""__SYSTEM__SAMPLE__1844316c46179ea4d070527c2a6eda09_15194""",1
2025-02-28T10:59:30.444Z,0,rayyan@rayyan.ai,164695732,"""__SYSTEM__SAMPLE__1844316c46179ea4d070527c2a6eda09_15194""",1
2025-02-28T10:59:30.444Z,0,rayyan@rayyan.ai,164706007,"""__SYSTEM__SAMPLE__1844316c46179ea4d070527c2a6eda09_15194""",1
2025-02-28T10:59:30.444Z,0,rayyan@rayyan.ai,153493837,"""__SYSTEM__SAMPLE__1844316c46179ea4d070527c2a6eda09_15194""",1
2025-02-28T10:59:30.444Z,0,rayyan@rayyan.ai,164686712,"""__SYSTEM__SAMPLE__1844316c46179ea4d070527c2a6eda09_15194""",1
2025-02-28T10:59:30.444Z,0,rayyan@rayyan.ai,164694140,"""__SYSTEM__SAMPLE__1844316c46179ea4d070527c2a6eda09_15194""",1
2025-02-28T10:59:30.540Z,0,rayyan@rayyan.ai,164686759,"""__SYSTEM__SAMPLE__1844316c46179ea4d070527c2a6eda09_15194""",1
2025-02-28T10:59:30.540Z,0,rayyan@rayyan.ai,164699974,"""__SYSTEM__SAMPLE__1844316c46179ea4d070527c2a6eda09_15194""",1
2025-02-28T10:59:30.540Z,0,rayyan@rayyan.ai,153486436,"""__SYSTEM__SAMPLE__1844316c46179ea4d070527c2a6eda09_15194""",1
2025-02-28T10:59:30.540Z,0,rayyan@rayyan.ai,164701798,"""__SYSTEM__SAMPLE__1844316c46179ea4d070527c2a6eda09_15194""",1
2025-02-28T10:59:30.540Z,0,rayyan@rayyan.ai,153496122,"""__SYSTEM__SAMPLE__1844316c46179ea4d070527c2a6eda09_15194""",1
2025-02-28T10:59:30.540Z,0,rayyan@rayyan.ai,164694285,"""__SYSTEM__SAMPLE__1844316c46179ea4d070527c2a6eda09_15194""",1
2025-02-28T10:59:30.540Z,0,rayyan@rayyan.ai,164686649,"""__SYSTEM__SAMPLE__1844316c46179ea4d070527c2a6eda09_15194""",1
2025-02-28T10:59:30.639Z,0,rayyan@rayyan.ai,164703741,"""__SYSTEM__SAMPLE__1844316c46179ea4d070527c2a6eda09_15194""",1
2025-02-28T10:59:30.738Z,0,rayyan@rayyan.ai,164689960,"""__SYSTEM__SAMPLE__1844316c46179ea4d070527c2a6eda09_15194""",1
2025-02-28T10:59:30.738Z,0,rayyan@rayyan.ai,164700477,"""__SYSTEM__SAMPLE__1844316c46179ea4d070527c2a6eda09_15194""",1
2025-02-28T10:59:30.738Z,0,rayyan@rayyan.ai,164687937,"""__SYSTEM__SAMPLE__1844316c46179ea4d070527c2a6eda09_15194""",1
2025-02-28T10:59:30.738Z,0,rayyan@rayyan.ai,153486799,"""__SYSTEM__SAMPLE__1844316c46179ea4d070527c2a6eda09_15194""",1
2025-02-28T10:59:30.738Z,0,rayyan@rayyan.ai,164693459,"""__SYSTEM__SAMPLE__1844316c46179ea4d070527c2a6eda09_15194""",1
2025-02-28T10:59:30.738Z,0,rayyan@rayyan.ai,164707068,"""__SYSTEM__SAMPLE__1844316c46179ea4d070527c2a6eda09_15194""",1
2025-02-28T10:59:30.809Z,0,rayyan@rayyan.ai,164701358,"""__SYSTEM__SAMPLE__1844316c46179ea4d070527c2a6eda09_15194""",1
2025-02-28T10:59:30.809Z,0,rayyan@rayyan.ai,153495361,"""__SYSTEM__SAMPLE__1844316c46179ea4d070527c2a6eda09_15194""",1
2025-02-28T10:59:30.809Z,0,rayyan@rayyan.ai,153492115,"""__SYSTEM__SAMPLE__1844316c46179ea4d070527c2a6eda09_15194""",1
2025-02-28T10:59:30.809Z,0,rayyan@rayyan.ai,164698489,"""__SYSTEM__SAMPLE__1844316c46179ea4d070527c2a6eda09_15194""",1
2025-02-28T10:59:30.871Z,0,rayyan@rayyan.ai,153496366,"""__SYSTEM__SAMPLE__1844316c46179ea4d070527c2a6eda09_15194""",1
2025-02-28T10:59:30.871Z,0,rayyan@rayyan.ai,153492901,"""__SYSTEM__SAMPLE__1844316c46179ea4d070527c2a6eda09_15194""",1
2025-02-28T10:59:30.871Z,0,rayyan@rayyan.ai,153487181,"""__SYSTEM__SAMPLE__1844316c46179ea4d070527c2a6eda09_15194""",1
2025-02-28T10:59:30.871Z,0,rayyan@rayyan.ai,164693488,"""__SYSTEM__SAMPLE__1844316c46179ea4d070527c2a6eda09_15194""",1
2025-02-28T10:59:31.751Z,0,rayyan@rayyan.ai,153486980,"""__SYSTEM__SAMPLE__1844316c46179ea4d070527c2a6eda09_15194""",1
2025-02-28T10:59:31.751Z,0,rayyan@rayyan.ai,153491632,"""__SYSTEM__SAMPLE__1844316c46179ea4d070527c2a6eda09_15194""",1
2025-02-28T10:59:31.751Z,0,rayyan@rayyan.ai,164691517,"""__SYSTEM__SAMPLE__1844316c46179ea4d070527c2a6eda09_15194""",1
2025-02-28T10:59:31.805Z,0,rayyan@rayyan.ai,164698803,"""__SYSTEM__SAMPLE__1844316c46179ea4d070527c2a6eda09_15194""",1
2025-02-28T10:59:31.805Z,0,rayyan@rayyan.ai,153490921,"""__SYSTEM__SAMPLE__1844316c46179ea4d070527c2a6eda09_15194""",1
2025-02-28T10:59:31.805Z,0,rayyan@rayyan.ai,164694599,"""__SYSTEM__SAMPLE__1844316c46179ea4d070527c2a6eda09_15194""",1
2025-02-28T10:59:31.805Z,0,rayyan@rayyan.ai,164695278,"""__SYSTEM__SAMPLE__1844316c46179ea4d070527c2a6eda09_15194""",1
2025-02-28T10:59:31.805Z,0,rayyan@rayyan.ai,164706020,"""__SYSTEM__SAMPLE__1844316c46179ea4d070527c2a6eda09_15194""",1
2025-02-28T10:59:31.862Z,0,rayyan@rayyan.ai,164694177,"""__SYSTEM__SAMPLE__1844316c46179ea4d070527c2a6eda09_15194""",1
2025-02-28T10:59:31.862Z,0,rayyan@rayyan.ai,164706358,"""__SYSTEM__SAMPLE__1844316c46179ea4d070527c2a6eda09_15194""",1
2025-02-28T10:59:31.862Z,0,rayyan@rayyan.ai,153492425,"""__SYSTEM__SAMPLE__1844316c46179ea4d070527c2a6eda09_15194""",1
2025-02-28T10:59:31.862Z,0,rayyan@rayyan.ai,153495355,"""__SYSTEM__SAMPLE__1844316c46179ea4d070527c2a6eda09_15194""",1
2025-02-28T10:59:31.914Z,0,rayyan@rayyan.ai,164700579,"""__SYSTEM__SAMPLE__1844316c46179ea4d070527c2a6eda09_15194""",1
2025-02-28T10:59:31.914Z,0,rayyan@rayyan.ai,153497959,"""__SYSTEM__SAMPLE__1844316c46179ea4d070527c2a6eda09_15194""",1
2025-02-28T10:59:31.914Z,0,rayyan@rayyan.ai,153490034,"""__SYSTEM__SAMPLE__1844316c46179ea4d070527c2a6eda09_15194""",1
2025-02-28T10:59:31.971Z,0,rayyan@rayyan.ai,164691684,"""__SYSTEM__SAMPLE__1844316c46179ea4d070527c2a6eda09_15194""",1
2025-02-28T10:59:31.971Z,0,rayyan@rayyan.ai,153488827,"""__SYSTEM__SAMPLE__1844316c46179ea4d070527c2a6eda09_15194""",1
2025-02-28T10:59:31.971Z,0,rayyan@rayyan.ai,164697274,"""__SYSTEM__SAMPLE__1844316c46179ea4d070527c2a6eda09_15194""",1
2025-02-28T10:59:31.971Z,0,rayyan@rayyan.ai,164702883,"""__SYSTEM__SAMPLE__1844316c46179ea4d070527c2a6eda09_15194""",1
2025-02-28T10:59:31.971Z,0,rayyan@rayyan.ai,153485783,"""__SYSTEM__SAMPLE__1844316c46179ea4d070527c2a6eda09_15194""",1
2025-02-28T10:59:31.971Z,0,rayyan@rayyan.ai,164705816,"""__SYSTEM__SAMPLE__1844316c46179ea4d070527c2a6eda09_15194""",1
2025-02-28T10:59:32.027Z,0,rayyan@rayyan.ai,164693446,"""__SYSTEM__SAMPLE__1844316c46179ea4d070527c2a6eda09_15194""",1
2025-02-28T10:59:32.027Z,0,rayyan@rayyan.ai,153497609,"""__SYSTEM__SAMPLE__1844316c46179ea4d070527c2a6eda09_15194""",1
2025-02-28T10:59:32.027Z,0,rayyan@rayyan.ai,153494596,"""__SYSTEM__SAMPLE__1844316c46179ea4d070527c2a6eda09_15194""",1
2025-02-28T10:59:32.027Z,0,rayyan@rayyan.ai,164690523,"""__SYSTEM__SAMPLE__1844316c46179ea4d070527c2a6eda09_15194""",1
2025-02-28T10:59:32.027Z,0,rayyan@rayyan.ai,164699295,"""__SYSTEM__SAMPLE__1844316c46179ea4d070527c2a6eda09_15194""",1
2025-02-28T10:59:32.027Z,0,rayyan@rayyan.ai,164700858,"""__SYSTEM__SAMPLE__1844316c46179ea4d070527c2a6eda09_15194""",1
2025-02-28T10:59:32.078Z,0,rayyan@rayyan.ai,164697817,"""__SYSTEM__SAMPLE__1844316c46179ea4d070527c2a6eda09_15194""",1
2025-02-28T10:59:32.078Z,0,rayyan@rayyan.ai,164691032,"""__SYSTEM__SAMPLE__1844316c46179ea4d070527c2a6eda09_15194""",1
2025-02-28T10:59:32.078Z,0,rayyan@rayyan.ai,153489794,"""__SYSTEM__SAMPLE__1844316c46179ea4d070527c2a6eda09_15194""",1
2025-02-28T10:59:32.078Z,0,rayyan@rayyan.ai,153488978,"""__SYSTEM__SAMPLE__1844316c46179ea4d070527c2a6eda09_15194""",1
2025-02-28T10:59:32.078Z,0,rayyan@rayyan.ai,164705315,"""__SYSTEM__SAMPLE__1844316c46179ea4d070527c2a6eda09_15194""",1
2025-02-28T10:59:32.078Z,0,rayyan@rayyan.ai,153497099,"""__SYSTEM__SAMPLE__1844316c46179ea4d070527c2a6eda09_15194""",1
2025-02-28T11:01:02.351Z,0,rayyan@rayyan.ai,153494246,"""__SYSTEM__SAMPLE__446a534be459a3c37d2858980816e649_15195""",1
2025-02-28T11:01:02.351Z,0,rayyan@rayyan.ai,153490119,"""__SYSTEM__SAMPLE__446a534be459a3c37d2858980816e649_15195""",1
2025-02-28T11:01:02.351Z,0,rayyan@rayyan.ai,153498156,"""__SYSTEM__SAMPLE__446a534be459a3c37d2858980816e649_15195""",1
2025-02-28T11:01:02.351Z,0,rayyan@rayyan.ai,164687687,"""__SYSTEM__SAMPLE__446a534be459a3c37d2858980816e649_15195""",1
2025-02-28T11:01:02.351Z,0,rayyan@rayyan.ai,153490586,"""__SYSTEM__SAMPLE__446a534be459a3c37d2858980816e649_15195""",1
2025-02-28T11:01:02.351Z,0,rayyan@rayyan.ai,153493911,"""__SYSTEM__SAMPLE__446a534be459a3c37d2858980816e649_15195""",1
2025-02-28T11:01:02.351Z,0,rayyan@rayyan.ai,164690045,"""__SYSTEM__SAMPLE__446a534be459a3c37d2858980816e649_15195""",1
2025-02-28T11:01:02.351Z,0,rayyan@rayyan.ai,164685820,"""__SYSTEM__SAMPLE__446a534be459a3c37d2858980816e649_15195""",1
2025-02-28T11:01:02.351Z,0,rayyan@rayyan.ai,164699446,"""__SYSTEM__SAMPLE__446a534be459a3c37d2858980816e649_15195""",1
2025-02-28T11:01:02.351Z,0,rayyan@rayyan.ai,164704255,"""__SYSTEM__SAMPLE__446a534be459a3c37d2858980816e649_15195""",1
2025-02-28T11:01:02.351Z,0,rayyan@rayyan.ai,164687685,"""__SYSTEM__SAMPLE__446a534be459a3c37d2858980816e649_15195""",1
2025-02-28T11:01:02.351Z,0,rayyan@rayyan.ai,164686977,"""__SYSTEM__SAMPLE__446a534be459a3c37d2858980816e649_15195""",1
2025-02-28T11:01:02.351Z,0,rayyan@rayyan.ai,153485783,"""__SYSTEM__SAMPLE__446a534be459a3c37d2858980816e649_15195""",1
2025-02-28T11:01:02.351Z,0,rayyan@rayyan.ai,153490770,"""__SYSTEM__SAMPLE__446a534be459a3c37d2858980816e649_15195""",1
2025-02-28T11:01:02.351Z,0,rayyan@rayyan.ai,164686571,"""__SYSTEM__SAMPLE__446a534be459a3c37d2858980816e649_15195""",1
2025-02-28T11:01:02.351Z,0,rayyan@rayyan.ai,164687752,"""__SYSTEM__SAMPLE__446a534be459a3c37d2858980816e649_15195""",1
2025-02-28T11:01:02.351Z,0,rayyan@rayyan.ai,153491414,"""__SYSTEM__SAMPLE__446a534be459a3c37d2858980816e649_15195""",1
2025-02-28T11:01:02.351Z,0,rayyan@rayyan.ai,164705383,"""__SYSTEM__SAMPLE__446a534be459a3c37d2858980816e649_15195""",1
2025-02-28T11:01:02.351Z,0,rayyan@rayyan.ai,164706070,"""__SYSTEM__SAMPLE__446a534be459a3c37d2858980816e649_15195""",1
2025-02-28T11:01:02.351Z,0,rayyan@rayyan.ai,153493941,"""__SYSTEM__SAMPLE__446a534be459a3c37d2858980816e649_15195""",1
2025-02-28T11:01:02.351Z,0,rayyan@rayyan.ai,153499084,"""__SYSTEM__SAMPLE__446a534be459a3c37d2858980816e649_15195""",1
2025-02-28T11:01:02.351Z,0,rayyan@rayyan.ai,164703172,"""__SYSTEM__SAMPLE__446a534be459a3c37d2858980816e649_15195""",1
2025-02-28T11:01:02.351Z,0,rayyan@rayyan.ai,83177632,"""__SYSTEM__SAMPLE__446a534be459a3c37d2858980816e649_15195""",1
2025-02-28T11:01:02.351Z,0,rayyan@rayyan.ai,164703092,"""__SYSTEM__SAMPLE__446a534be459a3c37d2858980816e649_15195""",1
2025-02-28T11:01:02.351Z,0,rayyan@rayyan.ai,164694441,"""__SYSTEM__SAMPLE__446a534be459a3c37d2858980816e649_15195""",1
2025-02-28T11:01:02.351Z,0,rayyan@rayyan.ai,153494310,"""__SYSTEM__SAMPLE__446a534be459a3c37d2858980816e649_15195""",1
2025-02-28T11:01:02.351Z,0,rayyan@rayyan.ai,164699061,"""__SYSTEM__SAMPLE__446a534be459a3c37d2858980816e649_15195""",1
2025-02-28T11:01:02.351Z,0,rayyan@rayyan.ai,153493313,"""__SYSTEM__SAMPLE__446a534be459a3c37d2858980816e649_15195""",1
2025-02-28T11:01:02.351Z,0,rayyan@rayyan.ai,164701883,"""__SYSTEM__SAMPLE__446a534be459a3c37d2858980816e649_15195""",1
2025-02-28T11:01:02.351Z,0,rayyan@rayyan.ai,164686299,"""__SYSTEM__SAMPLE__446a534be459a3c37d2858980816e649_15195""",1
2025-02-28T11:01:02.351Z,0,rayyan@rayyan.ai,153486174,"""__SYSTEM__SAMPLE__446a534be459a3c37d2858980816e649_15195""",1
2025-02-28T11:01:02.351Z,0,rayyan@rayyan.ai,153496722,"""__SYSTEM__SAMPLE__446a534be459a3c37d2858980816e649_15195""",1
2025-02-28T11:01:02.351Z,0,rayyan@rayyan.ai,153491252,"""__SYSTEM__SAMPLE__446a534be459a3c37d2858980816e649_15195""",1
2025-02-28T11:01:02.351Z,0,rayyan@rayyan.ai,164706358,"""__SYSTEM__SAMPLE__446a534be459a3c37d2858980816e649_15195""",1
2025-02-28T11:01:02.351Z,0,rayyan@rayyan.ai,164697823,"""__SYSTEM__SAMPLE__446a534be459a3c37d2858980816e649_15195""",1
2025-02-28T11:01:02.351Z,0,rayyan@rayyan.ai,153489205,"""__SYSTEM__SAMPLE__446a534be459a3c37d2858980816e649_15195""",1
2025-02-28T11:01:02.351Z,0,rayyan@rayyan.ai,153488645,"""__SYSTEM__SAMPLE__446a534be459a3c37d2858980816e649_15195""",1
2025-02-28T11:01:02.351Z,0,rayyan@rayyan.ai,164697123,"""__SYSTEM__SAMPLE__446a534be459a3c37d2858980816e649_15195""",1
2025-02-28T11:01:02.351Z,0,rayyan@rayyan.ai,153491064,"""__SYSTEM__SAMPLE__446a534be459a3c37d2858980816e649_15195""",1
2025-02-28T11:01:02.351Z,0,rayyan@rayyan.ai,153494700,"""__SYSTEM__SAMPLE__446a534be459a3c37d2858980816e649_15195""",1
2025-02-28T11:01:02.351Z,0,rayyan@rayyan.ai,164695863,"""__SYSTEM__SAMPLE__446a534be459a3c37d2858980816e649_15195""",1
2025-02-28T11:01:02.351Z,0,rayyan@rayyan.ai,153494826,"""__SYSTEM__SAMPLE__446a534be459a3c37d2858980816e649_15195""",1
2025-02-28T11:01:02.351Z,0,rayyan@rayyan.ai,153496463,"""__SYSTEM__SAMPLE__446a534be459a3c37d2858980816e649_15195""",1
2025-02-28T11:01:02.351Z,0,rayyan@rayyan.ai,153486940,"""__SYSTEM__SAMPLE__446a534be459a3c37d2858980816e649_15195""",1
2025-02-28T11:01:02.351Z,0,rayyan@rayyan.ai,153487317,"""__SYSTEM__SAMPLE__446a534be459a3c37d2858980816e649_15195""",1
2025-02-28T11:01:02.351Z,0,rayyan@rayyan.ai,164690105,"""__SYSTEM__SAMPLE__446a534be459a3c37d2858980816e649_15195""",1
2025-02-28T11:01:02.351Z,0,rayyan@rayyan.ai,153494214,"""__SYSTEM__SAMPLE__446a534be459a3c37d2858980816e649_15195""",1
2025-02-28T11:01:02.351Z,0,rayyan@rayyan.ai,153496802,"""__SYSTEM__SAMPLE__446a534be459a3c37d2858980816e649_15195""",1
2025-02-28T11:01:02.351Z,0,rayyan@rayyan.ai,153494596,"""__SYSTEM__SAMPLE__446a534be459a3c37d2858980816e649_15195""",1
2025-02-28T11:01:02.351Z,0,rayyan@rayyan.ai,153490260,"""__SYSTEM__SAMPLE__446a534be459a3c37d2858980816e649_15195""",1
2025-02-28T11:01:02.442Z,0,rayyan@rayyan.ai,153493099,"""__SYSTEM__SAMPLE__446a534be459a3c37d2858980816e649_15195""",1
2025-02-28T11:01:02.442Z,0,rayyan@rayyan.ai,153495212,"""__SYSTEM__SAMPLE__446a534be459a3c37d2858980816e649_15195""",1
2025-02-28T11:01:02.442Z,0,rayyan@rayyan.ai,164688555,"""__SYSTEM__SAMPLE__446a534be459a3c37d2858980816e649_15195""",1
2025-02-28T11:01:02.442Z,0,rayyan@rayyan.ai,164690203,"""__SYSTEM__SAMPLE__446a534be459a3c37d2858980816e649_15195""",1
2025-02-28T11:01:02.442Z,0,rayyan@rayyan.ai,164699199,"""__SYSTEM__SAMPLE__446a534be459a3c37d2858980816e649_15195""",1
2025-02-28T11:01:02.442Z,0,rayyan@rayyan.ai,164703362,"""__SYSTEM__SAMPLE__446a534be459a3c37d2858980816e649_15195""",1
2025-02-28T11:01:02.442Z,0,rayyan@rayyan.ai,164688731,"""__SYSTEM__SAMPLE__446a534be459a3c37d2858980816e649_15195""",1
2025-02-28T11:01:02.442Z,0,rayyan@rayyan.ai,153493799,"""__SYSTEM__SAMPLE__446a534be459a3c37d2858980816e649_15195""",1
2025-02-28T11:01:02.442Z,0,rayyan@rayyan.ai,164702061,"""__SYSTEM__SAMPLE__446a534be459a3c37d2858980816e649_15195""",1
2025-02-28T11:01:02.442Z,0,rayyan@rayyan.ai,164688334,"""__SYSTEM__SAMPLE__446a534be459a3c37d2858980816e649_15195""",1
2025-02-28T11:01:02.442Z,0,rayyan@rayyan.ai,164701293,"""__SYSTEM__SAMPLE__446a534be459a3c37d2858980816e649_15195""",1
2025-02-28T11:01:02.442Z,0,rayyan@rayyan.ai,153498568,"""__SYSTEM__SAMPLE__446a534be459a3c37d2858980816e649_15195""",1
2025-02-28T11:01:02.442Z,0,rayyan@rayyan.ai,164691534,"""__SYSTEM__SAMPLE__446a534be459a3c37d2858980816e649_15195""",1
2025-02-28T11:01:02.442Z,0,rayyan@rayyan.ai,164686759,"""__SYSTEM__SAMPLE__446a534be459a3c37d2858980816e649_15195""",1
2025-02-28T11:01:02.442Z,0,rayyan@rayyan.ai,164705509,"""__SYSTEM__SAMPLE__446a534be459a3c37d2858980816e649_15195""",1
2025-02-28T11:01:02.442Z,0,rayyan@rayyan.ai,164703580,"""__SYSTEM__SAMPLE__446a534be459a3c37d2858980816e649_15195""",1
2025-02-28T11:01:02.442Z,0,rayyan@rayyan.ai,153489512,"""__SYSTEM__SAMPLE__446a534be459a3c37d2858980816e649_15195""",1
2025-02-28T11:01:02.442Z,0,rayyan@rayyan.ai,153491198,"""__SYSTEM__SAMPLE__446a534be459a3c37d2858980816e649_15195""",1
2025-02-28T11:01:02.442Z,0,rayyan@rayyan.ai,164696558,"""__SYSTEM__SAMPLE__446a534be459a3c37d2858980816e649_15195""",1
2025-02-28T11:01:02.442Z,0,rayyan@rayyan.ai,164689902,"""__SYSTEM__SAMPLE__446a534be459a3c37d2858980816e649_15195""",1
2025-02-28T11:01:02.442Z,0,rayyan@rayyan.ai,164703432,"""__SYSTEM__SAMPLE__446a534be459a3c37d2858980816e649_15195""",1
2025-02-28T11:01:02.442Z,0,rayyan@rayyan.ai,153491974,"""__SYSTEM__SAMPLE__446a534be459a3c37d2858980816e649_15195""",1
2025-02-28T11:01:02.442Z,0,rayyan@rayyan.ai,164697274,"""__SYSTEM__SAMPLE__446a534be459a3c37d2858980816e649_15195""",1
2025-02-28T11:01:02.442Z,0,rayyan@rayyan.ai,164696960,"""__SYSTEM__SAMPLE__446a534be459a3c37d2858980816e649_15195""",1
2025-02-28T11:01:02.442Z,0,rayyan@rayyan.ai,153496366,"""__SYSTEM__SAMPLE__446a534be459a3c37d2858980816e649_15195""",1
2025-02-28T11:01:02.442Z,0,rayyan@rayyan.ai,164693906,"""__SYSTEM__SAMPLE__446a534be459a3c37d2858980816e649_15195""",1
2025-02-28T11:01:02.442Z,0,rayyan@rayyan.ai,153487974,"""__SYSTEM__SAMPLE__446a534be459a3c37d2858980816e649_15195""",1
2025-02-28T11:01:02.442Z,0,rayyan@rayyan.ai,153486297,"""__SYSTEM__SAMPLE__446a534be459a3c37d2858980816e649_15195""",1
2025-02-28T11:01:02.442Z,0,rayyan@rayyan.ai,164704981,"""__SYSTEM__SAMPLE__446a534be459a3c37d2858980816e649_15195""",1
2025-02-28T11:01:02.442Z,0,rayyan@rayyan.ai,153489888,"""__SYSTEM__SAMPLE__446a534be459a3c37d2858980816e649_15195""",1
2025-02-28T11:01:02.442Z,0,rayyan@rayyan.ai,153491806,"""__SYSTEM__SAMPLE__446a534be459a3c37d2858980816e649_15195""",1
2025-02-28T11:01:02.442Z,0,rayyan@rayyan.ai,153488432,"""__SYSTEM__SAMPLE__446a534be459a3c37d2858980816e649_15195""",1
2025-02-28T11:01:02.442Z,0,rayyan@rayyan.ai,153489802,"""__SYSTEM__SAMPLE__446a534be459a3c37d2858980816e649_15195""",1
2025-02-28T11:01:02.442Z,0,rayyan@rayyan.ai,164691451,"""__SYSTEM__SAMPLE__446a534be459a3c37d2858980816e649_15195""",1
2025-02-28T11:01:02.442Z,0,rayyan@rayyan.ai,153490625,"""__SYSTEM__SAMPLE__446a534be459a3c37d2858980816e649_15195""",1
2025-02-28T11:01:02.442Z,0,rayyan@rayyan.ai,164701580,"""__SYSTEM__SAMPLE__446a534be459a3c37d2858980816e649_15195""",1
2025-02-28T11:01:02.442Z,0,rayyan@rayyan.ai,153487567,"""__SYSTEM__SAMPLE__446a534be459a3c37d2858980816e649_15195""",1
2025-02-28T11:01:02.442Z,0,rayyan@rayyan.ai,164690102,"""__SYSTEM__SAMPLE__446a534be459a3c37d2858980816e649_15195""",1
2025-02-28T11:01:02.442Z,0,rayyan@rayyan.ai,164685146,"""__SYSTEM__SAMPLE__446a534be459a3c37d2858980816e649_15195""",1
2025-02-28T11:01:02.442Z,0,rayyan@rayyan.ai,164699038,"""__SYSTEM__SAMPLE__446a534be459a3c37d2858980816e649_15195""",1
2025-02-28T11:01:02.442Z,0,rayyan@rayyan.ai,153492838,"""__SYSTEM__SAMPLE__446a534be459a3c37d2858980816e649_15195""",1
2025-02-28T11:01:02.442Z,0,rayyan@rayyan.ai,153493695,"""__SYSTEM__SAMPLE__446a534be459a3c37d2858980816e649_15195""",1
2025-02-28T11:01:02.442Z,0,rayyan@rayyan.ai,164705023,"""__SYSTEM__SAMPLE__446a534be459a3c37d2858980816e649_15195""",1
2025-02-28T11:01:02.442Z,0,rayyan@rayyan.ai,164702281,"""__SYSTEM__SAMPLE__446a534be459a3c37d2858980816e649_15195""",1
2025-02-28T11:01:02.442Z,0,rayyan@rayyan.ai,164695476,"""__SYSTEM__SAMPLE__446a534be459a3c37d2858980816e649_15195""",1
2025-02-28T11:01:02.442Z,0,rayyan@rayyan.ai,153491322,"""__SYSTEM__SAMPLE__446a534be459a3c37d2858980816e649_15195""",1
2025-02-28T11:01:02.442Z,0,rayyan@rayyan.ai,153486269,"""__SYSTEM__SAMPLE__446a534be459a3c37d2858980816e649_15195""",1
2025-02-28T11:01:02.442Z,0,rayyan@rayyan.ai,164703585,"""__SYSTEM__SAMPLE__446a534be459a3c37d2858980816e649_15195""",1
2025-02-28T11:01:02.442Z,0,rayyan@rayyan.ai,153491490,"""__SYSTEM__SAMPLE__446a534be459a3c37d2858980816e649_15195""",1
2025-02-28T11:01:02.442Z,0,rayyan@rayyan.ai,164703121,"""__SYSTEM__SAMPLE__446a534be459a3c37d2858980816e649_15195""",1
2025-02-28T11:01:02.499Z,0,rayyan@rayyan.ai,153486960,"""__SYSTEM__SAMPLE__446a534be459a3c37d2858980816e649_15195""",1
2025-02-28T11:01:02.499Z,0,rayyan@rayyan.ai,153497620,"""__SYSTEM__SAMPLE__446a534be459a3c37d2858980816e649_15195""",1
2025-02-28T11:01:02.499Z,0,rayyan@rayyan.ai,153492491,"""__SYSTEM__SAMPLE__446a534be459a3c37d2858980816e649_15195""",1
2025-02-28T11:01:02.499Z,0,rayyan@rayyan.ai,164707068,"""__SYSTEM__SAMPLE__446a534be459a3c37d2858980816e649_15195""",1
2025-02-28T11:01:02.499Z,0,rayyan@rayyan.ai,153494408,"""__SYSTEM__SAMPLE__446a534be459a3c37d2858980816e649_15195""",1
2025-02-28T11:01:02.499Z,0,rayyan@rayyan.ai,164699531,"""__SYSTEM__SAMPLE__446a534be459a3c37d2858980816e649_15195""",1
2025-02-28T11:01:02.499Z,0,rayyan@rayyan.ai,164690917,"""__SYSTEM__SAMPLE__446a534be459a3c37d2858980816e649_15195""",1
2025-02-28T11:01:02.499Z,0,rayyan@rayyan.ai,153497031,"""__SYSTEM__SAMPLE__446a534be459a3c37d2858980816e649_15195""",1
2025-02-28T11:01:02.499Z,0,rayyan@rayyan.ai,153489467,"""__SYSTEM__SAMPLE__446a534be459a3c37d2858980816e649_15195""",1
2025-02-28T11:01:02.499Z,0,rayyan@rayyan.ai,153499268,"""__SYSTEM__SAMPLE__446a534be459a3c37d2858980816e649_15195""",1
2025-02-28T11:01:02.499Z,0,rayyan@rayyan.ai,153497157,"""__SYSTEM__SAMPLE__446a534be459a3c37d2858980816e649_15195""",1
2025-02-28T11:01:02.499Z,0,rayyan@rayyan.ai,164697416,"""__SYSTEM__SAMPLE__446a534be459a3c37d2858980816e649_15195""",1
2025-02-28T11:01:02.499Z,0,rayyan@rayyan.ai,153494097,"""__SYSTEM__SAMPLE__446a534be459a3c37d2858980816e649_15195""",1
2025-02-28T11:01:02.499Z,0,rayyan@rayyan.ai,164701787,"""__SYSTEM__SAMPLE__446a534be459a3c37d2858980816e649_15195""",1
2025-02-28T11:01:02.499Z,0,rayyan@rayyan.ai,164697873,"""__SYSTEM__SAMPLE__446a534be459a3c37d2858980816e649_15195""",1
2025-02-28T11:01:02.499Z,0,rayyan@rayyan.ai,153486277,"""__SYSTEM__SAMPLE__446a534be459a3c37d2858980816e649_15195""",1
2025-02-28T11:01:02.499Z,0,rayyan@rayyan.ai,153491266,"""__SYSTEM__SAMPLE__446a534be459a3c37d2858980816e649_15195""",1
2025-02-28T11:01:02.499Z,0,rayyan@rayyan.ai,164698563,"""__SYSTEM__SAMPLE__446a534be459a3c37d2858980816e649_15195""",1
2025-02-28T11:01:02.499Z,0,rayyan@rayyan.ai,153493970,"""__SYSTEM__SAMPLE__446a534be459a3c37d2858980816e649_15195""",1
2025-02-28T11:01:02.499Z,0,rayyan@rayyan.ai,164704108,"""__SYSTEM__SAMPLE__446a534be459a3c37d2858980816e649_15195""",1
2025-02-28T11:01:02.499Z,0,rayyan@rayyan.ai,164691712,"""__SYSTEM__SAMPLE__446a534be459a3c37d2858980816e649_15195""",1
2025-02-28T11:01:02.499Z,0,rayyan@rayyan.ai,153492636,"""__SYSTEM__SAMPLE__446a534be459a3c37d2858980816e649_15195""",1
2025-02-28T11:01:02.499Z,0,rayyan@rayyan.ai,164699583,"""__SYSTEM__SAMPLE__446a534be459a3c37d2858980816e649_15195""",1
2025-02-28T11:01:02.499Z,0,rayyan@rayyan.ai,153498182,"""__SYSTEM__SAMPLE__446a534be459a3c37d2858980816e649_15195""",1
2025-02-28T11:01:02.499Z,0,rayyan@rayyan.ai,153493885,"""__SYSTEM__SAMPLE__446a534be459a3c37d2858980816e649_15195""",1
2025-02-28T11:01:02.499Z,0,rayyan@rayyan.ai,164703007,"""__SYSTEM__SAMPLE__446a534be459a3c37d2858980816e649_15195""",1
2025-02-28T11:01:02.499Z,0,rayyan@rayyan.ai,153485586,"""__SYSTEM__SAMPLE__446a534be459a3c37d2858980816e649_15195""",1
2025-02-28T11:01:02.499Z,0,rayyan@rayyan.ai,164693963,"""__SYSTEM__SAMPLE__446a534be459a3c37d2858980816e649_15195""",1
2025-02-28T11:01:02.499Z,0,rayyan@rayyan.ai,164699974,"""__SYSTEM__SAMPLE__446a534be459a3c37d2858980816e649_15195""",1
2025-02-28T11:01:02.499Z,0,rayyan@rayyan.ai,164700465,"""__SYSTEM__SAMPLE__446a534be459a3c37d2858980816e649_15195""",1
2025-02-28T11:01:02.499Z,0,rayyan@rayyan.ai,153487562,"""__SYSTEM__SAMPLE__446a534be459a3c37d2858980816e649_15195""",1
2025-02-28T11:01:02.499Z,0,rayyan@rayyan.ai,164706942,"""__SYSTEM__SAMPLE__446a534be459a3c37d2858980816e649_15195""",1
2025-02-28T11:01:02.499Z,0,rayyan@rayyan.ai,153490534,"""__SYSTEM__SAMPLE__446a534be459a3c37d2858980816e649_15195""",1
2025-02-28T11:01:02.499Z,0,rayyan@rayyan.ai,153485991,"""__SYSTEM__SAMPLE__446a534be459a3c37d2858980816e649_15195""",1
2025-02-28T11:01:02.499Z,0,rayyan@rayyan.ai,164689960,"""__SYSTEM__SAMPLE__446a534be459a3c37d2858980816e649_15195""",1
2025-02-28T11:01:02.499Z,0,rayyan@rayyan.ai,164696687,"""__SYSTEM__SAMPLE__446a534be459a3c37d2858980816e649_15195""",1
2025-02-28T11:01:02.499Z,0,rayyan@rayyan.ai,153489503,"""__SYSTEM__SAMPLE__446a534be459a3c37d2858980816e649_15195""",1
2025-02-28T11:01:02.499Z,0,rayyan@rayyan.ai,153490015,"""__SYSTEM__SAMPLE__446a534be459a3c37d2858980816e649_15195""",1
2025-02-28T11:01:02.499Z,0,rayyan@rayyan.ai,164686712,"""__SYSTEM__SAMPLE__446a534be459a3c37d2858980816e649_15195""",1
2025-02-28T11:01:02.499Z,0,rayyan@rayyan.ai,164699606,"""__SYSTEM__SAMPLE__446a534be459a3c37d2858980816e649_15195""",1
2025-02-28T11:01:02.499Z,0,rayyan@rayyan.ai,153496315,"""__SYSTEM__SAMPLE__446a534be459a3c37d2858980816e649_15195""",1
2025-02-28T11:01:02.499Z,0,rayyan@rayyan.ai,164690926,"""__SYSTEM__SAMPLE__446a534be459a3c37d2858980816e649_15195""",1
2025-02-28T11:01:02.499Z,0,rayyan@rayyan.ai,164694609,"""__SYSTEM__SAMPLE__446a534be459a3c37d2858980816e649_15195""",1
2025-02-28T11:01:02.499Z,0,rayyan@rayyan.ai,153492907,"""__SYSTEM__SAMPLE__446a534be459a3c37d2858980816e649_15195""",1
2025-02-28T11:01:02.499Z,0,rayyan@rayyan.ai,153488821,"""__SYSTEM__SAMPLE__446a534be459a3c37d2858980816e649_15195""",1
2025-02-28T11:01:02.499Z,0,rayyan@rayyan.ai,153489607,"""__SYSTEM__SAMPLE__446a534be459a3c37d2858980816e649_15195""",1
2025-02-28T11:01:02.499Z,0,rayyan@rayyan.ai,153498602,"""__SYSTEM__SAMPLE__446a534be459a3c37d2858980816e649_15195""",1
2025-02-28T11:01:02.499Z,0,rayyan@rayyan.ai,164696715,"""__SYSTEM__SAMPLE__446a534be459a3c37d2858980816e649_15195""",1
2025-02-28T11:01:02.499Z,0,rayyan@rayyan.ai,164699550,"""__SYSTEM__SAMPLE__446a534be459a3c37d2858980816e649_15195""",1
2025-02-28T11:01:02.499Z,0,rayyan@rayyan.ai,164689636,"""__SYSTEM__SAMPLE__446a534be459a3c37d2858980816e649_15195""",1
2025-02-28T11:01:02.548Z,0,rayyan@rayyan.ai,164695897,"""__SYSTEM__SAMPLE__446a534be459a3c37d2858980816e649_15195""",1
2025-02-28T11:01:02.548Z,0,rayyan@rayyan.ai,153493006,"""__SYSTEM__SAMPLE__446a534be459a3c37d2858980816e649_15195""",1
2025-02-28T11:01:02.548Z,0,rayyan@rayyan.ai,164695066,"""__SYSTEM__SAMPLE__446a534be459a3c37d2858980816e649_15195""",1
2025-02-28T11:01:02.548Z,0,rayyan@rayyan.ai,164686873,"""__SYSTEM__SAMPLE__446a534be459a3c37d2858980816e649_15195""",1
2025-02-28T11:01:02.548Z,0,rayyan@rayyan.ai,164686313,"""__SYSTEM__SAMPLE__446a534be459a3c37d2858980816e649_15195""",1
2025-02-28T11:01:02.548Z,0,rayyan@rayyan.ai,153491688,"""__SYSTEM__SAMPLE__446a534be459a3c37d2858980816e649_15195""",1
2025-02-28T11:01:02.548Z,0,rayyan@rayyan.ai,164695575,"""__SYSTEM__SAMPLE__446a534be459a3c37d2858980816e649_15195""",1
2025-02-28T11:01:02.548Z,0,rayyan@rayyan.ai,164701807,"""__SYSTEM__SAMPLE__446a534be459a3c37d2858980816e649_15195""",1
2025-02-28T11:01:02.548Z,0,rayyan@rayyan.ai,164691499,"""__SYSTEM__SAMPLE__446a534be459a3c37d2858980816e649_15195""",1
2025-02-28T11:01:02.548Z,0,rayyan@rayyan.ai,153492348,"""__SYSTEM__SAMPLE__446a534be459a3c37d2858980816e649_15195""",1
2025-02-28T11:01:02.548Z,0,rayyan@rayyan.ai,164686350,"""__SYSTEM__SAMPLE__446a534be459a3c37d2858980816e649_15195""",1
2025-02-28T11:01:02.548Z,0,rayyan@rayyan.ai,164687602,"""__SYSTEM__SAMPLE__446a534be459a3c37d2858980816e649_15195""",1
2025-02-28T11:01:02.548Z,0,rayyan@rayyan.ai,164706843,"""__SYSTEM__SAMPLE__446a534be459a3c37d2858980816e649_15195""",1
2025-02-28T11:01:02.548Z,0,rayyan@rayyan.ai,153497854,"""__SYSTEM__SAMPLE__446a534be459a3c37d2858980816e649_15195""",1
2025-02-28T11:01:02.548Z,0,rayyan@rayyan.ai,153494379,"""__SYSTEM__SAMPLE__446a534be459a3c37d2858980816e649_15195""",1
2025-02-28T11:01:02.548Z,0,rayyan@rayyan.ai,164689315,"""__SYSTEM__SAMPLE__446a534be459a3c37d2858980816e649_15195""",1
2025-02-28T11:01:02.548Z,0,rayyan@rayyan.ai,164706929,"""__SYSTEM__SAMPLE__446a534be459a3c37d2858980816e649_15195""",1
2025-02-28T11:01:02.548Z,0,rayyan@rayyan.ai,153496612,"""__SYSTEM__SAMPLE__446a534be459a3c37d2858980816e649_15195""",1
2025-02-28T11:01:02.548Z,0,rayyan@rayyan.ai,164704358,"""__SYSTEM__SAMPLE__446a534be459a3c37d2858980816e649_15195""",1
2025-02-28T11:01:02.548Z,0,rayyan@rayyan.ai,153493582,"""__SYSTEM__SAMPLE__446a534be459a3c37d2858980816e649_15195""",1
2025-02-28T11:01:02.548Z,0,rayyan@rayyan.ai,164690881,"""__SYSTEM__SAMPLE__446a534be459a3c37d2858980816e649_15195""",1
2025-02-28T11:01:02.548Z,0,rayyan@rayyan.ai,164701585,"""__SYSTEM__SAMPLE__446a534be459a3c37d2858980816e649_15195""",1
2025-02-28T11:01:02.548Z,0,rayyan@rayyan.ai,153491473,"""__SYSTEM__SAMPLE__446a534be459a3c37d2858980816e649_15195""",1
2025-02-28T11:01:02.548Z,0,rayyan@rayyan.ai,164704214,"""__SYSTEM__SAMPLE__446a534be459a3c37d2858980816e649_15195""",1
2025-02-28T11:01:02.548Z,0,rayyan@rayyan.ai,153493605,"""__SYSTEM__SAMPLE__446a534be459a3c37d2858980816e649_15195""",1
2025-02-28T11:01:02.548Z,0,rayyan@rayyan.ai,164686140,"""__SYSTEM__SAMPLE__446a534be459a3c37d2858980816e649_15195""",1
2025-02-28T11:01:02.548Z,0,rayyan@rayyan.ai,153496543,"""__SYSTEM__SAMPLE__446a534be459a3c37d2858980816e649_15195""",1
2025-02-28T11:01:02.548Z,0,rayyan@rayyan.ai,164699295,"""__SYSTEM__SAMPLE__446a534be459a3c37d2858980816e649_15195""",1
2025-02-28T11:01:02.548Z,0,rayyan@rayyan.ai,164687451,"""__SYSTEM__SAMPLE__446a534be459a3c37d2858980816e649_15195""",1
2025-02-28T11:01:02.548Z,0,rayyan@rayyan.ai,164695609,"""__SYSTEM__SAMPLE__446a534be459a3c37d2858980816e649_15195""",1
2025-02-28T11:01:02.548Z,0,rayyan@rayyan.ai,153497215,"""__SYSTEM__SAMPLE__446a534be459a3c37d2858980816e649_15195""",1
2025-02-28T11:01:02.548Z,0,rayyan@rayyan.ai,164692626,"""__SYSTEM__SAMPLE__446a534be459a3c37d2858980816e649_15195""",1
2025-02-28T11:01:02.548Z,0,rayyan@rayyan.ai,164695314,"""__SYSTEM__SAMPLE__446a534be459a3c37d2858980816e649_15195""",1
2025-02-28T11:01:02.548Z,0,rayyan@rayyan.ai,153497461,"""__SYSTEM__SAMPLE__446a534be459a3c37d2858980816e649_15195""",1
2025-02-28T11:01:02.548Z,0,rayyan@rayyan.ai,153498479,"""__SYSTEM__SAMPLE__446a534be459a3c37d2858980816e649_15195""",1
2025-02-28T11:01:02.548Z,0,rayyan@rayyan.ai,164698414,"""__SYSTEM__SAMPLE__446a534be459a3c37d2858980816e649_15195""",1
2025-02-28T11:01:02.548Z,0,rayyan@rayyan.ai,153489065,"""__SYSTEM__SAMPLE__446a534be459a3c37d2858980816e649_15195""",1
2025-02-28T11:01:02.548Z,0,rayyan@rayyan.ai,153496133,"""__SYSTEM__SAMPLE__446a534be459a3c37d2858980816e649_15195""",1
2025-02-28T11:01:02.548Z,0,rayyan@rayyan.ai,164697197,"""__SYSTEM__SAMPLE__446a534be459a3c37d2858980816e649_15195""",1
2025-02-28T11:01:02.548Z,0,rayyan@rayyan.ai,164704338,"""__SYSTEM__SAMPLE__446a534be459a3c37d2858980816e649_15195""",1
2025-02-28T11:01:02.548Z,0,rayyan@rayyan.ai,164705631,"""__SYSTEM__SAMPLE__446a534be459a3c37d2858980816e649_15195""",1
2025-02-28T11:01:02.548Z,0,rayyan@rayyan.ai,164696841,"""__SYSTEM__SAMPLE__446a534be459a3c37d2858980816e649_15195""",1
2025-02-28T11:01:02.548Z,0,rayyan@rayyan.ai,153489794,"""__SYSTEM__SAMPLE__446a534be459a3c37d2858980816e649_15195""",1
2025-02-28T11:01:02.548Z,0,rayyan@rayyan.ai,164688305,"""__SYSTEM__SAMPLE__446a534be459a3c37d2858980816e649_15195""",1
2025-02-28T11:01:02.548Z,0,rayyan@rayyan.ai,153492584,"""__SYSTEM__SAMPLE__446a534be459a3c37d2858980816e649_15195""",1
2025-02-28T11:01:02.548Z,0,rayyan@rayyan.ai,164686112,"""__SYSTEM__SAMPLE__446a534be459a3c37d2858980816e649_15195""",1
2025-02-28T11:01:02.548Z,0,rayyan@rayyan.ai,164692363,"""__SYSTEM__SAMPLE__446a534be459a3c37d2858980816e649_15195""",1
2025-02-28T11:01:02.548Z,0,rayyan@rayyan.ai,164692090,"""__SYSTEM__SAMPLE__446a534be459a3c37d2858980816e649_15195""",1
2025-02-28T11:01:02.548Z,0,rayyan@rayyan.ai,153494294,"""__SYSTEM__SAMPLE__446a534be459a3c37d2858980816e649_15195""",1
2025-02-28T11:01:02.548Z,0,rayyan@rayyan.ai,153493961,"""__SYSTEM__SAMPLE__446a534be459a3c37d2858980816e649_15195""",1
2025-02-28T11:01:02.604Z,0,rayyan@rayyan.ai,153494852,"""__SYSTEM__SAMPLE__446a534be459a3c37d2858980816e649_15195""",1
2025-02-28T11:01:02.604Z,0,rayyan@rayyan.ai,153497007,"""__SYSTEM__SAMPLE__446a534be459a3c37d2858980816e649_15195""",1
2025-02-28T11:01:02.604Z,0,rayyan@rayyan.ai,164706241,"""__SYSTEM__SAMPLE__446a534be459a3c37d2858980816e649_15195""",1
2025-02-28T11:01:02.604Z,0,rayyan@rayyan.ai,164704851,"""__SYSTEM__SAMPLE__446a534be459a3c37d2858980816e649_15195""",1
2025-02-28T11:01:02.604Z,0,rayyan@rayyan.ai,164686050,"""__SYSTEM__SAMPLE__446a534be459a3c37d2858980816e649_15195""",1
2025-02-28T11:01:02.604Z,0,rayyan@rayyan.ai,164687721,"""__SYSTEM__SAMPLE__446a534be459a3c37d2858980816e649_15195""",1
2025-02-28T11:01:02.604Z,0,rayyan@rayyan.ai,164692479,"""__SYSTEM__SAMPLE__446a534be459a3c37d2858980816e649_15195""",1
2025-02-28T11:01:02.604Z,0,rayyan@rayyan.ai,153487125,"""__SYSTEM__SAMPLE__446a534be459a3c37d2858980816e649_15195""",1
2025-02-28T11:01:02.604Z,0,rayyan@rayyan.ai,153486206,"""__SYSTEM__SAMPLE__446a534be459a3c37d2858980816e649_15195""",1
2025-02-28T11:01:02.604Z,0,rayyan@rayyan.ai,164685765,"""__SYSTEM__SAMPLE__446a534be459a3c37d2858980816e649_15195""",1
2025-02-28T11:01:02.604Z,0,rayyan@rayyan.ai,153490958,"""__SYSTEM__SAMPLE__446a534be459a3c37d2858980816e649_15195""",1
2025-02-28T11:01:02.604Z,0,rayyan@rayyan.ai,164698289,"""__SYSTEM__SAMPLE__446a534be459a3c37d2858980816e649_15195""",1
2025-02-28T11:01:02.604Z,0,rayyan@rayyan.ai,153486012,"""__SYSTEM__SAMPLE__446a534be459a3c37d2858980816e649_15195""",1
2025-02-28T11:01:02.604Z,0,rayyan@rayyan.ai,164689151,"""__SYSTEM__SAMPLE__446a534be459a3c37d2858980816e649_15195""",1
2025-02-28T11:01:02.604Z,0,rayyan@rayyan.ai,164692437,"""__SYSTEM__SAMPLE__446a534be459a3c37d2858980816e649_15195""",1
2025-02-28T11:01:02.604Z,0,rayyan@rayyan.ai,153496043,"""__SYSTEM__SAMPLE__446a534be459a3c37d2858980816e649_15195""",1
2025-02-28T11:01:02.604Z,0,rayyan@rayyan.ai,153490193,"""__SYSTEM__SAMPLE__446a534be459a3c37d2858980816e649_15195""",1
2025-02-28T11:01:02.604Z,0,rayyan@rayyan.ai,164693905,"""__SYSTEM__SAMPLE__446a534be459a3c37d2858980816e649_15195""",1
2025-02-28T11:01:02.604Z,0,rayyan@rayyan.ai,153489944,"""__SYSTEM__SAMPLE__446a534be459a3c37d2858980816e649_15195""",1
2025-02-28T11:01:02.604Z,0,rayyan@rayyan.ai,153499261,"""__SYSTEM__SAMPLE__446a534be459a3c37d2858980816e649_15195""",1
2025-02-28T11:01:02.604Z,0,rayyan@rayyan.ai,153488280,"""__SYSTEM__SAMPLE__446a534be459a3c37d2858980816e649_15195""",1
2025-02-28T11:01:02.604Z,0,rayyan@rayyan.ai,164695704,"""__SYSTEM__SAMPLE__446a534be459a3c37d2858980816e649_15195""",1
2025-02-28T11:01:02.604Z,0,rayyan@rayyan.ai,164691300,"""__SYSTEM__SAMPLE__446a534be459a3c37d2858980816e649_15195""",1
2025-02-28T11:01:02.604Z,0,rayyan@rayyan.ai,153495361,"""__SYSTEM__SAMPLE__446a534be459a3c37d2858980816e649_15195""",1
2025-02-28T11:01:02.604Z,0,rayyan@rayyan.ai,164692970,"""__SYSTEM__SAMPLE__446a534be459a3c37d2858980816e649_15195""",1
2025-02-28T11:01:02.604Z,0,rayyan@rayyan.ai,153495822,"""__SYSTEM__SAMPLE__446a534be459a3c37d2858980816e649_15195""",1
2025-02-28T11:01:02.604Z,0,rayyan@rayyan.ai,153499042,"""__SYSTEM__SAMPLE__446a534be459a3c37d2858980816e649_15195""",1
2025-02-28T11:01:02.604Z,0,rayyan@rayyan.ai,153488236,"""__SYSTEM__SAMPLE__446a534be459a3c37d2858980816e649_15195""",1
2025-02-28T11:01:02.604Z,0,rayyan@rayyan.ai,153485383,"""__SYSTEM__SAMPLE__446a534be459a3c37d2858980816e649_15195""",1
2025-02-28T11:01:02.604Z,0,rayyan@rayyan.ai,153492747,"""__SYSTEM__SAMPLE__446a534be459a3c37d2858980816e649_15195""",1
2025-02-28T11:01:02.604Z,0,rayyan@rayyan.ai,153493061,"""__SYSTEM__SAMPLE__446a534be459a3c37d2858980816e649_15195""",1
2025-02-28T11:01:02.604Z,0,rayyan@rayyan.ai,153491222,"""__SYSTEM__SAMPLE__446a534be459a3c37d2858980816e649_15195""",1
2025-02-28T11:01:02.604Z,0,rayyan@rayyan.ai,164696300,"""__SYSTEM__SAMPLE__446a534be459a3c37d2858980816e649_15195""",1
2025-02-28T11:01:02.604Z,0,rayyan@rayyan.ai,153495150,"""__SYSTEM__SAMPLE__446a534be459a3c37d2858980816e649_15195""",1
2025-02-28T11:01:02.604Z,0,rayyan@rayyan.ai,164698502,"""__SYSTEM__SAMPLE__446a534be459a3c37d2858980816e649_15195""",1
2025-02-28T11:01:02.604Z,0,rayyan@rayyan.ai,164694140,"""__SYSTEM__SAMPLE__446a534be459a3c37d2858980816e649_15195""",1
2025-02-28T11:01:02.604Z,0,rayyan@rayyan.ai,153486799,"""__SYSTEM__SAMPLE__446a534be459a3c37d2858980816e649_15195""",1
2025-02-28T11:01:02.604Z,0,rayyan@rayyan.ai,164697020,"""__SYSTEM__SAMPLE__446a534be459a3c37d2858980816e649_15195""",1
2025-02-28T11:01:02.604Z,0,rayyan@rayyan.ai,164697349,"""__SYSTEM__SAMPLE__446a534be459a3c37d2858980816e649_15195""",1
2025-02-28T11:01:02.604Z,0,rayyan@rayyan.ai,153496293,"""__SYSTEM__SAMPLE__446a534be459a3c37d2858980816e649_15195""",1
2025-02-28T11:01:02.604Z,0,rayyan@rayyan.ai,153496828,"""__SYSTEM__SAMPLE__446a534be459a3c37d2858980816e649_15195""",1
2025-02-28T11:01:02.604Z,0,rayyan@rayyan.ai,153488942,"""__SYSTEM__SAMPLE__446a534be459a3c37d2858980816e649_15195""",1
2025-02-28T11:01:02.604Z,0,rayyan@rayyan.ai,153489306,"""__SYSTEM__SAMPLE__446a534be459a3c37d2858980816e649_15195""",1
2025-02-28T11:01:02.604Z,0,rayyan@rayyan.ai,153496333,"""__SYSTEM__SAMPLE__446a534be459a3c37d2858980816e649_15195""",1
2025-02-28T11:01:02.604Z,0,rayyan@rayyan.ai,153497986,"""__SYSTEM__SAMPLE__446a534be459a3c37d2858980816e649_15195""",1
2025-02-28T11:01:02.604Z,0,rayyan@rayyan.ai,153494319,"""__SYSTEM__SAMPLE__446a534be459a3c37d2858980816e649_15195""",1
2025-02-28T11:01:02.604Z,0,rayyan@rayyan.ai,164700714,"""__SYSTEM__SAMPLE__446a534be459a3c37d2858980816e649_15195""",1
2025-02-28T11:01:02.604Z,0,rayyan@rayyan.ai,164702611,"""__SYSTEM__SAMPLE__446a534be459a3c37d2858980816e649_15195""",1
2025-02-28T11:01:02.604Z,0,rayyan@rayyan.ai,153496226,"""__SYSTEM__SAMPLE__446a534be459a3c37d2858980816e649_15195""",1
2025-02-28T11:01:02.604Z,0,rayyan@rayyan.ai,164703739,"""__SYSTEM__SAMPLE__446a534be459a3c37d2858980816e649_15195""",1
2025-02-28T11:01:02.661Z,0,rayyan@rayyan.ai,164691119,"""__SYSTEM__SAMPLE__446a534be459a3c37d2858980816e649_15195""",1
2025-02-28T11:01:02.661Z,0,rayyan@rayyan.ai,164695953,"""__SYSTEM__SAMPLE__446a534be459a3c37d2858980816e649_15195""",1
2025-02-28T11:01:02.661Z,0,rayyan@rayyan.ai,164695399,"""__SYSTEM__SAMPLE__446a534be459a3c37d2858980816e649_15195""",1
2025-02-28T11:01:02.661Z,0,rayyan@rayyan.ai,153497855,"""__SYSTEM__SAMPLE__446a534be459a3c37d2858980816e649_15195""",1
2025-02-28T11:01:02.661Z,0,rayyan@rayyan.ai,153497875,"""__SYSTEM__SAMPLE__446a534be459a3c37d2858980816e649_15195""",1
2025-02-28T11:01:02.661Z,0,rayyan@rayyan.ai,153487842,"""__SYSTEM__SAMPLE__446a534be459a3c37d2858980816e649_15195""",1
2025-02-28T11:01:02.661Z,0,rayyan@rayyan.ai,153491580,"""__SYSTEM__SAMPLE__446a534be459a3c37d2858980816e649_15195""",1
2025-02-28T11:01:02.661Z,0,rayyan@rayyan.ai,164692298,"""__SYSTEM__SAMPLE__446a534be459a3c37d2858980816e649_15195""",1
2025-02-28T11:01:02.661Z,0,rayyan@rayyan.ai,153496512,"""__SYSTEM__SAMPLE__446a534be459a3c37d2858980816e649_15195""",1
2025-02-28T11:01:02.661Z,0,rayyan@rayyan.ai,164704337,"""__SYSTEM__SAMPLE__446a534be459a3c37d2858980816e649_15195""",1
2025-02-28T11:01:02.661Z,0,rayyan@rayyan.ai,153493637,"""__SYSTEM__SAMPLE__446a534be459a3c37d2858980816e649_15195""",1
2025-02-28T11:01:02.661Z,0,rayyan@rayyan.ai,164689566,"""__SYSTEM__SAMPLE__446a534be459a3c37d2858980816e649_15195""",1
2025-02-28T11:01:02.661Z,0,rayyan@rayyan.ai,153485563,"""__SYSTEM__SAMPLE__446a534be459a3c37d2858980816e649_15195""",1
2025-02-28T11:01:02.661Z,0,rayyan@rayyan.ai,153486904,"""__SYSTEM__SAMPLE__446a534be459a3c37d2858980816e649_15195""",1
2025-02-28T11:01:02.661Z,0,rayyan@rayyan.ai,164689130,"""__SYSTEM__SAMPLE__446a534be459a3c37d2858980816e649_15195""",1
2025-02-28T11:01:02.661Z,0,rayyan@rayyan.ai,153489059,"""__SYSTEM__SAMPLE__446a534be459a3c37d2858980816e649_15195""",1
2025-02-28T11:01:02.661Z,0,rayyan@rayyan.ai,164705756,"""__SYSTEM__SAMPLE__446a534be459a3c37d2858980816e649_15195""",1
2025-02-28T11:01:02.661Z,0,rayyan@rayyan.ai,164704152,"""__SYSTEM__SAMPLE__446a534be459a3c37d2858980816e649_15195""",1
2025-02-28T11:01:02.661Z,0,rayyan@rayyan.ai,153498051,"""__SYSTEM__SAMPLE__446a534be459a3c37d2858980816e649_15195""",1
2025-02-28T11:01:02.661Z,0,rayyan@rayyan.ai,164697974,"""__SYSTEM__SAMPLE__446a534be459a3c37d2858980816e649_15195""",1
2025-02-28T11:01:02.661Z,0,rayyan@rayyan.ai,153493401,"""__SYSTEM__SAMPLE__446a534be459a3c37d2858980816e649_15195""",1
2025-02-28T11:01:02.661Z,0,rayyan@rayyan.ai,153493700,"""__SYSTEM__SAMPLE__446a534be459a3c37d2858980816e649_15195""",1
2025-02-28T11:01:02.661Z,0,rayyan@rayyan.ai,164694177,"""__SYSTEM__SAMPLE__446a534be459a3c37d2858980816e649_15195""",1
2025-02-28T11:01:02.661Z,0,rayyan@rayyan.ai,164693077,"""__SYSTEM__SAMPLE__446a534be459a3c37d2858980816e649_15195""",1
2025-02-28T11:01:02.661Z,0,rayyan@rayyan.ai,164705576,"""__SYSTEM__SAMPLE__446a534be459a3c37d2858980816e649_15195""",1
2025-02-28T11:01:02.661Z,0,rayyan@rayyan.ai,153489597,"""__SYSTEM__SAMPLE__446a534be459a3c37d2858980816e649_15195""",1
2025-02-28T11:01:02.661Z,0,rayyan@rayyan.ai,153495355,"""__SYSTEM__SAMPLE__446a534be459a3c37d2858980816e649_15195""",1
2025-02-28T11:01:02.661Z,0,rayyan@rayyan.ai,164696439,"""__SYSTEM__SAMPLE__446a534be459a3c37d2858980816e649_15195""",1
2025-02-28T11:01:02.661Z,0,rayyan@rayyan.ai,164686649,"""__SYSTEM__SAMPLE__446a534be459a3c37d2858980816e649_15195""",1
2025-02-28T11:01:02.661Z,0,rayyan@rayyan.ai,153490972,"""__SYSTEM__SAMPLE__446a534be459a3c37d2858980816e649_15195""",1
2025-02-28T11:01:02.661Z,0,rayyan@rayyan.ai,153488591,"""__SYSTEM__SAMPLE__446a534be459a3c37d2858980816e649_15195""",1
2025-02-28T11:01:02.661Z,0,rayyan@rayyan.ai,153496529,"""__SYSTEM__SAMPLE__446a534be459a3c37d2858980816e649_15195""",1
2025-02-28T11:01:02.661Z,0,rayyan@rayyan.ai,164704717,"""__SYSTEM__SAMPLE__446a534be459a3c37d2858980816e649_15195""",1
2025-02-28T11:01:02.661Z,0,rayyan@rayyan.ai,153493116,"""__SYSTEM__SAMPLE__446a534be459a3c37d2858980816e649_15195""",1
2025-02-28T11:01:02.661Z,0,rayyan@rayyan.ai,153491851,"""__SYSTEM__SAMPLE__446a534be459a3c37d2858980816e649_15195""",1
2025-02-28T11:01:02.661Z,0,rayyan@rayyan.ai,153489520,"""__SYSTEM__SAMPLE__446a534be459a3c37d2858980816e649_15195""",1
2025-02-28T11:01:02.661Z,0,rayyan@rayyan.ai,164695306,"""__SYSTEM__SAMPLE__446a534be459a3c37d2858980816e649_15195""",1
2025-02-28T11:01:02.661Z,0,rayyan@rayyan.ai,153496091,"""__SYSTEM__SAMPLE__446a534be459a3c37d2858980816e649_15195""",1
2025-02-28T11:01:02.661Z,0,rayyan@rayyan.ai,153488250,"""__SYSTEM__SAMPLE__446a534be459a3c37d2858980816e649_15195""",1
2025-02-28T11:01:02.661Z,0,rayyan@rayyan.ai,153487148,"""__SYSTEM__SAMPLE__446a534be459a3c37d2858980816e649_15195""",1
2025-02-28T11:01:02.661Z,0,rayyan@rayyan.ai,153496682,"""__SYSTEM__SAMPLE__446a534be459a3c37d2858980816e649_15195""",1
2025-02-28T11:01:02.661Z,0,rayyan@rayyan.ai,153496993,"""__SYSTEM__SAMPLE__446a534be459a3c37d2858980816e649_15195""",1
2025-02-28T11:01:02.661Z,0,rayyan@rayyan.ai,153493093,"""__SYSTEM__SAMPLE__446a534be459a3c37d2858980816e649_15195""",1
2025-02-28T11:01:02.661Z,0,rayyan@rayyan.ai,153485370,"""__SYSTEM__SAMPLE__446a534be459a3c37d2858980816e649_15195""",1
2025-02-28T11:01:02.661Z,0,rayyan@rayyan.ai,164692332,"""__SYSTEM__SAMPLE__446a534be459a3c37d2858980816e649_15195""",1
2025-02-28T11:01:02.661Z,0,rayyan@rayyan.ai,164702843,"""__SYSTEM__SAMPLE__446a534be459a3c37d2858980816e649_15195""",1
2025-02-28T11:01:02.661Z,0,rayyan@rayyan.ai,164691467,"""__SYSTEM__SAMPLE__446a534be459a3c37d2858980816e649_15195""",1
2025-02-28T11:01:02.661Z,0,rayyan@rayyan.ai,164694637,"""__SYSTEM__SAMPLE__446a534be459a3c37d2858980816e649_15195""",1
2025-02-28T11:01:02.661Z,0,rayyan@rayyan.ai,164684808,"""__SYSTEM__SAMPLE__446a534be459a3c37d2858980816e649_15195""",1
2025-02-28T11:01:02.661Z,0,rayyan@rayyan.ai,164695694,"""__SYSTEM__SAMPLE__446a534be459a3c37d2858980816e649_15195""",1
2025-02-28T11:01:02.704Z,0,rayyan@rayyan.ai,153490759,"""__SYSTEM__SAMPLE__446a534be459a3c37d2858980816e649_15195""",1
2025-02-28T11:01:02.704Z,0,rayyan@rayyan.ai,153490661,"""__SYSTEM__SAMPLE__446a534be459a3c37d2858980816e649_15195""",1
2025-02-28T11:01:02.704Z,0,rayyan@rayyan.ai,153496020,"""__SYSTEM__SAMPLE__446a534be459a3c37d2858980816e649_15195""",1
2025-02-28T11:01:02.704Z,0,rayyan@rayyan.ai,153490065,"""__SYSTEM__SAMPLE__446a534be459a3c37d2858980816e649_15195""",1
2025-02-28T11:01:02.704Z,0,rayyan@rayyan.ai,164705458,"""__SYSTEM__SAMPLE__446a534be459a3c37d2858980816e649_15195""",1
2025-02-28T11:01:02.704Z,0,rayyan@rayyan.ai,164705777,"""__SYSTEM__SAMPLE__446a534be459a3c37d2858980816e649_15195""",1
2025-02-28T11:01:02.704Z,0,rayyan@rayyan.ai,153491138,"""__SYSTEM__SAMPLE__446a534be459a3c37d2858980816e649_15195""",1
2025-02-28T11:01:02.704Z,0,rayyan@rayyan.ai,164701892,"""__SYSTEM__SAMPLE__446a534be459a3c37d2858980816e649_15195""",1
2025-02-28T11:01:02.704Z,0,rayyan@rayyan.ai,153495454,"""__SYSTEM__SAMPLE__446a534be459a3c37d2858980816e649_15195""",1
2025-02-28T11:01:02.704Z,0,rayyan@rayyan.ai,164696516,"""__SYSTEM__SAMPLE__446a534be459a3c37d2858980816e649_15195""",1
2025-02-28T11:01:02.704Z,0,rayyan@rayyan.ai,164706762,"""__SYSTEM__SAMPLE__446a534be459a3c37d2858980816e649_15195""",1
2025-02-28T11:01:02.704Z,0,rayyan@rayyan.ai,164704664,"""__SYSTEM__SAMPLE__446a534be459a3c37d2858980816e649_15195""",1
2025-02-28T11:01:02.704Z,0,rayyan@rayyan.ai,164684999,"""__SYSTEM__SAMPLE__446a534be459a3c37d2858980816e649_15195""",1
2025-02-28T11:01:02.704Z,0,rayyan@rayyan.ai,164692651,"""__SYSTEM__SAMPLE__446a534be459a3c37d2858980816e649_15195""",1
2025-02-28T11:01:02.704Z,0,rayyan@rayyan.ai,164687775,"""__SYSTEM__SAMPLE__446a534be459a3c37d2858980816e649_15195""",1
2025-02-28T11:01:02.704Z,0,rayyan@rayyan.ai,164685996,"""__SYSTEM__SAMPLE__446a534be459a3c37d2858980816e649_15195""",1
2025-02-28T11:01:02.704Z,0,rayyan@rayyan.ai,164706101,"""__SYSTEM__SAMPLE__446a534be459a3c37d2858980816e649_15195""",1
2025-02-28T11:01:02.704Z,0,rayyan@rayyan.ai,164694024,"""__SYSTEM__SAMPLE__446a534be459a3c37d2858980816e649_15195""",1
2025-02-28T11:01:02.704Z,0,rayyan@rayyan.ai,153491275,"""__SYSTEM__SAMPLE__446a534be459a3c37d2858980816e649_15195""",1
2025-02-28T11:01:02.704Z,0,rayyan@rayyan.ai,153486980,"""__SYSTEM__SAMPLE__446a534be459a3c37d2858980816e649_15195""",1
2025-02-28T11:01:02.704Z,0,rayyan@rayyan.ai,164690805,"""__SYSTEM__SAMPLE__446a534be459a3c37d2858980816e649_15195""",1
2025-02-28T11:01:02.704Z,0,rayyan@rayyan.ai,164698572,"""__SYSTEM__SAMPLE__446a534be459a3c37d2858980816e649_15195""",1
2025-02-28T11:01:02.704Z,0,rayyan@rayyan.ai,164705763,"""__SYSTEM__SAMPLE__446a534be459a3c37d2858980816e649_15195""",1
2025-02-28T11:01:02.704Z,0,rayyan@rayyan.ai,153493857,"""__SYSTEM__SAMPLE__446a534be459a3c37d2858980816e649_15195""",1
2025-02-28T11:01:02.704Z,0,rayyan@rayyan.ai,153494587,"""__SYSTEM__SAMPLE__446a534be459a3c37d2858980816e649_15195""",1
2025-02-28T11:01:02.704Z,0,rayyan@rayyan.ai,153485698,"""__SYSTEM__SAMPLE__446a534be459a3c37d2858980816e649_15195""",1
2025-02-28T11:01:02.704Z,0,rayyan@rayyan.ai,164692716,"""__SYSTEM__SAMPLE__446a534be459a3c37d2858980816e649_15195""",1
2025-02-28T11:01:02.704Z,0,rayyan@rayyan.ai,164698915,"""__SYSTEM__SAMPLE__446a534be459a3c37d2858980816e649_15195""",1
2025-02-28T11:01:02.704Z,0,rayyan@rayyan.ai,164702347,"""__SYSTEM__SAMPLE__446a534be459a3c37d2858980816e649_15195""",1
2025-02-28T11:01:02.704Z,0,rayyan@rayyan.ai,153498316,"""__SYSTEM__SAMPLE__446a534be459a3c37d2858980816e649_15195""",1
2025-02-28T11:01:02.704Z,0,rayyan@rayyan.ai,164694697,"""__SYSTEM__SAMPLE__446a534be459a3c37d2858980816e649_15195""",1
2025-02-28T11:01:02.704Z,0,rayyan@rayyan.ai,153497099,"""__SYSTEM__SAMPLE__446a534be459a3c37d2858980816e649_15195""",1
2025-02-28T11:01:02.704Z,0,rayyan@rayyan.ai,164704946,"""__SYSTEM__SAMPLE__446a534be459a3c37d2858980816e649_15195""",1
2025-02-28T11:01:02.704Z,0,rayyan@rayyan.ai,164705761,"""__SYSTEM__SAMPLE__446a534be459a3c37d2858980816e649_15195""",1
2025-02-28T11:01:02.704Z,0,rayyan@rayyan.ai,164702073,"""__SYSTEM__SAMPLE__446a534be459a3c37d2858980816e649_15195""",1
2025-02-28T11:01:02.704Z,0,rayyan@rayyan.ai,164704000,"""__SYSTEM__SAMPLE__446a534be459a3c37d2858980816e649_15195""",1
2025-02-28T11:01:02.704Z,0,rayyan@rayyan.ai,164701940,"""__SYSTEM__SAMPLE__446a534be459a3c37d2858980816e649_15195""",1
2025-02-28T11:01:02.704Z,0,rayyan@rayyan.ai,153491021,"""__SYSTEM__SAMPLE__446a534be459a3c37d2858980816e649_15195""",1
2025-02-28T11:01:02.704Z,0,rayyan@rayyan.ai,164684316,"""__SYSTEM__SAMPLE__446a534be459a3c37d2858980816e649_15195""",1
2025-02-28T11:01:02.704Z,0,rayyan@rayyan.ai,153494879,"""__SYSTEM__SAMPLE__446a534be459a3c37d2858980816e649_15195""",1
2025-02-28T11:01:02.704Z,0,rayyan@rayyan.ai,153491334,"""__SYSTEM__SAMPLE__446a534be459a3c37d2858980816e649_15195""",1
2025-02-28T11:01:02.704Z,0,rayyan@rayyan.ai,153499094,"""__SYSTEM__SAMPLE__446a534be459a3c37d2858980816e649_15195""",1
2025-02-28T11:01:02.704Z,0,rayyan@rayyan.ai,164686490,"""__SYSTEM__SAMPLE__446a534be459a3c37d2858980816e649_15195""",1
2025-02-28T11:01:02.704Z,0,rayyan@rayyan.ai,153489403,"""__SYSTEM__SAMPLE__446a534be459a3c37d2858980816e649_15195""",1
2025-02-28T11:01:02.704Z,0,rayyan@rayyan.ai,153488553,"""__SYSTEM__SAMPLE__446a534be459a3c37d2858980816e649_15195""",1
2025-02-28T11:01:02.704Z,0,rayyan@rayyan.ai,164693305,"""__SYSTEM__SAMPLE__446a534be459a3c37d2858980816e649_15195""",1
2025-02-28T11:01:02.704Z,0,rayyan@rayyan.ai,164700273,"""__SYSTEM__SAMPLE__446a534be459a3c37d2858980816e649_15195""",1
2025-02-28T11:01:02.704Z,0,rayyan@rayyan.ai,153491982,"""__SYSTEM__SAMPLE__446a534be459a3c37d2858980816e649_15195""",1
2025-02-28T11:01:02.704Z,0,rayyan@rayyan.ai,153487850,"""__SYSTEM__SAMPLE__446a534be459a3c37d2858980816e649_15195""",1
2025-02-28T11:01:02.704Z,0,rayyan@rayyan.ai,153489416,"""__SYSTEM__SAMPLE__446a534be459a3c37d2858980816e649_15195""",1
2025-02-28T11:01:02.751Z,0,rayyan@rayyan.ai,164690808,"""__SYSTEM__SAMPLE__446a534be459a3c37d2858980816e649_15195""",1
2025-02-28T11:01:02.751Z,0,rayyan@rayyan.ai,164695301,"""__SYSTEM__SAMPLE__446a534be459a3c37d2858980816e649_15195""",1
2025-02-28T11:01:02.751Z,0,rayyan@rayyan.ai,153491937,"""__SYSTEM__SAMPLE__446a534be459a3c37d2858980816e649_15195""",1
2025-02-28T11:01:02.751Z,0,rayyan@rayyan.ai,164687237,"""__SYSTEM__SAMPLE__446a534be459a3c37d2858980816e649_15195""",1
2025-02-28T11:01:02.751Z,0,rayyan@rayyan.ai,153497035,"""__SYSTEM__SAMPLE__446a534be459a3c37d2858980816e649_15195""",1
2025-02-28T11:01:02.751Z,0,rayyan@rayyan.ai,164688374,"""__SYSTEM__SAMPLE__446a534be459a3c37d2858980816e649_15195""",1
2025-02-28T11:01:02.751Z,0,rayyan@rayyan.ai,164698645,"""__SYSTEM__SAMPLE__446a534be459a3c37d2858980816e649_15195""",1
2025-02-28T11:01:02.751Z,0,rayyan@rayyan.ai,164687073,"""__SYSTEM__SAMPLE__446a534be459a3c37d2858980816e649_15195""",1
2025-02-28T11:01:02.751Z,0,rayyan@rayyan.ai,153492901,"""__SYSTEM__SAMPLE__446a534be459a3c37d2858980816e649_15195""",1
2025-02-28T11:01:02.751Z,0,rayyan@rayyan.ai,153493294,"""__SYSTEM__SAMPLE__446a534be459a3c37d2858980816e649_15195""",1
2025-02-28T11:01:02.751Z,0,rayyan@rayyan.ai,164688720,"""__SYSTEM__SAMPLE__446a534be459a3c37d2858980816e649_15195""",1
2025-02-28T11:01:02.751Z,0,rayyan@rayyan.ai,164701458,"""__SYSTEM__SAMPLE__446a534be459a3c37d2858980816e649_15195""",1
2025-02-28T11:01:02.751Z,0,rayyan@rayyan.ai,153496660,"""__SYSTEM__SAMPLE__446a534be459a3c37d2858980816e649_15195""",1
2025-02-28T11:01:02.751Z,0,rayyan@rayyan.ai,164696775,"""__SYSTEM__SAMPLE__446a534be459a3c37d2858980816e649_15195""",1
2025-02-28T11:01:02.751Z,0,rayyan@rayyan.ai,164691198,"""__SYSTEM__SAMPLE__446a534be459a3c37d2858980816e649_15195""",1
2025-02-28T11:01:02.751Z,0,rayyan@rayyan.ai,153497547,"""__SYSTEM__SAMPLE__446a534be459a3c37d2858980816e649_15195""",1
2025-02-28T11:01:02.751Z,0,rayyan@rayyan.ai,153487214,"""__SYSTEM__SAMPLE__446a534be459a3c37d2858980816e649_15195""",1
2025-02-28T11:01:02.751Z,0,rayyan@rayyan.ai,153491833,"""__SYSTEM__SAMPLE__446a534be459a3c37d2858980816e649_15195""",1
2025-02-28T11:01:02.751Z,0,rayyan@rayyan.ai,164697095,"""__SYSTEM__SAMPLE__446a534be459a3c37d2858980816e649_15195""",1
2025-02-28T11:01:02.751Z,0,rayyan@rayyan.ai,153492560,"""__SYSTEM__SAMPLE__446a534be459a3c37d2858980816e649_15195""",1
2025-02-28T11:01:02.751Z,0,rayyan@rayyan.ai,153490669,"""__SYSTEM__SAMPLE__446a534be459a3c37d2858980816e649_15195""",1
2025-02-28T11:01:02.751Z,0,rayyan@rayyan.ai,164693064,"""__SYSTEM__SAMPLE__446a534be459a3c37d2858980816e649_15195""",1
2025-02-28T11:01:02.751Z,0,rayyan@rayyan.ai,153491008,"""__SYSTEM__SAMPLE__446a534be459a3c37d2858980816e649_15195""",1
2025-02-28T11:01:02.751Z,0,rayyan@rayyan.ai,153494893,"""__SYSTEM__SAMPLE__446a534be459a3c37d2858980816e649_15195""",1
2025-02-28T11:01:02.751Z,0,rayyan@rayyan.ai,153493198,"""__SYSTEM__SAMPLE__446a534be459a3c37d2858980816e649_15195""",1
2025-02-28T11:01:02.751Z,0,rayyan@rayyan.ai,164707073,"""__SYSTEM__SAMPLE__446a534be459a3c37d2858980816e649_15195""",1
2025-02-28T11:01:02.751Z,0,rayyan@rayyan.ai,153490830,"""__SYSTEM__SAMPLE__446a534be459a3c37d2858980816e649_15195""",1
2025-02-28T11:01:02.751Z,0,rayyan@rayyan.ai,164693566,"""__SYSTEM__SAMPLE__446a534be459a3c37d2858980816e649_15195""",1
2025-02-28T11:01:02.751Z,0,rayyan@rayyan.ai,164703696,"""__SYSTEM__SAMPLE__446a534be459a3c37d2858980816e649_15195""",1
2025-02-28T11:01:02.751Z,0,rayyan@rayyan.ai,164697448,"""__SYSTEM__SAMPLE__446a534be459a3c37d2858980816e649_15195""",1
2025-02-28T11:01:02.751Z,0,rayyan@rayyan.ai,164695010,"""__SYSTEM__SAMPLE__446a534be459a3c37d2858980816e649_15195""",1
2025-02-28T11:01:02.751Z,0,rayyan@rayyan.ai,153492115,"""__SYSTEM__SAMPLE__446a534be459a3c37d2858980816e649_15195""",1
2025-02-28T11:01:02.751Z,0,rayyan@rayyan.ai,153489109,"""__SYSTEM__SAMPLE__446a534be459a3c37d2858980816e649_15195""",1
2025-02-28T11:01:02.751Z,0,rayyan@rayyan.ai,164705353,"""__SYSTEM__SAMPLE__446a534be459a3c37d2858980816e649_15195""",1
2025-02-28T11:01:02.751Z,0,rayyan@rayyan.ai,153486761,"""__SYSTEM__SAMPLE__446a534be459a3c37d2858980816e649_15195""",1
2025-02-28T11:01:02.751Z,0,rayyan@rayyan.ai,153497104,"""__SYSTEM__SAMPLE__446a534be459a3c37d2858980816e649_15195""",1
2025-02-28T11:01:02.751Z,0,rayyan@rayyan.ai,164702813,"""__SYSTEM__SAMPLE__446a534be459a3c37d2858980816e649_15195""",1
2025-02-28T11:01:02.751Z,0,rayyan@rayyan.ai,153488192,"""__SYSTEM__SAMPLE__446a534be459a3c37d2858980816e649_15195""",1
2025-02-28T11:01:02.751Z,0,rayyan@rayyan.ai,164706955,"""__SYSTEM__SAMPLE__446a534be459a3c37d2858980816e649_15195""",1
2025-02-28T11:01:02.751Z,0,rayyan@rayyan.ai,164694285,"""__SYSTEM__SAMPLE__446a534be459a3c37d2858980816e649_15195""",1
2025-02-28T11:01:02.751Z,0,rayyan@rayyan.ai,164698489,"""__SYSTEM__SAMPLE__446a534be459a3c37d2858980816e649_15195""",1
2025-02-28T11:01:02.751Z,0,rayyan@rayyan.ai,153488585,"""__SYSTEM__SAMPLE__446a534be459a3c37d2858980816e649_15195""",1
2025-02-28T11:01:02.751Z,0,rayyan@rayyan.ai,153485688,"""__SYSTEM__SAMPLE__446a534be459a3c37d2858980816e649_15195""",1
2025-02-28T11:01:02.751Z,0,rayyan@rayyan.ai,153498973,"""__SYSTEM__SAMPLE__446a534be459a3c37d2858980816e649_15195""",1
2025-02-28T11:01:02.751Z,0,rayyan@rayyan.ai,164695749,"""__SYSTEM__SAMPLE__446a534be459a3c37d2858980816e649_15195""",1
2025-02-28T11:01:02.751Z,0,rayyan@rayyan.ai,153495527,"""__SYSTEM__SAMPLE__446a534be459a3c37d2858980816e649_15195""",1
2025-02-28T11:01:02.751Z,0,rayyan@rayyan.ai,164706760,"""__SYSTEM__SAMPLE__446a534be459a3c37d2858980816e649_15195""",1
2025-02-28T11:01:02.751Z,0,rayyan@rayyan.ai,164704469,"""__SYSTEM__SAMPLE__446a534be459a3c37d2858980816e649_15195""",1
2025-02-28T11:01:02.751Z,0,rayyan@rayyan.ai,164706457,"""__SYSTEM__SAMPLE__446a534be459a3c37d2858980816e649_15195""",1
2025-02-28T11:01:02.795Z,0,rayyan@rayyan.ai,164690622,"""__SYSTEM__SAMPLE__446a534be459a3c37d2858980816e649_15195""",1
2025-02-28T11:01:02.795Z,0,rayyan@rayyan.ai,153489731,"""__SYSTEM__SAMPLE__446a534be459a3c37d2858980816e649_15195""",1
2025-02-28T11:01:02.795Z,0,rayyan@rayyan.ai,164686064,"""__SYSTEM__SAMPLE__446a534be459a3c37d2858980816e649_15195""",1
2025-02-28T11:01:02.795Z,0,rayyan@rayyan.ai,164699981,"""__SYSTEM__SAMPLE__446a534be459a3c37d2858980816e649_15195""",1
2025-02-28T11:01:02.795Z,0,rayyan@rayyan.ai,153492209,"""__SYSTEM__SAMPLE__446a534be459a3c37d2858980816e649_15195""",1
2025-02-28T11:01:02.795Z,0,rayyan@rayyan.ai,164689341,"""__SYSTEM__SAMPLE__446a534be459a3c37d2858980816e649_15195""",1
2025-02-28T11:01:02.795Z,0,rayyan@rayyan.ai,164687631,"""__SYSTEM__SAMPLE__446a534be459a3c37d2858980816e649_15195""",1
2025-02-28T11:01:02.795Z,0,rayyan@rayyan.ai,153491086,"""__SYSTEM__SAMPLE__446a534be459a3c37d2858980816e649_15195""",1
2025-02-28T11:01:02.795Z,0,rayyan@rayyan.ai,164702633,"""__SYSTEM__SAMPLE__446a534be459a3c37d2858980816e649_15195""",1
2025-02-28T11:01:02.795Z,0,rayyan@rayyan.ai,164691336,"""__SYSTEM__SAMPLE__446a534be459a3c37d2858980816e649_15195""",1
2025-02-28T11:01:02.795Z,0,rayyan@rayyan.ai,164693237,"""__SYSTEM__SAMPLE__446a534be459a3c37d2858980816e649_15195""",1
2025-02-28T11:01:02.795Z,0,rayyan@rayyan.ai,153487399,"""__SYSTEM__SAMPLE__446a534be459a3c37d2858980816e649_15195""",1
2025-02-28T11:01:02.795Z,0,rayyan@rayyan.ai,153491604,"""__SYSTEM__SAMPLE__446a534be459a3c37d2858980816e649_15195""",1
2025-02-28T11:01:02.795Z,0,rayyan@rayyan.ai,153498231,"""__SYSTEM__SAMPLE__446a534be459a3c37d2858980816e649_15195""",1
2025-02-28T11:01:02.795Z,0,rayyan@rayyan.ai,164699617,"""__SYSTEM__SAMPLE__446a534be459a3c37d2858980816e649_15195""",1
2025-02-28T11:01:02.795Z,0,rayyan@rayyan.ai,153498648,"""__SYSTEM__SAMPLE__446a534be459a3c37d2858980816e649_15195""",1
2025-02-28T11:01:02.795Z,0,rayyan@rayyan.ai,153493854,"""__SYSTEM__SAMPLE__446a534be459a3c37d2858980816e649_15195""",1
2025-02-28T11:01:02.795Z,0,rayyan@rayyan.ai,164691110,"""__SYSTEM__SAMPLE__446a534be459a3c37d2858980816e649_15195""",1
2025-02-28T11:01:02.795Z,0,rayyan@rayyan.ai,164704560,"""__SYSTEM__SAMPLE__446a534be459a3c37d2858980816e649_15195""",1
2025-02-28T11:01:02.795Z,0,rayyan@rayyan.ai,153496736,"""__SYSTEM__SAMPLE__446a534be459a3c37d2858980816e649_15195""",1
2025-02-28T11:01:02.795Z,0,rayyan@rayyan.ai,164703501,"""__SYSTEM__SAMPLE__446a534be459a3c37d2858980816e649_15195""",1
2025-02-28T11:01:02.795Z,0,rayyan@rayyan.ai,164703263,"""__SYSTEM__SAMPLE__446a534be459a3c37d2858980816e649_15195""",1
2025-02-28T11:01:02.795Z,0,rayyan@rayyan.ai,164692214,"""__SYSTEM__SAMPLE__446a534be459a3c37d2858980816e649_15195""",1
2025-02-28T11:01:02.795Z,0,rayyan@rayyan.ai,153497290,"""__SYSTEM__SAMPLE__446a534be459a3c37d2858980816e649_15195""",1
2025-02-28T11:01:02.795Z,0,rayyan@rayyan.ai,164703706,"""__SYSTEM__SAMPLE__446a534be459a3c37d2858980816e649_15195""",1
2025-02-28T11:01:02.795Z,0,rayyan@rayyan.ai,153490031,"""__SYSTEM__SAMPLE__446a534be459a3c37d2858980816e649_15195""",1
2025-02-28T11:01:02.795Z,0,rayyan@rayyan.ai,164703462,"""__SYSTEM__SAMPLE__446a534be459a3c37d2858980816e649_15195""",1
2025-02-28T11:01:02.795Z,0,rayyan@rayyan.ai,164701664,"""__SYSTEM__SAMPLE__446a534be459a3c37d2858980816e649_15195""",1
2025-02-28T11:01:02.795Z,0,rayyan@rayyan.ai,164700930,"""__SYSTEM__SAMPLE__446a534be459a3c37d2858980816e649_15195""",1
2025-02-28T11:01:02.795Z,0,rayyan@rayyan.ai,153485282,"""__SYSTEM__SAMPLE__446a534be459a3c37d2858980816e649_15195""",1
2025-02-28T11:01:02.795Z,0,rayyan@rayyan.ai,164700659,"""__SYSTEM__SAMPLE__446a534be459a3c37d2858980816e649_15195""",1
2025-02-28T11:01:02.795Z,0,rayyan@rayyan.ai,164692973,"""__SYSTEM__SAMPLE__446a534be459a3c37d2858980816e649_15195""",1
2025-02-28T11:01:02.795Z,0,rayyan@rayyan.ai,164684084,"""__SYSTEM__SAMPLE__446a534be459a3c37d2858980816e649_15195""",1
2025-02-28T11:01:02.795Z,0,rayyan@rayyan.ai,164703548,"""__SYSTEM__SAMPLE__446a534be459a3c37d2858980816e649_15195""",1
2025-02-28T11:01:02.795Z,0,rayyan@rayyan.ai,153495438,"""__SYSTEM__SAMPLE__446a534be459a3c37d2858980816e649_15195""",1
2025-02-28T11:01:02.795Z,0,rayyan@rayyan.ai,153494190,"""__SYSTEM__SAMPLE__446a534be459a3c37d2858980816e649_15195""",1
2025-02-28T11:01:02.795Z,0,rayyan@rayyan.ai,153493992,"""__SYSTEM__SAMPLE__446a534be459a3c37d2858980816e649_15195""",1
2025-02-28T11:01:02.795Z,0,rayyan@rayyan.ai,153494500,"""__SYSTEM__SAMPLE__446a534be459a3c37d2858980816e649_15195""",1
2025-02-28T11:01:02.795Z,0,rayyan@rayyan.ai,164705337,"""__SYSTEM__SAMPLE__446a534be459a3c37d2858980816e649_15195""",1
2025-02-28T11:01:02.795Z,0,rayyan@rayyan.ai,164700033,"""__SYSTEM__SAMPLE__446a534be459a3c37d2858980816e649_15195""",1
2025-02-28T11:01:02.795Z,0,rayyan@rayyan.ai,164704949,"""__SYSTEM__SAMPLE__446a534be459a3c37d2858980816e649_15195""",1
2025-02-28T11:01:02.795Z,0,rayyan@rayyan.ai,164706793,"""__SYSTEM__SAMPLE__446a534be459a3c37d2858980816e649_15195""",1
2025-02-28T11:01:02.795Z,0,rayyan@rayyan.ai,153499339,"""__SYSTEM__SAMPLE__446a534be459a3c37d2858980816e649_15195""",1
2025-02-28T11:01:02.795Z,0,rayyan@rayyan.ai,153489720,"""__SYSTEM__SAMPLE__446a534be459a3c37d2858980816e649_15195""",1
2025-02-28T11:01:02.795Z,0,rayyan@rayyan.ai,164692267,"""__SYSTEM__SAMPLE__446a534be459a3c37d2858980816e649_15195""",1
2025-02-28T11:01:02.795Z,0,rayyan@rayyan.ai,153494627,"""__SYSTEM__SAMPLE__446a534be459a3c37d2858980816e649_15195""",1
2025-02-28T11:01:02.795Z,0,rayyan@rayyan.ai,164699130,"""__SYSTEM__SAMPLE__446a534be459a3c37d2858980816e649_15195""",1
2025-02-28T11:01:02.795Z,0,rayyan@rayyan.ai,164687575,"""__SYSTEM__SAMPLE__446a534be459a3c37d2858980816e649_15195""",1
2025-02-28T11:01:02.795Z,0,rayyan@rayyan.ai,153498264,"""__SYSTEM__SAMPLE__446a534be459a3c37d2858980816e649_15195""",1
2025-02-28T11:01:02.843Z,0,rayyan@rayyan.ai,164696262,"""__SYSTEM__SAMPLE__446a534be459a3c37d2858980816e649_15195""",1
2025-02-28T11:01:02.843Z,0,rayyan@rayyan.ai,164705303,"""__SYSTEM__SAMPLE__446a534be459a3c37d2858980816e649_15195""",1
2025-02-28T11:01:02.843Z,0,rayyan@rayyan.ai,153490150,"""__SYSTEM__SAMPLE__446a534be459a3c37d2858980816e649_15195""",1
2025-02-28T11:01:02.843Z,0,rayyan@rayyan.ai,164700183,"""__SYSTEM__SAMPLE__446a534be459a3c37d2858980816e649_15195""",1
2025-02-28T11:01:02.843Z,0,rayyan@rayyan.ai,164698387,"""__SYSTEM__SAMPLE__446a534be459a3c37d2858980816e649_15195""",1
2025-02-28T11:01:02.843Z,0,rayyan@rayyan.ai,153497006,"""__SYSTEM__SAMPLE__446a534be459a3c37d2858980816e649_15195""",1
2025-02-28T11:01:02.843Z,0,rayyan@rayyan.ai,153486129,"""__SYSTEM__SAMPLE__446a534be459a3c37d2858980816e649_15195""",1
2025-02-28T11:01:02.843Z,0,rayyan@rayyan.ai,164696001,"""__SYSTEM__SAMPLE__446a534be459a3c37d2858980816e649_15195""",1
2025-02-28T11:01:02.843Z,0,rayyan@rayyan.ai,164688226,"""__SYSTEM__SAMPLE__446a534be459a3c37d2858980816e649_15195""",1
2025-02-28T11:01:02.843Z,0,rayyan@rayyan.ai,153492122,"""__SYSTEM__SAMPLE__446a534be459a3c37d2858980816e649_15195""",1
2025-02-28T11:01:02.843Z,0,rayyan@rayyan.ai,164683841,"""__SYSTEM__SAMPLE__446a534be459a3c37d2858980816e649_15195""",1
2025-02-28T11:01:02.843Z,0,rayyan@rayyan.ai,153496709,"""__SYSTEM__SAMPLE__446a534be459a3c37d2858980816e649_15195""",1
2025-02-28T11:01:02.843Z,0,rayyan@rayyan.ai,164706411,"""__SYSTEM__SAMPLE__446a534be459a3c37d2858980816e649_15195""",1
2025-02-28T11:01:02.843Z,0,rayyan@rayyan.ai,153498981,"""__SYSTEM__SAMPLE__446a534be459a3c37d2858980816e649_15195""",1
2025-02-28T11:01:02.843Z,0,rayyan@rayyan.ai,153495603,"""__SYSTEM__SAMPLE__446a534be459a3c37d2858980816e649_15195""",1
2025-02-28T11:01:02.843Z,0,rayyan@rayyan.ai,164704276,"""__SYSTEM__SAMPLE__446a534be459a3c37d2858980816e649_15195""",1
2025-02-28T11:01:02.843Z,0,rayyan@rayyan.ai,164693218,"""__SYSTEM__SAMPLE__446a534be459a3c37d2858980816e649_15195""",1
2025-02-28T11:01:02.843Z,0,rayyan@rayyan.ai,153489611,"""__SYSTEM__SAMPLE__446a534be459a3c37d2858980816e649_15195""",1
2025-02-28T11:01:02.843Z,0,rayyan@rayyan.ai,164689471,"""__SYSTEM__SAMPLE__446a534be459a3c37d2858980816e649_15195""",1
2025-02-28T11:01:02.843Z,0,rayyan@rayyan.ai,153496978,"""__SYSTEM__SAMPLE__446a534be459a3c37d2858980816e649_15195""",1
2025-02-28T11:01:02.843Z,0,rayyan@rayyan.ai,164705539,"""__SYSTEM__SAMPLE__446a534be459a3c37d2858980816e649_15195""",1
2025-02-28T11:01:02.843Z,0,rayyan@rayyan.ai,153495551,"""__SYSTEM__SAMPLE__446a534be459a3c37d2858980816e649_15195""",1
2025-02-28T11:01:02.843Z,0,rayyan@rayyan.ai,153493286,"""__SYSTEM__SAMPLE__446a534be459a3c37d2858980816e649_15195""",1
2025-02-28T11:01:02.843Z,0,rayyan@rayyan.ai,153494937,"""__SYSTEM__SAMPLE__446a534be459a3c37d2858980816e649_15195""",1
2025-02-28T11:01:02.843Z,0,rayyan@rayyan.ai,164702380,"""__SYSTEM__SAMPLE__446a534be459a3c37d2858980816e649_15195""",1
2025-02-28T11:01:02.843Z,0,rayyan@rayyan.ai,164706486,"""__SYSTEM__SAMPLE__446a534be459a3c37d2858980816e649_15195""",1
2025-02-28T11:01:02.843Z,0,rayyan@rayyan.ai,164700966,"""__SYSTEM__SAMPLE__446a534be459a3c37d2858980816e649_15195""",1
2025-02-28T11:01:02.843Z,0,rayyan@rayyan.ai,153488405,"""__SYSTEM__SAMPLE__446a534be459a3c37d2858980816e649_15195""",1
2025-02-28T11:01:02.843Z,0,rayyan@rayyan.ai,153486030,"""__SYSTEM__SAMPLE__446a534be459a3c37d2858980816e649_15195""",1
2025-02-28T11:01:02.843Z,0,rayyan@rayyan.ai,153498018,"""__SYSTEM__SAMPLE__446a534be459a3c37d2858980816e649_15195""",1
2025-02-28T11:01:02.843Z,0,rayyan@rayyan.ai,153491679,"""__SYSTEM__SAMPLE__446a534be459a3c37d2858980816e649_15195""",1
2025-02-28T11:01:02.843Z,0,rayyan@rayyan.ai,153489980,"""__SYSTEM__SAMPLE__446a534be459a3c37d2858980816e649_15195""",1
2025-02-28T11:01:02.843Z,0,rayyan@rayyan.ai,164693488,"""__SYSTEM__SAMPLE__446a534be459a3c37d2858980816e649_15195""",1
2025-02-28T11:01:02.843Z,0,rayyan@rayyan.ai,164703853,"""__SYSTEM__SAMPLE__446a534be459a3c37d2858980816e649_15195""",1
2025-02-28T11:01:02.843Z,0,rayyan@rayyan.ai,153487665,"""__SYSTEM__SAMPLE__446a534be459a3c37d2858980816e649_15195""",1
2025-02-28T11:01:02.843Z,0,rayyan@rayyan.ai,153489684,"""__SYSTEM__SAMPLE__446a534be459a3c37d2858980816e649_15195""",1
2025-02-28T11:01:02.843Z,0,rayyan@rayyan.ai,164695226,"""__SYSTEM__SAMPLE__446a534be459a3c37d2858980816e649_15195""",1
2025-02-28T11:01:02.843Z,0,rayyan@rayyan.ai,164705124,"""__SYSTEM__SAMPLE__446a534be459a3c37d2858980816e649_15195""",1
2025-02-28T11:01:02.843Z,0,rayyan@rayyan.ai,153492261,"""__SYSTEM__SAMPLE__446a534be459a3c37d2858980816e649_15195""",1
2025-02-28T11:01:02.843Z,0,rayyan@rayyan.ai,164705222,"""__SYSTEM__SAMPLE__446a534be459a3c37d2858980816e649_15195""",1
2025-02-28T11:01:02.843Z,0,rayyan@rayyan.ai,153492183,"""__SYSTEM__SAMPLE__446a534be459a3c37d2858980816e649_15195""",1
2025-02-28T11:01:02.843Z,0,rayyan@rayyan.ai,153494848,"""__SYSTEM__SAMPLE__446a534be459a3c37d2858980816e649_15195""",1
2025-02-28T11:01:02.843Z,0,rayyan@rayyan.ai,164702980,"""__SYSTEM__SAMPLE__446a534be459a3c37d2858980816e649_15195""",1
2025-02-28T11:01:02.843Z,0,rayyan@rayyan.ai,153487074,"""__SYSTEM__SAMPLE__446a534be459a3c37d2858980816e649_15195""",1
2025-02-28T11:01:02.843Z,0,rayyan@rayyan.ai,153498617,"""__SYSTEM__SAMPLE__446a534be459a3c37d2858980816e649_15195""",1
2025-02-28T11:01:02.843Z,0,rayyan@rayyan.ai,164685371,"""__SYSTEM__SAMPLE__446a534be459a3c37d2858980816e649_15195""",1
2025-02-28T11:01:02.843Z,0,rayyan@rayyan.ai,153497881,"""__SYSTEM__SAMPLE__446a534be459a3c37d2858980816e649_15195""",1
2025-02-28T11:01:02.843Z,0,rayyan@rayyan.ai,153493788,"""__SYSTEM__SAMPLE__446a534be459a3c37d2858980816e649_15195""",1
2025-02-28T11:01:02.843Z,0,rayyan@rayyan.ai,164687758,"""__SYSTEM__SAMPLE__446a534be459a3c37d2858980816e649_15195""",1
2025-02-28T11:01:02.843Z,0,rayyan@rayyan.ai,164705058,"""__SYSTEM__SAMPLE__446a534be459a3c37d2858980816e649_15195""",1
2025-02-28T11:01:02.892Z,0,rayyan@rayyan.ai,164687181,"""__SYSTEM__SAMPLE__446a534be459a3c37d2858980816e649_15195""",1
2025-02-28T11:01:02.892Z,0,rayyan@rayyan.ai,153488899,"""__SYSTEM__SAMPLE__446a534be459a3c37d2858980816e649_15195""",1
2025-02-28T11:01:02.892Z,0,rayyan@rayyan.ai,153494218,"""__SYSTEM__SAMPLE__446a534be459a3c37d2858980816e649_15195""",1
2025-02-28T11:01:02.892Z,0,rayyan@rayyan.ai,153490118,"""__SYSTEM__SAMPLE__446a534be459a3c37d2858980816e649_15195""",1
2025-02-28T11:01:02.892Z,0,rayyan@rayyan.ai,164696970,"""__SYSTEM__SAMPLE__446a534be459a3c37d2858980816e649_15195""",1
2025-02-28T11:01:02.892Z,0,rayyan@rayyan.ai,153496909,"""__SYSTEM__SAMPLE__446a534be459a3c37d2858980816e649_15195""",1
2025-02-28T11:01:02.892Z,0,rayyan@rayyan.ai,153489288,"""__SYSTEM__SAMPLE__446a534be459a3c37d2858980816e649_15195""",1
2025-02-28T11:01:02.892Z,0,rayyan@rayyan.ai,164690779,"""__SYSTEM__SAMPLE__446a534be459a3c37d2858980816e649_15195""",1
2025-02-28T11:01:02.892Z,0,rayyan@rayyan.ai,164705308,"""__SYSTEM__SAMPLE__446a534be459a3c37d2858980816e649_15195""",1
2025-02-28T11:01:02.892Z,0,rayyan@rayyan.ai,164687503,"""__SYSTEM__SAMPLE__446a534be459a3c37d2858980816e649_15195""",1
2025-02-28T11:01:02.892Z,0,rayyan@rayyan.ai,164700668,"""__SYSTEM__SAMPLE__446a534be459a3c37d2858980816e649_15195""",1
2025-02-28T11:01:02.892Z,0,rayyan@rayyan.ai,153488077,"""__SYSTEM__SAMPLE__446a534be459a3c37d2858980816e649_15195""",1
2025-02-28T11:01:02.892Z,0,rayyan@rayyan.ai,153496140,"""__SYSTEM__SAMPLE__446a534be459a3c37d2858980816e649_15195""",1
2025-02-28T11:01:02.892Z,0,rayyan@rayyan.ai,164700858,"""__SYSTEM__SAMPLE__446a534be459a3c37d2858980816e649_15195""",1
2025-02-28T11:01:02.892Z,0,rayyan@rayyan.ai,153496479,"""__SYSTEM__SAMPLE__446a534be459a3c37d2858980816e649_15195""",1
2025-02-28T11:01:02.892Z,0,rayyan@rayyan.ai,164705190,"""__SYSTEM__SAMPLE__446a534be459a3c37d2858980816e649_15195""",1
2025-02-28T11:01:02.892Z,0,rayyan@rayyan.ai,153493546,"""__SYSTEM__SAMPLE__446a534be459a3c37d2858980816e649_15195""",1
2025-02-28T11:01:02.892Z,0,rayyan@rayyan.ai,164686185,"""__SYSTEM__SAMPLE__446a534be459a3c37d2858980816e649_15195""",1
2025-02-28T11:01:02.892Z,0,rayyan@rayyan.ai,153491525,"""__SYSTEM__SAMPLE__446a534be459a3c37d2858980816e649_15195""",1
2025-02-28T11:01:02.892Z,0,rayyan@rayyan.ai,153485983,"""__SYSTEM__SAMPLE__446a534be459a3c37d2858980816e649_15195""",1
2025-02-28T11:01:02.892Z,0,rayyan@rayyan.ai,153487092,"""__SYSTEM__SAMPLE__446a534be459a3c37d2858980816e649_15195""",1
2025-02-28T11:01:02.892Z,0,rayyan@rayyan.ai,153488865,"""__SYSTEM__SAMPLE__446a534be459a3c37d2858980816e649_15195""",1
2025-02-28T11:01:02.892Z,0,rayyan@rayyan.ai,164689749,"""__SYSTEM__SAMPLE__446a534be459a3c37d2858980816e649_15195""",1
2025-02-28T11:01:02.892Z,0,rayyan@rayyan.ai,164692036,"""__SYSTEM__SAMPLE__446a534be459a3c37d2858980816e649_15195""",1
2025-02-28T11:01:02.892Z,0,rayyan@rayyan.ai,164692578,"""__SYSTEM__SAMPLE__446a534be459a3c37d2858980816e649_15195""",1
2025-02-28T11:01:02.892Z,0,rayyan@rayyan.ai,164700871,"""__SYSTEM__SAMPLE__446a534be459a3c37d2858980816e649_15195""",1
2025-02-28T11:01:02.892Z,0,rayyan@rayyan.ai,153485765,"""__SYSTEM__SAMPLE__446a534be459a3c37d2858980816e649_15195""",1
2025-02-28T11:01:02.892Z,0,rayyan@rayyan.ai,164698977,"""__SYSTEM__SAMPLE__446a534be459a3c37d2858980816e649_15195""",1
2025-02-28T11:01:02.892Z,0,rayyan@rayyan.ai,164690800,"""__SYSTEM__SAMPLE__446a534be459a3c37d2858980816e649_15195""",1
2025-02-28T11:01:02.892Z,0,rayyan@rayyan.ai,153494856,"""__SYSTEM__SAMPLE__446a534be459a3c37d2858980816e649_15195""",1
2025-02-28T11:01:02.892Z,0,rayyan@rayyan.ai,164685134,"""__SYSTEM__SAMPLE__446a534be459a3c37d2858980816e649_15195""",1
2025-02-28T11:01:02.892Z,0,rayyan@rayyan.ai,153493211,"""__SYSTEM__SAMPLE__446a534be459a3c37d2858980816e649_15195""",1
2025-02-28T11:01:02.892Z,0,rayyan@rayyan.ai,153492357,"""__SYSTEM__SAMPLE__446a534be459a3c37d2858980816e649_15195""",1
2025-02-28T11:01:02.892Z,0,rayyan@rayyan.ai,164689246,"""__SYSTEM__SAMPLE__446a534be459a3c37d2858980816e649_15195""",1
2025-02-28T11:01:02.892Z,0,rayyan@rayyan.ai,153493030,"""__SYSTEM__SAMPLE__446a534be459a3c37d2858980816e649_15195""",1
2025-02-28T11:01:02.892Z,0,rayyan@rayyan.ai,153492722,"""__SYSTEM__SAMPLE__446a534be459a3c37d2858980816e649_15195""",1
2025-02-28T11:01:02.892Z,0,rayyan@rayyan.ai,164685563,"""__SYSTEM__SAMPLE__446a534be459a3c37d2858980816e649_15195""",1
2025-02-28T11:01:02.892Z,0,rayyan@rayyan.ai,153489333,"""__SYSTEM__SAMPLE__446a534be459a3c37d2858980816e649_15195""",1
2025-02-28T11:01:02.892Z,0,rayyan@rayyan.ai,153495721,"""__SYSTEM__SAMPLE__446a534be459a3c37d2858980816e649_15195""",1
2025-02-28T11:01:02.892Z,0,rayyan@rayyan.ai,153488658,"""__SYSTEM__SAMPLE__446a534be459a3c37d2858980816e649_15195""",1
2025-02-28T11:01:02.892Z,0,rayyan@rayyan.ai,164704690,"""__SYSTEM__SAMPLE__446a534be459a3c37d2858980816e649_15195""",1
2025-02-28T11:01:02.892Z,0,rayyan@rayyan.ai,164703930,"""__SYSTEM__SAMPLE__446a534be459a3c37d2858980816e649_15195""",1
2025-02-28T11:01:02.892Z,0,rayyan@rayyan.ai,164704898,"""__SYSTEM__SAMPLE__446a534be459a3c37d2858980816e649_15195""",1
2025-02-28T11:01:02.892Z,0,rayyan@rayyan.ai,153486208,"""__SYSTEM__SAMPLE__446a534be459a3c37d2858980816e649_15195""",1
2025-02-28T11:01:02.892Z,0,rayyan@rayyan.ai,153491202,"""__SYSTEM__SAMPLE__446a534be459a3c37d2858980816e649_15195""",1
2025-02-28T11:01:02.892Z,0,rayyan@rayyan.ai,153498291,"""__SYSTEM__SAMPLE__446a534be459a3c37d2858980816e649_15195""",1
2025-02-28T11:01:02.892Z,0,rayyan@rayyan.ai,164691648,"""__SYSTEM__SAMPLE__446a534be459a3c37d2858980816e649_15195""",1
2025-02-28T11:01:02.892Z,0,rayyan@rayyan.ai,164687983,"""__SYSTEM__SAMPLE__446a534be459a3c37d2858980816e649_15195""",1
2025-02-28T11:01:02.892Z,0,rayyan@rayyan.ai,153485874,"""__SYSTEM__SAMPLE__446a534be459a3c37d2858980816e649_15195""",1
2025-02-28T11:01:02.892Z,0,rayyan@rayyan.ai,164685395,"""__SYSTEM__SAMPLE__446a534be459a3c37d2858980816e649_15195""",1
2025-02-28T11:01:02.941Z,0,rayyan@rayyan.ai,153495508,"""__SYSTEM__SAMPLE__446a534be459a3c37d2858980816e649_15195""",1
2025-02-28T11:01:02.941Z,0,rayyan@rayyan.ai,153488960,"""__SYSTEM__SAMPLE__446a534be459a3c37d2858980816e649_15195""",1
2025-02-28T11:01:02.941Z,0,rayyan@rayyan.ai,164702751,"""__SYSTEM__SAMPLE__446a534be459a3c37d2858980816e649_15195""",1
2025-02-28T11:01:02.941Z,0,rayyan@rayyan.ai,164694954,"""__SYSTEM__SAMPLE__446a534be459a3c37d2858980816e649_15195""",1
2025-02-28T11:01:02.941Z,0,rayyan@rayyan.ai,164695962,"""__SYSTEM__SAMPLE__446a534be459a3c37d2858980816e649_15195""",1
2025-02-28T11:01:02.941Z,0,rayyan@rayyan.ai,164684691,"""__SYSTEM__SAMPLE__446a534be459a3c37d2858980816e649_15195""",1
2025-02-28T11:01:02.941Z,0,rayyan@rayyan.ai,164684832,"""__SYSTEM__SAMPLE__446a534be459a3c37d2858980816e649_15195""",1
2025-02-28T11:01:02.941Z,0,rayyan@rayyan.ai,153495050,"""__SYSTEM__SAMPLE__446a534be459a3c37d2858980816e649_15195""",1
2025-02-28T11:01:02.941Z,0,rayyan@rayyan.ai,153497551,"""__SYSTEM__SAMPLE__446a534be459a3c37d2858980816e649_15195""",1
2025-02-28T11:01:02.941Z,0,rayyan@rayyan.ai,164685682,"""__SYSTEM__SAMPLE__446a534be459a3c37d2858980816e649_15195""",1
2025-02-28T11:01:02.941Z,0,rayyan@rayyan.ai,164693318,"""__SYSTEM__SAMPLE__446a534be459a3c37d2858980816e649_15195""",1
2025-02-28T11:01:02.941Z,0,rayyan@rayyan.ai,153498592,"""__SYSTEM__SAMPLE__446a534be459a3c37d2858980816e649_15195""",1
2025-02-28T11:01:02.941Z,0,rayyan@rayyan.ai,153497067,"""__SYSTEM__SAMPLE__446a534be459a3c37d2858980816e649_15195""",1
2025-02-28T11:01:02.941Z,0,rayyan@rayyan.ai,164694118,"""__SYSTEM__SAMPLE__446a534be459a3c37d2858980816e649_15195""",1
2025-02-28T11:01:02.941Z,0,rayyan@rayyan.ai,153497131,"""__SYSTEM__SAMPLE__446a534be459a3c37d2858980816e649_15195""",1
2025-02-28T11:01:02.941Z,0,rayyan@rayyan.ai,164688696,"""__SYSTEM__SAMPLE__446a534be459a3c37d2858980816e649_15195""",1
2025-02-28T11:01:02.941Z,0,rayyan@rayyan.ai,164700070,"""__SYSTEM__SAMPLE__446a534be459a3c37d2858980816e649_15195""",1
2025-02-28T11:01:02.941Z,0,rayyan@rayyan.ai,153491773,"""__SYSTEM__SAMPLE__446a534be459a3c37d2858980816e649_15195""",1
2025-02-28T11:01:02.941Z,0,rayyan@rayyan.ai,164691425,"""__SYSTEM__SAMPLE__446a534be459a3c37d2858980816e649_15195""",1
2025-02-28T11:01:02.941Z,0,rayyan@rayyan.ai,164698196,"""__SYSTEM__SAMPLE__446a534be459a3c37d2858980816e649_15195""",1
2025-02-28T11:01:02.941Z,0,rayyan@rayyan.ai,83177472,"""__SYSTEM__SAMPLE__446a534be459a3c37d2858980816e649_15195""",1
2025-02-28T11:01:02.941Z,0,rayyan@rayyan.ai,164689512,"""__SYSTEM__SAMPLE__446a534be459a3c37d2858980816e649_15195""",1
2025-02-28T11:01:02.941Z,0,rayyan@rayyan.ai,153491855,"""__SYSTEM__SAMPLE__446a534be459a3c37d2858980816e649_15195""",1
2025-02-28T11:01:02.941Z,0,rayyan@rayyan.ai,153493794,"""__SYSTEM__SAMPLE__446a534be459a3c37d2858980816e649_15195""",1
2025-02-28T11:01:02.941Z,0,rayyan@rayyan.ai,153497460,"""__SYSTEM__SAMPLE__446a534be459a3c37d2858980816e649_15195""",1
2025-02-28T11:01:02.941Z,0,rayyan@rayyan.ai,153487757,"""__SYSTEM__SAMPLE__446a534be459a3c37d2858980816e649_15195""",1
2025-02-28T11:01:02.941Z,0,rayyan@rayyan.ai,153494778,"""__SYSTEM__SAMPLE__446a534be459a3c37d2858980816e649_15195""",1
2025-02-28T11:01:02.941Z,0,rayyan@rayyan.ai,164704242,"""__SYSTEM__SAMPLE__446a534be459a3c37d2858980816e649_15195""",1
2025-02-28T11:01:02.941Z,0,rayyan@rayyan.ai,164705435,"""__SYSTEM__SAMPLE__446a534be459a3c37d2858980816e649_15195""",1
2025-02-28T11:01:02.941Z,0,rayyan@rayyan.ai,164704427,"""__SYSTEM__SAMPLE__446a534be459a3c37d2858980816e649_15195""",1
2025-02-28T11:01:02.941Z,0,rayyan@rayyan.ai,164687904,"""__SYSTEM__SAMPLE__446a534be459a3c37d2858980816e649_15195""",1
2025-02-28T11:01:02.941Z,0,rayyan@rayyan.ai,153496122,"""__SYSTEM__SAMPLE__446a534be459a3c37d2858980816e649_15195""",1
2025-02-28T11:01:02.941Z,0,rayyan@rayyan.ai,153491641,"""__SYSTEM__SAMPLE__446a534be459a3c37d2858980816e649_15195""",1
2025-02-28T11:01:02.941Z,0,rayyan@rayyan.ai,153494950,"""__SYSTEM__SAMPLE__446a534be459a3c37d2858980816e649_15195""",1
2025-02-28T11:01:02.941Z,0,rayyan@rayyan.ai,153490255,"""__SYSTEM__SAMPLE__446a534be459a3c37d2858980816e649_15195""",1
2025-02-28T11:01:02.941Z,0,rayyan@rayyan.ai,164704862,"""__SYSTEM__SAMPLE__446a534be459a3c37d2858980816e649_15195""",1
2025-02-28T11:01:02.941Z,0,rayyan@rayyan.ai,153498122,"""__SYSTEM__SAMPLE__446a534be459a3c37d2858980816e649_15195""",1
2025-02-28T11:01:02.941Z,0,rayyan@rayyan.ai,164687892,"""__SYSTEM__SAMPLE__446a534be459a3c37d2858980816e649_15195""",1
2025-02-28T11:01:02.941Z,0,rayyan@rayyan.ai,164693880,"""__SYSTEM__SAMPLE__446a534be459a3c37d2858980816e649_15195""",1
2025-02-28T11:01:02.941Z,0,rayyan@rayyan.ai,153496335,"""__SYSTEM__SAMPLE__446a534be459a3c37d2858980816e649_15195""",1
2025-02-28T11:01:02.941Z,0,rayyan@rayyan.ai,153496721,"""__SYSTEM__SAMPLE__446a534be459a3c37d2858980816e649_15195""",1
2025-02-28T11:01:02.941Z,0,rayyan@rayyan.ai,164704877,"""__SYSTEM__SAMPLE__446a534be459a3c37d2858980816e649_15195""",1
2025-02-28T11:01:02.941Z,0,rayyan@rayyan.ai,164700184,"""__SYSTEM__SAMPLE__446a534be459a3c37d2858980816e649_15195""",1
2025-02-28T11:01:02.941Z,0,rayyan@rayyan.ai,153494958,"""__SYSTEM__SAMPLE__446a534be459a3c37d2858980816e649_15195""",1
2025-02-28T11:01:02.941Z,0,rayyan@rayyan.ai,153490806,"""__SYSTEM__SAMPLE__446a534be459a3c37d2858980816e649_15195""",1
2025-02-28T11:01:02.941Z,0,rayyan@rayyan.ai,164706007,"""__SYSTEM__SAMPLE__446a534be459a3c37d2858980816e649_15195""",1
2025-02-28T11:01:02.941Z,0,rayyan@rayyan.ai,153496921,"""__SYSTEM__SAMPLE__446a534be459a3c37d2858980816e649_15195""",1
2025-02-28T11:01:02.941Z,0,rayyan@rayyan.ai,153488911,"""__SYSTEM__SAMPLE__446a534be459a3c37d2858980816e649_15195""",1
2025-02-28T11:01:02.941Z,0,rayyan@rayyan.ai,153495563,"""__SYSTEM__SAMPLE__446a534be459a3c37d2858980816e649_15195""",1
2025-02-28T11:01:02.941Z,0,rayyan@rayyan.ai,164697457,"""__SYSTEM__SAMPLE__446a534be459a3c37d2858980816e649_15195""",1
2025-02-28T11:01:02.987Z,0,rayyan@rayyan.ai,153489254,"""__SYSTEM__SAMPLE__446a534be459a3c37d2858980816e649_15195""",1
2025-02-28T11:01:02.987Z,0,rayyan@rayyan.ai,164705356,"""__SYSTEM__SAMPLE__446a534be459a3c37d2858980816e649_15195""",1
2025-02-28T11:01:02.987Z,0,rayyan@rayyan.ai,164699006,"""__SYSTEM__SAMPLE__446a534be459a3c37d2858980816e649_15195""",1
2025-02-28T11:01:02.987Z,0,rayyan@rayyan.ai,153489593,"""__SYSTEM__SAMPLE__446a534be459a3c37d2858980816e649_15195""",1
2025-02-28T11:01:02.987Z,0,rayyan@rayyan.ai,153493932,"""__SYSTEM__SAMPLE__446a534be459a3c37d2858980816e649_15195""",1
2025-02-28T11:01:02.987Z,0,rayyan@rayyan.ai,153490573,"""__SYSTEM__SAMPLE__446a534be459a3c37d2858980816e649_15195""",1
2025-02-28T11:01:02.987Z,0,rayyan@rayyan.ai,153492718,"""__SYSTEM__SAMPLE__446a534be459a3c37d2858980816e649_15195""",1
2025-02-28T11:01:02.987Z,0,rayyan@rayyan.ai,164703271,"""__SYSTEM__SAMPLE__446a534be459a3c37d2858980816e649_15195""",1
2025-02-28T11:01:02.987Z,0,rayyan@rayyan.ai,153498441,"""__SYSTEM__SAMPLE__446a534be459a3c37d2858980816e649_15195""",1
2025-02-28T11:01:02.987Z,0,rayyan@rayyan.ai,164687489,"""__SYSTEM__SAMPLE__446a534be459a3c37d2858980816e649_15195""",1
2025-02-28T11:01:02.987Z,0,rayyan@rayyan.ai,153492260,"""__SYSTEM__SAMPLE__446a534be459a3c37d2858980816e649_15195""",1
2025-02-28T11:01:02.987Z,0,rayyan@rayyan.ai,164686188,"""__SYSTEM__SAMPLE__446a534be459a3c37d2858980816e649_15195""",1
2025-02-28T11:01:02.987Z,0,rayyan@rayyan.ai,164697805,"""__SYSTEM__SAMPLE__446a534be459a3c37d2858980816e649_15195""",1
2025-02-28T11:01:02.987Z,0,rayyan@rayyan.ai,153491462,"""__SYSTEM__SAMPLE__446a534be459a3c37d2858980816e649_15195""",1
2025-02-28T11:01:02.987Z,0,rayyan@rayyan.ai,153497745,"""__SYSTEM__SAMPLE__446a534be459a3c37d2858980816e649_15195""",1
2025-02-28T11:01:02.987Z,0,rayyan@rayyan.ai,153496110,"""__SYSTEM__SAMPLE__446a534be459a3c37d2858980816e649_15195""",1
2025-02-28T11:01:02.987Z,0,rayyan@rayyan.ai,164706931,"""__SYSTEM__SAMPLE__446a534be459a3c37d2858980816e649_15195""",1
2025-02-28T11:01:02.987Z,0,rayyan@rayyan.ai,164698655,"""__SYSTEM__SAMPLE__446a534be459a3c37d2858980816e649_15195""",1
2025-02-28T11:01:02.987Z,0,rayyan@rayyan.ai,153496942,"""__SYSTEM__SAMPLE__446a534be459a3c37d2858980816e649_15195""",1
2025-02-28T11:01:02.987Z,0,rayyan@rayyan.ai,153498039,"""__SYSTEM__SAMPLE__446a534be459a3c37d2858980816e649_15195""",1
2025-02-28T11:01:02.987Z,0,rayyan@rayyan.ai,153491229,"""__SYSTEM__SAMPLE__446a534be459a3c37d2858980816e649_15195""",1
2025-02-28T11:01:02.987Z,0,rayyan@rayyan.ai,164696225,"""__SYSTEM__SAMPLE__446a534be459a3c37d2858980816e649_15195""",1
2025-02-28T11:01:02.987Z,0,rayyan@rayyan.ai,164693930,"""__SYSTEM__SAMPLE__446a534be459a3c37d2858980816e649_15195""",1
2025-02-28T11:01:02.987Z,0,rayyan@rayyan.ai,164698866,"""__SYSTEM__SAMPLE__446a534be459a3c37d2858980816e649_15195""",1
2025-02-28T11:01:02.987Z,0,rayyan@rayyan.ai,164695246,"""__SYSTEM__SAMPLE__446a534be459a3c37d2858980816e649_15195""",1
2025-02-28T11:01:02.987Z,0,rayyan@rayyan.ai,164689859,"""__SYSTEM__SAMPLE__446a534be459a3c37d2858980816e649_15195""",1
2025-02-28T11:01:02.987Z,0,rayyan@rayyan.ai,164704341,"""__SYSTEM__SAMPLE__446a534be459a3c37d2858980816e649_15195""",1
2025-02-28T11:01:02.987Z,0,rayyan@rayyan.ai,153487536,"""__SYSTEM__SAMPLE__446a534be459a3c37d2858980816e649_15195""",1
2025-02-28T11:01:02.987Z,0,rayyan@rayyan.ai,164691250,"""__SYSTEM__SAMPLE__446a534be459a3c37d2858980816e649_15195""",1
2025-02-28T11:01:02.987Z,0,rayyan@rayyan.ai,164696747,"""__SYSTEM__SAMPLE__446a534be459a3c37d2858980816e649_15195""",1
2025-02-28T11:01:02.987Z,0,rayyan@rayyan.ai,164704716,"""__SYSTEM__SAMPLE__446a534be459a3c37d2858980816e649_15195""",1
2025-02-28T11:01:02.987Z,0,rayyan@rayyan.ai,164694670,"""__SYSTEM__SAMPLE__446a534be459a3c37d2858980816e649_15195""",1
2025-02-28T11:01:02.987Z,0,rayyan@rayyan.ai,164688478,"""__SYSTEM__SAMPLE__446a534be459a3c37d2858980816e649_15195""",1
2025-02-28T11:01:02.987Z,0,rayyan@rayyan.ai,153495676,"""__SYSTEM__SAMPLE__446a534be459a3c37d2858980816e649_15195""",1
2025-02-28T11:01:02.987Z,0,rayyan@rayyan.ai,153490882,"""__SYSTEM__SAMPLE__446a534be459a3c37d2858980816e649_15195""",1
2025-02-28T11:01:02.987Z,0,rayyan@rayyan.ai,164690852,"""__SYSTEM__SAMPLE__446a534be459a3c37d2858980816e649_15195""",1
2025-02-28T11:01:02.987Z,0,rayyan@rayyan.ai,153494073,"""__SYSTEM__SAMPLE__446a534be459a3c37d2858980816e649_15195""",1
2025-02-28T11:01:02.987Z,0,rayyan@rayyan.ai,164699347,"""__SYSTEM__SAMPLE__446a534be459a3c37d2858980816e649_15195""",1
2025-02-28T11:01:02.987Z,0,rayyan@rayyan.ai,153489962,"""__SYSTEM__SAMPLE__446a534be459a3c37d2858980816e649_15195""",1
2025-02-28T11:01:02.987Z,0,rayyan@rayyan.ai,153489829,"""__SYSTEM__SAMPLE__446a534be459a3c37d2858980816e649_15195""",1
2025-02-28T11:01:02.987Z,0,rayyan@rayyan.ai,164696151,"""__SYSTEM__SAMPLE__446a534be459a3c37d2858980816e649_15195""",1
2025-02-28T11:01:02.987Z,0,rayyan@rayyan.ai,153485328,"""__SYSTEM__SAMPLE__446a534be459a3c37d2858980816e649_15195""",1
2025-02-28T11:01:02.987Z,0,rayyan@rayyan.ai,164706020,"""__SYSTEM__SAMPLE__446a534be459a3c37d2858980816e649_15195""",1
2025-02-28T11:01:02.987Z,0,rayyan@rayyan.ai,153496229,"""__SYSTEM__SAMPLE__446a534be459a3c37d2858980816e649_15195""",1
2025-02-28T11:01:02.987Z,0,rayyan@rayyan.ai,153492461,"""__SYSTEM__SAMPLE__446a534be459a3c37d2858980816e649_15195""",1
2025-02-28T11:01:02.987Z,0,rayyan@rayyan.ai,153497229,"""__SYSTEM__SAMPLE__446a534be459a3c37d2858980816e649_15195""",1
2025-02-28T11:01:02.987Z,0,rayyan@rayyan.ai,153495925,"""__SYSTEM__SAMPLE__446a534be459a3c37d2858980816e649_15195""",1
2025-02-28T11:01:02.987Z,0,rayyan@rayyan.ai,153499340,"""__SYSTEM__SAMPLE__446a534be459a3c37d2858980816e649_15195""",1
2025-02-28T11:01:02.987Z,0,rayyan@rayyan.ai,153491632,"""__SYSTEM__SAMPLE__446a534be459a3c37d2858980816e649_15195""",1
2025-02-28T11:01:03.037Z,0,rayyan@rayyan.ai,164703629,"""__SYSTEM__SAMPLE__446a534be459a3c37d2858980816e649_15195""",1
2025-02-28T11:01:03.037Z,0,rayyan@rayyan.ai,153494188,"""__SYSTEM__SAMPLE__446a534be459a3c37d2858980816e649_15195""",1
2025-02-28T11:01:03.037Z,0,rayyan@rayyan.ai,153495996,"""__SYSTEM__SAMPLE__446a534be459a3c37d2858980816e649_15195""",1
2025-02-28T11:01:03.037Z,0,rayyan@rayyan.ai,164704363,"""__SYSTEM__SAMPLE__446a534be459a3c37d2858980816e649_15195""",1
2025-02-28T11:01:03.037Z,0,rayyan@rayyan.ai,153493902,"""__SYSTEM__SAMPLE__446a534be459a3c37d2858980816e649_15195""",1
2025-02-28T11:01:03.037Z,0,rayyan@rayyan.ai,153497475,"""__SYSTEM__SAMPLE__446a534be459a3c37d2858980816e649_15195""",1
2025-02-28T11:01:03.037Z,0,rayyan@rayyan.ai,164695278,"""__SYSTEM__SAMPLE__446a534be459a3c37d2858980816e649_15195""",1
2025-02-28T11:01:03.037Z,0,rayyan@rayyan.ai,153485273,"""__SYSTEM__SAMPLE__446a534be459a3c37d2858980816e649_15195""",1
2025-02-28T11:01:03.037Z,0,rayyan@rayyan.ai,153495593,"""__SYSTEM__SAMPLE__446a534be459a3c37d2858980816e649_15195""",1
2025-02-28T11:01:03.037Z,0,rayyan@rayyan.ai,164703489,"""__SYSTEM__SAMPLE__446a534be459a3c37d2858980816e649_15195""",1
2025-02-28T11:01:03.037Z,0,rayyan@rayyan.ai,164683860,"""__SYSTEM__SAMPLE__446a534be459a3c37d2858980816e649_15195""",1
2025-02-28T11:01:03.037Z,0,rayyan@rayyan.ai,164693726,"""__SYSTEM__SAMPLE__446a534be459a3c37d2858980816e649_15195""",1
2025-02-28T11:01:03.037Z,0,rayyan@rayyan.ai,164703910,"""__SYSTEM__SAMPLE__446a534be459a3c37d2858980816e649_15195""",1
2025-02-28T11:01:03.037Z,0,rayyan@rayyan.ai,164706525,"""__SYSTEM__SAMPLE__446a534be459a3c37d2858980816e649_15195""",1
2025-02-28T11:01:03.037Z,0,rayyan@rayyan.ai,164688076,"""__SYSTEM__SAMPLE__446a534be459a3c37d2858980816e649_15195""",1
2025-02-28T11:01:03.037Z,0,rayyan@rayyan.ai,164699561,"""__SYSTEM__SAMPLE__446a534be459a3c37d2858980816e649_15195""",1
2025-02-28T11:01:03.037Z,0,rayyan@rayyan.ai,153498419,"""__SYSTEM__SAMPLE__446a534be459a3c37d2858980816e649_15195""",1
2025-02-28T11:01:03.037Z,0,rayyan@rayyan.ai,164685782,"""__SYSTEM__SAMPLE__446a534be459a3c37d2858980816e649_15195""",1
2025-02-28T11:01:03.037Z,0,rayyan@rayyan.ai,164705816,"""__SYSTEM__SAMPLE__446a534be459a3c37d2858980816e649_15195""",1
2025-02-28T11:01:03.037Z,0,rayyan@rayyan.ai,164696217,"""__SYSTEM__SAMPLE__446a534be459a3c37d2858980816e649_15195""",1
2025-02-28T11:01:03.037Z,0,rayyan@rayyan.ai,164693681,"""__SYSTEM__SAMPLE__446a534be459a3c37d2858980816e649_15195""",1
2025-02-28T11:01:03.037Z,0,rayyan@rayyan.ai,164704884,"""__SYSTEM__SAMPLE__446a534be459a3c37d2858980816e649_15195""",1
2025-02-28T11:01:03.037Z,0,rayyan@rayyan.ai,164691517,"""__SYSTEM__SAMPLE__446a534be459a3c37d2858980816e649_15195""",1
2025-02-28T11:01:03.037Z,0,rayyan@rayyan.ai,153491122,"""__SYSTEM__SAMPLE__446a534be459a3c37d2858980816e649_15195""",1
2025-02-28T11:01:03.037Z,0,rayyan@rayyan.ai,153496336,"""__SYSTEM__SAMPLE__446a534be459a3c37d2858980816e649_15195""",1
2025-02-28T11:01:03.037Z,0,rayyan@rayyan.ai,164687728,"""__SYSTEM__SAMPLE__446a534be459a3c37d2858980816e649_15195""",1
2025-02-28T11:01:03.037Z,0,rayyan@rayyan.ai,153498098,"""__SYSTEM__SAMPLE__446a534be459a3c37d2858980816e649_15195""",1
2025-02-28T11:01:03.037Z,0,rayyan@rayyan.ai,153490098,"""__SYSTEM__SAMPLE__446a534be459a3c37d2858980816e649_15195""",1
2025-02-28T11:01:03.037Z,0,rayyan@rayyan.ai,153487134,"""__SYSTEM__SAMPLE__446a534be459a3c37d2858980816e649_15195""",1
2025-02-28T11:01:03.037Z,0,rayyan@rayyan.ai,83177992,"""__SYSTEM__SAMPLE__446a534be459a3c37d2858980816e649_15195""",1
2025-02-28T11:01:03.037Z,0,rayyan@rayyan.ai,153493402,"""__SYSTEM__SAMPLE__446a534be459a3c37d2858980816e649_15195""",1
2025-02-28T11:01:03.037Z,0,rayyan@rayyan.ai,164696327,"""__SYSTEM__SAMPLE__446a534be459a3c37d2858980816e649_15195""",1
2025-02-28T11:01:03.037Z,0,rayyan@rayyan.ai,164697792,"""__SYSTEM__SAMPLE__446a534be459a3c37d2858980816e649_15195""",1
2025-02-28T11:01:03.037Z,0,rayyan@rayyan.ai,164689054,"""__SYSTEM__SAMPLE__446a534be459a3c37d2858980816e649_15195""",1
2025-02-28T11:01:03.037Z,0,rayyan@rayyan.ai,153485798,"""__SYSTEM__SAMPLE__446a534be459a3c37d2858980816e649_15195""",1
2025-02-28T11:01:03.037Z,0,rayyan@rayyan.ai,153490176,"""__SYSTEM__SAMPLE__446a534be459a3c37d2858980816e649_15195""",1
2025-02-28T11:01:03.037Z,0,rayyan@rayyan.ai,153491374,"""__SYSTEM__SAMPLE__446a534be459a3c37d2858980816e649_15195""",1
2025-02-28T11:01:03.037Z,0,rayyan@rayyan.ai,164694066,"""__SYSTEM__SAMPLE__446a534be459a3c37d2858980816e649_15195""",1
2025-02-28T11:01:03.037Z,0,rayyan@rayyan.ai,164705153,"""__SYSTEM__SAMPLE__446a534be459a3c37d2858980816e649_15195""",1
2025-02-28T11:01:03.037Z,0,rayyan@rayyan.ai,153486381,"""__SYSTEM__SAMPLE__446a534be459a3c37d2858980816e649_15195""",1
2025-02-28T11:01:03.037Z,0,rayyan@rayyan.ai,153492922,"""__SYSTEM__SAMPLE__446a534be459a3c37d2858980816e649_15195""",1
2025-02-28T11:01:03.037Z,0,rayyan@rayyan.ai,153488237,"""__SYSTEM__SAMPLE__446a534be459a3c37d2858980816e649_15195""",1
2025-02-28T11:01:03.037Z,0,rayyan@rayyan.ai,164697386,"""__SYSTEM__SAMPLE__446a534be459a3c37d2858980816e649_15195""",1
2025-02-28T11:01:03.037Z,0,rayyan@rayyan.ai,164689279,"""__SYSTEM__SAMPLE__446a534be459a3c37d2858980816e649_15195""",1
2025-02-28T11:01:03.037Z,0,rayyan@rayyan.ai,164687594,"""__SYSTEM__SAMPLE__446a534be459a3c37d2858980816e649_15195""",1
2025-02-28T11:01:03.037Z,0,rayyan@rayyan.ai,153485352,"""__SYSTEM__SAMPLE__446a534be459a3c37d2858980816e649_15195""",1
2025-02-28T11:01:03.037Z,0,rayyan@rayyan.ai,164686484,"""__SYSTEM__SAMPLE__446a534be459a3c37d2858980816e649_15195""",1
2025-02-28T11:01:03.037Z,0,rayyan@rayyan.ai,164703713,"""__SYSTEM__SAMPLE__446a534be459a3c37d2858980816e649_15195""",1
2025-02-28T11:01:03.143Z,0,rayyan@rayyan.ai,153498998,"""__SYSTEM__SAMPLE__446a534be459a3c37d2858980816e649_15195""",1
2025-02-28T11:01:03.143Z,0,rayyan@rayyan.ai,153489255,"""__SYSTEM__SAMPLE__446a534be459a3c37d2858980816e649_15195""",1
2025-02-28T11:01:03.143Z,0,rayyan@rayyan.ai,164697339,"""__SYSTEM__SAMPLE__446a534be459a3c37d2858980816e649_15195""",1
2025-02-28T11:01:03.143Z,0,rayyan@rayyan.ai,153490923,"""__SYSTEM__SAMPLE__446a534be459a3c37d2858980816e649_15195""",1
2025-02-28T11:01:03.143Z,0,rayyan@rayyan.ai,153497197,"""__SYSTEM__SAMPLE__446a534be459a3c37d2858980816e649_15195""",1
2025-02-28T11:01:03.143Z,0,rayyan@rayyan.ai,164692867,"""__SYSTEM__SAMPLE__446a534be459a3c37d2858980816e649_15195""",1
2025-02-28T11:01:03.143Z,0,rayyan@rayyan.ai,153496159,"""__SYSTEM__SAMPLE__446a534be459a3c37d2858980816e649_15195""",1
2025-02-28T11:01:03.143Z,0,rayyan@rayyan.ai,164704774,"""__SYSTEM__SAMPLE__446a534be459a3c37d2858980816e649_15195""",1
2025-02-28T11:01:03.143Z,0,rayyan@rayyan.ai,153490003,"""__SYSTEM__SAMPLE__446a534be459a3c37d2858980816e649_15195""",1
2025-02-28T11:01:03.143Z,0,rayyan@rayyan.ai,153493339,"""__SYSTEM__SAMPLE__446a534be459a3c37d2858980816e649_15195""",1
2025-02-28T11:01:03.143Z,0,rayyan@rayyan.ai,164686573,"""__SYSTEM__SAMPLE__446a534be459a3c37d2858980816e649_15195""",1
2025-02-28T11:01:03.143Z,0,rayyan@rayyan.ai,153489193,"""__SYSTEM__SAMPLE__446a534be459a3c37d2858980816e649_15195""",1
2025-02-28T11:01:03.143Z,0,rayyan@rayyan.ai,164698926,"""__SYSTEM__SAMPLE__446a534be459a3c37d2858980816e649_15195""",1
2025-02-28T11:01:03.143Z,0,rayyan@rayyan.ai,164687885,"""__SYSTEM__SAMPLE__446a534be459a3c37d2858980816e649_15195""",1
2025-02-28T11:01:03.143Z,0,rayyan@rayyan.ai,153486292,"""__SYSTEM__SAMPLE__446a534be459a3c37d2858980816e649_15195""",1
2025-02-28T11:01:03.143Z,0,rayyan@rayyan.ai,153497405,"""__SYSTEM__SAMPLE__446a534be459a3c37d2858980816e649_15195""",1
2025-02-28T11:01:03.143Z,0,rayyan@rayyan.ai,153495214,"""__SYSTEM__SAMPLE__446a534be459a3c37d2858980816e649_15195""",1
2025-02-28T11:01:03.143Z,0,rayyan@rayyan.ai,164700234,"""__SYSTEM__SAMPLE__446a534be459a3c37d2858980816e649_15195""",1
2025-02-28T11:01:03.143Z,0,rayyan@rayyan.ai,153498076,"""__SYSTEM__SAMPLE__446a534be459a3c37d2858980816e649_15195""",1
2025-02-28T11:01:03.143Z,0,rayyan@rayyan.ai,164695832,"""__SYSTEM__SAMPLE__446a534be459a3c37d2858980816e649_15195""",1
2025-02-28T11:01:03.143Z,0,rayyan@rayyan.ai,153491472,"""__SYSTEM__SAMPLE__446a534be459a3c37d2858980816e649_15195""",1
2025-02-28T11:01:03.143Z,0,rayyan@rayyan.ai,164706672,"""__SYSTEM__SAMPLE__446a534be459a3c37d2858980816e649_15195""",1
2025-02-28T11:01:03.143Z,0,rayyan@rayyan.ai,164696999,"""__SYSTEM__SAMPLE__446a534be459a3c37d2858980816e649_15195""",1
2025-02-28T11:01:03.143Z,0,rayyan@rayyan.ai,164689516,"""__SYSTEM__SAMPLE__446a534be459a3c37d2858980816e649_15195""",1
2025-02-28T11:01:03.143Z,0,rayyan@rayyan.ai,153497336,"""__SYSTEM__SAMPLE__446a534be459a3c37d2858980816e649_15195""",1
2025-02-28T11:01:03.143Z,0,rayyan@rayyan.ai,164693814,"""__SYSTEM__SAMPLE__446a534be459a3c37d2858980816e649_15195""",1
2025-02-28T11:01:03.143Z,0,rayyan@rayyan.ai,164701624,"""__SYSTEM__SAMPLE__446a534be459a3c37d2858980816e649_15195""",1
2025-02-28T11:01:03.143Z,0,rayyan@rayyan.ai,164683981,"""__SYSTEM__SAMPLE__446a534be459a3c37d2858980816e649_15195""",1
2025-02-28T11:01:03.143Z,0,rayyan@rayyan.ai,164690628,"""__SYSTEM__SAMPLE__446a534be459a3c37d2858980816e649_15195""",1
2025-02-28T11:01:03.143Z,0,rayyan@rayyan.ai,164704231,"""__SYSTEM__SAMPLE__446a534be459a3c37d2858980816e649_15195""",1
2025-02-28T11:01:03.143Z,0,rayyan@rayyan.ai,153493705,"""__SYSTEM__SAMPLE__446a534be459a3c37d2858980816e649_15195""",1
2025-02-28T11:01:03.143Z,0,rayyan@rayyan.ai,153495442,"""__SYSTEM__SAMPLE__446a534be459a3c37d2858980816e649_15195""",1
2025-02-28T11:01:03.143Z,0,rayyan@rayyan.ai,153494850,"""__SYSTEM__SAMPLE__446a534be459a3c37d2858980816e649_15195""",1
2025-02-28T11:01:03.143Z,0,rayyan@rayyan.ai,164693226,"""__SYSTEM__SAMPLE__446a534be459a3c37d2858980816e649_15195""",1
2025-02-28T11:01:03.143Z,0,rayyan@rayyan.ai,153485823,"""__SYSTEM__SAMPLE__446a534be459a3c37d2858980816e649_15195""",1
2025-02-28T11:01:03.143Z,0,rayyan@rayyan.ai,164693960,"""__SYSTEM__SAMPLE__446a534be459a3c37d2858980816e649_15195""",1
2025-02-28T11:01:03.143Z,0,rayyan@rayyan.ai,153493704,"""__SYSTEM__SAMPLE__446a534be459a3c37d2858980816e649_15195""",1
2025-02-28T11:01:03.143Z,0,rayyan@rayyan.ai,164701333,"""__SYSTEM__SAMPLE__446a534be459a3c37d2858980816e649_15195""",1
2025-02-28T11:01:03.143Z,0,rayyan@rayyan.ai,153492225,"""__SYSTEM__SAMPLE__446a534be459a3c37d2858980816e649_15195""",1
2025-02-28T11:01:03.143Z,0,rayyan@rayyan.ai,164689932,"""__SYSTEM__SAMPLE__446a534be459a3c37d2858980816e649_15195""",1
2025-02-28T11:01:03.143Z,0,rayyan@rayyan.ai,153496683,"""__SYSTEM__SAMPLE__446a534be459a3c37d2858980816e649_15195""",1
2025-02-28T11:01:03.143Z,0,rayyan@rayyan.ai,153488978,"""__SYSTEM__SAMPLE__446a534be459a3c37d2858980816e649_15195""",1
2025-02-28T11:01:03.143Z,0,rayyan@rayyan.ai,164684751,"""__SYSTEM__SAMPLE__446a534be459a3c37d2858980816e649_15195""",1
2025-02-28T11:01:03.143Z,0,rayyan@rayyan.ai,164703859,"""__SYSTEM__SAMPLE__446a534be459a3c37d2858980816e649_15195""",1
2025-02-28T11:01:03.143Z,0,rayyan@rayyan.ai,164703450,"""__SYSTEM__SAMPLE__446a534be459a3c37d2858980816e649_15195""",1
2025-02-28T11:01:03.143Z,0,rayyan@rayyan.ai,164693459,"""__SYSTEM__SAMPLE__446a534be459a3c37d2858980816e649_15195""",1
2025-02-28T11:01:03.143Z,0,rayyan@rayyan.ai,153489950,"""__SYSTEM__SAMPLE__446a534be459a3c37d2858980816e649_15195""",1
2025-02-28T11:01:03.143Z,0,rayyan@rayyan.ai,164705315,"""__SYSTEM__SAMPLE__446a534be459a3c37d2858980816e649_15195""",1
2025-02-28T11:01:03.143Z,0,rayyan@rayyan.ai,153493720,"""__SYSTEM__SAMPLE__446a534be459a3c37d2858980816e649_15195""",1
2025-02-28T11:01:03.181Z,0,rayyan@rayyan.ai,153496699,"""__SYSTEM__SAMPLE__446a534be459a3c37d2858980816e649_15195""",1
2025-02-28T11:01:03.181Z,0,rayyan@rayyan.ai,153497172,"""__SYSTEM__SAMPLE__446a534be459a3c37d2858980816e649_15195""",1
2025-02-28T11:01:03.181Z,0,rayyan@rayyan.ai,153486058,"""__SYSTEM__SAMPLE__446a534be459a3c37d2858980816e649_15195""",1
2025-02-28T11:01:03.181Z,0,rayyan@rayyan.ai,164706933,"""__SYSTEM__SAMPLE__446a534be459a3c37d2858980816e649_15195""",1
2025-02-28T11:01:03.181Z,0,rayyan@rayyan.ai,164703136,"""__SYSTEM__SAMPLE__446a534be459a3c37d2858980816e649_15195""",1
2025-02-28T11:01:03.181Z,0,rayyan@rayyan.ai,164687730,"""__SYSTEM__SAMPLE__446a534be459a3c37d2858980816e649_15195""",1
2025-02-28T11:01:03.181Z,0,rayyan@rayyan.ai,164704543,"""__SYSTEM__SAMPLE__446a534be459a3c37d2858980816e649_15195""",1
2025-02-28T11:01:03.181Z,0,rayyan@rayyan.ai,153499228,"""__SYSTEM__SAMPLE__446a534be459a3c37d2858980816e649_15195""",1
2025-02-28T11:01:03.181Z,0,rayyan@rayyan.ai,164685181,"""__SYSTEM__SAMPLE__446a534be459a3c37d2858980816e649_15195""",1
2025-02-28T11:01:03.181Z,0,rayyan@rayyan.ai,153490921,"""__SYSTEM__SAMPLE__446a534be459a3c37d2858980816e649_15195""",1
2025-02-28T11:01:03.181Z,0,rayyan@rayyan.ai,153493906,"""__SYSTEM__SAMPLE__446a534be459a3c37d2858980816e649_15195""",1
2025-02-28T11:01:03.181Z,0,rayyan@rayyan.ai,164702883,"""__SYSTEM__SAMPLE__446a534be459a3c37d2858980816e649_15195""",1
2025-02-28T11:01:03.181Z,0,rayyan@rayyan.ai,153497130,"""__SYSTEM__SAMPLE__446a534be459a3c37d2858980816e649_15195""",1
2025-02-28T11:01:03.181Z,0,rayyan@rayyan.ai,164685930,"""__SYSTEM__SAMPLE__446a534be459a3c37d2858980816e649_15195""",1
2025-02-28T11:01:03.181Z,0,rayyan@rayyan.ai,153485345,"""__SYSTEM__SAMPLE__446a534be459a3c37d2858980816e649_15195""",1
2025-02-28T11:01:03.181Z,0,rayyan@rayyan.ai,164700579,"""__SYSTEM__SAMPLE__446a534be459a3c37d2858980816e649_15195""",1
2025-02-28T11:01:03.181Z,0,rayyan@rayyan.ai,153485502,"""__SYSTEM__SAMPLE__446a534be459a3c37d2858980816e649_15195""",1
2025-02-28T11:01:03.181Z,0,rayyan@rayyan.ai,153495900,"""__SYSTEM__SAMPLE__446a534be459a3c37d2858980816e649_15195""",1
2025-02-28T11:01:03.181Z,0,rayyan@rayyan.ai,153498012,"""__SYSTEM__SAMPLE__446a534be459a3c37d2858980816e649_15195""",1
2025-02-28T11:01:03.181Z,0,rayyan@rayyan.ai,153496925,"""__SYSTEM__SAMPLE__446a534be459a3c37d2858980816e649_15195""",1
2025-02-28T11:01:03.181Z,0,rayyan@rayyan.ai,153489324,"""__SYSTEM__SAMPLE__446a534be459a3c37d2858980816e649_15195""",1
2025-02-28T11:01:03.181Z,0,rayyan@rayyan.ai,153488028,"""__SYSTEM__SAMPLE__446a534be459a3c37d2858980816e649_15195""",1
2025-02-28T11:01:03.181Z,0,rayyan@rayyan.ai,153491496,"""__SYSTEM__SAMPLE__446a534be459a3c37d2858980816e649_15195""",1
2025-02-28T11:01:03.181Z,0,rayyan@rayyan.ai,164697947,"""__SYSTEM__SAMPLE__446a534be459a3c37d2858980816e649_15195""",1
2025-02-28T11:01:03.181Z,0,rayyan@rayyan.ai,164685125,"""__SYSTEM__SAMPLE__446a534be459a3c37d2858980816e649_15195""",1
2025-02-28T11:01:03.181Z,0,rayyan@rayyan.ai,164706021,"""__SYSTEM__SAMPLE__446a534be459a3c37d2858980816e649_15195""",1
2025-02-28T11:01:03.181Z,0,rayyan@rayyan.ai,153487427,"""__SYSTEM__SAMPLE__446a534be459a3c37d2858980816e649_15195""",1
2025-02-28T11:01:03.181Z,0,rayyan@rayyan.ai,153490749,"""__SYSTEM__SAMPLE__446a534be459a3c37d2858980816e649_15195""",1
2025-02-28T11:01:03.181Z,0,rayyan@rayyan.ai,153489341,"""__SYSTEM__SAMPLE__446a534be459a3c37d2858980816e649_15195""",1
2025-02-28T11:01:03.181Z,0,rayyan@rayyan.ai,153498599,"""__SYSTEM__SAMPLE__446a534be459a3c37d2858980816e649_15195""",1
2025-02-28T11:01:03.181Z,0,rayyan@rayyan.ai,153488827,"""__SYSTEM__SAMPLE__446a534be459a3c37d2858980816e649_15195""",1
2025-02-28T11:01:03.181Z,0,rayyan@rayyan.ai,164698258,"""__SYSTEM__SAMPLE__446a534be459a3c37d2858980816e649_15195""",1
2025-02-28T11:01:03.181Z,0,rayyan@rayyan.ai,164698865,"""__SYSTEM__SAMPLE__446a534be459a3c37d2858980816e649_15195""",1
2025-02-28T11:01:03.181Z,0,rayyan@rayyan.ai,153487054,"""__SYSTEM__SAMPLE__446a534be459a3c37d2858980816e649_15195""",1
2025-02-28T11:01:03.181Z,0,rayyan@rayyan.ai,164703741,"""__SYSTEM__SAMPLE__446a534be459a3c37d2858980816e649_15195""",1
2025-02-28T11:01:03.181Z,0,rayyan@rayyan.ai,164684690,"""__SYSTEM__SAMPLE__446a534be459a3c37d2858980816e649_15195""",1
2025-02-28T11:01:03.181Z,0,rayyan@rayyan.ai,153495489,"""__SYSTEM__SAMPLE__446a534be459a3c37d2858980816e649_15195""",1
2025-02-28T11:01:03.181Z,0,rayyan@rayyan.ai,164701068,"""__SYSTEM__SAMPLE__446a534be459a3c37d2858980816e649_15195""",1
2025-02-28T11:01:03.181Z,0,rayyan@rayyan.ai,164705775,"""__SYSTEM__SAMPLE__446a534be459a3c37d2858980816e649_15195""",1
2025-02-28T11:01:03.181Z,0,rayyan@rayyan.ai,153493589,"""__SYSTEM__SAMPLE__446a534be459a3c37d2858980816e649_15195""",1
2025-02-28T11:01:03.181Z,0,rayyan@rayyan.ai,153488200,"""__SYSTEM__SAMPLE__446a534be459a3c37d2858980816e649_15195""",1
2025-02-28T11:01:03.181Z,0,rayyan@rayyan.ai,164703291,"""__SYSTEM__SAMPLE__446a534be459a3c37d2858980816e649_15195""",1
2025-02-28T11:01:03.181Z,0,rayyan@rayyan.ai,153489576,"""__SYSTEM__SAMPLE__446a534be459a3c37d2858980816e649_15195""",1
2025-02-28T11:01:03.181Z,0,rayyan@rayyan.ai,153494561,"""__SYSTEM__SAMPLE__446a534be459a3c37d2858980816e649_15195""",1
2025-02-28T11:01:03.181Z,0,rayyan@rayyan.ai,153492299,"""__SYSTEM__SAMPLE__446a534be459a3c37d2858980816e649_15195""",1
2025-02-28T11:01:03.181Z,0,rayyan@rayyan.ai,164703675,"""__SYSTEM__SAMPLE__446a534be459a3c37d2858980816e649_15195""",1
2025-02-28T11:01:03.181Z,0,rayyan@rayyan.ai,153492891,"""__SYSTEM__SAMPLE__446a534be459a3c37d2858980816e649_15195""",1
2025-02-28T11:01:03.181Z,0,rayyan@rayyan.ai,164703293,"""__SYSTEM__SAMPLE__446a534be459a3c37d2858980816e649_15195""",1
2025-02-28T11:01:03.181Z,0,rayyan@rayyan.ai,153493109,"""__SYSTEM__SAMPLE__446a534be459a3c37d2858980816e649_15195""",1
2025-02-28T11:01:03.230Z,0,rayyan@rayyan.ai,164706245,"""__SYSTEM__SAMPLE__446a534be459a3c37d2858980816e649_15195""",1
2025-02-28T11:01:03.230Z,0,rayyan@rayyan.ai,153487491,"""__SYSTEM__SAMPLE__446a534be459a3c37d2858980816e649_15195""",1
2025-02-28T11:01:03.230Z,0,rayyan@rayyan.ai,153486535,"""__SYSTEM__SAMPLE__446a534be459a3c37d2858980816e649_15195""",1
2025-02-28T11:01:03.230Z,0,rayyan@rayyan.ai,164701168,"""__SYSTEM__SAMPLE__446a534be459a3c37d2858980816e649_15195""",1
2025-02-28T11:01:03.230Z,0,rayyan@rayyan.ai,153489266,"""__SYSTEM__SAMPLE__446a534be459a3c37d2858980816e649_15195""",1
2025-02-28T11:01:03.230Z,0,rayyan@rayyan.ai,153493634,"""__SYSTEM__SAMPLE__446a534be459a3c37d2858980816e649_15195""",1
2025-02-28T11:01:03.230Z,0,rayyan@rayyan.ai,164690530,"""__SYSTEM__SAMPLE__446a534be459a3c37d2858980816e649_15195""",1
2025-02-28T11:01:03.230Z,0,rayyan@rayyan.ai,164689211,"""__SYSTEM__SAMPLE__446a534be459a3c37d2858980816e649_15195""",1
2025-02-28T11:01:03.230Z,0,rayyan@rayyan.ai,164701831,"""__SYSTEM__SAMPLE__446a534be459a3c37d2858980816e649_15195""",1
2025-02-28T11:01:03.230Z,0,rayyan@rayyan.ai,164705574,"""__SYSTEM__SAMPLE__446a534be459a3c37d2858980816e649_15195""",1
2025-02-28T11:01:03.230Z,0,rayyan@rayyan.ai,153493837,"""__SYSTEM__SAMPLE__446a534be459a3c37d2858980816e649_15195""",1
2025-02-28T11:01:03.230Z,0,rayyan@rayyan.ai,164690721,"""__SYSTEM__SAMPLE__446a534be459a3c37d2858980816e649_15195""",1
2025-02-28T11:01:03.230Z,0,rayyan@rayyan.ai,153492710,"""__SYSTEM__SAMPLE__446a534be459a3c37d2858980816e649_15195""",1
2025-02-28T11:01:03.230Z,0,rayyan@rayyan.ai,153497558,"""__SYSTEM__SAMPLE__446a534be459a3c37d2858980816e649_15195""",1
2025-02-28T11:01:03.230Z,0,rayyan@rayyan.ai,164690997,"""__SYSTEM__SAMPLE__446a534be459a3c37d2858980816e649_15195""",1
2025-02-28T11:01:03.230Z,0,rayyan@rayyan.ai,153489286,"""__SYSTEM__SAMPLE__446a534be459a3c37d2858980816e649_15195""",1
2025-02-28T11:01:03.230Z,0,rayyan@rayyan.ai,164699916,"""__SYSTEM__SAMPLE__446a534be459a3c37d2858980816e649_15195""",1
2025-02-28T11:01:03.230Z,0,rayyan@rayyan.ai,164685326,"""__SYSTEM__SAMPLE__446a534be459a3c37d2858980816e649_15195""",1
2025-02-28T11:01:03.230Z,0,rayyan@rayyan.ai,153494802,"""__SYSTEM__SAMPLE__446a534be459a3c37d2858980816e649_15195""",1
2025-02-28T11:01:03.230Z,0,rayyan@rayyan.ai,164700477,"""__SYSTEM__SAMPLE__446a534be459a3c37d2858980816e649_15195""",1
2025-02-28T11:01:03.230Z,0,rayyan@rayyan.ai,164706938,"""__SYSTEM__SAMPLE__446a534be459a3c37d2858980816e649_15195""",1
2025-02-28T11:01:03.230Z,0,rayyan@rayyan.ai,164699307,"""__SYSTEM__SAMPLE__446a534be459a3c37d2858980816e649_15195""",1
2025-02-28T11:01:03.230Z,0,rayyan@rayyan.ai,153494923,"""__SYSTEM__SAMPLE__446a534be459a3c37d2858980816e649_15195""",1
2025-02-28T11:01:03.230Z,0,rayyan@rayyan.ai,153499271,"""__SYSTEM__SAMPLE__446a534be459a3c37d2858980816e649_15195""",1
2025-02-28T11:01:03.230Z,0,rayyan@rayyan.ai,153486659,"""__SYSTEM__SAMPLE__446a534be459a3c37d2858980816e649_15195""",1
2025-02-28T11:01:03.230Z,0,rayyan@rayyan.ai,153498139,"""__SYSTEM__SAMPLE__446a534be459a3c37d2858980816e649_15195""",1
2025-02-28T11:01:03.230Z,0,rayyan@rayyan.ai,153486748,"""__SYSTEM__SAMPLE__446a534be459a3c37d2858980816e649_15195""",1
2025-02-28T11:01:03.230Z,0,rayyan@rayyan.ai,164706477,"""__SYSTEM__SAMPLE__446a534be459a3c37d2858980816e649_15195""",1
2025-02-28T11:01:03.230Z,0,rayyan@rayyan.ai,153498259,"""__SYSTEM__SAMPLE__446a534be459a3c37d2858980816e649_15195""",1
2025-02-28T11:01:03.230Z,0,rayyan@rayyan.ai,164690957,"""__SYSTEM__SAMPLE__446a534be459a3c37d2858980816e649_15195""",1
2025-02-28T11:01:03.230Z,0,rayyan@rayyan.ai,164703699,"""__SYSTEM__SAMPLE__446a534be459a3c37d2858980816e649_15195""",1
2025-02-28T11:01:03.230Z,0,rayyan@rayyan.ai,153496823,"""__SYSTEM__SAMPLE__446a534be459a3c37d2858980816e649_15195""",1
2025-02-28T11:01:03.230Z,0,rayyan@rayyan.ai,153491345,"""__SYSTEM__SAMPLE__446a534be459a3c37d2858980816e649_15195""",1
2025-02-28T11:01:03.230Z,0,rayyan@rayyan.ai,153496920,"""__SYSTEM__SAMPLE__446a534be459a3c37d2858980816e649_15195""",1
2025-02-28T11:01:03.230Z,0,rayyan@rayyan.ai,164698001,"""__SYSTEM__SAMPLE__446a534be459a3c37d2858980816e649_15195""",1
2025-02-28T11:01:03.230Z,0,rayyan@rayyan.ai,164704771,"""__SYSTEM__SAMPLE__446a534be459a3c37d2858980816e649_15195""",1
2025-02-28T11:01:03.230Z,0,rayyan@rayyan.ai,153487600,"""__SYSTEM__SAMPLE__446a534be459a3c37d2858980816e649_15195""",1
2025-02-28T11:01:03.230Z,0,rayyan@rayyan.ai,164701024,"""__SYSTEM__SAMPLE__446a534be459a3c37d2858980816e649_15195""",1
2025-02-28T11:01:03.230Z,0,rayyan@rayyan.ai,153492836,"""__SYSTEM__SAMPLE__446a534be459a3c37d2858980816e649_15195""",1
2025-02-28T11:01:03.230Z,0,rayyan@rayyan.ai,153487181,"""__SYSTEM__SAMPLE__446a534be459a3c37d2858980816e649_15195""",1
2025-02-28T11:01:03.230Z,0,rayyan@rayyan.ai,153497945,"""__SYSTEM__SAMPLE__446a534be459a3c37d2858980816e649_15195""",1
2025-02-28T11:01:03.230Z,0,rayyan@rayyan.ai,153491145,"""__SYSTEM__SAMPLE__446a534be459a3c37d2858980816e649_15195""",1
2025-02-28T11:01:03.230Z,0,rayyan@rayyan.ai,153493230,"""__SYSTEM__SAMPLE__446a534be459a3c37d2858980816e649_15195""",1
2025-02-28T11:01:03.230Z,0,rayyan@rayyan.ai,153498665,"""__SYSTEM__SAMPLE__446a534be459a3c37d2858980816e649_15195""",1
2025-02-28T11:01:03.230Z,0,rayyan@rayyan.ai,153492436,"""__SYSTEM__SAMPLE__446a534be459a3c37d2858980816e649_15195""",1
2025-02-28T11:01:03.230Z,0,rayyan@rayyan.ai,153492251,"""__SYSTEM__SAMPLE__446a534be459a3c37d2858980816e649_15195""",1
2025-02-28T11:01:03.230Z,0,rayyan@rayyan.ai,164702715,"""__SYSTEM__SAMPLE__446a534be459a3c37d2858980816e649_15195""",1
2025-02-28T11:01:03.230Z,0,rayyan@rayyan.ai,164703830,"""__SYSTEM__SAMPLE__446a534be459a3c37d2858980816e649_15195""",1
2025-02-28T11:01:03.230Z,0,rayyan@rayyan.ai,153496761,"""__SYSTEM__SAMPLE__446a534be459a3c37d2858980816e649_15195""",1
2025-02-28T11:01:03.230Z,0,rayyan@rayyan.ai,153489854,"""__SYSTEM__SAMPLE__446a534be459a3c37d2858980816e649_15195""",1
2025-02-28T11:01:03.665Z,0,rayyan@rayyan.ai,153498229,"""__SYSTEM__SAMPLE__446a534be459a3c37d2858980816e649_15195""",1
2025-02-28T11:01:03.665Z,0,rayyan@rayyan.ai,164690130,"""__SYSTEM__SAMPLE__446a534be459a3c37d2858980816e649_15195""",1
2025-02-28T11:01:03.665Z,0,rayyan@rayyan.ai,153487940,"""__SYSTEM__SAMPLE__446a534be459a3c37d2858980816e649_15195""",1
2025-02-28T11:01:03.665Z,0,rayyan@rayyan.ai,153497219,"""__SYSTEM__SAMPLE__446a534be459a3c37d2858980816e649_15195""",1
2025-02-28T11:01:03.665Z,0,rayyan@rayyan.ai,153494425,"""__SYSTEM__SAMPLE__446a534be459a3c37d2858980816e649_15195""",1
2025-02-28T11:01:03.665Z,0,rayyan@rayyan.ai,153490006,"""__SYSTEM__SAMPLE__446a534be459a3c37d2858980816e649_15195""",1
2025-02-28T11:01:03.665Z,0,rayyan@rayyan.ai,153485854,"""__SYSTEM__SAMPLE__446a534be459a3c37d2858980816e649_15195""",1
2025-02-28T11:01:03.665Z,0,rayyan@rayyan.ai,164690888,"""__SYSTEM__SAMPLE__446a534be459a3c37d2858980816e649_15195""",1
2025-02-28T11:01:03.665Z,0,rayyan@rayyan.ai,164704659,"""__SYSTEM__SAMPLE__446a534be459a3c37d2858980816e649_15195""",1
2025-02-28T11:01:03.665Z,0,rayyan@rayyan.ai,164690523,"""__SYSTEM__SAMPLE__446a534be459a3c37d2858980816e649_15195""",1
2025-02-28T11:01:03.665Z,0,rayyan@rayyan.ai,153497609,"""__SYSTEM__SAMPLE__446a534be459a3c37d2858980816e649_15195""",1
2025-02-28T11:01:03.665Z,0,rayyan@rayyan.ai,153490662,"""__SYSTEM__SAMPLE__446a534be459a3c37d2858980816e649_15195""",1
2025-02-28T11:01:03.665Z,0,rayyan@rayyan.ai,153494216,"""__SYSTEM__SAMPLE__446a534be459a3c37d2858980816e649_15195""",1
2025-02-28T11:01:03.665Z,0,rayyan@rayyan.ai,153488597,"""__SYSTEM__SAMPLE__446a534be459a3c37d2858980816e649_15195""",1
2025-02-28T11:01:03.665Z,0,rayyan@rayyan.ai,164691053,"""__SYSTEM__SAMPLE__446a534be459a3c37d2858980816e649_15195""",1
2025-02-28T11:01:03.665Z,0,rayyan@rayyan.ai,164698461,"""__SYSTEM__SAMPLE__446a534be459a3c37d2858980816e649_15195""",1
2025-02-28T11:01:03.665Z,0,rayyan@rayyan.ai,164694183,"""__SYSTEM__SAMPLE__446a534be459a3c37d2858980816e649_15195""",1
2025-02-28T11:01:03.665Z,0,rayyan@rayyan.ai,164686105,"""__SYSTEM__SAMPLE__446a534be459a3c37d2858980816e649_15195""",1
2025-02-28T11:01:03.665Z,0,rayyan@rayyan.ai,164705886,"""__SYSTEM__SAMPLE__446a534be459a3c37d2858980816e649_15195""",1
2025-02-28T11:01:03.665Z,0,rayyan@rayyan.ai,153495813,"""__SYSTEM__SAMPLE__446a534be459a3c37d2858980816e649_15195""",1
2025-02-28T11:01:03.665Z,0,rayyan@rayyan.ai,164702787,"""__SYSTEM__SAMPLE__446a534be459a3c37d2858980816e649_15195""",1
2025-02-28T11:01:03.665Z,0,rayyan@rayyan.ai,164687108,"""__SYSTEM__SAMPLE__446a534be459a3c37d2858980816e649_15195""",1
2025-02-28T11:01:03.665Z,0,rayyan@rayyan.ai,153493039,"""__SYSTEM__SAMPLE__446a534be459a3c37d2858980816e649_15195""",1
2025-02-28T11:01:03.665Z,0,rayyan@rayyan.ai,153496084,"""__SYSTEM__SAMPLE__446a534be459a3c37d2858980816e649_15195""",1
2025-02-28T11:01:03.665Z,0,rayyan@rayyan.ai,153493910,"""__SYSTEM__SAMPLE__446a534be459a3c37d2858980816e649_15195""",1
2025-02-28T11:01:03.665Z,0,rayyan@rayyan.ai,153496879,"""__SYSTEM__SAMPLE__446a534be459a3c37d2858980816e649_15195""",1
2025-02-28T11:01:03.665Z,0,rayyan@rayyan.ai,153486363,"""__SYSTEM__SAMPLE__446a534be459a3c37d2858980816e649_15195""",1
2025-02-28T11:01:03.665Z,0,rayyan@rayyan.ai,153496457,"""__SYSTEM__SAMPLE__446a534be459a3c37d2858980816e649_15195""",1
2025-02-28T11:01:03.665Z,0,rayyan@rayyan.ai,153488641,"""__SYSTEM__SAMPLE__446a534be459a3c37d2858980816e649_15195""",1
2025-02-28T11:01:03.665Z,0,rayyan@rayyan.ai,164691684,"""__SYSTEM__SAMPLE__446a534be459a3c37d2858980816e649_15195""",1
2025-02-28T11:01:03.665Z,0,rayyan@rayyan.ai,164685617,"""__SYSTEM__SAMPLE__446a534be459a3c37d2858980816e649_15195""",1
2025-02-28T11:01:03.665Z,0,rayyan@rayyan.ai,153490001,"""__SYSTEM__SAMPLE__446a534be459a3c37d2858980816e649_15195""",1
2025-02-28T11:01:03.665Z,0,rayyan@rayyan.ai,153486436,"""__SYSTEM__SAMPLE__446a534be459a3c37d2858980816e649_15195""",1
2025-02-28T11:01:03.665Z,0,rayyan@rayyan.ai,164694874,"""__SYSTEM__SAMPLE__446a534be459a3c37d2858980816e649_15195""",1
2025-02-28T11:01:03.665Z,0,rayyan@rayyan.ai,153487794,"""__SYSTEM__SAMPLE__446a534be459a3c37d2858980816e649_15195""",1
2025-02-28T11:01:03.665Z,0,rayyan@rayyan.ai,164705025,"""__SYSTEM__SAMPLE__446a534be459a3c37d2858980816e649_15195""",1
2025-02-28T11:01:03.665Z,0,rayyan@rayyan.ai,153488454,"""__SYSTEM__SAMPLE__446a534be459a3c37d2858980816e649_15195""",1
2025-02-28T11:01:03.665Z,0,rayyan@rayyan.ai,164699794,"""__SYSTEM__SAMPLE__446a534be459a3c37d2858980816e649_15195""",1
2025-02-28T11:01:03.665Z,0,rayyan@rayyan.ai,153487616,"""__SYSTEM__SAMPLE__446a534be459a3c37d2858980816e649_15195""",1
2025-02-28T11:01:03.665Z,0,rayyan@rayyan.ai,164703307,"""__SYSTEM__SAMPLE__446a534be459a3c37d2858980816e649_15195""",1
2025-02-28T11:01:03.665Z,0,rayyan@rayyan.ai,164696435,"""__SYSTEM__SAMPLE__446a534be459a3c37d2858980816e649_15195""",1
2025-02-28T11:01:03.665Z,0,rayyan@rayyan.ai,164693127,"""__SYSTEM__SAMPLE__446a534be459a3c37d2858980816e649_15195""",1
2025-02-28T11:01:03.665Z,0,rayyan@rayyan.ai,164692518,"""__SYSTEM__SAMPLE__446a534be459a3c37d2858980816e649_15195""",1
2025-02-28T11:01:03.665Z,0,rayyan@rayyan.ai,164695545,"""__SYSTEM__SAMPLE__446a534be459a3c37d2858980816e649_15195""",1
2025-02-28T11:01:03.665Z,0,rayyan@rayyan.ai,164697817,"""__SYSTEM__SAMPLE__446a534be459a3c37d2858980816e649_15195""",1
2025-02-28T11:01:03.665Z,0,rayyan@rayyan.ai,164695736,"""__SYSTEM__SAMPLE__446a534be459a3c37d2858980816e649_15195""",1
2025-02-28T11:01:03.665Z,0,rayyan@rayyan.ai,164694930,"""__SYSTEM__SAMPLE__446a534be459a3c37d2858980816e649_15195""",1
2025-02-28T11:01:03.665Z,0,rayyan@rayyan.ai,153490034,"""__SYSTEM__SAMPLE__446a534be459a3c37d2858980816e649_15195""",1
2025-02-28T11:01:03.665Z,0,rayyan@rayyan.ai,164697299,"""__SYSTEM__SAMPLE__446a534be459a3c37d2858980816e649_15195""",1
2025-02-28T11:01:03.665Z,0,rayyan@rayyan.ai,164702904,"""__SYSTEM__SAMPLE__446a534be459a3c37d2858980816e649_15195""",1
2025-02-28T11:01:03.704Z,0,rayyan@rayyan.ai,153492951,"""__SYSTEM__SAMPLE__446a534be459a3c37d2858980816e649_15195""",1
2025-02-28T11:01:03.704Z,0,rayyan@rayyan.ai,164704399,"""__SYSTEM__SAMPLE__446a534be459a3c37d2858980816e649_15195""",1
2025-02-28T11:01:03.704Z,0,rayyan@rayyan.ai,153494830,"""__SYSTEM__SAMPLE__446a534be459a3c37d2858980816e649_15195""",1
2025-02-28T11:01:03.704Z,0,rayyan@rayyan.ai,153494165,"""__SYSTEM__SAMPLE__446a534be459a3c37d2858980816e649_15195""",1
2025-02-28T11:01:03.704Z,0,rayyan@rayyan.ai,164704471,"""__SYSTEM__SAMPLE__446a534be459a3c37d2858980816e649_15195""",1
2025-02-28T11:01:03.704Z,0,rayyan@rayyan.ai,153490925,"""__SYSTEM__SAMPLE__446a534be459a3c37d2858980816e649_15195""",1
2025-02-28T11:01:03.704Z,0,rayyan@rayyan.ai,153494311,"""__SYSTEM__SAMPLE__446a534be459a3c37d2858980816e649_15195""",1
2025-02-28T11:01:03.704Z,0,rayyan@rayyan.ai,164689097,"""__SYSTEM__SAMPLE__446a534be459a3c37d2858980816e649_15195""",1
2025-02-28T11:01:03.704Z,0,rayyan@rayyan.ai,153491033,"""__SYSTEM__SAMPLE__446a534be459a3c37d2858980816e649_15195""",1
2025-02-28T11:01:03.704Z,0,rayyan@rayyan.ai,164689163,"""__SYSTEM__SAMPLE__446a534be459a3c37d2858980816e649_15195""",1
2025-02-28T11:01:03.704Z,0,rayyan@rayyan.ai,153490863,"""__SYSTEM__SAMPLE__446a534be459a3c37d2858980816e649_15195""",1
2025-02-28T11:01:03.704Z,0,rayyan@rayyan.ai,164700210,"""__SYSTEM__SAMPLE__446a534be459a3c37d2858980816e649_15195""",1
2025-02-28T11:01:03.704Z,0,rayyan@rayyan.ai,164697599,"""__SYSTEM__SAMPLE__446a534be459a3c37d2858980816e649_15195""",1
2025-02-28T11:01:03.704Z,0,rayyan@rayyan.ai,153494222,"""__SYSTEM__SAMPLE__446a534be459a3c37d2858980816e649_15195""",1
2025-02-28T11:01:03.704Z,0,rayyan@rayyan.ai,153495394,"""__SYSTEM__SAMPLE__446a534be459a3c37d2858980816e649_15195""",1
2025-02-28T11:01:03.704Z,0,rayyan@rayyan.ai,153488504,"""__SYSTEM__SAMPLE__446a534be459a3c37d2858980816e649_15195""",1
2025-02-28T11:01:03.704Z,0,rayyan@rayyan.ai,164704897,"""__SYSTEM__SAMPLE__446a534be459a3c37d2858980816e649_15195""",1
2025-02-28T11:01:03.704Z,0,rayyan@rayyan.ai,164691719,"""__SYSTEM__SAMPLE__446a534be459a3c37d2858980816e649_15195""",1
2025-02-28T11:01:03.704Z,0,rayyan@rayyan.ai,153494401,"""__SYSTEM__SAMPLE__446a534be459a3c37d2858980816e649_15195""",1
2025-02-28T11:01:03.704Z,0,rayyan@rayyan.ai,164705589,"""__SYSTEM__SAMPLE__446a534be459a3c37d2858980816e649_15195""",1
2025-02-28T11:01:03.704Z,0,rayyan@rayyan.ai,153498401,"""__SYSTEM__SAMPLE__446a534be459a3c37d2858980816e649_15195""",1
2025-02-28T11:01:03.704Z,0,rayyan@rayyan.ai,164690489,"""__SYSTEM__SAMPLE__446a534be459a3c37d2858980816e649_15195""",1
2025-02-28T11:01:03.704Z,0,rayyan@rayyan.ai,153489049,"""__SYSTEM__SAMPLE__446a534be459a3c37d2858980816e649_15195""",1
2025-02-28T11:01:03.704Z,0,rayyan@rayyan.ai,153494873,"""__SYSTEM__SAMPLE__446a534be459a3c37d2858980816e649_15195""",1
2025-02-28T11:01:03.704Z,0,rayyan@rayyan.ai,164693446,"""__SYSTEM__SAMPLE__446a534be459a3c37d2858980816e649_15195""",1
2025-02-28T11:01:03.704Z,0,rayyan@rayyan.ai,164701798,"""__SYSTEM__SAMPLE__446a534be459a3c37d2858980816e649_15195""",1
2025-02-28T11:01:03.704Z,0,rayyan@rayyan.ai,164686963,"""__SYSTEM__SAMPLE__446a534be459a3c37d2858980816e649_15195""",1
2025-02-28T11:01:03.704Z,0,rayyan@rayyan.ai,164706193,"""__SYSTEM__SAMPLE__446a534be459a3c37d2858980816e649_15195""",1
2025-02-28T11:01:03.704Z,0,rayyan@rayyan.ai,164688562,"""__SYSTEM__SAMPLE__446a534be459a3c37d2858980816e649_15195""",1
2025-02-28T11:01:03.704Z,0,rayyan@rayyan.ai,164697473,"""__SYSTEM__SAMPLE__446a534be459a3c37d2858980816e649_15195""",1
2025-02-28T11:01:03.704Z,0,rayyan@rayyan.ai,164694599,"""__SYSTEM__SAMPLE__446a534be459a3c37d2858980816e649_15195""",1
2025-02-28T11:01:03.704Z,0,rayyan@rayyan.ai,164691749,"""__SYSTEM__SAMPLE__446a534be459a3c37d2858980816e649_15195""",1
2025-02-28T11:01:03.704Z,0,rayyan@rayyan.ai,153485888,"""__SYSTEM__SAMPLE__446a534be459a3c37d2858980816e649_15195""",1
2025-02-28T11:01:03.704Z,0,rayyan@rayyan.ai,164692732,"""__SYSTEM__SAMPLE__446a534be459a3c37d2858980816e649_15195""",1
2025-02-28T11:01:03.704Z,0,rayyan@rayyan.ai,164693150,"""__SYSTEM__SAMPLE__446a534be459a3c37d2858980816e649_15195""",1
2025-02-28T11:01:03.704Z,0,rayyan@rayyan.ai,164699824,"""__SYSTEM__SAMPLE__446a534be459a3c37d2858980816e649_15195""",1
2025-02-28T11:01:03.704Z,0,rayyan@rayyan.ai,153490622,"""__SYSTEM__SAMPLE__446a534be459a3c37d2858980816e649_15195""",1
2025-02-28T11:01:03.704Z,0,rayyan@rayyan.ai,153487281,"""__SYSTEM__SAMPLE__446a534be459a3c37d2858980816e649_15195""",1
2025-02-28T11:01:03.704Z,0,rayyan@rayyan.ai,164687937,"""__SYSTEM__SAMPLE__446a534be459a3c37d2858980816e649_15195""",1
2025-02-28T11:01:03.704Z,0,rayyan@rayyan.ai,153495597,"""__SYSTEM__SAMPLE__446a534be459a3c37d2858980816e649_15195""",1
2025-02-28T11:01:03.704Z,0,rayyan@rayyan.ai,164691032,"""__SYSTEM__SAMPLE__446a534be459a3c37d2858980816e649_15195""",1
2025-02-28T11:01:03.704Z,0,rayyan@rayyan.ai,164698803,"""__SYSTEM__SAMPLE__446a534be459a3c37d2858980816e649_15195""",1
2025-02-28T11:01:03.704Z,0,rayyan@rayyan.ai,164695732,"""__SYSTEM__SAMPLE__446a534be459a3c37d2858980816e649_15195""",1
2025-02-28T11:01:03.704Z,0,rayyan@rayyan.ai,153490991,"""__SYSTEM__SAMPLE__446a534be459a3c37d2858980816e649_15195""",1
2025-02-28T11:01:03.704Z,0,rayyan@rayyan.ai,164703193,"""__SYSTEM__SAMPLE__446a534be459a3c37d2858980816e649_15195""",1
2025-02-28T11:01:03.704Z,0,rayyan@rayyan.ai,153490424,"""__SYSTEM__SAMPLE__446a534be459a3c37d2858980816e649_15195""",1
2025-02-28T11:01:03.704Z,0,rayyan@rayyan.ai,153488277,"""__SYSTEM__SAMPLE__446a534be459a3c37d2858980816e649_15195""",1
2025-02-28T11:01:03.704Z,0,rayyan@rayyan.ai,164688968,"""__SYSTEM__SAMPLE__446a534be459a3c37d2858980816e649_15195""",1
2025-02-28T11:01:03.704Z,0,rayyan@rayyan.ai,153498132,"""__SYSTEM__SAMPLE__446a534be459a3c37d2858980816e649_15195""",1
2025-02-28T11:01:03.742Z,0,rayyan@rayyan.ai,153489236,"""__SYSTEM__SAMPLE__446a534be459a3c37d2858980816e649_15195""",1
2025-02-28T11:01:03.742Z,0,rayyan@rayyan.ai,153496643,"""__SYSTEM__SAMPLE__446a534be459a3c37d2858980816e649_15195""",1
2025-02-28T11:01:03.742Z,0,rayyan@rayyan.ai,164700540,"""__SYSTEM__SAMPLE__446a534be459a3c37d2858980816e649_15195""",1
2025-02-28T11:01:03.742Z,0,rayyan@rayyan.ai,153487873,"""__SYSTEM__SAMPLE__446a534be459a3c37d2858980816e649_15195""",1
2025-02-28T11:01:03.742Z,0,rayyan@rayyan.ai,164701880,"""__SYSTEM__SAMPLE__446a534be459a3c37d2858980816e649_15195""",1
2025-02-28T11:01:03.742Z,0,rayyan@rayyan.ai,153493761,"""__SYSTEM__SAMPLE__446a534be459a3c37d2858980816e649_15195""",1
2025-02-28T11:01:03.742Z,0,rayyan@rayyan.ai,153494070,"""__SYSTEM__SAMPLE__446a534be459a3c37d2858980816e649_15195""",1
2025-02-28T11:01:03.742Z,0,rayyan@rayyan.ai,153492230,"""__SYSTEM__SAMPLE__446a534be459a3c37d2858980816e649_15195""",1
2025-02-28T11:01:03.742Z,0,rayyan@rayyan.ai,153496032,"""__SYSTEM__SAMPLE__446a534be459a3c37d2858980816e649_15195""",1
2025-02-28T11:01:03.742Z,0,rayyan@rayyan.ai,153494809,"""__SYSTEM__SAMPLE__446a534be459a3c37d2858980816e649_15195""",1
2025-02-28T11:01:03.742Z,0,rayyan@rayyan.ai,153485869,"""__SYSTEM__SAMPLE__446a534be459a3c37d2858980816e649_15195""",1
2025-02-28T11:01:03.742Z,0,rayyan@rayyan.ai,164704596,"""__SYSTEM__SAMPLE__446a534be459a3c37d2858980816e649_15195""",1
2025-02-28T11:01:03.742Z,0,rayyan@rayyan.ai,164689539,"""__SYSTEM__SAMPLE__446a534be459a3c37d2858980816e649_15195""",1
2025-02-28T11:01:03.742Z,0,rayyan@rayyan.ai,164697847,"""__SYSTEM__SAMPLE__446a534be459a3c37d2858980816e649_15195""",1
2025-02-28T11:01:03.742Z,0,rayyan@rayyan.ai,164703474,"""__SYSTEM__SAMPLE__446a534be459a3c37d2858980816e649_15195""",1
2025-02-28T11:01:03.742Z,0,rayyan@rayyan.ai,164693867,"""__SYSTEM__SAMPLE__446a534be459a3c37d2858980816e649_15195""",1
2025-02-28T11:01:03.742Z,0,rayyan@rayyan.ai,153490166,"""__SYSTEM__SAMPLE__446a534be459a3c37d2858980816e649_15195""",1
2025-02-28T11:01:03.742Z,0,rayyan@rayyan.ai,164688585,"""__SYSTEM__SAMPLE__446a534be459a3c37d2858980816e649_15195""",1
2025-02-28T11:01:03.742Z,0,rayyan@rayyan.ai,153490183,"""__SYSTEM__SAMPLE__446a534be459a3c37d2858980816e649_15195""",1
2025-02-28T11:01:03.742Z,0,rayyan@rayyan.ai,164703776,"""__SYSTEM__SAMPLE__446a534be459a3c37d2858980816e649_15195""",1
2025-02-28T11:01:03.742Z,0,rayyan@rayyan.ai,153493598,"""__SYSTEM__SAMPLE__446a534be459a3c37d2858980816e649_15195""",1
2025-02-28T11:01:03.742Z,0,rayyan@rayyan.ai,164686729,"""__SYSTEM__SAMPLE__446a534be459a3c37d2858980816e649_15195""",1
2025-02-28T11:01:03.742Z,0,rayyan@rayyan.ai,153499081,"""__SYSTEM__SAMPLE__446a534be459a3c37d2858980816e649_15195""",1
2025-02-28T11:01:03.742Z,0,rayyan@rayyan.ai,153489995,"""__SYSTEM__SAMPLE__446a534be459a3c37d2858980816e649_15195""",1
2025-02-28T11:01:03.742Z,0,rayyan@rayyan.ai,164701358,"""__SYSTEM__SAMPLE__446a534be459a3c37d2858980816e649_15195""",1
2025-02-28T11:01:03.742Z,0,rayyan@rayyan.ai,164697427,"""__SYSTEM__SAMPLE__446a534be459a3c37d2858980816e649_15195""",1
2025-02-28T11:01:03.742Z,0,rayyan@rayyan.ai,164687334,"""__SYSTEM__SAMPLE__446a534be459a3c37d2858980816e649_15195""",1
2025-02-28T11:01:03.742Z,0,rayyan@rayyan.ai,153492425,"""__SYSTEM__SAMPLE__446a534be459a3c37d2858980816e649_15195""",1
2025-02-28T11:01:03.742Z,0,rayyan@rayyan.ai,164696026,"""__SYSTEM__SAMPLE__446a534be459a3c37d2858980816e649_15195""",1
2025-02-28T11:01:03.742Z,0,rayyan@rayyan.ai,164704128,"""__SYSTEM__SAMPLE__446a534be459a3c37d2858980816e649_15195""",1
2025-02-28T11:01:03.742Z,0,rayyan@rayyan.ai,153498276,"""__SYSTEM__SAMPLE__446a534be459a3c37d2858980816e649_15195""",1
2025-02-28T11:01:03.742Z,0,rayyan@rayyan.ai,153493780,"""__SYSTEM__SAMPLE__446a534be459a3c37d2858980816e649_15195""",1
2025-02-28T11:01:03.742Z,0,rayyan@rayyan.ai,153498461,"""__SYSTEM__SAMPLE__446a534be459a3c37d2858980816e649_15195""",1
2025-02-28T11:01:03.742Z,0,rayyan@rayyan.ai,164685056,"""__SYSTEM__SAMPLE__446a534be459a3c37d2858980816e649_15195""",1
2025-02-28T11:01:03.742Z,0,rayyan@rayyan.ai,153496459,"""__SYSTEM__SAMPLE__446a534be459a3c37d2858980816e649_15195""",1
2025-02-28T11:01:03.742Z,0,rayyan@rayyan.ai,164687621,"""__SYSTEM__SAMPLE__446a534be459a3c37d2858980816e649_15195""",1
2025-02-28T11:01:03.742Z,0,rayyan@rayyan.ai,164702022,"""__SYSTEM__SAMPLE__446a534be459a3c37d2858980816e649_15195""",1
2025-02-28T11:01:03.742Z,0,rayyan@rayyan.ai,153497959,"""__SYSTEM__SAMPLE__446a534be459a3c37d2858980816e649_15195""",1
2025-02-28T11:01:03.742Z,0,rayyan@rayyan.ai,164684664,"""__SYSTEM__SAMPLE__446a534be459a3c37d2858980816e649_15195""",1
2025-02-28T11:01:03.742Z,0,rayyan@rayyan.ai,153495697,"""__SYSTEM__SAMPLE__446a534be459a3c37d2858980816e649_15195""",1
2025-02-28T11:01:03.742Z,0,rayyan@rayyan.ai,164702366,"""__SYSTEM__SAMPLE__446a534be459a3c37d2858980816e649_15195""",1
2025-02-28T11:01:03.742Z,0,rayyan@rayyan.ai,153491576,"""__SYSTEM__SAMPLE__446a534be459a3c37d2858980816e649_15195""",1
2025-02-28T11:01:03.742Z,0,rayyan@rayyan.ai,164706518,"""__SYSTEM__SAMPLE__446a534be459a3c37d2858980816e649_15195""",1
2025-02-28T11:01:03.742Z,0,rayyan@rayyan.ai,164705109,"""__SYSTEM__SAMPLE__446a534be459a3c37d2858980816e649_15195""",1
2025-02-28T11:01:03.742Z,0,rayyan@rayyan.ai,153485324,"""__SYSTEM__SAMPLE__446a534be459a3c37d2858980816e649_15195""",1
2025-02-28T11:01:03.742Z,0,rayyan@rayyan.ai,153486563,"""__SYSTEM__SAMPLE__446a534be459a3c37d2858980816e649_15195""",1
2025-02-28T11:01:03.742Z,0,rayyan@rayyan.ai,164688510,"""__SYSTEM__SAMPLE__446a534be459a3c37d2858980816e649_15195""",1
2025-02-28T11:01:03.742Z,0,rayyan@rayyan.ai,164705559,"""__SYSTEM__SAMPLE__446a534be459a3c37d2858980816e649_15195""",1
2025-02-28T11:01:03.742Z,0,rayyan@rayyan.ai,153491699,"""__SYSTEM__SAMPLE__446a534be459a3c37d2858980816e649_15195""",1
2025-02-28T11:01:03.742Z,0,rayyan@rayyan.ai,153494943,"""__SYSTEM__SAMPLE__446a534be459a3c37d2858980816e649_15195""",1
2025-02-28T11:01:44.914Z,0,rayyan@rayyan.ai,153494246,"""__SYSTEM__SAMPLE__919c8339297fb84d71346db9fe115513_15196""",1
2025-02-28T11:01:44.914Z,0,rayyan@rayyan.ai,153490119,"""__SYSTEM__SAMPLE__919c8339297fb84d71346db9fe115513_15196""",1
2025-02-28T11:01:44.914Z,0,rayyan@rayyan.ai,153498156,"""__SYSTEM__SAMPLE__919c8339297fb84d71346db9fe115513_15196""",1
2025-02-28T11:01:44.914Z,0,rayyan@rayyan.ai,164687687,"""__SYSTEM__SAMPLE__919c8339297fb84d71346db9fe115513_15196""",1
2025-02-28T11:01:44.914Z,0,rayyan@rayyan.ai,153490586,"""__SYSTEM__SAMPLE__919c8339297fb84d71346db9fe115513_15196""",1
2025-02-28T11:01:44.914Z,0,rayyan@rayyan.ai,153493911,"""__SYSTEM__SAMPLE__919c8339297fb84d71346db9fe115513_15196""",1
2025-02-28T11:01:44.914Z,0,rayyan@rayyan.ai,164690045,"""__SYSTEM__SAMPLE__919c8339297fb84d71346db9fe115513_15196""",1
2025-02-28T11:01:44.914Z,0,rayyan@rayyan.ai,164685820,"""__SYSTEM__SAMPLE__919c8339297fb84d71346db9fe115513_15196""",1
2025-02-28T11:01:44.914Z,0,rayyan@rayyan.ai,164699446,"""__SYSTEM__SAMPLE__919c8339297fb84d71346db9fe115513_15196""",1
2025-02-28T11:01:44.914Z,0,rayyan@rayyan.ai,164704255,"""__SYSTEM__SAMPLE__919c8339297fb84d71346db9fe115513_15196""",1
2025-02-28T11:01:44.914Z,0,rayyan@rayyan.ai,164687685,"""__SYSTEM__SAMPLE__919c8339297fb84d71346db9fe115513_15196""",1
2025-02-28T11:01:44.914Z,0,rayyan@rayyan.ai,164686977,"""__SYSTEM__SAMPLE__919c8339297fb84d71346db9fe115513_15196""",1
2025-02-28T11:01:44.914Z,0,rayyan@rayyan.ai,153485783,"""__SYSTEM__SAMPLE__919c8339297fb84d71346db9fe115513_15196""",1
2025-02-28T11:01:44.914Z,0,rayyan@rayyan.ai,153490770,"""__SYSTEM__SAMPLE__919c8339297fb84d71346db9fe115513_15196""",1
2025-02-28T11:01:44.914Z,0,rayyan@rayyan.ai,164686571,"""__SYSTEM__SAMPLE__919c8339297fb84d71346db9fe115513_15196""",1
2025-02-28T11:01:44.914Z,0,rayyan@rayyan.ai,164687752,"""__SYSTEM__SAMPLE__919c8339297fb84d71346db9fe115513_15196""",1
2025-02-28T11:01:44.914Z,0,rayyan@rayyan.ai,153491414,"""__SYSTEM__SAMPLE__919c8339297fb84d71346db9fe115513_15196""",1
2025-02-28T11:01:44.914Z,0,rayyan@rayyan.ai,164705383,"""__SYSTEM__SAMPLE__919c8339297fb84d71346db9fe115513_15196""",1
2025-02-28T11:01:44.914Z,0,rayyan@rayyan.ai,164706070,"""__SYSTEM__SAMPLE__919c8339297fb84d71346db9fe115513_15196""",1
2025-02-28T11:01:44.914Z,0,rayyan@rayyan.ai,153493941,"""__SYSTEM__SAMPLE__919c8339297fb84d71346db9fe115513_15196""",1
2025-02-28T11:01:44.914Z,0,rayyan@rayyan.ai,153499084,"""__SYSTEM__SAMPLE__919c8339297fb84d71346db9fe115513_15196""",1
2025-02-28T11:01:44.914Z,0,rayyan@rayyan.ai,164703172,"""__SYSTEM__SAMPLE__919c8339297fb84d71346db9fe115513_15196""",1
2025-02-28T11:01:44.914Z,0,rayyan@rayyan.ai,83177632,"""__SYSTEM__SAMPLE__919c8339297fb84d71346db9fe115513_15196""",1
2025-02-28T11:01:44.914Z,0,rayyan@rayyan.ai,164703092,"""__SYSTEM__SAMPLE__919c8339297fb84d71346db9fe115513_15196""",1
2025-02-28T11:01:44.914Z,0,rayyan@rayyan.ai,164694441,"""__SYSTEM__SAMPLE__919c8339297fb84d71346db9fe115513_15196""",1
2025-02-28T11:01:44.914Z,0,rayyan@rayyan.ai,153494310,"""__SYSTEM__SAMPLE__919c8339297fb84d71346db9fe115513_15196""",1
2025-02-28T11:01:44.914Z,0,rayyan@rayyan.ai,164699061,"""__SYSTEM__SAMPLE__919c8339297fb84d71346db9fe115513_15196""",1
2025-02-28T11:01:44.914Z,0,rayyan@rayyan.ai,153493313,"""__SYSTEM__SAMPLE__919c8339297fb84d71346db9fe115513_15196""",1
2025-02-28T11:01:44.914Z,0,rayyan@rayyan.ai,164701883,"""__SYSTEM__SAMPLE__919c8339297fb84d71346db9fe115513_15196""",1
2025-02-28T11:01:44.914Z,0,rayyan@rayyan.ai,164686299,"""__SYSTEM__SAMPLE__919c8339297fb84d71346db9fe115513_15196""",1
2025-02-28T11:01:44.914Z,0,rayyan@rayyan.ai,153486174,"""__SYSTEM__SAMPLE__919c8339297fb84d71346db9fe115513_15196""",1
2025-02-28T11:01:44.914Z,0,rayyan@rayyan.ai,153496722,"""__SYSTEM__SAMPLE__919c8339297fb84d71346db9fe115513_15196""",1
2025-02-28T11:01:44.914Z,0,rayyan@rayyan.ai,153491252,"""__SYSTEM__SAMPLE__919c8339297fb84d71346db9fe115513_15196""",1
2025-02-28T11:01:44.914Z,0,rayyan@rayyan.ai,164706358,"""__SYSTEM__SAMPLE__919c8339297fb84d71346db9fe115513_15196""",1
2025-02-28T11:01:44.914Z,0,rayyan@rayyan.ai,164697823,"""__SYSTEM__SAMPLE__919c8339297fb84d71346db9fe115513_15196""",1
2025-02-28T11:01:44.914Z,0,rayyan@rayyan.ai,153489205,"""__SYSTEM__SAMPLE__919c8339297fb84d71346db9fe115513_15196""",1
2025-02-28T11:01:44.914Z,0,rayyan@rayyan.ai,153488645,"""__SYSTEM__SAMPLE__919c8339297fb84d71346db9fe115513_15196""",1
2025-02-28T11:01:44.914Z,0,rayyan@rayyan.ai,164697123,"""__SYSTEM__SAMPLE__919c8339297fb84d71346db9fe115513_15196""",1
2025-02-28T11:01:44.914Z,0,rayyan@rayyan.ai,153491064,"""__SYSTEM__SAMPLE__919c8339297fb84d71346db9fe115513_15196""",1
2025-02-28T11:01:44.914Z,0,rayyan@rayyan.ai,153494700,"""__SYSTEM__SAMPLE__919c8339297fb84d71346db9fe115513_15196""",1
2025-02-28T11:01:44.914Z,0,rayyan@rayyan.ai,164695863,"""__SYSTEM__SAMPLE__919c8339297fb84d71346db9fe115513_15196""",1
2025-02-28T11:01:44.914Z,0,rayyan@rayyan.ai,153494826,"""__SYSTEM__SAMPLE__919c8339297fb84d71346db9fe115513_15196""",1
2025-02-28T11:01:44.914Z,0,rayyan@rayyan.ai,153496463,"""__SYSTEM__SAMPLE__919c8339297fb84d71346db9fe115513_15196""",1
2025-02-28T11:01:44.914Z,0,rayyan@rayyan.ai,153486940,"""__SYSTEM__SAMPLE__919c8339297fb84d71346db9fe115513_15196""",1
2025-02-28T11:01:44.914Z,0,rayyan@rayyan.ai,153487317,"""__SYSTEM__SAMPLE__919c8339297fb84d71346db9fe115513_15196""",1
2025-02-28T11:01:44.914Z,0,rayyan@rayyan.ai,164690105,"""__SYSTEM__SAMPLE__919c8339297fb84d71346db9fe115513_15196""",1
2025-02-28T11:01:44.914Z,0,rayyan@rayyan.ai,153494214,"""__SYSTEM__SAMPLE__919c8339297fb84d71346db9fe115513_15196""",1
2025-02-28T11:01:44.914Z,0,rayyan@rayyan.ai,153496802,"""__SYSTEM__SAMPLE__919c8339297fb84d71346db9fe115513_15196""",1
2025-02-28T11:01:44.914Z,0,rayyan@rayyan.ai,153494596,"""__SYSTEM__SAMPLE__919c8339297fb84d71346db9fe115513_15196""",1
2025-02-28T11:01:44.914Z,0,rayyan@rayyan.ai,153490260,"""__SYSTEM__SAMPLE__919c8339297fb84d71346db9fe115513_15196""",1
2025-02-28T11:01:44.948Z,0,rayyan@rayyan.ai,153493099,"""__SYSTEM__SAMPLE__919c8339297fb84d71346db9fe115513_15196""",1
2025-02-28T11:01:44.948Z,0,rayyan@rayyan.ai,153495212,"""__SYSTEM__SAMPLE__919c8339297fb84d71346db9fe115513_15196""",1
2025-02-28T11:01:44.948Z,0,rayyan@rayyan.ai,164688555,"""__SYSTEM__SAMPLE__919c8339297fb84d71346db9fe115513_15196""",1
2025-02-28T11:01:44.948Z,0,rayyan@rayyan.ai,164690203,"""__SYSTEM__SAMPLE__919c8339297fb84d71346db9fe115513_15196""",1
2025-02-28T11:01:44.948Z,0,rayyan@rayyan.ai,164699199,"""__SYSTEM__SAMPLE__919c8339297fb84d71346db9fe115513_15196""",1
2025-02-28T11:01:44.948Z,0,rayyan@rayyan.ai,164703362,"""__SYSTEM__SAMPLE__919c8339297fb84d71346db9fe115513_15196""",1
2025-02-28T11:01:44.948Z,0,rayyan@rayyan.ai,164688731,"""__SYSTEM__SAMPLE__919c8339297fb84d71346db9fe115513_15196""",1
2025-02-28T11:01:44.948Z,0,rayyan@rayyan.ai,153493799,"""__SYSTEM__SAMPLE__919c8339297fb84d71346db9fe115513_15196""",1
2025-02-28T11:01:44.948Z,0,rayyan@rayyan.ai,164702061,"""__SYSTEM__SAMPLE__919c8339297fb84d71346db9fe115513_15196""",1
2025-02-28T11:01:44.948Z,0,rayyan@rayyan.ai,164688334,"""__SYSTEM__SAMPLE__919c8339297fb84d71346db9fe115513_15196""",1
2025-02-28T11:01:44.948Z,0,rayyan@rayyan.ai,164701293,"""__SYSTEM__SAMPLE__919c8339297fb84d71346db9fe115513_15196""",1
2025-02-28T11:01:44.948Z,0,rayyan@rayyan.ai,153498568,"""__SYSTEM__SAMPLE__919c8339297fb84d71346db9fe115513_15196""",1
2025-02-28T11:01:44.948Z,0,rayyan@rayyan.ai,164691534,"""__SYSTEM__SAMPLE__919c8339297fb84d71346db9fe115513_15196""",1
2025-02-28T11:01:44.948Z,0,rayyan@rayyan.ai,164686759,"""__SYSTEM__SAMPLE__919c8339297fb84d71346db9fe115513_15196""",1
2025-02-28T11:01:44.948Z,0,rayyan@rayyan.ai,164705509,"""__SYSTEM__SAMPLE__919c8339297fb84d71346db9fe115513_15196""",1
2025-02-28T11:01:44.948Z,0,rayyan@rayyan.ai,164703580,"""__SYSTEM__SAMPLE__919c8339297fb84d71346db9fe115513_15196""",1
2025-02-28T11:01:44.948Z,0,rayyan@rayyan.ai,153489512,"""__SYSTEM__SAMPLE__919c8339297fb84d71346db9fe115513_15196""",1
2025-02-28T11:01:44.948Z,0,rayyan@rayyan.ai,153491198,"""__SYSTEM__SAMPLE__919c8339297fb84d71346db9fe115513_15196""",1
2025-02-28T11:01:44.948Z,0,rayyan@rayyan.ai,164696558,"""__SYSTEM__SAMPLE__919c8339297fb84d71346db9fe115513_15196""",1
2025-02-28T11:01:44.948Z,0,rayyan@rayyan.ai,164689902,"""__SYSTEM__SAMPLE__919c8339297fb84d71346db9fe115513_15196""",1
2025-02-28T11:01:44.948Z,0,rayyan@rayyan.ai,164703432,"""__SYSTEM__SAMPLE__919c8339297fb84d71346db9fe115513_15196""",1
2025-02-28T11:01:44.948Z,0,rayyan@rayyan.ai,153491974,"""__SYSTEM__SAMPLE__919c8339297fb84d71346db9fe115513_15196""",1
2025-02-28T11:01:44.948Z,0,rayyan@rayyan.ai,164697274,"""__SYSTEM__SAMPLE__919c8339297fb84d71346db9fe115513_15196""",1
2025-02-28T11:01:44.948Z,0,rayyan@rayyan.ai,164696960,"""__SYSTEM__SAMPLE__919c8339297fb84d71346db9fe115513_15196""",1
2025-02-28T11:01:44.948Z,0,rayyan@rayyan.ai,153496366,"""__SYSTEM__SAMPLE__919c8339297fb84d71346db9fe115513_15196""",1
2025-02-28T11:01:44.948Z,0,rayyan@rayyan.ai,164693906,"""__SYSTEM__SAMPLE__919c8339297fb84d71346db9fe115513_15196""",1
2025-02-28T11:01:44.948Z,0,rayyan@rayyan.ai,153487974,"""__SYSTEM__SAMPLE__919c8339297fb84d71346db9fe115513_15196""",1
2025-02-28T11:01:44.948Z,0,rayyan@rayyan.ai,153486297,"""__SYSTEM__SAMPLE__919c8339297fb84d71346db9fe115513_15196""",1
2025-02-28T11:01:44.948Z,0,rayyan@rayyan.ai,164704981,"""__SYSTEM__SAMPLE__919c8339297fb84d71346db9fe115513_15196""",1
2025-02-28T11:01:44.948Z,0,rayyan@rayyan.ai,153489888,"""__SYSTEM__SAMPLE__919c8339297fb84d71346db9fe115513_15196""",1
2025-02-28T11:01:44.948Z,0,rayyan@rayyan.ai,153491806,"""__SYSTEM__SAMPLE__919c8339297fb84d71346db9fe115513_15196""",1
2025-02-28T11:01:44.948Z,0,rayyan@rayyan.ai,153488432,"""__SYSTEM__SAMPLE__919c8339297fb84d71346db9fe115513_15196""",1
2025-02-28T11:01:44.948Z,0,rayyan@rayyan.ai,153489802,"""__SYSTEM__SAMPLE__919c8339297fb84d71346db9fe115513_15196""",1
2025-02-28T11:01:44.948Z,0,rayyan@rayyan.ai,164691451,"""__SYSTEM__SAMPLE__919c8339297fb84d71346db9fe115513_15196""",1
2025-02-28T11:01:44.948Z,0,rayyan@rayyan.ai,153490625,"""__SYSTEM__SAMPLE__919c8339297fb84d71346db9fe115513_15196""",1
2025-02-28T11:01:44.948Z,0,rayyan@rayyan.ai,164701580,"""__SYSTEM__SAMPLE__919c8339297fb84d71346db9fe115513_15196""",1
2025-02-28T11:01:44.948Z,0,rayyan@rayyan.ai,153487567,"""__SYSTEM__SAMPLE__919c8339297fb84d71346db9fe115513_15196""",1
2025-02-28T11:01:44.948Z,0,rayyan@rayyan.ai,164690102,"""__SYSTEM__SAMPLE__919c8339297fb84d71346db9fe115513_15196""",1
2025-02-28T11:01:44.948Z,0,rayyan@rayyan.ai,164685146,"""__SYSTEM__SAMPLE__919c8339297fb84d71346db9fe115513_15196""",1
2025-02-28T11:01:44.948Z,0,rayyan@rayyan.ai,164699038,"""__SYSTEM__SAMPLE__919c8339297fb84d71346db9fe115513_15196""",1
2025-02-28T11:01:44.948Z,0,rayyan@rayyan.ai,153492838,"""__SYSTEM__SAMPLE__919c8339297fb84d71346db9fe115513_15196""",1
2025-02-28T11:01:44.948Z,0,rayyan@rayyan.ai,153493695,"""__SYSTEM__SAMPLE__919c8339297fb84d71346db9fe115513_15196""",1
2025-02-28T11:01:44.948Z,0,rayyan@rayyan.ai,164705023,"""__SYSTEM__SAMPLE__919c8339297fb84d71346db9fe115513_15196""",1
2025-02-28T11:01:44.948Z,0,rayyan@rayyan.ai,164702281,"""__SYSTEM__SAMPLE__919c8339297fb84d71346db9fe115513_15196""",1
2025-02-28T11:01:44.948Z,0,rayyan@rayyan.ai,164695476,"""__SYSTEM__SAMPLE__919c8339297fb84d71346db9fe115513_15196""",1
2025-02-28T11:01:44.948Z,0,rayyan@rayyan.ai,153491322,"""__SYSTEM__SAMPLE__919c8339297fb84d71346db9fe115513_15196""",1
2025-02-28T11:01:44.948Z,0,rayyan@rayyan.ai,153486269,"""__SYSTEM__SAMPLE__919c8339297fb84d71346db9fe115513_15196""",1
2025-02-28T11:01:44.948Z,0,rayyan@rayyan.ai,164703585,"""__SYSTEM__SAMPLE__919c8339297fb84d71346db9fe115513_15196""",1
2025-02-28T11:01:44.948Z,0,rayyan@rayyan.ai,153491490,"""__SYSTEM__SAMPLE__919c8339297fb84d71346db9fe115513_15196""",1
2025-02-28T11:01:44.948Z,0,rayyan@rayyan.ai,164703121,"""__SYSTEM__SAMPLE__919c8339297fb84d71346db9fe115513_15196""",1
2025-02-28T11:01:44.980Z,0,rayyan@rayyan.ai,153486960,"""__SYSTEM__SAMPLE__919c8339297fb84d71346db9fe115513_15196""",1
2025-02-28T11:01:44.980Z,0,rayyan@rayyan.ai,153497620,"""__SYSTEM__SAMPLE__919c8339297fb84d71346db9fe115513_15196""",1
2025-02-28T11:01:44.980Z,0,rayyan@rayyan.ai,153492491,"""__SYSTEM__SAMPLE__919c8339297fb84d71346db9fe115513_15196""",1
2025-02-28T11:01:44.980Z,0,rayyan@rayyan.ai,164707068,"""__SYSTEM__SAMPLE__919c8339297fb84d71346db9fe115513_15196""",1
2025-02-28T11:01:44.980Z,0,rayyan@rayyan.ai,153494408,"""__SYSTEM__SAMPLE__919c8339297fb84d71346db9fe115513_15196""",1
2025-02-28T11:01:44.980Z,0,rayyan@rayyan.ai,164699531,"""__SYSTEM__SAMPLE__919c8339297fb84d71346db9fe115513_15196""",1
2025-02-28T11:01:44.980Z,0,rayyan@rayyan.ai,164690917,"""__SYSTEM__SAMPLE__919c8339297fb84d71346db9fe115513_15196""",1
2025-02-28T11:01:44.980Z,0,rayyan@rayyan.ai,153497031,"""__SYSTEM__SAMPLE__919c8339297fb84d71346db9fe115513_15196""",1
2025-02-28T11:01:44.980Z,0,rayyan@rayyan.ai,153489467,"""__SYSTEM__SAMPLE__919c8339297fb84d71346db9fe115513_15196""",1
2025-02-28T11:01:44.980Z,0,rayyan@rayyan.ai,153499268,"""__SYSTEM__SAMPLE__919c8339297fb84d71346db9fe115513_15196""",1
2025-02-28T11:01:44.980Z,0,rayyan@rayyan.ai,153497157,"""__SYSTEM__SAMPLE__919c8339297fb84d71346db9fe115513_15196""",1
2025-02-28T11:01:44.980Z,0,rayyan@rayyan.ai,164697416,"""__SYSTEM__SAMPLE__919c8339297fb84d71346db9fe115513_15196""",1
2025-02-28T11:01:44.980Z,0,rayyan@rayyan.ai,153494097,"""__SYSTEM__SAMPLE__919c8339297fb84d71346db9fe115513_15196""",1
2025-02-28T11:01:44.980Z,0,rayyan@rayyan.ai,164701787,"""__SYSTEM__SAMPLE__919c8339297fb84d71346db9fe115513_15196""",1
2025-02-28T11:01:44.980Z,0,rayyan@rayyan.ai,164697873,"""__SYSTEM__SAMPLE__919c8339297fb84d71346db9fe115513_15196""",1
2025-02-28T11:01:44.980Z,0,rayyan@rayyan.ai,153486277,"""__SYSTEM__SAMPLE__919c8339297fb84d71346db9fe115513_15196""",1
2025-02-28T11:01:44.980Z,0,rayyan@rayyan.ai,153491266,"""__SYSTEM__SAMPLE__919c8339297fb84d71346db9fe115513_15196""",1
2025-02-28T11:01:44.980Z,0,rayyan@rayyan.ai,164698563,"""__SYSTEM__SAMPLE__919c8339297fb84d71346db9fe115513_15196""",1
2025-02-28T11:01:44.980Z,0,rayyan@rayyan.ai,153493970,"""__SYSTEM__SAMPLE__919c8339297fb84d71346db9fe115513_15196""",1
2025-02-28T11:01:44.980Z,0,rayyan@rayyan.ai,164704108,"""__SYSTEM__SAMPLE__919c8339297fb84d71346db9fe115513_15196""",1
2025-02-28T11:01:44.980Z,0,rayyan@rayyan.ai,164691712,"""__SYSTEM__SAMPLE__919c8339297fb84d71346db9fe115513_15196""",1
2025-02-28T11:01:44.980Z,0,rayyan@rayyan.ai,153492636,"""__SYSTEM__SAMPLE__919c8339297fb84d71346db9fe115513_15196""",1
2025-02-28T11:01:44.980Z,0,rayyan@rayyan.ai,164699583,"""__SYSTEM__SAMPLE__919c8339297fb84d71346db9fe115513_15196""",1
2025-02-28T11:01:44.980Z,0,rayyan@rayyan.ai,153498182,"""__SYSTEM__SAMPLE__919c8339297fb84d71346db9fe115513_15196""",1
2025-02-28T11:01:44.980Z,0,rayyan@rayyan.ai,153493885,"""__SYSTEM__SAMPLE__919c8339297fb84d71346db9fe115513_15196""",1
2025-02-28T11:01:44.980Z,0,rayyan@rayyan.ai,164703007,"""__SYSTEM__SAMPLE__919c8339297fb84d71346db9fe115513_15196""",1
2025-02-28T11:01:44.980Z,0,rayyan@rayyan.ai,153485586,"""__SYSTEM__SAMPLE__919c8339297fb84d71346db9fe115513_15196""",1
2025-02-28T11:01:44.980Z,0,rayyan@rayyan.ai,164693963,"""__SYSTEM__SAMPLE__919c8339297fb84d71346db9fe115513_15196""",1
2025-02-28T11:01:44.980Z,0,rayyan@rayyan.ai,164699974,"""__SYSTEM__SAMPLE__919c8339297fb84d71346db9fe115513_15196""",1
2025-02-28T11:01:44.980Z,0,rayyan@rayyan.ai,164700465,"""__SYSTEM__SAMPLE__919c8339297fb84d71346db9fe115513_15196""",1
2025-02-28T11:01:44.980Z,0,rayyan@rayyan.ai,153487562,"""__SYSTEM__SAMPLE__919c8339297fb84d71346db9fe115513_15196""",1
2025-02-28T11:01:44.980Z,0,rayyan@rayyan.ai,164706942,"""__SYSTEM__SAMPLE__919c8339297fb84d71346db9fe115513_15196""",1
2025-02-28T11:01:44.980Z,0,rayyan@rayyan.ai,153490534,"""__SYSTEM__SAMPLE__919c8339297fb84d71346db9fe115513_15196""",1
2025-02-28T11:01:44.980Z,0,rayyan@rayyan.ai,153485991,"""__SYSTEM__SAMPLE__919c8339297fb84d71346db9fe115513_15196""",1
2025-02-28T11:01:44.980Z,0,rayyan@rayyan.ai,164689960,"""__SYSTEM__SAMPLE__919c8339297fb84d71346db9fe115513_15196""",1
2025-02-28T11:01:44.980Z,0,rayyan@rayyan.ai,164696687,"""__SYSTEM__SAMPLE__919c8339297fb84d71346db9fe115513_15196""",1
2025-02-28T11:01:44.980Z,0,rayyan@rayyan.ai,153489503,"""__SYSTEM__SAMPLE__919c8339297fb84d71346db9fe115513_15196""",1
2025-02-28T11:01:44.980Z,0,rayyan@rayyan.ai,153490015,"""__SYSTEM__SAMPLE__919c8339297fb84d71346db9fe115513_15196""",1
2025-02-28T11:01:44.980Z,0,rayyan@rayyan.ai,164686712,"""__SYSTEM__SAMPLE__919c8339297fb84d71346db9fe115513_15196""",1
2025-02-28T11:01:44.980Z,0,rayyan@rayyan.ai,164699606,"""__SYSTEM__SAMPLE__919c8339297fb84d71346db9fe115513_15196""",1
2025-02-28T11:01:44.980Z,0,rayyan@rayyan.ai,153496315,"""__SYSTEM__SAMPLE__919c8339297fb84d71346db9fe115513_15196""",1
2025-02-28T11:01:44.980Z,0,rayyan@rayyan.ai,164690926,"""__SYSTEM__SAMPLE__919c8339297fb84d71346db9fe115513_15196""",1
2025-02-28T11:01:44.980Z,0,rayyan@rayyan.ai,164694609,"""__SYSTEM__SAMPLE__919c8339297fb84d71346db9fe115513_15196""",1
2025-02-28T11:01:44.980Z,0,rayyan@rayyan.ai,153492907,"""__SYSTEM__SAMPLE__919c8339297fb84d71346db9fe115513_15196""",1
2025-02-28T11:01:44.980Z,0,rayyan@rayyan.ai,153488821,"""__SYSTEM__SAMPLE__919c8339297fb84d71346db9fe115513_15196""",1
2025-02-28T11:01:44.980Z,0,rayyan@rayyan.ai,153489607,"""__SYSTEM__SAMPLE__919c8339297fb84d71346db9fe115513_15196""",1
2025-02-28T11:01:44.980Z,0,rayyan@rayyan.ai,153498602,"""__SYSTEM__SAMPLE__919c8339297fb84d71346db9fe115513_15196""",1
2025-02-28T11:01:44.980Z,0,rayyan@rayyan.ai,164696715,"""__SYSTEM__SAMPLE__919c8339297fb84d71346db9fe115513_15196""",1
2025-02-28T11:01:44.980Z,0,rayyan@rayyan.ai,164699550,"""__SYSTEM__SAMPLE__919c8339297fb84d71346db9fe115513_15196""",1
2025-02-28T11:01:44.980Z,0,rayyan@rayyan.ai,164689636,"""__SYSTEM__SAMPLE__919c8339297fb84d71346db9fe115513_15196""",1
2025-02-28T11:01:45.014Z,0,rayyan@rayyan.ai,164695897,"""__SYSTEM__SAMPLE__919c8339297fb84d71346db9fe115513_15196""",1
2025-02-28T11:01:45.014Z,0,rayyan@rayyan.ai,153493006,"""__SYSTEM__SAMPLE__919c8339297fb84d71346db9fe115513_15196""",1
2025-02-28T11:01:45.014Z,0,rayyan@rayyan.ai,164695066,"""__SYSTEM__SAMPLE__919c8339297fb84d71346db9fe115513_15196""",1
2025-02-28T11:01:45.014Z,0,rayyan@rayyan.ai,164686873,"""__SYSTEM__SAMPLE__919c8339297fb84d71346db9fe115513_15196""",1
2025-02-28T11:01:45.014Z,0,rayyan@rayyan.ai,164686313,"""__SYSTEM__SAMPLE__919c8339297fb84d71346db9fe115513_15196""",1
2025-02-28T11:01:45.014Z,0,rayyan@rayyan.ai,153491688,"""__SYSTEM__SAMPLE__919c8339297fb84d71346db9fe115513_15196""",1
2025-02-28T11:01:45.014Z,0,rayyan@rayyan.ai,164695575,"""__SYSTEM__SAMPLE__919c8339297fb84d71346db9fe115513_15196""",1
2025-02-28T11:01:45.014Z,0,rayyan@rayyan.ai,164701807,"""__SYSTEM__SAMPLE__919c8339297fb84d71346db9fe115513_15196""",1
2025-02-28T11:01:45.014Z,0,rayyan@rayyan.ai,164691499,"""__SYSTEM__SAMPLE__919c8339297fb84d71346db9fe115513_15196""",1
2025-02-28T11:01:45.014Z,0,rayyan@rayyan.ai,153492348,"""__SYSTEM__SAMPLE__919c8339297fb84d71346db9fe115513_15196""",1
2025-02-28T11:01:45.014Z,0,rayyan@rayyan.ai,164686350,"""__SYSTEM__SAMPLE__919c8339297fb84d71346db9fe115513_15196""",1
2025-02-28T11:01:45.014Z,0,rayyan@rayyan.ai,164687602,"""__SYSTEM__SAMPLE__919c8339297fb84d71346db9fe115513_15196""",1
2025-02-28T11:01:45.014Z,0,rayyan@rayyan.ai,164706843,"""__SYSTEM__SAMPLE__919c8339297fb84d71346db9fe115513_15196""",1
2025-02-28T11:01:45.014Z,0,rayyan@rayyan.ai,153497854,"""__SYSTEM__SAMPLE__919c8339297fb84d71346db9fe115513_15196""",1
2025-02-28T11:01:45.014Z,0,rayyan@rayyan.ai,153494379,"""__SYSTEM__SAMPLE__919c8339297fb84d71346db9fe115513_15196""",1
2025-02-28T11:01:45.014Z,0,rayyan@rayyan.ai,164689315,"""__SYSTEM__SAMPLE__919c8339297fb84d71346db9fe115513_15196""",1
2025-02-28T11:01:45.014Z,0,rayyan@rayyan.ai,164706929,"""__SYSTEM__SAMPLE__919c8339297fb84d71346db9fe115513_15196""",1
2025-02-28T11:01:45.014Z,0,rayyan@rayyan.ai,153496612,"""__SYSTEM__SAMPLE__919c8339297fb84d71346db9fe115513_15196""",1
2025-02-28T11:01:45.014Z,0,rayyan@rayyan.ai,164704358,"""__SYSTEM__SAMPLE__919c8339297fb84d71346db9fe115513_15196""",1
2025-02-28T11:01:45.014Z,0,rayyan@rayyan.ai,153493582,"""__SYSTEM__SAMPLE__919c8339297fb84d71346db9fe115513_15196""",1
2025-02-28T11:01:45.014Z,0,rayyan@rayyan.ai,164690881,"""__SYSTEM__SAMPLE__919c8339297fb84d71346db9fe115513_15196""",1
2025-02-28T11:01:45.014Z,0,rayyan@rayyan.ai,164701585,"""__SYSTEM__SAMPLE__919c8339297fb84d71346db9fe115513_15196""",1
2025-02-28T11:01:45.014Z,0,rayyan@rayyan.ai,153491473,"""__SYSTEM__SAMPLE__919c8339297fb84d71346db9fe115513_15196""",1
2025-02-28T11:01:45.014Z,0,rayyan@rayyan.ai,164704214,"""__SYSTEM__SAMPLE__919c8339297fb84d71346db9fe115513_15196""",1
2025-02-28T11:01:45.014Z,0,rayyan@rayyan.ai,153493605,"""__SYSTEM__SAMPLE__919c8339297fb84d71346db9fe115513_15196""",1
2025-02-28T11:01:45.014Z,0,rayyan@rayyan.ai,164686140,"""__SYSTEM__SAMPLE__919c8339297fb84d71346db9fe115513_15196""",1
2025-02-28T11:01:45.014Z,0,rayyan@rayyan.ai,153496543,"""__SYSTEM__SAMPLE__919c8339297fb84d71346db9fe115513_15196""",1
2025-02-28T11:01:45.014Z,0,rayyan@rayyan.ai,164699295,"""__SYSTEM__SAMPLE__919c8339297fb84d71346db9fe115513_15196""",1
2025-02-28T11:01:45.014Z,0,rayyan@rayyan.ai,164687451,"""__SYSTEM__SAMPLE__919c8339297fb84d71346db9fe115513_15196""",1
2025-02-28T11:01:45.014Z,0,rayyan@rayyan.ai,164695609,"""__SYSTEM__SAMPLE__919c8339297fb84d71346db9fe115513_15196""",1
2025-02-28T11:01:45.014Z,0,rayyan@rayyan.ai,153497215,"""__SYSTEM__SAMPLE__919c8339297fb84d71346db9fe115513_15196""",1
2025-02-28T11:01:45.014Z,0,rayyan@rayyan.ai,164692626,"""__SYSTEM__SAMPLE__919c8339297fb84d71346db9fe115513_15196""",1
2025-02-28T11:01:45.014Z,0,rayyan@rayyan.ai,164695314,"""__SYSTEM__SAMPLE__919c8339297fb84d71346db9fe115513_15196""",1
2025-02-28T11:01:45.014Z,0,rayyan@rayyan.ai,153497461,"""__SYSTEM__SAMPLE__919c8339297fb84d71346db9fe115513_15196""",1
2025-02-28T11:01:45.014Z,0,rayyan@rayyan.ai,153498479,"""__SYSTEM__SAMPLE__919c8339297fb84d71346db9fe115513_15196""",1
2025-02-28T11:01:45.014Z,0,rayyan@rayyan.ai,164698414,"""__SYSTEM__SAMPLE__919c8339297fb84d71346db9fe115513_15196""",1
2025-02-28T11:01:45.014Z,0,rayyan@rayyan.ai,153489065,"""__SYSTEM__SAMPLE__919c8339297fb84d71346db9fe115513_15196""",1
2025-02-28T11:01:45.014Z,0,rayyan@rayyan.ai,153496133,"""__SYSTEM__SAMPLE__919c8339297fb84d71346db9fe115513_15196""",1
2025-02-28T11:01:45.014Z,0,rayyan@rayyan.ai,164697197,"""__SYSTEM__SAMPLE__919c8339297fb84d71346db9fe115513_15196""",1
2025-02-28T11:01:45.014Z,0,rayyan@rayyan.ai,164704338,"""__SYSTEM__SAMPLE__919c8339297fb84d71346db9fe115513_15196""",1
2025-02-28T11:01:45.014Z,0,rayyan@rayyan.ai,164705631,"""__SYSTEM__SAMPLE__919c8339297fb84d71346db9fe115513_15196""",1
2025-02-28T11:01:45.014Z,0,rayyan@rayyan.ai,164696841,"""__SYSTEM__SAMPLE__919c8339297fb84d71346db9fe115513_15196""",1
2025-02-28T11:01:45.014Z,0,rayyan@rayyan.ai,153489794,"""__SYSTEM__SAMPLE__919c8339297fb84d71346db9fe115513_15196""",1
2025-02-28T11:01:45.014Z,0,rayyan@rayyan.ai,164688305,"""__SYSTEM__SAMPLE__919c8339297fb84d71346db9fe115513_15196""",1
2025-02-28T11:01:45.014Z,0,rayyan@rayyan.ai,153492584,"""__SYSTEM__SAMPLE__919c8339297fb84d71346db9fe115513_15196""",1
2025-02-28T11:01:45.014Z,0,rayyan@rayyan.ai,164686112,"""__SYSTEM__SAMPLE__919c8339297fb84d71346db9fe115513_15196""",1
2025-02-28T11:01:45.014Z,0,rayyan@rayyan.ai,164692363,"""__SYSTEM__SAMPLE__919c8339297fb84d71346db9fe115513_15196""",1
2025-02-28T11:01:45.014Z,0,rayyan@rayyan.ai,164692090,"""__SYSTEM__SAMPLE__919c8339297fb84d71346db9fe115513_15196""",1
2025-02-28T11:01:45.014Z,0,rayyan@rayyan.ai,153494294,"""__SYSTEM__SAMPLE__919c8339297fb84d71346db9fe115513_15196""",1
2025-02-28T11:01:45.014Z,0,rayyan@rayyan.ai,153493961,"""__SYSTEM__SAMPLE__919c8339297fb84d71346db9fe115513_15196""",1
2025-02-28T11:01:45.061Z,0,rayyan@rayyan.ai,153494852,"""__SYSTEM__SAMPLE__919c8339297fb84d71346db9fe115513_15196""",1
2025-02-28T11:01:45.061Z,0,rayyan@rayyan.ai,153497007,"""__SYSTEM__SAMPLE__919c8339297fb84d71346db9fe115513_15196""",1
2025-02-28T11:01:45.061Z,0,rayyan@rayyan.ai,164706241,"""__SYSTEM__SAMPLE__919c8339297fb84d71346db9fe115513_15196""",1
2025-02-28T11:01:45.061Z,0,rayyan@rayyan.ai,164704851,"""__SYSTEM__SAMPLE__919c8339297fb84d71346db9fe115513_15196""",1
2025-02-28T11:01:45.061Z,0,rayyan@rayyan.ai,164686050,"""__SYSTEM__SAMPLE__919c8339297fb84d71346db9fe115513_15196""",1
2025-02-28T11:01:45.061Z,0,rayyan@rayyan.ai,164687721,"""__SYSTEM__SAMPLE__919c8339297fb84d71346db9fe115513_15196""",1
2025-02-28T11:01:45.061Z,0,rayyan@rayyan.ai,164692479,"""__SYSTEM__SAMPLE__919c8339297fb84d71346db9fe115513_15196""",1
2025-02-28T11:01:45.061Z,0,rayyan@rayyan.ai,153487125,"""__SYSTEM__SAMPLE__919c8339297fb84d71346db9fe115513_15196""",1
2025-02-28T11:01:45.061Z,0,rayyan@rayyan.ai,153486206,"""__SYSTEM__SAMPLE__919c8339297fb84d71346db9fe115513_15196""",1
2025-02-28T11:01:45.061Z,0,rayyan@rayyan.ai,164685765,"""__SYSTEM__SAMPLE__919c8339297fb84d71346db9fe115513_15196""",1
2025-02-28T11:01:45.061Z,0,rayyan@rayyan.ai,153490958,"""__SYSTEM__SAMPLE__919c8339297fb84d71346db9fe115513_15196""",1
2025-02-28T11:01:45.061Z,0,rayyan@rayyan.ai,164698289,"""__SYSTEM__SAMPLE__919c8339297fb84d71346db9fe115513_15196""",1
2025-02-28T11:01:45.061Z,0,rayyan@rayyan.ai,153486012,"""__SYSTEM__SAMPLE__919c8339297fb84d71346db9fe115513_15196""",1
2025-02-28T11:01:45.061Z,0,rayyan@rayyan.ai,164689151,"""__SYSTEM__SAMPLE__919c8339297fb84d71346db9fe115513_15196""",1
2025-02-28T11:01:45.061Z,0,rayyan@rayyan.ai,164692437,"""__SYSTEM__SAMPLE__919c8339297fb84d71346db9fe115513_15196""",1
2025-02-28T11:01:45.061Z,0,rayyan@rayyan.ai,153496043,"""__SYSTEM__SAMPLE__919c8339297fb84d71346db9fe115513_15196""",1
2025-02-28T11:01:45.061Z,0,rayyan@rayyan.ai,153490193,"""__SYSTEM__SAMPLE__919c8339297fb84d71346db9fe115513_15196""",1
2025-02-28T11:01:45.061Z,0,rayyan@rayyan.ai,164693905,"""__SYSTEM__SAMPLE__919c8339297fb84d71346db9fe115513_15196""",1
2025-02-28T11:01:45.061Z,0,rayyan@rayyan.ai,153489944,"""__SYSTEM__SAMPLE__919c8339297fb84d71346db9fe115513_15196""",1
2025-02-28T11:01:45.061Z,0,rayyan@rayyan.ai,153499261,"""__SYSTEM__SAMPLE__919c8339297fb84d71346db9fe115513_15196""",1
2025-02-28T11:01:45.061Z,0,rayyan@rayyan.ai,153488280,"""__SYSTEM__SAMPLE__919c8339297fb84d71346db9fe115513_15196""",1
2025-02-28T11:01:45.061Z,0,rayyan@rayyan.ai,164695704,"""__SYSTEM__SAMPLE__919c8339297fb84d71346db9fe115513_15196""",1
2025-02-28T11:01:45.061Z,0,rayyan@rayyan.ai,164691300,"""__SYSTEM__SAMPLE__919c8339297fb84d71346db9fe115513_15196""",1
2025-02-28T11:01:45.061Z,0,rayyan@rayyan.ai,153495361,"""__SYSTEM__SAMPLE__919c8339297fb84d71346db9fe115513_15196""",1
2025-02-28T11:01:45.061Z,0,rayyan@rayyan.ai,164692970,"""__SYSTEM__SAMPLE__919c8339297fb84d71346db9fe115513_15196""",1
2025-02-28T11:01:45.061Z,0,rayyan@rayyan.ai,153495822,"""__SYSTEM__SAMPLE__919c8339297fb84d71346db9fe115513_15196""",1
2025-02-28T11:01:45.061Z,0,rayyan@rayyan.ai,153499042,"""__SYSTEM__SAMPLE__919c8339297fb84d71346db9fe115513_15196""",1
2025-02-28T11:01:45.061Z,0,rayyan@rayyan.ai,153488236,"""__SYSTEM__SAMPLE__919c8339297fb84d71346db9fe115513_15196""",1
2025-02-28T11:01:45.061Z,0,rayyan@rayyan.ai,153485383,"""__SYSTEM__SAMPLE__919c8339297fb84d71346db9fe115513_15196""",1
2025-02-28T11:01:45.061Z,0,rayyan@rayyan.ai,153492747,"""__SYSTEM__SAMPLE__919c8339297fb84d71346db9fe115513_15196""",1
2025-02-28T11:01:45.061Z,0,rayyan@rayyan.ai,153493061,"""__SYSTEM__SAMPLE__919c8339297fb84d71346db9fe115513_15196""",1
2025-02-28T11:01:45.061Z,0,rayyan@rayyan.ai,153491222,"""__SYSTEM__SAMPLE__919c8339297fb84d71346db9fe115513_15196""",1
2025-02-28T11:01:45.061Z,0,rayyan@rayyan.ai,164696300,"""__SYSTEM__SAMPLE__919c8339297fb84d71346db9fe115513_15196""",1
2025-02-28T11:01:45.061Z,0,rayyan@rayyan.ai,153495150,"""__SYSTEM__SAMPLE__919c8339297fb84d71346db9fe115513_15196""",1
2025-02-28T11:01:45.061Z,0,rayyan@rayyan.ai,164698502,"""__SYSTEM__SAMPLE__919c8339297fb84d71346db9fe115513_15196""",1
2025-02-28T11:01:45.061Z,0,rayyan@rayyan.ai,164694140,"""__SYSTEM__SAMPLE__919c8339297fb84d71346db9fe115513_15196""",1
2025-02-28T11:01:45.061Z,0,rayyan@rayyan.ai,153486799,"""__SYSTEM__SAMPLE__919c8339297fb84d71346db9fe115513_15196""",1
2025-02-28T11:01:45.061Z,0,rayyan@rayyan.ai,164697020,"""__SYSTEM__SAMPLE__919c8339297fb84d71346db9fe115513_15196""",1
2025-02-28T11:01:45.061Z,0,rayyan@rayyan.ai,164697349,"""__SYSTEM__SAMPLE__919c8339297fb84d71346db9fe115513_15196""",1
2025-02-28T11:01:45.061Z,0,rayyan@rayyan.ai,153496293,"""__SYSTEM__SAMPLE__919c8339297fb84d71346db9fe115513_15196""",1
2025-02-28T11:01:45.061Z,0,rayyan@rayyan.ai,153496828,"""__SYSTEM__SAMPLE__919c8339297fb84d71346db9fe115513_15196""",1
2025-02-28T11:01:45.061Z,0,rayyan@rayyan.ai,153488942,"""__SYSTEM__SAMPLE__919c8339297fb84d71346db9fe115513_15196""",1
2025-02-28T11:01:45.061Z,0,rayyan@rayyan.ai,153489306,"""__SYSTEM__SAMPLE__919c8339297fb84d71346db9fe115513_15196""",1
2025-02-28T11:01:45.061Z,0,rayyan@rayyan.ai,153496333,"""__SYSTEM__SAMPLE__919c8339297fb84d71346db9fe115513_15196""",1
2025-02-28T11:01:45.061Z,0,rayyan@rayyan.ai,153497986,"""__SYSTEM__SAMPLE__919c8339297fb84d71346db9fe115513_15196""",1
2025-02-28T11:01:45.061Z,0,rayyan@rayyan.ai,153494319,"""__SYSTEM__SAMPLE__919c8339297fb84d71346db9fe115513_15196""",1
2025-02-28T11:01:45.061Z,0,rayyan@rayyan.ai,164700714,"""__SYSTEM__SAMPLE__919c8339297fb84d71346db9fe115513_15196""",1
2025-02-28T11:01:45.061Z,0,rayyan@rayyan.ai,164702611,"""__SYSTEM__SAMPLE__919c8339297fb84d71346db9fe115513_15196""",1
2025-02-28T11:01:45.061Z,0,rayyan@rayyan.ai,153496226,"""__SYSTEM__SAMPLE__919c8339297fb84d71346db9fe115513_15196""",1
2025-02-28T11:01:45.061Z,0,rayyan@rayyan.ai,164703739,"""__SYSTEM__SAMPLE__919c8339297fb84d71346db9fe115513_15196""",1
2025-02-28T11:01:45.133Z,0,rayyan@rayyan.ai,164691119,"""__SYSTEM__SAMPLE__919c8339297fb84d71346db9fe115513_15196""",1
2025-02-28T11:01:45.133Z,0,rayyan@rayyan.ai,164695953,"""__SYSTEM__SAMPLE__919c8339297fb84d71346db9fe115513_15196""",1
2025-02-28T11:01:45.133Z,0,rayyan@rayyan.ai,164695399,"""__SYSTEM__SAMPLE__919c8339297fb84d71346db9fe115513_15196""",1
2025-02-28T11:01:45.133Z,0,rayyan@rayyan.ai,153497855,"""__SYSTEM__SAMPLE__919c8339297fb84d71346db9fe115513_15196""",1
2025-02-28T11:01:45.133Z,0,rayyan@rayyan.ai,153497875,"""__SYSTEM__SAMPLE__919c8339297fb84d71346db9fe115513_15196""",1
2025-02-28T11:01:45.133Z,0,rayyan@rayyan.ai,153487842,"""__SYSTEM__SAMPLE__919c8339297fb84d71346db9fe115513_15196""",1
2025-02-28T11:01:45.133Z,0,rayyan@rayyan.ai,153491580,"""__SYSTEM__SAMPLE__919c8339297fb84d71346db9fe115513_15196""",1
2025-02-28T11:01:45.133Z,0,rayyan@rayyan.ai,164692298,"""__SYSTEM__SAMPLE__919c8339297fb84d71346db9fe115513_15196""",1
2025-02-28T11:01:45.133Z,0,rayyan@rayyan.ai,153496512,"""__SYSTEM__SAMPLE__919c8339297fb84d71346db9fe115513_15196""",1
2025-02-28T11:01:45.133Z,0,rayyan@rayyan.ai,164704337,"""__SYSTEM__SAMPLE__919c8339297fb84d71346db9fe115513_15196""",1
2025-02-28T11:01:45.133Z,0,rayyan@rayyan.ai,153493637,"""__SYSTEM__SAMPLE__919c8339297fb84d71346db9fe115513_15196""",1
2025-02-28T11:01:45.133Z,0,rayyan@rayyan.ai,164689566,"""__SYSTEM__SAMPLE__919c8339297fb84d71346db9fe115513_15196""",1
2025-02-28T11:01:45.133Z,0,rayyan@rayyan.ai,153485563,"""__SYSTEM__SAMPLE__919c8339297fb84d71346db9fe115513_15196""",1
2025-02-28T11:01:45.133Z,0,rayyan@rayyan.ai,153486904,"""__SYSTEM__SAMPLE__919c8339297fb84d71346db9fe115513_15196""",1
2025-02-28T11:01:45.133Z,0,rayyan@rayyan.ai,164689130,"""__SYSTEM__SAMPLE__919c8339297fb84d71346db9fe115513_15196""",1
2025-02-28T11:01:45.133Z,0,rayyan@rayyan.ai,153489059,"""__SYSTEM__SAMPLE__919c8339297fb84d71346db9fe115513_15196""",1
2025-02-28T11:01:45.133Z,0,rayyan@rayyan.ai,164705756,"""__SYSTEM__SAMPLE__919c8339297fb84d71346db9fe115513_15196""",1
2025-02-28T11:01:45.133Z,0,rayyan@rayyan.ai,164704152,"""__SYSTEM__SAMPLE__919c8339297fb84d71346db9fe115513_15196""",1
2025-02-28T11:01:45.133Z,0,rayyan@rayyan.ai,153498051,"""__SYSTEM__SAMPLE__919c8339297fb84d71346db9fe115513_15196""",1
2025-02-28T11:01:45.133Z,0,rayyan@rayyan.ai,164697974,"""__SYSTEM__SAMPLE__919c8339297fb84d71346db9fe115513_15196""",1
2025-02-28T11:01:45.133Z,0,rayyan@rayyan.ai,153493401,"""__SYSTEM__SAMPLE__919c8339297fb84d71346db9fe115513_15196""",1
2025-02-28T11:01:45.133Z,0,rayyan@rayyan.ai,153493700,"""__SYSTEM__SAMPLE__919c8339297fb84d71346db9fe115513_15196""",1
2025-02-28T11:01:45.133Z,0,rayyan@rayyan.ai,164694177,"""__SYSTEM__SAMPLE__919c8339297fb84d71346db9fe115513_15196""",1
2025-02-28T11:01:45.133Z,0,rayyan@rayyan.ai,164693077,"""__SYSTEM__SAMPLE__919c8339297fb84d71346db9fe115513_15196""",1
2025-02-28T11:01:45.133Z,0,rayyan@rayyan.ai,164705576,"""__SYSTEM__SAMPLE__919c8339297fb84d71346db9fe115513_15196""",1
2025-02-28T11:01:45.133Z,0,rayyan@rayyan.ai,153489597,"""__SYSTEM__SAMPLE__919c8339297fb84d71346db9fe115513_15196""",1
2025-02-28T11:01:45.133Z,0,rayyan@rayyan.ai,153495355,"""__SYSTEM__SAMPLE__919c8339297fb84d71346db9fe115513_15196""",1
2025-02-28T11:01:45.133Z,0,rayyan@rayyan.ai,164696439,"""__SYSTEM__SAMPLE__919c8339297fb84d71346db9fe115513_15196""",1
2025-02-28T11:01:45.133Z,0,rayyan@rayyan.ai,164686649,"""__SYSTEM__SAMPLE__919c8339297fb84d71346db9fe115513_15196""",1
2025-02-28T11:01:45.133Z,0,rayyan@rayyan.ai,153490972,"""__SYSTEM__SAMPLE__919c8339297fb84d71346db9fe115513_15196""",1
2025-02-28T11:01:45.133Z,0,rayyan@rayyan.ai,153488591,"""__SYSTEM__SAMPLE__919c8339297fb84d71346db9fe115513_15196""",1
2025-02-28T11:01:45.133Z,0,rayyan@rayyan.ai,153496529,"""__SYSTEM__SAMPLE__919c8339297fb84d71346db9fe115513_15196""",1
2025-02-28T11:01:45.133Z,0,rayyan@rayyan.ai,164704717,"""__SYSTEM__SAMPLE__919c8339297fb84d71346db9fe115513_15196""",1
2025-02-28T11:01:45.133Z,0,rayyan@rayyan.ai,153493116,"""__SYSTEM__SAMPLE__919c8339297fb84d71346db9fe115513_15196""",1
2025-02-28T11:01:45.133Z,0,rayyan@rayyan.ai,153491851,"""__SYSTEM__SAMPLE__919c8339297fb84d71346db9fe115513_15196""",1
2025-02-28T11:01:45.133Z,0,rayyan@rayyan.ai,153489520,"""__SYSTEM__SAMPLE__919c8339297fb84d71346db9fe115513_15196""",1
2025-02-28T11:01:45.133Z,0,rayyan@rayyan.ai,164695306,"""__SYSTEM__SAMPLE__919c8339297fb84d71346db9fe115513_15196""",1
2025-02-28T11:01:45.133Z,0,rayyan@rayyan.ai,153496091,"""__SYSTEM__SAMPLE__919c8339297fb84d71346db9fe115513_15196""",1
2025-02-28T11:01:45.133Z,0,rayyan@rayyan.ai,153488250,"""__SYSTEM__SAMPLE__919c8339297fb84d71346db9fe115513_15196""",1
2025-02-28T11:01:45.133Z,0,rayyan@rayyan.ai,153487148,"""__SYSTEM__SAMPLE__919c8339297fb84d71346db9fe115513_15196""",1
2025-02-28T11:01:45.133Z,0,rayyan@rayyan.ai,153496682,"""__SYSTEM__SAMPLE__919c8339297fb84d71346db9fe115513_15196""",1
2025-02-28T11:01:45.133Z,0,rayyan@rayyan.ai,153496993,"""__SYSTEM__SAMPLE__919c8339297fb84d71346db9fe115513_15196""",1
2025-02-28T11:01:45.133Z,0,rayyan@rayyan.ai,153493093,"""__SYSTEM__SAMPLE__919c8339297fb84d71346db9fe115513_15196""",1
2025-02-28T11:01:45.133Z,0,rayyan@rayyan.ai,153485370,"""__SYSTEM__SAMPLE__919c8339297fb84d71346db9fe115513_15196""",1
2025-02-28T11:01:45.133Z,0,rayyan@rayyan.ai,164692332,"""__SYSTEM__SAMPLE__919c8339297fb84d71346db9fe115513_15196""",1
2025-02-28T11:01:45.133Z,0,rayyan@rayyan.ai,164702843,"""__SYSTEM__SAMPLE__919c8339297fb84d71346db9fe115513_15196""",1
2025-02-28T11:01:45.133Z,0,rayyan@rayyan.ai,164691467,"""__SYSTEM__SAMPLE__919c8339297fb84d71346db9fe115513_15196""",1
2025-02-28T11:01:45.133Z,0,rayyan@rayyan.ai,164694637,"""__SYSTEM__SAMPLE__919c8339297fb84d71346db9fe115513_15196""",1
2025-02-28T11:01:45.133Z,0,rayyan@rayyan.ai,164684808,"""__SYSTEM__SAMPLE__919c8339297fb84d71346db9fe115513_15196""",1
2025-02-28T11:01:45.133Z,0,rayyan@rayyan.ai,164695694,"""__SYSTEM__SAMPLE__919c8339297fb84d71346db9fe115513_15196""",1
2025-02-28T11:01:45.614Z,0,rayyan@rayyan.ai,153490759,"""__SYSTEM__SAMPLE__919c8339297fb84d71346db9fe115513_15196""",1
2025-02-28T11:01:45.614Z,0,rayyan@rayyan.ai,153490661,"""__SYSTEM__SAMPLE__919c8339297fb84d71346db9fe115513_15196""",1
2025-02-28T11:01:45.614Z,0,rayyan@rayyan.ai,153496020,"""__SYSTEM__SAMPLE__919c8339297fb84d71346db9fe115513_15196""",1
2025-02-28T11:01:45.614Z,0,rayyan@rayyan.ai,153490065,"""__SYSTEM__SAMPLE__919c8339297fb84d71346db9fe115513_15196""",1
2025-02-28T11:01:45.614Z,0,rayyan@rayyan.ai,164705458,"""__SYSTEM__SAMPLE__919c8339297fb84d71346db9fe115513_15196""",1
2025-02-28T11:01:45.614Z,0,rayyan@rayyan.ai,164705777,"""__SYSTEM__SAMPLE__919c8339297fb84d71346db9fe115513_15196""",1
2025-02-28T11:01:45.614Z,0,rayyan@rayyan.ai,153491138,"""__SYSTEM__SAMPLE__919c8339297fb84d71346db9fe115513_15196""",1
2025-02-28T11:01:45.614Z,0,rayyan@rayyan.ai,164701892,"""__SYSTEM__SAMPLE__919c8339297fb84d71346db9fe115513_15196""",1
2025-02-28T11:01:45.614Z,0,rayyan@rayyan.ai,153495454,"""__SYSTEM__SAMPLE__919c8339297fb84d71346db9fe115513_15196""",1
2025-02-28T11:01:45.614Z,0,rayyan@rayyan.ai,164696516,"""__SYSTEM__SAMPLE__919c8339297fb84d71346db9fe115513_15196""",1
2025-02-28T11:01:45.614Z,0,rayyan@rayyan.ai,164706762,"""__SYSTEM__SAMPLE__919c8339297fb84d71346db9fe115513_15196""",1
2025-02-28T11:01:45.614Z,0,rayyan@rayyan.ai,164704664,"""__SYSTEM__SAMPLE__919c8339297fb84d71346db9fe115513_15196""",1
2025-02-28T11:01:45.614Z,0,rayyan@rayyan.ai,164684999,"""__SYSTEM__SAMPLE__919c8339297fb84d71346db9fe115513_15196""",1
2025-02-28T11:01:45.614Z,0,rayyan@rayyan.ai,164692651,"""__SYSTEM__SAMPLE__919c8339297fb84d71346db9fe115513_15196""",1
2025-02-28T11:01:45.614Z,0,rayyan@rayyan.ai,164687775,"""__SYSTEM__SAMPLE__919c8339297fb84d71346db9fe115513_15196""",1
2025-02-28T11:01:45.614Z,0,rayyan@rayyan.ai,164685996,"""__SYSTEM__SAMPLE__919c8339297fb84d71346db9fe115513_15196""",1
2025-02-28T11:01:45.614Z,0,rayyan@rayyan.ai,164706101,"""__SYSTEM__SAMPLE__919c8339297fb84d71346db9fe115513_15196""",1
2025-02-28T11:01:45.614Z,0,rayyan@rayyan.ai,164694024,"""__SYSTEM__SAMPLE__919c8339297fb84d71346db9fe115513_15196""",1
2025-02-28T11:01:45.614Z,0,rayyan@rayyan.ai,153491275,"""__SYSTEM__SAMPLE__919c8339297fb84d71346db9fe115513_15196""",1
2025-02-28T11:01:45.614Z,0,rayyan@rayyan.ai,153486980,"""__SYSTEM__SAMPLE__919c8339297fb84d71346db9fe115513_15196""",1
2025-02-28T11:01:45.614Z,0,rayyan@rayyan.ai,164690805,"""__SYSTEM__SAMPLE__919c8339297fb84d71346db9fe115513_15196""",1
2025-02-28T11:01:45.614Z,0,rayyan@rayyan.ai,164698572,"""__SYSTEM__SAMPLE__919c8339297fb84d71346db9fe115513_15196""",1
2025-02-28T11:01:45.614Z,0,rayyan@rayyan.ai,164705763,"""__SYSTEM__SAMPLE__919c8339297fb84d71346db9fe115513_15196""",1
2025-02-28T11:01:45.614Z,0,rayyan@rayyan.ai,153493857,"""__SYSTEM__SAMPLE__919c8339297fb84d71346db9fe115513_15196""",1
2025-02-28T11:01:45.614Z,0,rayyan@rayyan.ai,153494587,"""__SYSTEM__SAMPLE__919c8339297fb84d71346db9fe115513_15196""",1
2025-02-28T11:01:45.614Z,0,rayyan@rayyan.ai,153485698,"""__SYSTEM__SAMPLE__919c8339297fb84d71346db9fe115513_15196""",1
2025-02-28T11:01:45.614Z,0,rayyan@rayyan.ai,164692716,"""__SYSTEM__SAMPLE__919c8339297fb84d71346db9fe115513_15196""",1
2025-02-28T11:01:45.614Z,0,rayyan@rayyan.ai,164698915,"""__SYSTEM__SAMPLE__919c8339297fb84d71346db9fe115513_15196""",1
2025-02-28T11:01:45.614Z,0,rayyan@rayyan.ai,164702347,"""__SYSTEM__SAMPLE__919c8339297fb84d71346db9fe115513_15196""",1
2025-02-28T11:01:45.614Z,0,rayyan@rayyan.ai,153498316,"""__SYSTEM__SAMPLE__919c8339297fb84d71346db9fe115513_15196""",1
2025-02-28T11:01:45.614Z,0,rayyan@rayyan.ai,164694697,"""__SYSTEM__SAMPLE__919c8339297fb84d71346db9fe115513_15196""",1
2025-02-28T11:01:45.614Z,0,rayyan@rayyan.ai,153497099,"""__SYSTEM__SAMPLE__919c8339297fb84d71346db9fe115513_15196""",1
2025-02-28T11:01:45.614Z,0,rayyan@rayyan.ai,164704946,"""__SYSTEM__SAMPLE__919c8339297fb84d71346db9fe115513_15196""",1
2025-02-28T11:01:45.614Z,0,rayyan@rayyan.ai,164705761,"""__SYSTEM__SAMPLE__919c8339297fb84d71346db9fe115513_15196""",1
2025-02-28T11:01:45.614Z,0,rayyan@rayyan.ai,164702073,"""__SYSTEM__SAMPLE__919c8339297fb84d71346db9fe115513_15196""",1
2025-02-28T11:01:45.614Z,0,rayyan@rayyan.ai,164704000,"""__SYSTEM__SAMPLE__919c8339297fb84d71346db9fe115513_15196""",1
2025-02-28T11:01:45.614Z,0,rayyan@rayyan.ai,164701940,"""__SYSTEM__SAMPLE__919c8339297fb84d71346db9fe115513_15196""",1
2025-02-28T11:01:45.614Z,0,rayyan@rayyan.ai,153491021,"""__SYSTEM__SAMPLE__919c8339297fb84d71346db9fe115513_15196""",1
2025-02-28T11:01:45.614Z,0,rayyan@rayyan.ai,164684316,"""__SYSTEM__SAMPLE__919c8339297fb84d71346db9fe115513_15196""",1
2025-02-28T11:01:45.614Z,0,rayyan@rayyan.ai,153494879,"""__SYSTEM__SAMPLE__919c8339297fb84d71346db9fe115513_15196""",1
2025-02-28T11:01:45.614Z,0,rayyan@rayyan.ai,153491334,"""__SYSTEM__SAMPLE__919c8339297fb84d71346db9fe115513_15196""",1
2025-02-28T11:01:45.614Z,0,rayyan@rayyan.ai,153499094,"""__SYSTEM__SAMPLE__919c8339297fb84d71346db9fe115513_15196""",1
2025-02-28T11:01:45.614Z,0,rayyan@rayyan.ai,164686490,"""__SYSTEM__SAMPLE__919c8339297fb84d71346db9fe115513_15196""",1
2025-02-28T11:01:45.614Z,0,rayyan@rayyan.ai,153489403,"""__SYSTEM__SAMPLE__919c8339297fb84d71346db9fe115513_15196""",1
2025-02-28T11:01:45.614Z,0,rayyan@rayyan.ai,153488553,"""__SYSTEM__SAMPLE__919c8339297fb84d71346db9fe115513_15196""",1
2025-02-28T11:01:45.614Z,0,rayyan@rayyan.ai,164693305,"""__SYSTEM__SAMPLE__919c8339297fb84d71346db9fe115513_15196""",1
2025-02-28T11:01:45.614Z,0,rayyan@rayyan.ai,164700273,"""__SYSTEM__SAMPLE__919c8339297fb84d71346db9fe115513_15196""",1
2025-02-28T11:01:45.614Z,0,rayyan@rayyan.ai,153491982,"""__SYSTEM__SAMPLE__919c8339297fb84d71346db9fe115513_15196""",1
2025-02-28T11:01:45.614Z,0,rayyan@rayyan.ai,153487850,"""__SYSTEM__SAMPLE__919c8339297fb84d71346db9fe115513_15196""",1
2025-02-28T11:01:45.614Z,0,rayyan@rayyan.ai,153489416,"""__SYSTEM__SAMPLE__919c8339297fb84d71346db9fe115513_15196""",1
2025-02-28T11:01:45.730Z,0,rayyan@rayyan.ai,164690808,"""__SYSTEM__SAMPLE__919c8339297fb84d71346db9fe115513_15196""",1
2025-02-28T11:01:45.730Z,0,rayyan@rayyan.ai,164695301,"""__SYSTEM__SAMPLE__919c8339297fb84d71346db9fe115513_15196""",1
2025-02-28T11:01:45.730Z,0,rayyan@rayyan.ai,153491937,"""__SYSTEM__SAMPLE__919c8339297fb84d71346db9fe115513_15196""",1
2025-02-28T11:01:45.730Z,0,rayyan@rayyan.ai,164687237,"""__SYSTEM__SAMPLE__919c8339297fb84d71346db9fe115513_15196""",1
2025-02-28T11:01:45.730Z,0,rayyan@rayyan.ai,153497035,"""__SYSTEM__SAMPLE__919c8339297fb84d71346db9fe115513_15196""",1
2025-02-28T11:01:45.730Z,0,rayyan@rayyan.ai,164688374,"""__SYSTEM__SAMPLE__919c8339297fb84d71346db9fe115513_15196""",1
2025-02-28T11:01:45.730Z,0,rayyan@rayyan.ai,164698645,"""__SYSTEM__SAMPLE__919c8339297fb84d71346db9fe115513_15196""",1
2025-02-28T11:01:45.730Z,0,rayyan@rayyan.ai,164687073,"""__SYSTEM__SAMPLE__919c8339297fb84d71346db9fe115513_15196""",1
2025-02-28T11:01:45.730Z,0,rayyan@rayyan.ai,153492901,"""__SYSTEM__SAMPLE__919c8339297fb84d71346db9fe115513_15196""",1
2025-02-28T11:01:45.730Z,0,rayyan@rayyan.ai,153493294,"""__SYSTEM__SAMPLE__919c8339297fb84d71346db9fe115513_15196""",1
2025-02-28T11:01:45.730Z,0,rayyan@rayyan.ai,164688720,"""__SYSTEM__SAMPLE__919c8339297fb84d71346db9fe115513_15196""",1
2025-02-28T11:01:45.730Z,0,rayyan@rayyan.ai,164701458,"""__SYSTEM__SAMPLE__919c8339297fb84d71346db9fe115513_15196""",1
2025-02-28T11:01:45.730Z,0,rayyan@rayyan.ai,153496660,"""__SYSTEM__SAMPLE__919c8339297fb84d71346db9fe115513_15196""",1
2025-02-28T11:01:45.730Z,0,rayyan@rayyan.ai,164696775,"""__SYSTEM__SAMPLE__919c8339297fb84d71346db9fe115513_15196""",1
2025-02-28T11:01:45.730Z,0,rayyan@rayyan.ai,164691198,"""__SYSTEM__SAMPLE__919c8339297fb84d71346db9fe115513_15196""",1
2025-02-28T11:01:45.730Z,0,rayyan@rayyan.ai,153497547,"""__SYSTEM__SAMPLE__919c8339297fb84d71346db9fe115513_15196""",1
2025-02-28T11:01:45.730Z,0,rayyan@rayyan.ai,153487214,"""__SYSTEM__SAMPLE__919c8339297fb84d71346db9fe115513_15196""",1
2025-02-28T11:01:45.730Z,0,rayyan@rayyan.ai,153491833,"""__SYSTEM__SAMPLE__919c8339297fb84d71346db9fe115513_15196""",1
2025-02-28T11:01:45.730Z,0,rayyan@rayyan.ai,164697095,"""__SYSTEM__SAMPLE__919c8339297fb84d71346db9fe115513_15196""",1
2025-02-28T11:01:45.730Z,0,rayyan@rayyan.ai,153492560,"""__SYSTEM__SAMPLE__919c8339297fb84d71346db9fe115513_15196""",1
2025-02-28T11:01:45.730Z,0,rayyan@rayyan.ai,153490669,"""__SYSTEM__SAMPLE__919c8339297fb84d71346db9fe115513_15196""",1
2025-02-28T11:01:45.730Z,0,rayyan@rayyan.ai,164693064,"""__SYSTEM__SAMPLE__919c8339297fb84d71346db9fe115513_15196""",1
2025-02-28T11:01:45.730Z,0,rayyan@rayyan.ai,153491008,"""__SYSTEM__SAMPLE__919c8339297fb84d71346db9fe115513_15196""",1
2025-02-28T11:01:45.730Z,0,rayyan@rayyan.ai,153494893,"""__SYSTEM__SAMPLE__919c8339297fb84d71346db9fe115513_15196""",1
2025-02-28T11:01:45.730Z,0,rayyan@rayyan.ai,153493198,"""__SYSTEM__SAMPLE__919c8339297fb84d71346db9fe115513_15196""",1
2025-02-28T11:01:45.730Z,0,rayyan@rayyan.ai,164707073,"""__SYSTEM__SAMPLE__919c8339297fb84d71346db9fe115513_15196""",1
2025-02-28T11:01:45.730Z,0,rayyan@rayyan.ai,153490830,"""__SYSTEM__SAMPLE__919c8339297fb84d71346db9fe115513_15196""",1
2025-02-28T11:01:45.730Z,0,rayyan@rayyan.ai,164693566,"""__SYSTEM__SAMPLE__919c8339297fb84d71346db9fe115513_15196""",1
2025-02-28T11:01:45.730Z,0,rayyan@rayyan.ai,164703696,"""__SYSTEM__SAMPLE__919c8339297fb84d71346db9fe115513_15196""",1
2025-02-28T11:01:45.730Z,0,rayyan@rayyan.ai,164697448,"""__SYSTEM__SAMPLE__919c8339297fb84d71346db9fe115513_15196""",1
2025-02-28T11:01:45.730Z,0,rayyan@rayyan.ai,164695010,"""__SYSTEM__SAMPLE__919c8339297fb84d71346db9fe115513_15196""",1
2025-02-28T11:01:45.730Z,0,rayyan@rayyan.ai,153492115,"""__SYSTEM__SAMPLE__919c8339297fb84d71346db9fe115513_15196""",1
2025-02-28T11:01:45.730Z,0,rayyan@rayyan.ai,153489109,"""__SYSTEM__SAMPLE__919c8339297fb84d71346db9fe115513_15196""",1
2025-02-28T11:01:45.730Z,0,rayyan@rayyan.ai,164705353,"""__SYSTEM__SAMPLE__919c8339297fb84d71346db9fe115513_15196""",1
2025-02-28T11:01:45.730Z,0,rayyan@rayyan.ai,153486761,"""__SYSTEM__SAMPLE__919c8339297fb84d71346db9fe115513_15196""",1
2025-02-28T11:01:45.730Z,0,rayyan@rayyan.ai,153497104,"""__SYSTEM__SAMPLE__919c8339297fb84d71346db9fe115513_15196""",1
2025-02-28T11:01:45.730Z,0,rayyan@rayyan.ai,164702813,"""__SYSTEM__SAMPLE__919c8339297fb84d71346db9fe115513_15196""",1
2025-02-28T11:01:45.730Z,0,rayyan@rayyan.ai,153488192,"""__SYSTEM__SAMPLE__919c8339297fb84d71346db9fe115513_15196""",1
2025-02-28T11:01:45.730Z,0,rayyan@rayyan.ai,164706955,"""__SYSTEM__SAMPLE__919c8339297fb84d71346db9fe115513_15196""",1
2025-02-28T11:01:45.730Z,0,rayyan@rayyan.ai,164694285,"""__SYSTEM__SAMPLE__919c8339297fb84d71346db9fe115513_15196""",1
2025-02-28T11:01:45.730Z,0,rayyan@rayyan.ai,164698489,"""__SYSTEM__SAMPLE__919c8339297fb84d71346db9fe115513_15196""",1
2025-02-28T11:01:45.730Z,0,rayyan@rayyan.ai,153488585,"""__SYSTEM__SAMPLE__919c8339297fb84d71346db9fe115513_15196""",1
2025-02-28T11:01:45.730Z,0,rayyan@rayyan.ai,153485688,"""__SYSTEM__SAMPLE__919c8339297fb84d71346db9fe115513_15196""",1
2025-02-28T11:01:45.730Z,0,rayyan@rayyan.ai,153498973,"""__SYSTEM__SAMPLE__919c8339297fb84d71346db9fe115513_15196""",1
2025-02-28T11:01:45.730Z,0,rayyan@rayyan.ai,164695749,"""__SYSTEM__SAMPLE__919c8339297fb84d71346db9fe115513_15196""",1
2025-02-28T11:01:45.730Z,0,rayyan@rayyan.ai,153495527,"""__SYSTEM__SAMPLE__919c8339297fb84d71346db9fe115513_15196""",1
2025-02-28T11:01:45.730Z,0,rayyan@rayyan.ai,164706760,"""__SYSTEM__SAMPLE__919c8339297fb84d71346db9fe115513_15196""",1
2025-02-28T11:01:45.730Z,0,rayyan@rayyan.ai,164704469,"""__SYSTEM__SAMPLE__919c8339297fb84d71346db9fe115513_15196""",1
2025-02-28T11:01:45.730Z,0,rayyan@rayyan.ai,164706457,"""__SYSTEM__SAMPLE__919c8339297fb84d71346db9fe115513_15196""",1
2025-02-28T11:01:45.762Z,0,rayyan@rayyan.ai,164690622,"""__SYSTEM__SAMPLE__919c8339297fb84d71346db9fe115513_15196""",1
2025-02-28T11:01:45.762Z,0,rayyan@rayyan.ai,153489731,"""__SYSTEM__SAMPLE__919c8339297fb84d71346db9fe115513_15196""",1
2025-02-28T11:01:45.762Z,0,rayyan@rayyan.ai,164686064,"""__SYSTEM__SAMPLE__919c8339297fb84d71346db9fe115513_15196""",1
2025-02-28T11:01:45.762Z,0,rayyan@rayyan.ai,164699981,"""__SYSTEM__SAMPLE__919c8339297fb84d71346db9fe115513_15196""",1
2025-02-28T11:01:45.762Z,0,rayyan@rayyan.ai,153492209,"""__SYSTEM__SAMPLE__919c8339297fb84d71346db9fe115513_15196""",1
2025-02-28T11:01:45.762Z,0,rayyan@rayyan.ai,164689341,"""__SYSTEM__SAMPLE__919c8339297fb84d71346db9fe115513_15196""",1
2025-02-28T11:01:45.762Z,0,rayyan@rayyan.ai,164687631,"""__SYSTEM__SAMPLE__919c8339297fb84d71346db9fe115513_15196""",1
2025-02-28T11:01:45.762Z,0,rayyan@rayyan.ai,153491086,"""__SYSTEM__SAMPLE__919c8339297fb84d71346db9fe115513_15196""",1
2025-02-28T11:01:45.762Z,0,rayyan@rayyan.ai,164702633,"""__SYSTEM__SAMPLE__919c8339297fb84d71346db9fe115513_15196""",1
2025-02-28T11:01:45.762Z,0,rayyan@rayyan.ai,164691336,"""__SYSTEM__SAMPLE__919c8339297fb84d71346db9fe115513_15196""",1
2025-02-28T11:01:45.762Z,0,rayyan@rayyan.ai,164693237,"""__SYSTEM__SAMPLE__919c8339297fb84d71346db9fe115513_15196""",1
2025-02-28T11:01:45.762Z,0,rayyan@rayyan.ai,153487399,"""__SYSTEM__SAMPLE__919c8339297fb84d71346db9fe115513_15196""",1
2025-02-28T11:01:45.762Z,0,rayyan@rayyan.ai,153491604,"""__SYSTEM__SAMPLE__919c8339297fb84d71346db9fe115513_15196""",1
2025-02-28T11:01:45.762Z,0,rayyan@rayyan.ai,153498231,"""__SYSTEM__SAMPLE__919c8339297fb84d71346db9fe115513_15196""",1
2025-02-28T11:01:45.762Z,0,rayyan@rayyan.ai,164699617,"""__SYSTEM__SAMPLE__919c8339297fb84d71346db9fe115513_15196""",1
2025-02-28T11:01:45.762Z,0,rayyan@rayyan.ai,153498648,"""__SYSTEM__SAMPLE__919c8339297fb84d71346db9fe115513_15196""",1
2025-02-28T11:01:45.762Z,0,rayyan@rayyan.ai,153493854,"""__SYSTEM__SAMPLE__919c8339297fb84d71346db9fe115513_15196""",1
2025-02-28T11:01:45.762Z,0,rayyan@rayyan.ai,164691110,"""__SYSTEM__SAMPLE__919c8339297fb84d71346db9fe115513_15196""",1
2025-02-28T11:01:45.762Z,0,rayyan@rayyan.ai,164704560,"""__SYSTEM__SAMPLE__919c8339297fb84d71346db9fe115513_15196""",1
2025-02-28T11:01:45.762Z,0,rayyan@rayyan.ai,153496736,"""__SYSTEM__SAMPLE__919c8339297fb84d71346db9fe115513_15196""",1
2025-02-28T11:01:45.762Z,0,rayyan@rayyan.ai,164703501,"""__SYSTEM__SAMPLE__919c8339297fb84d71346db9fe115513_15196""",1
2025-02-28T11:01:45.762Z,0,rayyan@rayyan.ai,164703263,"""__SYSTEM__SAMPLE__919c8339297fb84d71346db9fe115513_15196""",1
2025-02-28T11:01:45.762Z,0,rayyan@rayyan.ai,164692214,"""__SYSTEM__SAMPLE__919c8339297fb84d71346db9fe115513_15196""",1
2025-02-28T11:01:45.762Z,0,rayyan@rayyan.ai,153497290,"""__SYSTEM__SAMPLE__919c8339297fb84d71346db9fe115513_15196""",1
2025-02-28T11:01:45.762Z,0,rayyan@rayyan.ai,164703706,"""__SYSTEM__SAMPLE__919c8339297fb84d71346db9fe115513_15196""",1
2025-02-28T11:01:45.762Z,0,rayyan@rayyan.ai,153490031,"""__SYSTEM__SAMPLE__919c8339297fb84d71346db9fe115513_15196""",1
2025-02-28T11:01:45.762Z,0,rayyan@rayyan.ai,164703462,"""__SYSTEM__SAMPLE__919c8339297fb84d71346db9fe115513_15196""",1
2025-02-28T11:01:45.762Z,0,rayyan@rayyan.ai,164701664,"""__SYSTEM__SAMPLE__919c8339297fb84d71346db9fe115513_15196""",1
2025-02-28T11:01:45.762Z,0,rayyan@rayyan.ai,164700930,"""__SYSTEM__SAMPLE__919c8339297fb84d71346db9fe115513_15196""",1
2025-02-28T11:01:45.762Z,0,rayyan@rayyan.ai,153485282,"""__SYSTEM__SAMPLE__919c8339297fb84d71346db9fe115513_15196""",1
2025-02-28T11:01:45.762Z,0,rayyan@rayyan.ai,164700659,"""__SYSTEM__SAMPLE__919c8339297fb84d71346db9fe115513_15196""",1
2025-02-28T11:01:45.762Z,0,rayyan@rayyan.ai,164692973,"""__SYSTEM__SAMPLE__919c8339297fb84d71346db9fe115513_15196""",1
2025-02-28T11:01:45.762Z,0,rayyan@rayyan.ai,164684084,"""__SYSTEM__SAMPLE__919c8339297fb84d71346db9fe115513_15196""",1
2025-02-28T11:01:45.762Z,0,rayyan@rayyan.ai,164703548,"""__SYSTEM__SAMPLE__919c8339297fb84d71346db9fe115513_15196""",1
2025-02-28T11:01:45.762Z,0,rayyan@rayyan.ai,153495438,"""__SYSTEM__SAMPLE__919c8339297fb84d71346db9fe115513_15196""",1
2025-02-28T11:01:45.762Z,0,rayyan@rayyan.ai,153494190,"""__SYSTEM__SAMPLE__919c8339297fb84d71346db9fe115513_15196""",1
2025-02-28T11:01:45.762Z,0,rayyan@rayyan.ai,153493992,"""__SYSTEM__SAMPLE__919c8339297fb84d71346db9fe115513_15196""",1
2025-02-28T11:01:45.762Z,0,rayyan@rayyan.ai,153494500,"""__SYSTEM__SAMPLE__919c8339297fb84d71346db9fe115513_15196""",1
2025-02-28T11:01:45.762Z,0,rayyan@rayyan.ai,164705337,"""__SYSTEM__SAMPLE__919c8339297fb84d71346db9fe115513_15196""",1
2025-02-28T11:01:45.762Z,0,rayyan@rayyan.ai,164700033,"""__SYSTEM__SAMPLE__919c8339297fb84d71346db9fe115513_15196""",1
2025-02-28T11:01:45.762Z,0,rayyan@rayyan.ai,164704949,"""__SYSTEM__SAMPLE__919c8339297fb84d71346db9fe115513_15196""",1
2025-02-28T11:01:45.762Z,0,rayyan@rayyan.ai,164706793,"""__SYSTEM__SAMPLE__919c8339297fb84d71346db9fe115513_15196""",1
2025-02-28T11:01:45.762Z,0,rayyan@rayyan.ai,153499339,"""__SYSTEM__SAMPLE__919c8339297fb84d71346db9fe115513_15196""",1
2025-02-28T11:01:45.762Z,0,rayyan@rayyan.ai,153489720,"""__SYSTEM__SAMPLE__919c8339297fb84d71346db9fe115513_15196""",1
2025-02-28T11:01:45.762Z,0,rayyan@rayyan.ai,164692267,"""__SYSTEM__SAMPLE__919c8339297fb84d71346db9fe115513_15196""",1
2025-02-28T11:01:45.762Z,0,rayyan@rayyan.ai,153494627,"""__SYSTEM__SAMPLE__919c8339297fb84d71346db9fe115513_15196""",1
2025-02-28T11:01:45.762Z,0,rayyan@rayyan.ai,164699130,"""__SYSTEM__SAMPLE__919c8339297fb84d71346db9fe115513_15196""",1
2025-02-28T11:01:45.762Z,0,rayyan@rayyan.ai,164687575,"""__SYSTEM__SAMPLE__919c8339297fb84d71346db9fe115513_15196""",1
2025-02-28T11:01:45.762Z,0,rayyan@rayyan.ai,153498264,"""__SYSTEM__SAMPLE__919c8339297fb84d71346db9fe115513_15196""",1
2025-02-28T11:01:45.838Z,0,rayyan@rayyan.ai,164696262,"""__SYSTEM__SAMPLE__919c8339297fb84d71346db9fe115513_15196""",1
2025-02-28T11:01:45.838Z,0,rayyan@rayyan.ai,164705303,"""__SYSTEM__SAMPLE__919c8339297fb84d71346db9fe115513_15196""",1
2025-02-28T11:01:45.838Z,0,rayyan@rayyan.ai,153490150,"""__SYSTEM__SAMPLE__919c8339297fb84d71346db9fe115513_15196""",1
2025-02-28T11:01:45.838Z,0,rayyan@rayyan.ai,164700183,"""__SYSTEM__SAMPLE__919c8339297fb84d71346db9fe115513_15196""",1
2025-02-28T11:01:45.838Z,0,rayyan@rayyan.ai,164698387,"""__SYSTEM__SAMPLE__919c8339297fb84d71346db9fe115513_15196""",1
2025-02-28T11:01:45.838Z,0,rayyan@rayyan.ai,153497006,"""__SYSTEM__SAMPLE__919c8339297fb84d71346db9fe115513_15196""",1
2025-02-28T11:01:45.838Z,0,rayyan@rayyan.ai,153486129,"""__SYSTEM__SAMPLE__919c8339297fb84d71346db9fe115513_15196""",1
2025-02-28T11:01:45.838Z,0,rayyan@rayyan.ai,164696001,"""__SYSTEM__SAMPLE__919c8339297fb84d71346db9fe115513_15196""",1
2025-02-28T11:01:45.838Z,0,rayyan@rayyan.ai,164688226,"""__SYSTEM__SAMPLE__919c8339297fb84d71346db9fe115513_15196""",1
2025-02-28T11:01:45.838Z,0,rayyan@rayyan.ai,153492122,"""__SYSTEM__SAMPLE__919c8339297fb84d71346db9fe115513_15196""",1
2025-02-28T11:01:45.838Z,0,rayyan@rayyan.ai,164683841,"""__SYSTEM__SAMPLE__919c8339297fb84d71346db9fe115513_15196""",1
2025-02-28T11:01:45.838Z,0,rayyan@rayyan.ai,153496709,"""__SYSTEM__SAMPLE__919c8339297fb84d71346db9fe115513_15196""",1
2025-02-28T11:01:45.838Z,0,rayyan@rayyan.ai,164706411,"""__SYSTEM__SAMPLE__919c8339297fb84d71346db9fe115513_15196""",1
2025-02-28T11:01:45.838Z,0,rayyan@rayyan.ai,153498981,"""__SYSTEM__SAMPLE__919c8339297fb84d71346db9fe115513_15196""",1
2025-02-28T11:01:45.838Z,0,rayyan@rayyan.ai,153495603,"""__SYSTEM__SAMPLE__919c8339297fb84d71346db9fe115513_15196""",1
2025-02-28T11:01:45.838Z,0,rayyan@rayyan.ai,164704276,"""__SYSTEM__SAMPLE__919c8339297fb84d71346db9fe115513_15196""",1
2025-02-28T11:01:45.838Z,0,rayyan@rayyan.ai,164693218,"""__SYSTEM__SAMPLE__919c8339297fb84d71346db9fe115513_15196""",1
2025-02-28T11:01:45.838Z,0,rayyan@rayyan.ai,153489611,"""__SYSTEM__SAMPLE__919c8339297fb84d71346db9fe115513_15196""",1
2025-02-28T11:01:45.838Z,0,rayyan@rayyan.ai,164689471,"""__SYSTEM__SAMPLE__919c8339297fb84d71346db9fe115513_15196""",1
2025-02-28T11:01:45.838Z,0,rayyan@rayyan.ai,153496978,"""__SYSTEM__SAMPLE__919c8339297fb84d71346db9fe115513_15196""",1
2025-02-28T11:01:45.838Z,0,rayyan@rayyan.ai,164705539,"""__SYSTEM__SAMPLE__919c8339297fb84d71346db9fe115513_15196""",1
2025-02-28T11:01:45.838Z,0,rayyan@rayyan.ai,153495551,"""__SYSTEM__SAMPLE__919c8339297fb84d71346db9fe115513_15196""",1
2025-02-28T11:01:45.838Z,0,rayyan@rayyan.ai,153493286,"""__SYSTEM__SAMPLE__919c8339297fb84d71346db9fe115513_15196""",1
2025-02-28T11:01:45.838Z,0,rayyan@rayyan.ai,153494937,"""__SYSTEM__SAMPLE__919c8339297fb84d71346db9fe115513_15196""",1
2025-02-28T11:01:45.838Z,0,rayyan@rayyan.ai,164702380,"""__SYSTEM__SAMPLE__919c8339297fb84d71346db9fe115513_15196""",1
2025-02-28T11:01:45.838Z,0,rayyan@rayyan.ai,164706486,"""__SYSTEM__SAMPLE__919c8339297fb84d71346db9fe115513_15196""",1
2025-02-28T11:01:45.838Z,0,rayyan@rayyan.ai,164700966,"""__SYSTEM__SAMPLE__919c8339297fb84d71346db9fe115513_15196""",1
2025-02-28T11:01:45.838Z,0,rayyan@rayyan.ai,153488405,"""__SYSTEM__SAMPLE__919c8339297fb84d71346db9fe115513_15196""",1
2025-02-28T11:01:45.838Z,0,rayyan@rayyan.ai,153486030,"""__SYSTEM__SAMPLE__919c8339297fb84d71346db9fe115513_15196""",1
2025-02-28T11:01:45.838Z,0,rayyan@rayyan.ai,153498018,"""__SYSTEM__SAMPLE__919c8339297fb84d71346db9fe115513_15196""",1
2025-02-28T11:01:45.838Z,0,rayyan@rayyan.ai,153491679,"""__SYSTEM__SAMPLE__919c8339297fb84d71346db9fe115513_15196""",1
2025-02-28T11:01:45.838Z,0,rayyan@rayyan.ai,153489980,"""__SYSTEM__SAMPLE__919c8339297fb84d71346db9fe115513_15196""",1
2025-02-28T11:01:45.838Z,0,rayyan@rayyan.ai,164693488,"""__SYSTEM__SAMPLE__919c8339297fb84d71346db9fe115513_15196""",1
2025-02-28T11:01:45.838Z,0,rayyan@rayyan.ai,164703853,"""__SYSTEM__SAMPLE__919c8339297fb84d71346db9fe115513_15196""",1
2025-02-28T11:01:45.838Z,0,rayyan@rayyan.ai,153487665,"""__SYSTEM__SAMPLE__919c8339297fb84d71346db9fe115513_15196""",1
2025-02-28T11:01:45.838Z,0,rayyan@rayyan.ai,153489684,"""__SYSTEM__SAMPLE__919c8339297fb84d71346db9fe115513_15196""",1
2025-02-28T11:01:45.838Z,0,rayyan@rayyan.ai,164695226,"""__SYSTEM__SAMPLE__919c8339297fb84d71346db9fe115513_15196""",1
2025-02-28T11:01:45.838Z,0,rayyan@rayyan.ai,164705124,"""__SYSTEM__SAMPLE__919c8339297fb84d71346db9fe115513_15196""",1
2025-02-28T11:01:45.838Z,0,rayyan@rayyan.ai,153492261,"""__SYSTEM__SAMPLE__919c8339297fb84d71346db9fe115513_15196""",1
2025-02-28T11:01:45.838Z,0,rayyan@rayyan.ai,164705222,"""__SYSTEM__SAMPLE__919c8339297fb84d71346db9fe115513_15196""",1
2025-02-28T11:01:45.838Z,0,rayyan@rayyan.ai,153492183,"""__SYSTEM__SAMPLE__919c8339297fb84d71346db9fe115513_15196""",1
2025-02-28T11:01:45.838Z,0,rayyan@rayyan.ai,153494848,"""__SYSTEM__SAMPLE__919c8339297fb84d71346db9fe115513_15196""",1
2025-02-28T11:01:45.838Z,0,rayyan@rayyan.ai,164702980,"""__SYSTEM__SAMPLE__919c8339297fb84d71346db9fe115513_15196""",1
2025-02-28T11:01:45.838Z,0,rayyan@rayyan.ai,153487074,"""__SYSTEM__SAMPLE__919c8339297fb84d71346db9fe115513_15196""",1
2025-02-28T11:01:45.838Z,0,rayyan@rayyan.ai,153498617,"""__SYSTEM__SAMPLE__919c8339297fb84d71346db9fe115513_15196""",1
2025-02-28T11:01:45.838Z,0,rayyan@rayyan.ai,164685371,"""__SYSTEM__SAMPLE__919c8339297fb84d71346db9fe115513_15196""",1
2025-02-28T11:01:45.838Z,0,rayyan@rayyan.ai,153497881,"""__SYSTEM__SAMPLE__919c8339297fb84d71346db9fe115513_15196""",1
2025-02-28T11:01:45.838Z,0,rayyan@rayyan.ai,153493788,"""__SYSTEM__SAMPLE__919c8339297fb84d71346db9fe115513_15196""",1
2025-02-28T11:01:45.838Z,0,rayyan@rayyan.ai,164687758,"""__SYSTEM__SAMPLE__919c8339297fb84d71346db9fe115513_15196""",1
2025-02-28T11:01:45.838Z,0,rayyan@rayyan.ai,164705058,"""__SYSTEM__SAMPLE__919c8339297fb84d71346db9fe115513_15196""",1
2025-02-28T11:01:45.873Z,0,rayyan@rayyan.ai,164687181,"""__SYSTEM__SAMPLE__919c8339297fb84d71346db9fe115513_15196""",1
2025-02-28T11:01:45.873Z,0,rayyan@rayyan.ai,153488899,"""__SYSTEM__SAMPLE__919c8339297fb84d71346db9fe115513_15196""",1
2025-02-28T11:01:45.873Z,0,rayyan@rayyan.ai,153494218,"""__SYSTEM__SAMPLE__919c8339297fb84d71346db9fe115513_15196""",1
2025-02-28T11:01:45.873Z,0,rayyan@rayyan.ai,153490118,"""__SYSTEM__SAMPLE__919c8339297fb84d71346db9fe115513_15196""",1
2025-02-28T11:01:45.873Z,0,rayyan@rayyan.ai,164696970,"""__SYSTEM__SAMPLE__919c8339297fb84d71346db9fe115513_15196""",1
2025-02-28T11:01:45.873Z,0,rayyan@rayyan.ai,153496909,"""__SYSTEM__SAMPLE__919c8339297fb84d71346db9fe115513_15196""",1
2025-02-28T11:01:45.873Z,0,rayyan@rayyan.ai,153489288,"""__SYSTEM__SAMPLE__919c8339297fb84d71346db9fe115513_15196""",1
2025-02-28T11:01:45.873Z,0,rayyan@rayyan.ai,164690779,"""__SYSTEM__SAMPLE__919c8339297fb84d71346db9fe115513_15196""",1
2025-02-28T11:01:45.873Z,0,rayyan@rayyan.ai,164705308,"""__SYSTEM__SAMPLE__919c8339297fb84d71346db9fe115513_15196""",1
2025-02-28T11:01:45.873Z,0,rayyan@rayyan.ai,164687503,"""__SYSTEM__SAMPLE__919c8339297fb84d71346db9fe115513_15196""",1
2025-02-28T11:01:45.873Z,0,rayyan@rayyan.ai,164700668,"""__SYSTEM__SAMPLE__919c8339297fb84d71346db9fe115513_15196""",1
2025-02-28T11:01:45.873Z,0,rayyan@rayyan.ai,153488077,"""__SYSTEM__SAMPLE__919c8339297fb84d71346db9fe115513_15196""",1
2025-02-28T11:01:45.873Z,0,rayyan@rayyan.ai,153496140,"""__SYSTEM__SAMPLE__919c8339297fb84d71346db9fe115513_15196""",1
2025-02-28T11:01:45.873Z,0,rayyan@rayyan.ai,164700858,"""__SYSTEM__SAMPLE__919c8339297fb84d71346db9fe115513_15196""",1
2025-02-28T11:01:45.873Z,0,rayyan@rayyan.ai,153496479,"""__SYSTEM__SAMPLE__919c8339297fb84d71346db9fe115513_15196""",1
2025-02-28T11:01:45.873Z,0,rayyan@rayyan.ai,164705190,"""__SYSTEM__SAMPLE__919c8339297fb84d71346db9fe115513_15196""",1
2025-02-28T11:01:45.873Z,0,rayyan@rayyan.ai,153493546,"""__SYSTEM__SAMPLE__919c8339297fb84d71346db9fe115513_15196""",1
2025-02-28T11:01:45.873Z,0,rayyan@rayyan.ai,164686185,"""__SYSTEM__SAMPLE__919c8339297fb84d71346db9fe115513_15196""",1
2025-02-28T11:01:45.873Z,0,rayyan@rayyan.ai,153491525,"""__SYSTEM__SAMPLE__919c8339297fb84d71346db9fe115513_15196""",1
2025-02-28T11:01:45.873Z,0,rayyan@rayyan.ai,153485983,"""__SYSTEM__SAMPLE__919c8339297fb84d71346db9fe115513_15196""",1
2025-02-28T11:01:45.873Z,0,rayyan@rayyan.ai,153487092,"""__SYSTEM__SAMPLE__919c8339297fb84d71346db9fe115513_15196""",1
2025-02-28T11:01:45.873Z,0,rayyan@rayyan.ai,153488865,"""__SYSTEM__SAMPLE__919c8339297fb84d71346db9fe115513_15196""",1
2025-02-28T11:01:45.873Z,0,rayyan@rayyan.ai,164689749,"""__SYSTEM__SAMPLE__919c8339297fb84d71346db9fe115513_15196""",1
2025-02-28T11:01:45.873Z,0,rayyan@rayyan.ai,164692036,"""__SYSTEM__SAMPLE__919c8339297fb84d71346db9fe115513_15196""",1
2025-02-28T11:01:45.873Z,0,rayyan@rayyan.ai,164692578,"""__SYSTEM__SAMPLE__919c8339297fb84d71346db9fe115513_15196""",1
2025-02-28T11:01:45.873Z,0,rayyan@rayyan.ai,164700871,"""__SYSTEM__SAMPLE__919c8339297fb84d71346db9fe115513_15196""",1
2025-02-28T11:01:45.873Z,0,rayyan@rayyan.ai,153485765,"""__SYSTEM__SAMPLE__919c8339297fb84d71346db9fe115513_15196""",1
2025-02-28T11:01:45.873Z,0,rayyan@rayyan.ai,164698977,"""__SYSTEM__SAMPLE__919c8339297fb84d71346db9fe115513_15196""",1
2025-02-28T11:01:45.873Z,0,rayyan@rayyan.ai,164690800,"""__SYSTEM__SAMPLE__919c8339297fb84d71346db9fe115513_15196""",1
2025-02-28T11:01:45.873Z,0,rayyan@rayyan.ai,153494856,"""__SYSTEM__SAMPLE__919c8339297fb84d71346db9fe115513_15196""",1
2025-02-28T11:01:45.873Z,0,rayyan@rayyan.ai,164685134,"""__SYSTEM__SAMPLE__919c8339297fb84d71346db9fe115513_15196""",1
2025-02-28T11:01:45.873Z,0,rayyan@rayyan.ai,153493211,"""__SYSTEM__SAMPLE__919c8339297fb84d71346db9fe115513_15196""",1
2025-02-28T11:01:45.873Z,0,rayyan@rayyan.ai,153492357,"""__SYSTEM__SAMPLE__919c8339297fb84d71346db9fe115513_15196""",1
2025-02-28T11:01:45.873Z,0,rayyan@rayyan.ai,164689246,"""__SYSTEM__SAMPLE__919c8339297fb84d71346db9fe115513_15196""",1
2025-02-28T11:01:45.873Z,0,rayyan@rayyan.ai,153493030,"""__SYSTEM__SAMPLE__919c8339297fb84d71346db9fe115513_15196""",1
2025-02-28T11:01:45.873Z,0,rayyan@rayyan.ai,153492722,"""__SYSTEM__SAMPLE__919c8339297fb84d71346db9fe115513_15196""",1
2025-02-28T11:01:45.873Z,0,rayyan@rayyan.ai,164685563,"""__SYSTEM__SAMPLE__919c8339297fb84d71346db9fe115513_15196""",1
2025-02-28T11:01:45.873Z,0,rayyan@rayyan.ai,153489333,"""__SYSTEM__SAMPLE__919c8339297fb84d71346db9fe115513_15196""",1
2025-02-28T11:01:45.873Z,0,rayyan@rayyan.ai,153495721,"""__SYSTEM__SAMPLE__919c8339297fb84d71346db9fe115513_15196""",1
2025-02-28T11:01:45.873Z,0,rayyan@rayyan.ai,153488658,"""__SYSTEM__SAMPLE__919c8339297fb84d71346db9fe115513_15196""",1
2025-02-28T11:01:45.873Z,0,rayyan@rayyan.ai,164704690,"""__SYSTEM__SAMPLE__919c8339297fb84d71346db9fe115513_15196""",1
2025-02-28T11:01:45.873Z,0,rayyan@rayyan.ai,164703930,"""__SYSTEM__SAMPLE__919c8339297fb84d71346db9fe115513_15196""",1
2025-02-28T11:01:45.873Z,0,rayyan@rayyan.ai,164704898,"""__SYSTEM__SAMPLE__919c8339297fb84d71346db9fe115513_15196""",1
2025-02-28T11:01:45.873Z,0,rayyan@rayyan.ai,153486208,"""__SYSTEM__SAMPLE__919c8339297fb84d71346db9fe115513_15196""",1
2025-02-28T11:01:45.873Z,0,rayyan@rayyan.ai,153491202,"""__SYSTEM__SAMPLE__919c8339297fb84d71346db9fe115513_15196""",1
2025-02-28T11:01:45.873Z,0,rayyan@rayyan.ai,153498291,"""__SYSTEM__SAMPLE__919c8339297fb84d71346db9fe115513_15196""",1
2025-02-28T11:01:45.873Z,0,rayyan@rayyan.ai,164691648,"""__SYSTEM__SAMPLE__919c8339297fb84d71346db9fe115513_15196""",1
2025-02-28T11:01:45.873Z,0,rayyan@rayyan.ai,164687983,"""__SYSTEM__SAMPLE__919c8339297fb84d71346db9fe115513_15196""",1
2025-02-28T11:01:45.873Z,0,rayyan@rayyan.ai,153485874,"""__SYSTEM__SAMPLE__919c8339297fb84d71346db9fe115513_15196""",1
2025-02-28T11:01:45.873Z,0,rayyan@rayyan.ai,164685395,"""__SYSTEM__SAMPLE__919c8339297fb84d71346db9fe115513_15196""",1
2025-02-28T11:01:45.905Z,0,rayyan@rayyan.ai,153495508,"""__SYSTEM__SAMPLE__919c8339297fb84d71346db9fe115513_15196""",1
2025-02-28T11:01:45.905Z,0,rayyan@rayyan.ai,153488960,"""__SYSTEM__SAMPLE__919c8339297fb84d71346db9fe115513_15196""",1
2025-02-28T11:01:45.905Z,0,rayyan@rayyan.ai,164702751,"""__SYSTEM__SAMPLE__919c8339297fb84d71346db9fe115513_15196""",1
2025-02-28T11:01:45.905Z,0,rayyan@rayyan.ai,164694954,"""__SYSTEM__SAMPLE__919c8339297fb84d71346db9fe115513_15196""",1
2025-02-28T11:01:45.905Z,0,rayyan@rayyan.ai,164695962,"""__SYSTEM__SAMPLE__919c8339297fb84d71346db9fe115513_15196""",1
2025-02-28T11:01:45.905Z,0,rayyan@rayyan.ai,164684691,"""__SYSTEM__SAMPLE__919c8339297fb84d71346db9fe115513_15196""",1
2025-02-28T11:01:45.905Z,0,rayyan@rayyan.ai,164684832,"""__SYSTEM__SAMPLE__919c8339297fb84d71346db9fe115513_15196""",1
2025-02-28T11:01:45.905Z,0,rayyan@rayyan.ai,153495050,"""__SYSTEM__SAMPLE__919c8339297fb84d71346db9fe115513_15196""",1
2025-02-28T11:01:45.905Z,0,rayyan@rayyan.ai,153497551,"""__SYSTEM__SAMPLE__919c8339297fb84d71346db9fe115513_15196""",1
2025-02-28T11:01:45.905Z,0,rayyan@rayyan.ai,164685682,"""__SYSTEM__SAMPLE__919c8339297fb84d71346db9fe115513_15196""",1
2025-02-28T11:01:45.905Z,0,rayyan@rayyan.ai,164693318,"""__SYSTEM__SAMPLE__919c8339297fb84d71346db9fe115513_15196""",1
2025-02-28T11:01:45.905Z,0,rayyan@rayyan.ai,153498592,"""__SYSTEM__SAMPLE__919c8339297fb84d71346db9fe115513_15196""",1
2025-02-28T11:01:45.905Z,0,rayyan@rayyan.ai,153497067,"""__SYSTEM__SAMPLE__919c8339297fb84d71346db9fe115513_15196""",1
2025-02-28T11:01:45.905Z,0,rayyan@rayyan.ai,164694118,"""__SYSTEM__SAMPLE__919c8339297fb84d71346db9fe115513_15196""",1
2025-02-28T11:01:45.905Z,0,rayyan@rayyan.ai,153497131,"""__SYSTEM__SAMPLE__919c8339297fb84d71346db9fe115513_15196""",1
2025-02-28T11:01:45.905Z,0,rayyan@rayyan.ai,164688696,"""__SYSTEM__SAMPLE__919c8339297fb84d71346db9fe115513_15196""",1
2025-02-28T11:01:45.905Z,0,rayyan@rayyan.ai,164700070,"""__SYSTEM__SAMPLE__919c8339297fb84d71346db9fe115513_15196""",1
2025-02-28T11:01:45.905Z,0,rayyan@rayyan.ai,153491773,"""__SYSTEM__SAMPLE__919c8339297fb84d71346db9fe115513_15196""",1
2025-02-28T11:01:45.905Z,0,rayyan@rayyan.ai,164691425,"""__SYSTEM__SAMPLE__919c8339297fb84d71346db9fe115513_15196""",1
2025-02-28T11:01:45.905Z,0,rayyan@rayyan.ai,164698196,"""__SYSTEM__SAMPLE__919c8339297fb84d71346db9fe115513_15196""",1
2025-02-28T11:01:45.905Z,0,rayyan@rayyan.ai,83177472,"""__SYSTEM__SAMPLE__919c8339297fb84d71346db9fe115513_15196""",1
2025-02-28T11:01:45.905Z,0,rayyan@rayyan.ai,164689512,"""__SYSTEM__SAMPLE__919c8339297fb84d71346db9fe115513_15196""",1
2025-02-28T11:01:45.905Z,0,rayyan@rayyan.ai,153491855,"""__SYSTEM__SAMPLE__919c8339297fb84d71346db9fe115513_15196""",1
2025-02-28T11:01:45.905Z,0,rayyan@rayyan.ai,153493794,"""__SYSTEM__SAMPLE__919c8339297fb84d71346db9fe115513_15196""",1
2025-02-28T11:01:45.905Z,0,rayyan@rayyan.ai,153497460,"""__SYSTEM__SAMPLE__919c8339297fb84d71346db9fe115513_15196""",1
2025-02-28T11:01:45.905Z,0,rayyan@rayyan.ai,153487757,"""__SYSTEM__SAMPLE__919c8339297fb84d71346db9fe115513_15196""",1
2025-02-28T11:01:45.905Z,0,rayyan@rayyan.ai,153494778,"""__SYSTEM__SAMPLE__919c8339297fb84d71346db9fe115513_15196""",1
2025-02-28T11:01:45.905Z,0,rayyan@rayyan.ai,164704242,"""__SYSTEM__SAMPLE__919c8339297fb84d71346db9fe115513_15196""",1
2025-02-28T11:01:45.905Z,0,rayyan@rayyan.ai,164705435,"""__SYSTEM__SAMPLE__919c8339297fb84d71346db9fe115513_15196""",1
2025-02-28T11:01:45.905Z,0,rayyan@rayyan.ai,164704427,"""__SYSTEM__SAMPLE__919c8339297fb84d71346db9fe115513_15196""",1
2025-02-28T11:01:45.905Z,0,rayyan@rayyan.ai,164687904,"""__SYSTEM__SAMPLE__919c8339297fb84d71346db9fe115513_15196""",1
2025-02-28T11:01:45.905Z,0,rayyan@rayyan.ai,153496122,"""__SYSTEM__SAMPLE__919c8339297fb84d71346db9fe115513_15196""",1
2025-02-28T11:01:45.905Z,0,rayyan@rayyan.ai,153491641,"""__SYSTEM__SAMPLE__919c8339297fb84d71346db9fe115513_15196""",1
2025-02-28T11:01:45.905Z,0,rayyan@rayyan.ai,153494950,"""__SYSTEM__SAMPLE__919c8339297fb84d71346db9fe115513_15196""",1
2025-02-28T11:01:45.905Z,0,rayyan@rayyan.ai,153490255,"""__SYSTEM__SAMPLE__919c8339297fb84d71346db9fe115513_15196""",1
2025-02-28T11:01:45.905Z,0,rayyan@rayyan.ai,164704862,"""__SYSTEM__SAMPLE__919c8339297fb84d71346db9fe115513_15196""",1
2025-02-28T11:01:45.905Z,0,rayyan@rayyan.ai,153498122,"""__SYSTEM__SAMPLE__919c8339297fb84d71346db9fe115513_15196""",1
2025-02-28T11:01:45.905Z,0,rayyan@rayyan.ai,164687892,"""__SYSTEM__SAMPLE__919c8339297fb84d71346db9fe115513_15196""",1
2025-02-28T11:01:45.905Z,0,rayyan@rayyan.ai,164693880,"""__SYSTEM__SAMPLE__919c8339297fb84d71346db9fe115513_15196""",1
2025-02-28T11:01:45.905Z,0,rayyan@rayyan.ai,153496335,"""__SYSTEM__SAMPLE__919c8339297fb84d71346db9fe115513_15196""",1
2025-02-28T11:01:45.905Z,0,rayyan@rayyan.ai,153496721,"""__SYSTEM__SAMPLE__919c8339297fb84d71346db9fe115513_15196""",1
2025-02-28T11:01:45.905Z,0,rayyan@rayyan.ai,164704877,"""__SYSTEM__SAMPLE__919c8339297fb84d71346db9fe115513_15196""",1
2025-02-28T11:01:45.905Z,0,rayyan@rayyan.ai,164700184,"""__SYSTEM__SAMPLE__919c8339297fb84d71346db9fe115513_15196""",1
2025-02-28T11:01:45.905Z,0,rayyan@rayyan.ai,153494958,"""__SYSTEM__SAMPLE__919c8339297fb84d71346db9fe115513_15196""",1
2025-02-28T11:01:45.905Z,0,rayyan@rayyan.ai,153490806,"""__SYSTEM__SAMPLE__919c8339297fb84d71346db9fe115513_15196""",1
2025-02-28T11:01:45.905Z,0,rayyan@rayyan.ai,164706007,"""__SYSTEM__SAMPLE__919c8339297fb84d71346db9fe115513_15196""",1
2025-02-28T11:01:45.905Z,0,rayyan@rayyan.ai,153496921,"""__SYSTEM__SAMPLE__919c8339297fb84d71346db9fe115513_15196""",1
2025-02-28T11:01:45.905Z,0,rayyan@rayyan.ai,153488911,"""__SYSTEM__SAMPLE__919c8339297fb84d71346db9fe115513_15196""",1
2025-02-28T11:01:45.905Z,0,rayyan@rayyan.ai,153495563,"""__SYSTEM__SAMPLE__919c8339297fb84d71346db9fe115513_15196""",1
2025-02-28T11:01:45.905Z,0,rayyan@rayyan.ai,164697457,"""__SYSTEM__SAMPLE__919c8339297fb84d71346db9fe115513_15196""",1
2025-02-28T11:01:45.939Z,0,rayyan@rayyan.ai,153489254,"""__SYSTEM__SAMPLE__919c8339297fb84d71346db9fe115513_15196""",1
2025-02-28T11:01:45.939Z,0,rayyan@rayyan.ai,164705356,"""__SYSTEM__SAMPLE__919c8339297fb84d71346db9fe115513_15196""",1
2025-02-28T11:01:45.939Z,0,rayyan@rayyan.ai,164699006,"""__SYSTEM__SAMPLE__919c8339297fb84d71346db9fe115513_15196""",1
2025-02-28T11:01:45.939Z,0,rayyan@rayyan.ai,153489593,"""__SYSTEM__SAMPLE__919c8339297fb84d71346db9fe115513_15196""",1
2025-02-28T11:01:45.939Z,0,rayyan@rayyan.ai,153493932,"""__SYSTEM__SAMPLE__919c8339297fb84d71346db9fe115513_15196""",1
2025-02-28T11:01:45.939Z,0,rayyan@rayyan.ai,153490573,"""__SYSTEM__SAMPLE__919c8339297fb84d71346db9fe115513_15196""",1
2025-02-28T11:01:45.939Z,0,rayyan@rayyan.ai,153492718,"""__SYSTEM__SAMPLE__919c8339297fb84d71346db9fe115513_15196""",1
2025-02-28T11:01:45.939Z,0,rayyan@rayyan.ai,164703271,"""__SYSTEM__SAMPLE__919c8339297fb84d71346db9fe115513_15196""",1
2025-02-28T11:01:45.939Z,0,rayyan@rayyan.ai,153498441,"""__SYSTEM__SAMPLE__919c8339297fb84d71346db9fe115513_15196""",1
2025-02-28T11:01:45.939Z,0,rayyan@rayyan.ai,164687489,"""__SYSTEM__SAMPLE__919c8339297fb84d71346db9fe115513_15196""",1
2025-02-28T11:01:45.939Z,0,rayyan@rayyan.ai,153492260,"""__SYSTEM__SAMPLE__919c8339297fb84d71346db9fe115513_15196""",1
2025-02-28T11:01:45.939Z,0,rayyan@rayyan.ai,164686188,"""__SYSTEM__SAMPLE__919c8339297fb84d71346db9fe115513_15196""",1
2025-02-28T11:01:45.939Z,0,rayyan@rayyan.ai,164697805,"""__SYSTEM__SAMPLE__919c8339297fb84d71346db9fe115513_15196""",1
2025-02-28T11:01:45.939Z,0,rayyan@rayyan.ai,153491462,"""__SYSTEM__SAMPLE__919c8339297fb84d71346db9fe115513_15196""",1
2025-02-28T11:01:45.939Z,0,rayyan@rayyan.ai,153497745,"""__SYSTEM__SAMPLE__919c8339297fb84d71346db9fe115513_15196""",1
2025-02-28T11:01:45.939Z,0,rayyan@rayyan.ai,153496110,"""__SYSTEM__SAMPLE__919c8339297fb84d71346db9fe115513_15196""",1
2025-02-28T11:01:45.939Z,0,rayyan@rayyan.ai,164706931,"""__SYSTEM__SAMPLE__919c8339297fb84d71346db9fe115513_15196""",1
2025-02-28T11:01:45.939Z,0,rayyan@rayyan.ai,164698655,"""__SYSTEM__SAMPLE__919c8339297fb84d71346db9fe115513_15196""",1
2025-02-28T11:01:45.939Z,0,rayyan@rayyan.ai,153496942,"""__SYSTEM__SAMPLE__919c8339297fb84d71346db9fe115513_15196""",1
2025-02-28T11:01:45.939Z,0,rayyan@rayyan.ai,153498039,"""__SYSTEM__SAMPLE__919c8339297fb84d71346db9fe115513_15196""",1
2025-02-28T11:01:45.939Z,0,rayyan@rayyan.ai,153491229,"""__SYSTEM__SAMPLE__919c8339297fb84d71346db9fe115513_15196""",1
2025-02-28T11:01:45.939Z,0,rayyan@rayyan.ai,164696225,"""__SYSTEM__SAMPLE__919c8339297fb84d71346db9fe115513_15196""",1
2025-02-28T11:01:45.939Z,0,rayyan@rayyan.ai,164693930,"""__SYSTEM__SAMPLE__919c8339297fb84d71346db9fe115513_15196""",1
2025-02-28T11:01:45.939Z,0,rayyan@rayyan.ai,164698866,"""__SYSTEM__SAMPLE__919c8339297fb84d71346db9fe115513_15196""",1
2025-02-28T11:01:45.939Z,0,rayyan@rayyan.ai,164695246,"""__SYSTEM__SAMPLE__919c8339297fb84d71346db9fe115513_15196""",1
2025-02-28T11:01:45.939Z,0,rayyan@rayyan.ai,164689859,"""__SYSTEM__SAMPLE__919c8339297fb84d71346db9fe115513_15196""",1
2025-02-28T11:01:45.939Z,0,rayyan@rayyan.ai,164704341,"""__SYSTEM__SAMPLE__919c8339297fb84d71346db9fe115513_15196""",1
2025-02-28T11:01:45.939Z,0,rayyan@rayyan.ai,153487536,"""__SYSTEM__SAMPLE__919c8339297fb84d71346db9fe115513_15196""",1
2025-02-28T11:01:45.939Z,0,rayyan@rayyan.ai,164691250,"""__SYSTEM__SAMPLE__919c8339297fb84d71346db9fe115513_15196""",1
2025-02-28T11:01:45.939Z,0,rayyan@rayyan.ai,164696747,"""__SYSTEM__SAMPLE__919c8339297fb84d71346db9fe115513_15196""",1
2025-02-28T11:01:45.939Z,0,rayyan@rayyan.ai,164704716,"""__SYSTEM__SAMPLE__919c8339297fb84d71346db9fe115513_15196""",1
2025-02-28T11:01:45.939Z,0,rayyan@rayyan.ai,164694670,"""__SYSTEM__SAMPLE__919c8339297fb84d71346db9fe115513_15196""",1
2025-02-28T11:01:45.939Z,0,rayyan@rayyan.ai,164688478,"""__SYSTEM__SAMPLE__919c8339297fb84d71346db9fe115513_15196""",1
2025-02-28T11:01:45.939Z,0,rayyan@rayyan.ai,153495676,"""__SYSTEM__SAMPLE__919c8339297fb84d71346db9fe115513_15196""",1
2025-02-28T11:01:45.939Z,0,rayyan@rayyan.ai,153490882,"""__SYSTEM__SAMPLE__919c8339297fb84d71346db9fe115513_15196""",1
2025-02-28T11:01:45.939Z,0,rayyan@rayyan.ai,164690852,"""__SYSTEM__SAMPLE__919c8339297fb84d71346db9fe115513_15196""",1
2025-02-28T11:01:45.939Z,0,rayyan@rayyan.ai,153494073,"""__SYSTEM__SAMPLE__919c8339297fb84d71346db9fe115513_15196""",1
2025-02-28T11:01:45.939Z,0,rayyan@rayyan.ai,164699347,"""__SYSTEM__SAMPLE__919c8339297fb84d71346db9fe115513_15196""",1
2025-02-28T11:01:45.939Z,0,rayyan@rayyan.ai,153489962,"""__SYSTEM__SAMPLE__919c8339297fb84d71346db9fe115513_15196""",1
2025-02-28T11:01:45.939Z,0,rayyan@rayyan.ai,153489829,"""__SYSTEM__SAMPLE__919c8339297fb84d71346db9fe115513_15196""",1
2025-02-28T11:01:45.939Z,0,rayyan@rayyan.ai,164696151,"""__SYSTEM__SAMPLE__919c8339297fb84d71346db9fe115513_15196""",1
2025-02-28T11:01:45.939Z,0,rayyan@rayyan.ai,153485328,"""__SYSTEM__SAMPLE__919c8339297fb84d71346db9fe115513_15196""",1
2025-02-28T11:01:45.939Z,0,rayyan@rayyan.ai,164706020,"""__SYSTEM__SAMPLE__919c8339297fb84d71346db9fe115513_15196""",1
2025-02-28T11:01:45.939Z,0,rayyan@rayyan.ai,153496229,"""__SYSTEM__SAMPLE__919c8339297fb84d71346db9fe115513_15196""",1
2025-02-28T11:01:45.939Z,0,rayyan@rayyan.ai,153492461,"""__SYSTEM__SAMPLE__919c8339297fb84d71346db9fe115513_15196""",1
2025-02-28T11:01:45.939Z,0,rayyan@rayyan.ai,153497229,"""__SYSTEM__SAMPLE__919c8339297fb84d71346db9fe115513_15196""",1
2025-02-28T11:01:45.939Z,0,rayyan@rayyan.ai,153495925,"""__SYSTEM__SAMPLE__919c8339297fb84d71346db9fe115513_15196""",1
2025-02-28T11:01:45.939Z,0,rayyan@rayyan.ai,153499340,"""__SYSTEM__SAMPLE__919c8339297fb84d71346db9fe115513_15196""",1
2025-02-28T11:01:45.939Z,0,rayyan@rayyan.ai,153491632,"""__SYSTEM__SAMPLE__919c8339297fb84d71346db9fe115513_15196""",1
2025-02-28T11:01:45.970Z,0,rayyan@rayyan.ai,164703629,"""__SYSTEM__SAMPLE__919c8339297fb84d71346db9fe115513_15196""",1
2025-02-28T11:01:45.970Z,0,rayyan@rayyan.ai,153494188,"""__SYSTEM__SAMPLE__919c8339297fb84d71346db9fe115513_15196""",1
2025-02-28T11:01:45.970Z,0,rayyan@rayyan.ai,153495996,"""__SYSTEM__SAMPLE__919c8339297fb84d71346db9fe115513_15196""",1
2025-02-28T11:01:45.970Z,0,rayyan@rayyan.ai,164704363,"""__SYSTEM__SAMPLE__919c8339297fb84d71346db9fe115513_15196""",1
2025-02-28T11:01:45.970Z,0,rayyan@rayyan.ai,153493902,"""__SYSTEM__SAMPLE__919c8339297fb84d71346db9fe115513_15196""",1
2025-02-28T11:01:45.970Z,0,rayyan@rayyan.ai,153497475,"""__SYSTEM__SAMPLE__919c8339297fb84d71346db9fe115513_15196""",1
2025-02-28T11:01:45.970Z,0,rayyan@rayyan.ai,164695278,"""__SYSTEM__SAMPLE__919c8339297fb84d71346db9fe115513_15196""",1
2025-02-28T11:01:45.970Z,0,rayyan@rayyan.ai,153485273,"""__SYSTEM__SAMPLE__919c8339297fb84d71346db9fe115513_15196""",1
2025-02-28T11:01:45.970Z,0,rayyan@rayyan.ai,153495593,"""__SYSTEM__SAMPLE__919c8339297fb84d71346db9fe115513_15196""",1
2025-02-28T11:01:45.970Z,0,rayyan@rayyan.ai,164703489,"""__SYSTEM__SAMPLE__919c8339297fb84d71346db9fe115513_15196""",1
2025-02-28T11:01:45.970Z,0,rayyan@rayyan.ai,164683860,"""__SYSTEM__SAMPLE__919c8339297fb84d71346db9fe115513_15196""",1
2025-02-28T11:01:45.970Z,0,rayyan@rayyan.ai,164693726,"""__SYSTEM__SAMPLE__919c8339297fb84d71346db9fe115513_15196""",1
2025-02-28T11:01:45.970Z,0,rayyan@rayyan.ai,164703910,"""__SYSTEM__SAMPLE__919c8339297fb84d71346db9fe115513_15196""",1
2025-02-28T11:01:45.970Z,0,rayyan@rayyan.ai,164706525,"""__SYSTEM__SAMPLE__919c8339297fb84d71346db9fe115513_15196""",1
2025-02-28T11:01:45.970Z,0,rayyan@rayyan.ai,164688076,"""__SYSTEM__SAMPLE__919c8339297fb84d71346db9fe115513_15196""",1
2025-02-28T11:01:45.970Z,0,rayyan@rayyan.ai,164699561,"""__SYSTEM__SAMPLE__919c8339297fb84d71346db9fe115513_15196""",1
2025-02-28T11:01:45.970Z,0,rayyan@rayyan.ai,153498419,"""__SYSTEM__SAMPLE__919c8339297fb84d71346db9fe115513_15196""",1
2025-02-28T11:01:45.970Z,0,rayyan@rayyan.ai,164685782,"""__SYSTEM__SAMPLE__919c8339297fb84d71346db9fe115513_15196""",1
2025-02-28T11:01:45.970Z,0,rayyan@rayyan.ai,164705816,"""__SYSTEM__SAMPLE__919c8339297fb84d71346db9fe115513_15196""",1
2025-02-28T11:01:45.970Z,0,rayyan@rayyan.ai,164696217,"""__SYSTEM__SAMPLE__919c8339297fb84d71346db9fe115513_15196""",1
2025-02-28T11:01:45.970Z,0,rayyan@rayyan.ai,164693681,"""__SYSTEM__SAMPLE__919c8339297fb84d71346db9fe115513_15196""",1
2025-02-28T11:01:45.970Z,0,rayyan@rayyan.ai,164704884,"""__SYSTEM__SAMPLE__919c8339297fb84d71346db9fe115513_15196""",1
2025-02-28T11:01:45.970Z,0,rayyan@rayyan.ai,164691517,"""__SYSTEM__SAMPLE__919c8339297fb84d71346db9fe115513_15196""",1
2025-02-28T11:01:45.970Z,0,rayyan@rayyan.ai,153491122,"""__SYSTEM__SAMPLE__919c8339297fb84d71346db9fe115513_15196""",1
2025-02-28T11:01:45.970Z,0,rayyan@rayyan.ai,153496336,"""__SYSTEM__SAMPLE__919c8339297fb84d71346db9fe115513_15196""",1
2025-02-28T11:01:45.970Z,0,rayyan@rayyan.ai,164687728,"""__SYSTEM__SAMPLE__919c8339297fb84d71346db9fe115513_15196""",1
2025-02-28T11:01:45.970Z,0,rayyan@rayyan.ai,153498098,"""__SYSTEM__SAMPLE__919c8339297fb84d71346db9fe115513_15196""",1
2025-02-28T11:01:45.970Z,0,rayyan@rayyan.ai,153490098,"""__SYSTEM__SAMPLE__919c8339297fb84d71346db9fe115513_15196""",1
2025-02-28T11:01:45.970Z,0,rayyan@rayyan.ai,153487134,"""__SYSTEM__SAMPLE__919c8339297fb84d71346db9fe115513_15196""",1
2025-02-28T11:01:45.970Z,0,rayyan@rayyan.ai,83177992,"""__SYSTEM__SAMPLE__919c8339297fb84d71346db9fe115513_15196""",1
2025-02-28T11:01:45.970Z,0,rayyan@rayyan.ai,153493402,"""__SYSTEM__SAMPLE__919c8339297fb84d71346db9fe115513_15196""",1
2025-02-28T11:01:45.970Z,0,rayyan@rayyan.ai,164696327,"""__SYSTEM__SAMPLE__919c8339297fb84d71346db9fe115513_15196""",1
2025-02-28T11:01:45.970Z,0,rayyan@rayyan.ai,164697792,"""__SYSTEM__SAMPLE__919c8339297fb84d71346db9fe115513_15196""",1
2025-02-28T11:01:45.970Z,0,rayyan@rayyan.ai,164689054,"""__SYSTEM__SAMPLE__919c8339297fb84d71346db9fe115513_15196""",1
2025-02-28T11:01:45.970Z,0,rayyan@rayyan.ai,153485798,"""__SYSTEM__SAMPLE__919c8339297fb84d71346db9fe115513_15196""",1
2025-02-28T11:01:45.970Z,0,rayyan@rayyan.ai,153490176,"""__SYSTEM__SAMPLE__919c8339297fb84d71346db9fe115513_15196""",1
2025-02-28T11:01:45.970Z,0,rayyan@rayyan.ai,153491374,"""__SYSTEM__SAMPLE__919c8339297fb84d71346db9fe115513_15196""",1
2025-02-28T11:01:45.970Z,0,rayyan@rayyan.ai,164694066,"""__SYSTEM__SAMPLE__919c8339297fb84d71346db9fe115513_15196""",1
2025-02-28T11:01:45.970Z,0,rayyan@rayyan.ai,164705153,"""__SYSTEM__SAMPLE__919c8339297fb84d71346db9fe115513_15196""",1
2025-02-28T11:01:45.970Z,0,rayyan@rayyan.ai,153486381,"""__SYSTEM__SAMPLE__919c8339297fb84d71346db9fe115513_15196""",1
2025-02-28T11:01:45.970Z,0,rayyan@rayyan.ai,153492922,"""__SYSTEM__SAMPLE__919c8339297fb84d71346db9fe115513_15196""",1
2025-02-28T11:01:45.970Z,0,rayyan@rayyan.ai,153488237,"""__SYSTEM__SAMPLE__919c8339297fb84d71346db9fe115513_15196""",1
2025-02-28T11:01:45.970Z,0,rayyan@rayyan.ai,164697386,"""__SYSTEM__SAMPLE__919c8339297fb84d71346db9fe115513_15196""",1
2025-02-28T11:01:45.970Z,0,rayyan@rayyan.ai,164689279,"""__SYSTEM__SAMPLE__919c8339297fb84d71346db9fe115513_15196""",1
2025-02-28T11:01:45.970Z,0,rayyan@rayyan.ai,164687594,"""__SYSTEM__SAMPLE__919c8339297fb84d71346db9fe115513_15196""",1
2025-02-28T11:01:45.970Z,0,rayyan@rayyan.ai,153485352,"""__SYSTEM__SAMPLE__919c8339297fb84d71346db9fe115513_15196""",1
2025-02-28T11:01:45.970Z,0,rayyan@rayyan.ai,164686484,"""__SYSTEM__SAMPLE__919c8339297fb84d71346db9fe115513_15196""",1
2025-02-28T11:01:45.970Z,0,rayyan@rayyan.ai,164703713,"""__SYSTEM__SAMPLE__919c8339297fb84d71346db9fe115513_15196""",1
2025-02-28T11:01:46.160Z,0,rayyan@rayyan.ai,153498998,"""__SYSTEM__SAMPLE__919c8339297fb84d71346db9fe115513_15196""",1
2025-02-28T11:01:46.160Z,0,rayyan@rayyan.ai,153489255,"""__SYSTEM__SAMPLE__919c8339297fb84d71346db9fe115513_15196""",1
2025-02-28T11:01:46.160Z,0,rayyan@rayyan.ai,164697339,"""__SYSTEM__SAMPLE__919c8339297fb84d71346db9fe115513_15196""",1
2025-02-28T11:01:46.160Z,0,rayyan@rayyan.ai,153490923,"""__SYSTEM__SAMPLE__919c8339297fb84d71346db9fe115513_15196""",1
2025-02-28T11:01:46.160Z,0,rayyan@rayyan.ai,153497197,"""__SYSTEM__SAMPLE__919c8339297fb84d71346db9fe115513_15196""",1
2025-02-28T11:01:46.160Z,0,rayyan@rayyan.ai,164692867,"""__SYSTEM__SAMPLE__919c8339297fb84d71346db9fe115513_15196""",1
2025-02-28T11:01:46.160Z,0,rayyan@rayyan.ai,153496159,"""__SYSTEM__SAMPLE__919c8339297fb84d71346db9fe115513_15196""",1
2025-02-28T11:01:46.160Z,0,rayyan@rayyan.ai,164704774,"""__SYSTEM__SAMPLE__919c8339297fb84d71346db9fe115513_15196""",1
2025-02-28T11:01:46.160Z,0,rayyan@rayyan.ai,153490003,"""__SYSTEM__SAMPLE__919c8339297fb84d71346db9fe115513_15196""",1
2025-02-28T11:01:46.160Z,0,rayyan@rayyan.ai,153493339,"""__SYSTEM__SAMPLE__919c8339297fb84d71346db9fe115513_15196""",1
2025-02-28T11:01:46.160Z,0,rayyan@rayyan.ai,164686573,"""__SYSTEM__SAMPLE__919c8339297fb84d71346db9fe115513_15196""",1
2025-02-28T11:01:46.160Z,0,rayyan@rayyan.ai,153489193,"""__SYSTEM__SAMPLE__919c8339297fb84d71346db9fe115513_15196""",1
2025-02-28T11:01:46.160Z,0,rayyan@rayyan.ai,164698926,"""__SYSTEM__SAMPLE__919c8339297fb84d71346db9fe115513_15196""",1
2025-02-28T11:01:46.160Z,0,rayyan@rayyan.ai,164687885,"""__SYSTEM__SAMPLE__919c8339297fb84d71346db9fe115513_15196""",1
2025-02-28T11:01:46.160Z,0,rayyan@rayyan.ai,153486292,"""__SYSTEM__SAMPLE__919c8339297fb84d71346db9fe115513_15196""",1
2025-02-28T11:01:46.160Z,0,rayyan@rayyan.ai,153497405,"""__SYSTEM__SAMPLE__919c8339297fb84d71346db9fe115513_15196""",1
2025-02-28T11:01:46.160Z,0,rayyan@rayyan.ai,153495214,"""__SYSTEM__SAMPLE__919c8339297fb84d71346db9fe115513_15196""",1
2025-02-28T11:01:46.160Z,0,rayyan@rayyan.ai,164700234,"""__SYSTEM__SAMPLE__919c8339297fb84d71346db9fe115513_15196""",1
2025-02-28T11:01:46.160Z,0,rayyan@rayyan.ai,153498076,"""__SYSTEM__SAMPLE__919c8339297fb84d71346db9fe115513_15196""",1
2025-02-28T11:01:46.160Z,0,rayyan@rayyan.ai,164695832,"""__SYSTEM__SAMPLE__919c8339297fb84d71346db9fe115513_15196""",1
2025-02-28T11:01:46.160Z,0,rayyan@rayyan.ai,153491472,"""__SYSTEM__SAMPLE__919c8339297fb84d71346db9fe115513_15196""",1
2025-02-28T11:01:46.160Z,0,rayyan@rayyan.ai,164706672,"""__SYSTEM__SAMPLE__919c8339297fb84d71346db9fe115513_15196""",1
2025-02-28T11:01:46.160Z,0,rayyan@rayyan.ai,164696999,"""__SYSTEM__SAMPLE__919c8339297fb84d71346db9fe115513_15196""",1
2025-02-28T11:01:46.160Z,0,rayyan@rayyan.ai,164689516,"""__SYSTEM__SAMPLE__919c8339297fb84d71346db9fe115513_15196""",1
2025-02-28T11:01:46.160Z,0,rayyan@rayyan.ai,153497336,"""__SYSTEM__SAMPLE__919c8339297fb84d71346db9fe115513_15196""",1
2025-02-28T11:01:46.160Z,0,rayyan@rayyan.ai,164693814,"""__SYSTEM__SAMPLE__919c8339297fb84d71346db9fe115513_15196""",1
2025-02-28T11:01:46.160Z,0,rayyan@rayyan.ai,164701624,"""__SYSTEM__SAMPLE__919c8339297fb84d71346db9fe115513_15196""",1
2025-02-28T11:01:46.160Z,0,rayyan@rayyan.ai,164683981,"""__SYSTEM__SAMPLE__919c8339297fb84d71346db9fe115513_15196""",1
2025-02-28T11:01:46.160Z,0,rayyan@rayyan.ai,164690628,"""__SYSTEM__SAMPLE__919c8339297fb84d71346db9fe115513_15196""",1
2025-02-28T11:01:46.160Z,0,rayyan@rayyan.ai,164704231,"""__SYSTEM__SAMPLE__919c8339297fb84d71346db9fe115513_15196""",1
2025-02-28T11:01:46.160Z,0,rayyan@rayyan.ai,153493705,"""__SYSTEM__SAMPLE__919c8339297fb84d71346db9fe115513_15196""",1
2025-02-28T11:01:46.160Z,0,rayyan@rayyan.ai,153495442,"""__SYSTEM__SAMPLE__919c8339297fb84d71346db9fe115513_15196""",1
2025-02-28T11:01:46.160Z,0,rayyan@rayyan.ai,153494850,"""__SYSTEM__SAMPLE__919c8339297fb84d71346db9fe115513_15196""",1
2025-02-28T11:01:46.160Z,0,rayyan@rayyan.ai,164693226,"""__SYSTEM__SAMPLE__919c8339297fb84d71346db9fe115513_15196""",1
2025-02-28T11:01:46.160Z,0,rayyan@rayyan.ai,153485823,"""__SYSTEM__SAMPLE__919c8339297fb84d71346db9fe115513_15196""",1
2025-02-28T11:01:46.160Z,0,rayyan@rayyan.ai,164693960,"""__SYSTEM__SAMPLE__919c8339297fb84d71346db9fe115513_15196""",1
2025-02-28T11:01:46.160Z,0,rayyan@rayyan.ai,153493704,"""__SYSTEM__SAMPLE__919c8339297fb84d71346db9fe115513_15196""",1
2025-02-28T11:01:46.160Z,0,rayyan@rayyan.ai,164701333,"""__SYSTEM__SAMPLE__919c8339297fb84d71346db9fe115513_15196""",1
2025-02-28T11:01:46.160Z,0,rayyan@rayyan.ai,153492225,"""__SYSTEM__SAMPLE__919c8339297fb84d71346db9fe115513_15196""",1
2025-02-28T11:01:46.160Z,0,rayyan@rayyan.ai,164689932,"""__SYSTEM__SAMPLE__919c8339297fb84d71346db9fe115513_15196""",1
2025-02-28T11:01:46.160Z,0,rayyan@rayyan.ai,153496683,"""__SYSTEM__SAMPLE__919c8339297fb84d71346db9fe115513_15196""",1
2025-02-28T11:01:46.160Z,0,rayyan@rayyan.ai,153488978,"""__SYSTEM__SAMPLE__919c8339297fb84d71346db9fe115513_15196""",1
2025-02-28T11:01:46.160Z,0,rayyan@rayyan.ai,164684751,"""__SYSTEM__SAMPLE__919c8339297fb84d71346db9fe115513_15196""",1
2025-02-28T11:01:46.160Z,0,rayyan@rayyan.ai,164703859,"""__SYSTEM__SAMPLE__919c8339297fb84d71346db9fe115513_15196""",1
2025-02-28T11:01:46.160Z,0,rayyan@rayyan.ai,164703450,"""__SYSTEM__SAMPLE__919c8339297fb84d71346db9fe115513_15196""",1
2025-02-28T11:01:46.160Z,0,rayyan@rayyan.ai,164693459,"""__SYSTEM__SAMPLE__919c8339297fb84d71346db9fe115513_15196""",1
2025-02-28T11:01:46.160Z,0,rayyan@rayyan.ai,153489950,"""__SYSTEM__SAMPLE__919c8339297fb84d71346db9fe115513_15196""",1
2025-02-28T11:01:46.160Z,0,rayyan@rayyan.ai,164705315,"""__SYSTEM__SAMPLE__919c8339297fb84d71346db9fe115513_15196""",1
2025-02-28T11:01:46.160Z,0,rayyan@rayyan.ai,153493720,"""__SYSTEM__SAMPLE__919c8339297fb84d71346db9fe115513_15196""",1
2025-02-28T11:01:46.194Z,0,rayyan@rayyan.ai,153496699,"""__SYSTEM__SAMPLE__919c8339297fb84d71346db9fe115513_15196""",1
2025-02-28T11:01:46.194Z,0,rayyan@rayyan.ai,153497172,"""__SYSTEM__SAMPLE__919c8339297fb84d71346db9fe115513_15196""",1
2025-02-28T11:01:46.194Z,0,rayyan@rayyan.ai,153486058,"""__SYSTEM__SAMPLE__919c8339297fb84d71346db9fe115513_15196""",1
2025-02-28T11:01:46.194Z,0,rayyan@rayyan.ai,164706933,"""__SYSTEM__SAMPLE__919c8339297fb84d71346db9fe115513_15196""",1
2025-02-28T11:01:46.194Z,0,rayyan@rayyan.ai,164703136,"""__SYSTEM__SAMPLE__919c8339297fb84d71346db9fe115513_15196""",1
2025-02-28T11:01:46.194Z,0,rayyan@rayyan.ai,164687730,"""__SYSTEM__SAMPLE__919c8339297fb84d71346db9fe115513_15196""",1
2025-02-28T11:01:46.194Z,0,rayyan@rayyan.ai,164704543,"""__SYSTEM__SAMPLE__919c8339297fb84d71346db9fe115513_15196""",1
2025-02-28T11:01:46.194Z,0,rayyan@rayyan.ai,153499228,"""__SYSTEM__SAMPLE__919c8339297fb84d71346db9fe115513_15196""",1
2025-02-28T11:01:46.194Z,0,rayyan@rayyan.ai,164685181,"""__SYSTEM__SAMPLE__919c8339297fb84d71346db9fe115513_15196""",1
2025-02-28T11:01:46.194Z,0,rayyan@rayyan.ai,153490921,"""__SYSTEM__SAMPLE__919c8339297fb84d71346db9fe115513_15196""",1
2025-02-28T11:01:46.194Z,0,rayyan@rayyan.ai,153493906,"""__SYSTEM__SAMPLE__919c8339297fb84d71346db9fe115513_15196""",1
2025-02-28T11:01:46.194Z,0,rayyan@rayyan.ai,164702883,"""__SYSTEM__SAMPLE__919c8339297fb84d71346db9fe115513_15196""",1
2025-02-28T11:01:46.194Z,0,rayyan@rayyan.ai,153497130,"""__SYSTEM__SAMPLE__919c8339297fb84d71346db9fe115513_15196""",1
2025-02-28T11:01:46.194Z,0,rayyan@rayyan.ai,164685930,"""__SYSTEM__SAMPLE__919c8339297fb84d71346db9fe115513_15196""",1
2025-02-28T11:01:46.194Z,0,rayyan@rayyan.ai,153485345,"""__SYSTEM__SAMPLE__919c8339297fb84d71346db9fe115513_15196""",1
2025-02-28T11:01:46.194Z,0,rayyan@rayyan.ai,164700579,"""__SYSTEM__SAMPLE__919c8339297fb84d71346db9fe115513_15196""",1
2025-02-28T11:01:46.194Z,0,rayyan@rayyan.ai,153485502,"""__SYSTEM__SAMPLE__919c8339297fb84d71346db9fe115513_15196""",1
2025-02-28T11:01:46.194Z,0,rayyan@rayyan.ai,153495900,"""__SYSTEM__SAMPLE__919c8339297fb84d71346db9fe115513_15196""",1
2025-02-28T11:01:46.194Z,0,rayyan@rayyan.ai,153498012,"""__SYSTEM__SAMPLE__919c8339297fb84d71346db9fe115513_15196""",1
2025-02-28T11:01:46.194Z,0,rayyan@rayyan.ai,153496925,"""__SYSTEM__SAMPLE__919c8339297fb84d71346db9fe115513_15196""",1
2025-02-28T11:01:46.194Z,0,rayyan@rayyan.ai,153489324,"""__SYSTEM__SAMPLE__919c8339297fb84d71346db9fe115513_15196""",1
2025-02-28T11:01:46.194Z,0,rayyan@rayyan.ai,153488028,"""__SYSTEM__SAMPLE__919c8339297fb84d71346db9fe115513_15196""",1
2025-02-28T11:01:46.194Z,0,rayyan@rayyan.ai,153491496,"""__SYSTEM__SAMPLE__919c8339297fb84d71346db9fe115513_15196""",1
2025-02-28T11:01:46.194Z,0,rayyan@rayyan.ai,164697947,"""__SYSTEM__SAMPLE__919c8339297fb84d71346db9fe115513_15196""",1
2025-02-28T11:01:46.194Z,0,rayyan@rayyan.ai,164685125,"""__SYSTEM__SAMPLE__919c8339297fb84d71346db9fe115513_15196""",1
2025-02-28T11:01:46.194Z,0,rayyan@rayyan.ai,164706021,"""__SYSTEM__SAMPLE__919c8339297fb84d71346db9fe115513_15196""",1
2025-02-28T11:01:46.194Z,0,rayyan@rayyan.ai,153487427,"""__SYSTEM__SAMPLE__919c8339297fb84d71346db9fe115513_15196""",1
2025-02-28T11:01:46.194Z,0,rayyan@rayyan.ai,153490749,"""__SYSTEM__SAMPLE__919c8339297fb84d71346db9fe115513_15196""",1
2025-02-28T11:01:46.194Z,0,rayyan@rayyan.ai,153489341,"""__SYSTEM__SAMPLE__919c8339297fb84d71346db9fe115513_15196""",1
2025-02-28T11:01:46.194Z,0,rayyan@rayyan.ai,153498599,"""__SYSTEM__SAMPLE__919c8339297fb84d71346db9fe115513_15196""",1
2025-02-28T11:01:46.194Z,0,rayyan@rayyan.ai,153488827,"""__SYSTEM__SAMPLE__919c8339297fb84d71346db9fe115513_15196""",1
2025-02-28T11:01:46.194Z,0,rayyan@rayyan.ai,164698258,"""__SYSTEM__SAMPLE__919c8339297fb84d71346db9fe115513_15196""",1
2025-02-28T11:01:46.194Z,0,rayyan@rayyan.ai,164698865,"""__SYSTEM__SAMPLE__919c8339297fb84d71346db9fe115513_15196""",1
2025-02-28T11:01:46.194Z,0,rayyan@rayyan.ai,153487054,"""__SYSTEM__SAMPLE__919c8339297fb84d71346db9fe115513_15196""",1
2025-02-28T11:01:46.194Z,0,rayyan@rayyan.ai,164703741,"""__SYSTEM__SAMPLE__919c8339297fb84d71346db9fe115513_15196""",1
2025-02-28T11:01:46.194Z,0,rayyan@rayyan.ai,164684690,"""__SYSTEM__SAMPLE__919c8339297fb84d71346db9fe115513_15196""",1
2025-02-28T11:01:46.194Z,0,rayyan@rayyan.ai,153495489,"""__SYSTEM__SAMPLE__919c8339297fb84d71346db9fe115513_15196""",1
2025-02-28T11:01:46.194Z,0,rayyan@rayyan.ai,164701068,"""__SYSTEM__SAMPLE__919c8339297fb84d71346db9fe115513_15196""",1
2025-02-28T11:01:46.194Z,0,rayyan@rayyan.ai,164705775,"""__SYSTEM__SAMPLE__919c8339297fb84d71346db9fe115513_15196""",1
2025-02-28T11:01:46.194Z,0,rayyan@rayyan.ai,153493589,"""__SYSTEM__SAMPLE__919c8339297fb84d71346db9fe115513_15196""",1
2025-02-28T11:01:46.194Z,0,rayyan@rayyan.ai,153488200,"""__SYSTEM__SAMPLE__919c8339297fb84d71346db9fe115513_15196""",1
2025-02-28T11:01:46.194Z,0,rayyan@rayyan.ai,164703291,"""__SYSTEM__SAMPLE__919c8339297fb84d71346db9fe115513_15196""",1
2025-02-28T11:01:46.194Z,0,rayyan@rayyan.ai,153489576,"""__SYSTEM__SAMPLE__919c8339297fb84d71346db9fe115513_15196""",1
2025-02-28T11:01:46.194Z,0,rayyan@rayyan.ai,153494561,"""__SYSTEM__SAMPLE__919c8339297fb84d71346db9fe115513_15196""",1
2025-02-28T11:01:46.194Z,0,rayyan@rayyan.ai,153492299,"""__SYSTEM__SAMPLE__919c8339297fb84d71346db9fe115513_15196""",1
2025-02-28T11:01:46.194Z,0,rayyan@rayyan.ai,164703675,"""__SYSTEM__SAMPLE__919c8339297fb84d71346db9fe115513_15196""",1
2025-02-28T11:01:46.194Z,0,rayyan@rayyan.ai,153492891,"""__SYSTEM__SAMPLE__919c8339297fb84d71346db9fe115513_15196""",1
2025-02-28T11:01:46.194Z,0,rayyan@rayyan.ai,164703293,"""__SYSTEM__SAMPLE__919c8339297fb84d71346db9fe115513_15196""",1
2025-02-28T11:01:46.194Z,0,rayyan@rayyan.ai,153493109,"""__SYSTEM__SAMPLE__919c8339297fb84d71346db9fe115513_15196""",1
2025-02-28T11:01:46.229Z,0,rayyan@rayyan.ai,164706245,"""__SYSTEM__SAMPLE__919c8339297fb84d71346db9fe115513_15196""",1
2025-02-28T11:01:46.229Z,0,rayyan@rayyan.ai,153487491,"""__SYSTEM__SAMPLE__919c8339297fb84d71346db9fe115513_15196""",1
2025-02-28T11:01:46.229Z,0,rayyan@rayyan.ai,153486535,"""__SYSTEM__SAMPLE__919c8339297fb84d71346db9fe115513_15196""",1
2025-02-28T11:01:46.229Z,0,rayyan@rayyan.ai,164701168,"""__SYSTEM__SAMPLE__919c8339297fb84d71346db9fe115513_15196""",1
2025-02-28T11:01:46.229Z,0,rayyan@rayyan.ai,153489266,"""__SYSTEM__SAMPLE__919c8339297fb84d71346db9fe115513_15196""",1
2025-02-28T11:01:46.229Z,0,rayyan@rayyan.ai,153493634,"""__SYSTEM__SAMPLE__919c8339297fb84d71346db9fe115513_15196""",1
2025-02-28T11:01:46.229Z,0,rayyan@rayyan.ai,164690530,"""__SYSTEM__SAMPLE__919c8339297fb84d71346db9fe115513_15196""",1
2025-02-28T11:01:46.229Z,0,rayyan@rayyan.ai,164689211,"""__SYSTEM__SAMPLE__919c8339297fb84d71346db9fe115513_15196""",1
2025-02-28T11:01:46.229Z,0,rayyan@rayyan.ai,164701831,"""__SYSTEM__SAMPLE__919c8339297fb84d71346db9fe115513_15196""",1
2025-02-28T11:01:46.229Z,0,rayyan@rayyan.ai,164705574,"""__SYSTEM__SAMPLE__919c8339297fb84d71346db9fe115513_15196""",1
2025-02-28T11:01:46.229Z,0,rayyan@rayyan.ai,153493837,"""__SYSTEM__SAMPLE__919c8339297fb84d71346db9fe115513_15196""",1
2025-02-28T11:01:46.229Z,0,rayyan@rayyan.ai,164690721,"""__SYSTEM__SAMPLE__919c8339297fb84d71346db9fe115513_15196""",1
2025-02-28T11:01:46.229Z,0,rayyan@rayyan.ai,153492710,"""__SYSTEM__SAMPLE__919c8339297fb84d71346db9fe115513_15196""",1
2025-02-28T11:01:46.229Z,0,rayyan@rayyan.ai,153497558,"""__SYSTEM__SAMPLE__919c8339297fb84d71346db9fe115513_15196""",1
2025-02-28T11:01:46.229Z,0,rayyan@rayyan.ai,164690997,"""__SYSTEM__SAMPLE__919c8339297fb84d71346db9fe115513_15196""",1
2025-02-28T11:01:46.229Z,0,rayyan@rayyan.ai,153489286,"""__SYSTEM__SAMPLE__919c8339297fb84d71346db9fe115513_15196""",1
2025-02-28T11:01:46.229Z,0,rayyan@rayyan.ai,164699916,"""__SYSTEM__SAMPLE__919c8339297fb84d71346db9fe115513_15196""",1
2025-02-28T11:01:46.229Z,0,rayyan@rayyan.ai,164685326,"""__SYSTEM__SAMPLE__919c8339297fb84d71346db9fe115513_15196""",1
2025-02-28T11:01:46.229Z,0,rayyan@rayyan.ai,153494802,"""__SYSTEM__SAMPLE__919c8339297fb84d71346db9fe115513_15196""",1
2025-02-28T11:01:46.229Z,0,rayyan@rayyan.ai,164700477,"""__SYSTEM__SAMPLE__919c8339297fb84d71346db9fe115513_15196""",1
2025-02-28T11:01:46.229Z,0,rayyan@rayyan.ai,164706938,"""__SYSTEM__SAMPLE__919c8339297fb84d71346db9fe115513_15196""",1
2025-02-28T11:01:46.229Z,0,rayyan@rayyan.ai,164699307,"""__SYSTEM__SAMPLE__919c8339297fb84d71346db9fe115513_15196""",1
2025-02-28T11:01:46.229Z,0,rayyan@rayyan.ai,153494923,"""__SYSTEM__SAMPLE__919c8339297fb84d71346db9fe115513_15196""",1
2025-02-28T11:01:46.229Z,0,rayyan@rayyan.ai,153499271,"""__SYSTEM__SAMPLE__919c8339297fb84d71346db9fe115513_15196""",1
2025-02-28T11:01:46.229Z,0,rayyan@rayyan.ai,153486659,"""__SYSTEM__SAMPLE__919c8339297fb84d71346db9fe115513_15196""",1
2025-02-28T11:01:46.229Z,0,rayyan@rayyan.ai,153498139,"""__SYSTEM__SAMPLE__919c8339297fb84d71346db9fe115513_15196""",1
2025-02-28T11:01:46.229Z,0,rayyan@rayyan.ai,153486748,"""__SYSTEM__SAMPLE__919c8339297fb84d71346db9fe115513_15196""",1
2025-02-28T11:01:46.229Z,0,rayyan@rayyan.ai,164706477,"""__SYSTEM__SAMPLE__919c8339297fb84d71346db9fe115513_15196""",1
2025-02-28T11:01:46.229Z,0,rayyan@rayyan.ai,153498259,"""__SYSTEM__SAMPLE__919c8339297fb84d71346db9fe115513_15196""",1
2025-02-28T11:01:46.229Z,0,rayyan@rayyan.ai,164690957,"""__SYSTEM__SAMPLE__919c8339297fb84d71346db9fe115513_15196""",1
2025-02-28T11:01:46.229Z,0,rayyan@rayyan.ai,164703699,"""__SYSTEM__SAMPLE__919c8339297fb84d71346db9fe115513_15196""",1
2025-02-28T11:01:46.229Z,0,rayyan@rayyan.ai,153496823,"""__SYSTEM__SAMPLE__919c8339297fb84d71346db9fe115513_15196""",1
2025-02-28T11:01:46.229Z,0,rayyan@rayyan.ai,153491345,"""__SYSTEM__SAMPLE__919c8339297fb84d71346db9fe115513_15196""",1
2025-02-28T11:01:46.229Z,0,rayyan@rayyan.ai,153496920,"""__SYSTEM__SAMPLE__919c8339297fb84d71346db9fe115513_15196""",1
2025-02-28T11:01:46.229Z,0,rayyan@rayyan.ai,164698001,"""__SYSTEM__SAMPLE__919c8339297fb84d71346db9fe115513_15196""",1
2025-02-28T11:01:46.229Z,0,rayyan@rayyan.ai,164704771,"""__SYSTEM__SAMPLE__919c8339297fb84d71346db9fe115513_15196""",1
2025-02-28T11:01:46.229Z,0,rayyan@rayyan.ai,153487600,"""__SYSTEM__SAMPLE__919c8339297fb84d71346db9fe115513_15196""",1
2025-02-28T11:01:46.229Z,0,rayyan@rayyan.ai,164701024,"""__SYSTEM__SAMPLE__919c8339297fb84d71346db9fe115513_15196""",1
2025-02-28T11:01:46.229Z,0,rayyan@rayyan.ai,153492836,"""__SYSTEM__SAMPLE__919c8339297fb84d71346db9fe115513_15196""",1
2025-02-28T11:01:46.229Z,0,rayyan@rayyan.ai,153487181,"""__SYSTEM__SAMPLE__919c8339297fb84d71346db9fe115513_15196""",1
2025-02-28T11:01:46.229Z,0,rayyan@rayyan.ai,153497945,"""__SYSTEM__SAMPLE__919c8339297fb84d71346db9fe115513_15196""",1
2025-02-28T11:01:46.229Z,0,rayyan@rayyan.ai,153491145,"""__SYSTEM__SAMPLE__919c8339297fb84d71346db9fe115513_15196""",1
2025-02-28T11:01:46.229Z,0,rayyan@rayyan.ai,153493230,"""__SYSTEM__SAMPLE__919c8339297fb84d71346db9fe115513_15196""",1
2025-02-28T11:01:46.229Z,0,rayyan@rayyan.ai,153498665,"""__SYSTEM__SAMPLE__919c8339297fb84d71346db9fe115513_15196""",1
2025-02-28T11:01:46.229Z,0,rayyan@rayyan.ai,153492436,"""__SYSTEM__SAMPLE__919c8339297fb84d71346db9fe115513_15196""",1
2025-02-28T11:01:46.229Z,0,rayyan@rayyan.ai,153492251,"""__SYSTEM__SAMPLE__919c8339297fb84d71346db9fe115513_15196""",1
2025-02-28T11:01:46.229Z,0,rayyan@rayyan.ai,164702715,"""__SYSTEM__SAMPLE__919c8339297fb84d71346db9fe115513_15196""",1
2025-02-28T11:01:46.229Z,0,rayyan@rayyan.ai,164703830,"""__SYSTEM__SAMPLE__919c8339297fb84d71346db9fe115513_15196""",1
2025-02-28T11:01:46.229Z,0,rayyan@rayyan.ai,153496761,"""__SYSTEM__SAMPLE__919c8339297fb84d71346db9fe115513_15196""",1
2025-02-28T11:01:46.229Z,0,rayyan@rayyan.ai,153489854,"""__SYSTEM__SAMPLE__919c8339297fb84d71346db9fe115513_15196""",1
2025-02-28T11:01:46.271Z,0,rayyan@rayyan.ai,153498229,"""__SYSTEM__SAMPLE__919c8339297fb84d71346db9fe115513_15196""",1
2025-02-28T11:01:46.271Z,0,rayyan@rayyan.ai,164690130,"""__SYSTEM__SAMPLE__919c8339297fb84d71346db9fe115513_15196""",1
2025-02-28T11:01:46.271Z,0,rayyan@rayyan.ai,153487940,"""__SYSTEM__SAMPLE__919c8339297fb84d71346db9fe115513_15196""",1
2025-02-28T11:01:46.271Z,0,rayyan@rayyan.ai,153497219,"""__SYSTEM__SAMPLE__919c8339297fb84d71346db9fe115513_15196""",1
2025-02-28T11:01:46.271Z,0,rayyan@rayyan.ai,153494425,"""__SYSTEM__SAMPLE__919c8339297fb84d71346db9fe115513_15196""",1
2025-02-28T11:01:46.271Z,0,rayyan@rayyan.ai,153490006,"""__SYSTEM__SAMPLE__919c8339297fb84d71346db9fe115513_15196""",1
2025-02-28T11:01:46.271Z,0,rayyan@rayyan.ai,153485854,"""__SYSTEM__SAMPLE__919c8339297fb84d71346db9fe115513_15196""",1
2025-02-28T11:01:46.271Z,0,rayyan@rayyan.ai,164690888,"""__SYSTEM__SAMPLE__919c8339297fb84d71346db9fe115513_15196""",1
2025-02-28T11:01:46.271Z,0,rayyan@rayyan.ai,164704659,"""__SYSTEM__SAMPLE__919c8339297fb84d71346db9fe115513_15196""",1
2025-02-28T11:01:46.271Z,0,rayyan@rayyan.ai,164690523,"""__SYSTEM__SAMPLE__919c8339297fb84d71346db9fe115513_15196""",1
2025-02-28T11:01:46.271Z,0,rayyan@rayyan.ai,153497609,"""__SYSTEM__SAMPLE__919c8339297fb84d71346db9fe115513_15196""",1
2025-02-28T11:01:46.271Z,0,rayyan@rayyan.ai,153490662,"""__SYSTEM__SAMPLE__919c8339297fb84d71346db9fe115513_15196""",1
2025-02-28T11:01:46.271Z,0,rayyan@rayyan.ai,153494216,"""__SYSTEM__SAMPLE__919c8339297fb84d71346db9fe115513_15196""",1
2025-02-28T11:01:46.271Z,0,rayyan@rayyan.ai,153488597,"""__SYSTEM__SAMPLE__919c8339297fb84d71346db9fe115513_15196""",1
2025-02-28T11:01:46.271Z,0,rayyan@rayyan.ai,164691053,"""__SYSTEM__SAMPLE__919c8339297fb84d71346db9fe115513_15196""",1
2025-02-28T11:01:46.271Z,0,rayyan@rayyan.ai,164698461,"""__SYSTEM__SAMPLE__919c8339297fb84d71346db9fe115513_15196""",1
2025-02-28T11:01:46.271Z,0,rayyan@rayyan.ai,164694183,"""__SYSTEM__SAMPLE__919c8339297fb84d71346db9fe115513_15196""",1
2025-02-28T11:01:46.271Z,0,rayyan@rayyan.ai,164686105,"""__SYSTEM__SAMPLE__919c8339297fb84d71346db9fe115513_15196""",1
2025-02-28T11:01:46.271Z,0,rayyan@rayyan.ai,164705886,"""__SYSTEM__SAMPLE__919c8339297fb84d71346db9fe115513_15196""",1
2025-02-28T11:01:46.271Z,0,rayyan@rayyan.ai,153495813,"""__SYSTEM__SAMPLE__919c8339297fb84d71346db9fe115513_15196""",1
2025-02-28T11:01:46.271Z,0,rayyan@rayyan.ai,164702787,"""__SYSTEM__SAMPLE__919c8339297fb84d71346db9fe115513_15196""",1
2025-02-28T11:01:46.271Z,0,rayyan@rayyan.ai,164687108,"""__SYSTEM__SAMPLE__919c8339297fb84d71346db9fe115513_15196""",1
2025-02-28T11:01:46.271Z,0,rayyan@rayyan.ai,153493039,"""__SYSTEM__SAMPLE__919c8339297fb84d71346db9fe115513_15196""",1
2025-02-28T11:01:46.271Z,0,rayyan@rayyan.ai,153496084,"""__SYSTEM__SAMPLE__919c8339297fb84d71346db9fe115513_15196""",1
2025-02-28T11:01:46.271Z,0,rayyan@rayyan.ai,153493910,"""__SYSTEM__SAMPLE__919c8339297fb84d71346db9fe115513_15196""",1
2025-02-28T11:01:46.271Z,0,rayyan@rayyan.ai,153496879,"""__SYSTEM__SAMPLE__919c8339297fb84d71346db9fe115513_15196""",1
2025-02-28T11:01:46.271Z,0,rayyan@rayyan.ai,153486363,"""__SYSTEM__SAMPLE__919c8339297fb84d71346db9fe115513_15196""",1
2025-02-28T11:01:46.271Z,0,rayyan@rayyan.ai,153496457,"""__SYSTEM__SAMPLE__919c8339297fb84d71346db9fe115513_15196""",1
2025-02-28T11:01:46.271Z,0,rayyan@rayyan.ai,153488641,"""__SYSTEM__SAMPLE__919c8339297fb84d71346db9fe115513_15196""",1
2025-02-28T11:01:46.271Z,0,rayyan@rayyan.ai,164691684,"""__SYSTEM__SAMPLE__919c8339297fb84d71346db9fe115513_15196""",1
2025-02-28T11:01:46.271Z,0,rayyan@rayyan.ai,164685617,"""__SYSTEM__SAMPLE__919c8339297fb84d71346db9fe115513_15196""",1
2025-02-28T11:01:46.271Z,0,rayyan@rayyan.ai,153490001,"""__SYSTEM__SAMPLE__919c8339297fb84d71346db9fe115513_15196""",1
2025-02-28T11:01:46.271Z,0,rayyan@rayyan.ai,153486436,"""__SYSTEM__SAMPLE__919c8339297fb84d71346db9fe115513_15196""",1
2025-02-28T11:01:46.271Z,0,rayyan@rayyan.ai,164694874,"""__SYSTEM__SAMPLE__919c8339297fb84d71346db9fe115513_15196""",1
2025-02-28T11:01:46.271Z,0,rayyan@rayyan.ai,153487794,"""__SYSTEM__SAMPLE__919c8339297fb84d71346db9fe115513_15196""",1
2025-02-28T11:01:46.271Z,0,rayyan@rayyan.ai,164705025,"""__SYSTEM__SAMPLE__919c8339297fb84d71346db9fe115513_15196""",1
2025-02-28T11:01:46.271Z,0,rayyan@rayyan.ai,153488454,"""__SYSTEM__SAMPLE__919c8339297fb84d71346db9fe115513_15196""",1
2025-02-28T11:01:46.271Z,0,rayyan@rayyan.ai,164699794,"""__SYSTEM__SAMPLE__919c8339297fb84d71346db9fe115513_15196""",1
2025-02-28T11:01:46.271Z,0,rayyan@rayyan.ai,153487616,"""__SYSTEM__SAMPLE__919c8339297fb84d71346db9fe115513_15196""",1
2025-02-28T11:01:46.271Z,0,rayyan@rayyan.ai,164703307,"""__SYSTEM__SAMPLE__919c8339297fb84d71346db9fe115513_15196""",1
2025-02-28T11:01:46.271Z,0,rayyan@rayyan.ai,164696435,"""__SYSTEM__SAMPLE__919c8339297fb84d71346db9fe115513_15196""",1
2025-02-28T11:01:46.271Z,0,rayyan@rayyan.ai,164693127,"""__SYSTEM__SAMPLE__919c8339297fb84d71346db9fe115513_15196""",1
2025-02-28T11:01:46.271Z,0,rayyan@rayyan.ai,164692518,"""__SYSTEM__SAMPLE__919c8339297fb84d71346db9fe115513_15196""",1
2025-02-28T11:01:46.271Z,0,rayyan@rayyan.ai,164695545,"""__SYSTEM__SAMPLE__919c8339297fb84d71346db9fe115513_15196""",1
2025-02-28T11:01:46.271Z,0,rayyan@rayyan.ai,164697817,"""__SYSTEM__SAMPLE__919c8339297fb84d71346db9fe115513_15196""",1
2025-02-28T11:01:46.271Z,0,rayyan@rayyan.ai,164695736,"""__SYSTEM__SAMPLE__919c8339297fb84d71346db9fe115513_15196""",1
2025-02-28T11:01:46.271Z,0,rayyan@rayyan.ai,164694930,"""__SYSTEM__SAMPLE__919c8339297fb84d71346db9fe115513_15196""",1
2025-02-28T11:01:46.271Z,0,rayyan@rayyan.ai,153490034,"""__SYSTEM__SAMPLE__919c8339297fb84d71346db9fe115513_15196""",1
2025-02-28T11:01:46.271Z,0,rayyan@rayyan.ai,164697299,"""__SYSTEM__SAMPLE__919c8339297fb84d71346db9fe115513_15196""",1
2025-02-28T11:01:46.271Z,0,rayyan@rayyan.ai,164702904,"""__SYSTEM__SAMPLE__919c8339297fb84d71346db9fe115513_15196""",1
2025-02-28T11:01:46.302Z,0,rayyan@rayyan.ai,153492951,"""__SYSTEM__SAMPLE__919c8339297fb84d71346db9fe115513_15196""",1
2025-02-28T11:01:46.302Z,0,rayyan@rayyan.ai,164704399,"""__SYSTEM__SAMPLE__919c8339297fb84d71346db9fe115513_15196""",1
2025-02-28T11:01:46.302Z,0,rayyan@rayyan.ai,153494830,"""__SYSTEM__SAMPLE__919c8339297fb84d71346db9fe115513_15196""",1
2025-02-28T11:01:46.302Z,0,rayyan@rayyan.ai,153494165,"""__SYSTEM__SAMPLE__919c8339297fb84d71346db9fe115513_15196""",1
2025-02-28T11:01:46.302Z,0,rayyan@rayyan.ai,164704471,"""__SYSTEM__SAMPLE__919c8339297fb84d71346db9fe115513_15196""",1
2025-02-28T11:01:46.302Z,0,rayyan@rayyan.ai,153490925,"""__SYSTEM__SAMPLE__919c8339297fb84d71346db9fe115513_15196""",1
2025-02-28T11:01:46.302Z,0,rayyan@rayyan.ai,153494311,"""__SYSTEM__SAMPLE__919c8339297fb84d71346db9fe115513_15196""",1
2025-02-28T11:01:46.302Z,0,rayyan@rayyan.ai,164689097,"""__SYSTEM__SAMPLE__919c8339297fb84d71346db9fe115513_15196""",1
2025-02-28T11:01:46.302Z,0,rayyan@rayyan.ai,153491033,"""__SYSTEM__SAMPLE__919c8339297fb84d71346db9fe115513_15196""",1
2025-02-28T11:01:46.302Z,0,rayyan@rayyan.ai,164689163,"""__SYSTEM__SAMPLE__919c8339297fb84d71346db9fe115513_15196""",1
2025-02-28T11:01:46.302Z,0,rayyan@rayyan.ai,153490863,"""__SYSTEM__SAMPLE__919c8339297fb84d71346db9fe115513_15196""",1
2025-02-28T11:01:46.302Z,0,rayyan@rayyan.ai,164700210,"""__SYSTEM__SAMPLE__919c8339297fb84d71346db9fe115513_15196""",1
2025-02-28T11:01:46.302Z,0,rayyan@rayyan.ai,164697599,"""__SYSTEM__SAMPLE__919c8339297fb84d71346db9fe115513_15196""",1
2025-02-28T11:01:46.302Z,0,rayyan@rayyan.ai,153494222,"""__SYSTEM__SAMPLE__919c8339297fb84d71346db9fe115513_15196""",1
2025-02-28T11:01:46.302Z,0,rayyan@rayyan.ai,153495394,"""__SYSTEM__SAMPLE__919c8339297fb84d71346db9fe115513_15196""",1
2025-02-28T11:01:46.302Z,0,rayyan@rayyan.ai,153488504,"""__SYSTEM__SAMPLE__919c8339297fb84d71346db9fe115513_15196""",1
2025-02-28T11:01:46.302Z,0,rayyan@rayyan.ai,164704897,"""__SYSTEM__SAMPLE__919c8339297fb84d71346db9fe115513_15196""",1
2025-02-28T11:01:46.302Z,0,rayyan@rayyan.ai,164691719,"""__SYSTEM__SAMPLE__919c8339297fb84d71346db9fe115513_15196""",1
2025-02-28T11:01:46.302Z,0,rayyan@rayyan.ai,153494401,"""__SYSTEM__SAMPLE__919c8339297fb84d71346db9fe115513_15196""",1
2025-02-28T11:01:46.302Z,0,rayyan@rayyan.ai,164705589,"""__SYSTEM__SAMPLE__919c8339297fb84d71346db9fe115513_15196""",1
2025-02-28T11:01:46.302Z,0,rayyan@rayyan.ai,153498401,"""__SYSTEM__SAMPLE__919c8339297fb84d71346db9fe115513_15196""",1
2025-02-28T11:01:46.302Z,0,rayyan@rayyan.ai,164690489,"""__SYSTEM__SAMPLE__919c8339297fb84d71346db9fe115513_15196""",1
2025-02-28T11:01:46.302Z,0,rayyan@rayyan.ai,153489049,"""__SYSTEM__SAMPLE__919c8339297fb84d71346db9fe115513_15196""",1
2025-02-28T11:01:46.302Z,0,rayyan@rayyan.ai,153494873,"""__SYSTEM__SAMPLE__919c8339297fb84d71346db9fe115513_15196""",1
2025-02-28T11:01:46.302Z,0,rayyan@rayyan.ai,164693446,"""__SYSTEM__SAMPLE__919c8339297fb84d71346db9fe115513_15196""",1
2025-02-28T11:01:46.302Z,0,rayyan@rayyan.ai,164701798,"""__SYSTEM__SAMPLE__919c8339297fb84d71346db9fe115513_15196""",1
2025-02-28T11:01:46.302Z,0,rayyan@rayyan.ai,164686963,"""__SYSTEM__SAMPLE__919c8339297fb84d71346db9fe115513_15196""",1
2025-02-28T11:01:46.302Z,0,rayyan@rayyan.ai,164706193,"""__SYSTEM__SAMPLE__919c8339297fb84d71346db9fe115513_15196""",1
2025-02-28T11:01:46.302Z,0,rayyan@rayyan.ai,164688562,"""__SYSTEM__SAMPLE__919c8339297fb84d71346db9fe115513_15196""",1
2025-02-28T11:01:46.302Z,0,rayyan@rayyan.ai,164697473,"""__SYSTEM__SAMPLE__919c8339297fb84d71346db9fe115513_15196""",1
2025-02-28T11:01:46.302Z,0,rayyan@rayyan.ai,164694599,"""__SYSTEM__SAMPLE__919c8339297fb84d71346db9fe115513_15196""",1
2025-02-28T11:01:46.302Z,0,rayyan@rayyan.ai,164691749,"""__SYSTEM__SAMPLE__919c8339297fb84d71346db9fe115513_15196""",1
2025-02-28T11:01:46.302Z,0,rayyan@rayyan.ai,153485888,"""__SYSTEM__SAMPLE__919c8339297fb84d71346db9fe115513_15196""",1
2025-02-28T11:01:46.302Z,0,rayyan@rayyan.ai,164692732,"""__SYSTEM__SAMPLE__919c8339297fb84d71346db9fe115513_15196""",1
2025-02-28T11:01:46.302Z,0,rayyan@rayyan.ai,164693150,"""__SYSTEM__SAMPLE__919c8339297fb84d71346db9fe115513_15196""",1
2025-02-28T11:01:46.302Z,0,rayyan@rayyan.ai,164699824,"""__SYSTEM__SAMPLE__919c8339297fb84d71346db9fe115513_15196""",1
2025-02-28T11:01:46.302Z,0,rayyan@rayyan.ai,153490622,"""__SYSTEM__SAMPLE__919c8339297fb84d71346db9fe115513_15196""",1
2025-02-28T11:01:46.302Z,0,rayyan@rayyan.ai,153487281,"""__SYSTEM__SAMPLE__919c8339297fb84d71346db9fe115513_15196""",1
2025-02-28T11:01:46.302Z,0,rayyan@rayyan.ai,164687937,"""__SYSTEM__SAMPLE__919c8339297fb84d71346db9fe115513_15196""",1
2025-02-28T11:01:46.302Z,0,rayyan@rayyan.ai,153495597,"""__SYSTEM__SAMPLE__919c8339297fb84d71346db9fe115513_15196""",1
2025-02-28T11:01:46.302Z,0,rayyan@rayyan.ai,164691032,"""__SYSTEM__SAMPLE__919c8339297fb84d71346db9fe115513_15196""",1
2025-02-28T11:01:46.302Z,0,rayyan@rayyan.ai,164698803,"""__SYSTEM__SAMPLE__919c8339297fb84d71346db9fe115513_15196""",1
2025-02-28T11:01:46.302Z,0,rayyan@rayyan.ai,164695732,"""__SYSTEM__SAMPLE__919c8339297fb84d71346db9fe115513_15196""",1
2025-02-28T11:01:46.302Z,0,rayyan@rayyan.ai,153490991,"""__SYSTEM__SAMPLE__919c8339297fb84d71346db9fe115513_15196""",1
2025-02-28T11:01:46.302Z,0,rayyan@rayyan.ai,164703193,"""__SYSTEM__SAMPLE__919c8339297fb84d71346db9fe115513_15196""",1
2025-02-28T11:01:46.302Z,0,rayyan@rayyan.ai,153490424,"""__SYSTEM__SAMPLE__919c8339297fb84d71346db9fe115513_15196""",1
2025-02-28T11:01:46.302Z,0,rayyan@rayyan.ai,153488277,"""__SYSTEM__SAMPLE__919c8339297fb84d71346db9fe115513_15196""",1
2025-02-28T11:01:46.302Z,0,rayyan@rayyan.ai,164688968,"""__SYSTEM__SAMPLE__919c8339297fb84d71346db9fe115513_15196""",1
2025-02-28T11:01:46.302Z,0,rayyan@rayyan.ai,153498132,"""__SYSTEM__SAMPLE__919c8339297fb84d71346db9fe115513_15196""",1
2025-02-28T11:01:46.346Z,0,rayyan@rayyan.ai,153489236,"""__SYSTEM__SAMPLE__919c8339297fb84d71346db9fe115513_15196""",1
2025-02-28T11:01:46.346Z,0,rayyan@rayyan.ai,153496643,"""__SYSTEM__SAMPLE__919c8339297fb84d71346db9fe115513_15196""",1
2025-02-28T11:01:46.346Z,0,rayyan@rayyan.ai,164700540,"""__SYSTEM__SAMPLE__919c8339297fb84d71346db9fe115513_15196""",1
2025-02-28T11:01:46.346Z,0,rayyan@rayyan.ai,153487873,"""__SYSTEM__SAMPLE__919c8339297fb84d71346db9fe115513_15196""",1
2025-02-28T11:01:46.346Z,0,rayyan@rayyan.ai,164701880,"""__SYSTEM__SAMPLE__919c8339297fb84d71346db9fe115513_15196""",1
2025-02-28T11:01:46.346Z,0,rayyan@rayyan.ai,153493761,"""__SYSTEM__SAMPLE__919c8339297fb84d71346db9fe115513_15196""",1
2025-02-28T11:01:46.346Z,0,rayyan@rayyan.ai,153494070,"""__SYSTEM__SAMPLE__919c8339297fb84d71346db9fe115513_15196""",1
2025-02-28T11:01:46.346Z,0,rayyan@rayyan.ai,153492230,"""__SYSTEM__SAMPLE__919c8339297fb84d71346db9fe115513_15196""",1
2025-02-28T11:01:46.346Z,0,rayyan@rayyan.ai,153496032,"""__SYSTEM__SAMPLE__919c8339297fb84d71346db9fe115513_15196""",1
2025-02-28T11:01:46.346Z,0,rayyan@rayyan.ai,153494809,"""__SYSTEM__SAMPLE__919c8339297fb84d71346db9fe115513_15196""",1
2025-02-28T11:01:46.346Z,0,rayyan@rayyan.ai,153485869,"""__SYSTEM__SAMPLE__919c8339297fb84d71346db9fe115513_15196""",1
2025-02-28T11:01:46.346Z,0,rayyan@rayyan.ai,164704596,"""__SYSTEM__SAMPLE__919c8339297fb84d71346db9fe115513_15196""",1
2025-02-28T11:01:46.346Z,0,rayyan@rayyan.ai,164689539,"""__SYSTEM__SAMPLE__919c8339297fb84d71346db9fe115513_15196""",1
2025-02-28T11:01:46.346Z,0,rayyan@rayyan.ai,164697847,"""__SYSTEM__SAMPLE__919c8339297fb84d71346db9fe115513_15196""",1
2025-02-28T11:01:46.346Z,0,rayyan@rayyan.ai,164703474,"""__SYSTEM__SAMPLE__919c8339297fb84d71346db9fe115513_15196""",1
2025-02-28T11:01:46.346Z,0,rayyan@rayyan.ai,164693867,"""__SYSTEM__SAMPLE__919c8339297fb84d71346db9fe115513_15196""",1
2025-02-28T11:01:46.346Z,0,rayyan@rayyan.ai,153490166,"""__SYSTEM__SAMPLE__919c8339297fb84d71346db9fe115513_15196""",1
2025-02-28T11:01:46.346Z,0,rayyan@rayyan.ai,164688585,"""__SYSTEM__SAMPLE__919c8339297fb84d71346db9fe115513_15196""",1
2025-02-28T11:01:46.346Z,0,rayyan@rayyan.ai,153490183,"""__SYSTEM__SAMPLE__919c8339297fb84d71346db9fe115513_15196""",1
2025-02-28T11:01:46.346Z,0,rayyan@rayyan.ai,164703776,"""__SYSTEM__SAMPLE__919c8339297fb84d71346db9fe115513_15196""",1
2025-02-28T11:01:46.346Z,0,rayyan@rayyan.ai,153493598,"""__SYSTEM__SAMPLE__919c8339297fb84d71346db9fe115513_15196""",1
2025-02-28T11:01:46.346Z,0,rayyan@rayyan.ai,164686729,"""__SYSTEM__SAMPLE__919c8339297fb84d71346db9fe115513_15196""",1
2025-02-28T11:01:46.346Z,0,rayyan@rayyan.ai,153499081,"""__SYSTEM__SAMPLE__919c8339297fb84d71346db9fe115513_15196""",1
2025-02-28T11:01:46.346Z,0,rayyan@rayyan.ai,153489995,"""__SYSTEM__SAMPLE__919c8339297fb84d71346db9fe115513_15196""",1
2025-02-28T11:01:46.346Z,0,rayyan@rayyan.ai,164701358,"""__SYSTEM__SAMPLE__919c8339297fb84d71346db9fe115513_15196""",1
2025-02-28T11:01:46.346Z,0,rayyan@rayyan.ai,164697427,"""__SYSTEM__SAMPLE__919c8339297fb84d71346db9fe115513_15196""",1
2025-02-28T11:01:46.346Z,0,rayyan@rayyan.ai,164687334,"""__SYSTEM__SAMPLE__919c8339297fb84d71346db9fe115513_15196""",1
2025-02-28T11:01:46.346Z,0,rayyan@rayyan.ai,153492425,"""__SYSTEM__SAMPLE__919c8339297fb84d71346db9fe115513_15196""",1
2025-02-28T11:01:46.346Z,0,rayyan@rayyan.ai,164696026,"""__SYSTEM__SAMPLE__919c8339297fb84d71346db9fe115513_15196""",1
2025-02-28T11:01:46.346Z,0,rayyan@rayyan.ai,164704128,"""__SYSTEM__SAMPLE__919c8339297fb84d71346db9fe115513_15196""",1
2025-02-28T11:01:46.346Z,0,rayyan@rayyan.ai,153498276,"""__SYSTEM__SAMPLE__919c8339297fb84d71346db9fe115513_15196""",1
2025-02-28T11:01:46.346Z,0,rayyan@rayyan.ai,153493780,"""__SYSTEM__SAMPLE__919c8339297fb84d71346db9fe115513_15196""",1
2025-02-28T11:01:46.346Z,0,rayyan@rayyan.ai,153498461,"""__SYSTEM__SAMPLE__919c8339297fb84d71346db9fe115513_15196""",1
2025-02-28T11:01:46.346Z,0,rayyan@rayyan.ai,164685056,"""__SYSTEM__SAMPLE__919c8339297fb84d71346db9fe115513_15196""",1
2025-02-28T11:01:46.346Z,0,rayyan@rayyan.ai,153496459,"""__SYSTEM__SAMPLE__919c8339297fb84d71346db9fe115513_15196""",1
2025-02-28T11:01:46.346Z,0,rayyan@rayyan.ai,164687621,"""__SYSTEM__SAMPLE__919c8339297fb84d71346db9fe115513_15196""",1
2025-02-28T11:01:46.346Z,0,rayyan@rayyan.ai,164702022,"""__SYSTEM__SAMPLE__919c8339297fb84d71346db9fe115513_15196""",1
2025-02-28T11:01:46.346Z,0,rayyan@rayyan.ai,153497959,"""__SYSTEM__SAMPLE__919c8339297fb84d71346db9fe115513_15196""",1
2025-02-28T11:01:46.346Z,0,rayyan@rayyan.ai,164684664,"""__SYSTEM__SAMPLE__919c8339297fb84d71346db9fe115513_15196""",1
2025-02-28T11:01:46.346Z,0,rayyan@rayyan.ai,153495697,"""__SYSTEM__SAMPLE__919c8339297fb84d71346db9fe115513_15196""",1
2025-02-28T11:01:46.346Z,0,rayyan@rayyan.ai,164702366,"""__SYSTEM__SAMPLE__919c8339297fb84d71346db9fe115513_15196""",1
2025-02-28T11:01:46.346Z,0,rayyan@rayyan.ai,153491576,"""__SYSTEM__SAMPLE__919c8339297fb84d71346db9fe115513_15196""",1
2025-02-28T11:01:46.346Z,0,rayyan@rayyan.ai,164706518,"""__SYSTEM__SAMPLE__919c8339297fb84d71346db9fe115513_15196""",1
2025-02-28T11:01:46.346Z,0,rayyan@rayyan.ai,164705109,"""__SYSTEM__SAMPLE__919c8339297fb84d71346db9fe115513_15196""",1
2025-02-28T11:01:46.346Z,0,rayyan@rayyan.ai,153485324,"""__SYSTEM__SAMPLE__919c8339297fb84d71346db9fe115513_15196""",1
2025-02-28T11:01:46.346Z,0,rayyan@rayyan.ai,153486563,"""__SYSTEM__SAMPLE__919c8339297fb84d71346db9fe115513_15196""",1
2025-02-28T11:01:46.346Z,0,rayyan@rayyan.ai,164688510,"""__SYSTEM__SAMPLE__919c8339297fb84d71346db9fe115513_15196""",1
2025-02-28T11:01:46.346Z,0,rayyan@rayyan.ai,164705559,"""__SYSTEM__SAMPLE__919c8339297fb84d71346db9fe115513_15196""",1
2025-02-28T11:01:46.346Z,0,rayyan@rayyan.ai,153491699,"""__SYSTEM__SAMPLE__919c8339297fb84d71346db9fe115513_15196""",1
2025-02-28T11:01:46.346Z,0,rayyan@rayyan.ai,153494943,"""__SYSTEM__SAMPLE__919c8339297fb84d71346db9fe115513_15196""",1
2025-02-28T17:03:50.977Z,793579,prishnee.bissessur1@gmail.com,83177472,"""__EXR__Not about conservation""",1
2025-02-28T17:03:51.050Z,793579,prishnee.bissessur1@gmail.com,83177472,included,-1
2025-02-28T17:04:07.387Z,793579,prishnee.bissessur1@gmail.com,83177632,"""__EXR__Not about conservation""",1
2025-02-28T17:04:07.406Z,793579,prishnee.bissessur1@gmail.com,83177632,included,-1
2025-02-28T17:04:28.527Z,793579,prishnee.bissessur1@gmail.com,83177992,"""__EXR__Not about conservation""",1
2025-02-28T17:04:28.550Z,793579,prishnee.bissessur1@gmail.com,83177992,included,-1
2025-02-28T17:04:55.040Z,793579,prishnee.bissessur1@gmail.com,153485273,"""__EXR__Not about policy or practice""",1
2025-02-28T17:04:55.063Z,793579,prishnee.bissessur1@gmail.com,153485273,included,-1
2025-02-28T17:04:55.077Z,793579,prishnee.bissessur1@gmail.com,153485273,"""__EXR__Not about evidence use""",1
2025-02-28T17:04:55.089Z,793579,prishnee.bissessur1@gmail.com,153485273,included,-1
2025-02-28T17:06:13.677Z,793579,prishnee.bissessur1@gmail.com,153485282,"""__EXR__Not about conservation""",1
2025-02-28T17:06:13.714Z,793579,prishnee.bissessur1@gmail.com,153485282,included,-1
2025-02-28T17:06:23.104Z,793579,prishnee.bissessur1@gmail.com,153485324,"""__EXR__Not about conservation""",1
2025-02-28T17:06:23.119Z,793579,prishnee.bissessur1@gmail.com,153485324,included,-1
2025-02-28T17:07:04.596Z,793579,prishnee.bissessur1@gmail.com,153485328,"""__EXR__Not about policy or practice""",1
2025-02-28T17:07:04.618Z,793579,prishnee.bissessur1@gmail.com,153485328,included,-1
2025-02-28T17:07:25.910Z,793579,prishnee.bissessur1@gmail.com,153485345,"""__EXR__Not about conservation""",1
2025-02-28T17:07:25.929Z,793579,prishnee.bissessur1@gmail.com,153485345,included,-1
2025-02-28T17:08:01.164Z,793579,prishnee.bissessur1@gmail.com,153485352,"""__EXR__Not about conservation""",1
2025-02-28T17:08:01.178Z,793579,prishnee.bissessur1@gmail.com,153485352,included,-1
2025-02-28T17:08:27.569Z,793579,prishnee.bissessur1@gmail.com,153485370,"""__EXR__Not about conservation""",1
2025-02-28T17:08:27.585Z,793579,prishnee.bissessur1@gmail.com,153485370,included,-1
2025-02-28T17:09:40.923Z,793579,prishnee.bissessur1@gmail.com,153485383,"""__EXR__Not about evidence use""",1
2025-02-28T17:09:40.942Z,793579,prishnee.bissessur1@gmail.com,153485383,included,-1
2025-02-28T17:09:40.958Z,793579,prishnee.bissessur1@gmail.com,153485383,"""__EXR__Not about policy or practice""",1
2025-02-28T17:09:40.968Z,793579,prishnee.bissessur1@gmail.com,153485383,included,-1
2025-02-28T17:14:39.811Z,793579,prishnee.bissessur1@gmail.com,153485502,"""__EXR__Not research study""",1
2025-02-28T17:14:39.830Z,793579,prishnee.bissessur1@gmail.com,153485502,included,-1
2025-02-28T17:15:22.225Z,793579,prishnee.bissessur1@gmail.com,153485563,"""__EXR__Not about conservation""",1
2025-02-28T17:15:22.243Z,793579,prishnee.bissessur1@gmail.com,153485563,included,-1
2025-02-28T17:15:31.291Z,793579,prishnee.bissessur1@gmail.com,153485586,"""__EXR__Not about conservation""",1
2025-02-28T17:15:31.307Z,793579,prishnee.bissessur1@gmail.com,153485586,included,-1
2025-02-28T17:16:03.128Z,793579,prishnee.bissessur1@gmail.com,153485688,"""__EXR__Not about conservation""",1
2025-02-28T17:16:03.149Z,793579,prishnee.bissessur1@gmail.com,153485688,included,-1
2025-02-28T17:16:34.694Z,793579,prishnee.bissessur1@gmail.com,153485698,"""__EXR__Not about conservation""",1
2025-02-28T17:16:34.712Z,793579,prishnee.bissessur1@gmail.com,153485698,included,-1
2025-02-28T17:16:46.694Z,793579,prishnee.bissessur1@gmail.com,153485765,"""__EXR__Not about conservation""",1
2025-02-28T17:16:47.048Z,793579,prishnee.bissessur1@gmail.com,153485765,included,-1
2025-02-28T17:17:22.173Z,793579,prishnee.bissessur1@gmail.com,153485783,"""__EXR__Not about conservation""",1
2025-02-28T17:17:22.247Z,793579,prishnee.bissessur1@gmail.com,153485783,included,-1
2025-02-28T17:17:29.045Z,793579,prishnee.bissessur1@gmail.com,153485798,"""__EXR__Not about conservation""",1
2025-02-28T17:17:29.064Z,793579,prishnee.bissessur1@gmail.com,153485798,included,-1
2025-02-28T17:17:39.134Z,793579,prishnee.bissessur1@gmail.com,153485823,"""__EXR__Not about conservation""",1
2025-02-28T17:17:39.163Z,793579,prishnee.bissessur1@gmail.com,153485823,included,-1
2025-02-28T17:17:47.311Z,793579,prishnee.bissessur1@gmail.com,153486297,"""__EXR__Not about conservation""",1
2025-02-28T17:17:47.332Z,793579,prishnee.bissessur1@gmail.com,153486297,included,-1
2025-02-28T17:18:20.785Z,793579,prishnee.bissessur1@gmail.com,153486363,"""__EXR__Not about conservation""",1
2025-02-28T17:18:20.802Z,793579,prishnee.bissessur1@gmail.com,153486363,included,-1
2025-02-28T17:18:45.083Z,793579,prishnee.bissessur1@gmail.com,153486381,included,1
2025-02-28T17:20:42.166Z,793579,prishnee.bissessur1@gmail.com,153486436,"""__EXR__Not about conservation""",1
2025-02-28T17:20:42.189Z,793579,prishnee.bissessur1@gmail.com,153486436,included,-1
2025-02-28T17:21:49.095Z,793579,prishnee.bissessur1@gmail.com,153486535,"""__EXR__Not about conservation""",1
2025-02-28T17:21:49.112Z,793579,prishnee.bissessur1@gmail.com,153486535,included,-1
2025-02-28T17:21:49.134Z,793579,prishnee.bissessur1@gmail.com,153486535,"""__EXR__Not about policy or practice""",1
2025-02-28T17:21:49.142Z,793579,prishnee.bissessur1@gmail.com,153486535,included,-1
2025-02-28T17:21:49.157Z,793579,prishnee.bissessur1@gmail.com,153486535,"""__EXR__Not about evidence use""",deleted
2025-02-28T17:22:34.651Z,793579,prishnee.bissessur1@gmail.com,153486563,"""__EXR__Not about conservation""",1
2025-02-28T17:22:34.669Z,793579,prishnee.bissessur1@gmail.com,153486563,included,-1
2025-02-28T17:23:15.377Z,793579,prishnee.bissessur1@gmail.com,153486659,included,1
2025-02-28T17:23:37.339Z,793579,prishnee.bissessur1@gmail.com,153486748,"""__EXR__Not about conservation""",1
2025-02-28T17:23:37.359Z,793579,prishnee.bissessur1@gmail.com,153486748,included,-1
2025-02-28T17:24:22.627Z,793579,prishnee.bissessur1@gmail.com,153486761,"""__EXR__Not about policy or practice""",1
2025-02-28T17:24:22.644Z,793579,prishnee.bissessur1@gmail.com,153486761,included,-1
2025-02-28T17:24:46.756Z,793579,prishnee.bissessur1@gmail.com,153486799,"""__EXR__Not about conservation""",1
2025-02-28T17:24:46.771Z,793579,prishnee.bissessur1@gmail.com,153486799,included,-1
2025-02-28T17:24:56.911Z,793579,prishnee.bissessur1@gmail.com,153486904,"""__EXR__Not about conservation""",1
2025-02-28T17:24:56.930Z,793579,prishnee.bissessur1@gmail.com,153486904,included,-1
2025-02-28T17:25:04.582Z,793579,prishnee.bissessur1@gmail.com,153486940,"""__EXR__Not about conservation""",1
2025-02-28T17:25:04.607Z,793579,prishnee.bissessur1@gmail.com,153486940,included,-1
2025-02-28T17:25:35.850Z,793579,prishnee.bissessur1@gmail.com,153486960,included,1
2025-02-28T17:25:56.055Z,793579,prishnee.bissessur1@gmail.com,153486980,included,1
2025-02-28T17:26:02.007Z,793579,prishnee.bissessur1@gmail.com,153487054,"""__EXR__Not about conservation""",1
2025-02-28T17:26:02.023Z,793579,prishnee.bissessur1@gmail.com,153487054,included,-1
2025-02-28T17:28:08.348Z,793579,prishnee.bissessur1@gmail.com,153487074,"""__EXR__Not about conservation""",1
2025-02-28T17:28:08.367Z,793579,prishnee.bissessur1@gmail.com,153487074,included,-1
2025-02-28T17:28:34.362Z,793579,prishnee.bissessur1@gmail.com,153487092,"""__EXR__Not about policy or practice""",1
2025-02-28T17:28:34.379Z,793579,prishnee.bissessur1@gmail.com,153487092,included,-1
2025-02-28T17:32:10.939Z,793579,prishnee.bissessur1@gmail.com,153487125,"""__EXR__Not about evidence use""",1
2025-02-28T17:32:10.955Z,793579,prishnee.bissessur1@gmail.com,153487125,included,-1
2025-02-28T17:32:10.968Z,793579,prishnee.bissessur1@gmail.com,153487125,"""__EXR__Not about policy or practice""",1
2025-02-28T17:32:10.978Z,793579,prishnee.bissessur1@gmail.com,153487125,included,-1
2025-02-28T17:48:54.067Z,793579,prishnee.bissessur1@gmail.com,153487148,"""__EXR__Not about conservation""",1
2025-02-28T17:48:54.092Z,793579,prishnee.bissessur1@gmail.com,153487148,included,-1
2025-02-28T17:50:31.496Z,793579,prishnee.bissessur1@gmail.com,153487134,included,0
2025-03-01T12:49:23.602Z,793579,prishnee.bissessur1@gmail.com,153485854,"""__EXR__Not about conservation""",1
2025-03-01T12:49:23.654Z,793579,prishnee.bissessur1@gmail.com,153485854,included,-1
2025-03-01T12:50:14.315Z,793579,prishnee.bissessur1@gmail.com,153485869,"""__EXR__Not about conservation""",1
2025-03-01T12:50:14.331Z,793579,prishnee.bissessur1@gmail.com,153485869,included,-1
2025-03-01T12:51:18.763Z,793579,prishnee.bissessur1@gmail.com,153485874,included,1
2025-03-01T12:51:46.217Z,793579,prishnee.bissessur1@gmail.com,153485888,"""__EXR__Not about conservation""",1
2025-03-01T12:51:46.233Z,793579,prishnee.bissessur1@gmail.com,153485888,included,-1
2025-03-01T12:52:36.713Z,793579,prishnee.bissessur1@gmail.com,153485983,included,1
2025-03-01T12:54:48.368Z,793579,prishnee.bissessur1@gmail.com,153485991,"""__EXR__Not about conservation""",1
2025-03-01T12:54:48.387Z,793579,prishnee.bissessur1@gmail.com,153485991,included,-1
2025-03-01T12:55:33.286Z,793579,prishnee.bissessur1@gmail.com,153486012,"""__EXR__Not about policy or practice""",1
2025-03-01T12:55:33.303Z,793579,prishnee.bissessur1@gmail.com,153486012,included,-1
2025-03-01T12:55:59.221Z,793579,prishnee.bissessur1@gmail.com,153486030,"""__EXR__Not about conservation""",1
2025-03-01T12:55:59.243Z,793579,prishnee.bissessur1@gmail.com,153486030,included,-1
2025-03-01T12:56:10.160Z,793579,prishnee.bissessur1@gmail.com,153486058,"""__EXR__Not about conservation""",1
2025-03-01T12:56:10.175Z,793579,prishnee.bissessur1@gmail.com,153486058,included,-1
2025-03-01T12:57:56.540Z,793579,prishnee.bissessur1@gmail.com,153486129,"""__EXR__Not about conservation""",1
2025-03-01T12:57:56.554Z,793579,prishnee.bissessur1@gmail.com,153486129,included,-1
2025-03-01T12:57:56.566Z,793579,prishnee.bissessur1@gmail.com,153486129,"""__EXR__Not about evidence use""",1
2025-03-01T12:57:56.576Z,793579,prishnee.bissessur1@gmail.com,153486129,included,-1
2025-03-01T12:58:35.457Z,793579,prishnee.bissessur1@gmail.com,153486174,included,1
2025-03-01T12:59:53.910Z,793579,prishnee.bissessur1@gmail.com,153486206,included,0
2025-03-01T13:00:47.714Z,793579,prishnee.bissessur1@gmail.com,153486208,included,1
2025-03-01T13:00:55.647Z,793579,prishnee.bissessur1@gmail.com,153486269,"""__EXR__Not about conservation""",1
2025-03-01T13:00:55.661Z,793579,prishnee.bissessur1@gmail.com,153486269,included,-1
2025-03-01T13:01:01.585Z,793579,prishnee.bissessur1@gmail.com,153486277,"""__EXR__Not about conservation""",1
2025-03-01T13:01:01.604Z,793579,prishnee.bissessur1@gmail.com,153486277,included,-1
2025-03-01T13:01:53.865Z,793579,prishnee.bissessur1@gmail.com,153486292,included,1
2025-03-01T13:02:25.052Z,793579,prishnee.bissessur1@gmail.com,153487181,"""__EXR__Not about conservation""",1
2025-03-01T13:02:25.071Z,793579,prishnee.bissessur1@gmail.com,153487181,included,-1
2025-03-01T13:02:25.085Z,793579,prishnee.bissessur1@gmail.com,153487181,"""__EXR__Not about evidence use""",1
2025-03-01T13:02:25.095Z,793579,prishnee.bissessur1@gmail.com,153487181,included,-1
2025-03-01T13:03:15.972Z,793579,prishnee.bissessur1@gmail.com,153487214,included,0
2025-03-01T13:04:04.150Z,793579,prishnee.bissessur1@gmail.com,153487281,included,1
2025-03-01T13:04:08.061Z,793579,prishnee.bissessur1@gmail.com,153487317,"""__EXR__Not about conservation""",1
2025-03-01T13:04:08.075Z,793579,prishnee.bissessur1@gmail.com,153487317,included,-1
2025-03-01T13:04:36.241Z,793579,prishnee.bissessur1@gmail.com,153488077,"""__EXR__Not about conservation""",1
2025-03-01T13:04:36.255Z,793579,prishnee.bissessur1@gmail.com,153488077,included,-1
2025-03-01T13:05:03.609Z,793579,prishnee.bissessur1@gmail.com,153488192,"""__EXR__Not about conservation""",1
2025-03-01T13:05:03.625Z,793579,prishnee.bissessur1@gmail.com,153488192,included,-1
2025-03-01T13:05:27.495Z,793579,prishnee.bissessur1@gmail.com,153488200,included,1
2025-03-01T13:06:07.683Z,793579,prishnee.bissessur1@gmail.com,153488236,included,1
2025-03-01T13:06:36.325Z,793579,prishnee.bissessur1@gmail.com,153488237,included,1
2025-03-01T13:07:35.966Z,793579,prishnee.bissessur1@gmail.com,153488250,included,0
2025-03-01T13:08:03.694Z,793579,prishnee.bissessur1@gmail.com,153488277,"""__EXR__Not about conservation""",1
2025-03-01T13:08:03.710Z,793579,prishnee.bissessur1@gmail.com,153488277,included,-1
2025-03-01T13:08:03.728Z,793579,prishnee.bissessur1@gmail.com,153488277,"""__EXR__Not about policy or practice""",deleted
2025-03-01T13:08:38.197Z,793579,prishnee.bissessur1@gmail.com,153488280,"""__EXR__Not about conservation""",1
2025-03-01T13:08:38.210Z,793579,prishnee.bissessur1@gmail.com,153488280,included,-1
2025-03-01T13:08:43.804Z,793579,prishnee.bissessur1@gmail.com,153488405,"""__EXR__Not about conservation""",1
2025-03-01T13:08:43.816Z,793579,prishnee.bissessur1@gmail.com,153488405,included,-1
2025-03-01T13:09:21.984Z,793579,prishnee.bissessur1@gmail.com,153488432,"""__EXR__Not about conservation""",1
2025-03-01T13:09:22.000Z,793579,prishnee.bissessur1@gmail.com,153488432,included,-1
2025-03-01T13:09:22.031Z,793579,prishnee.bissessur1@gmail.com,153488432,"""__EXR__Not about evidence use""",deleted
2025-03-01T13:09:56.673Z,793579,prishnee.bissessur1@gmail.com,153488454,included,1
2025-03-01T13:11:57.823Z,793579,prishnee.bissessur1@gmail.com,153488504,included,1
2025-03-01T13:12:33.385Z,793579,prishnee.bissessur1@gmail.com,153488553,included,1
2025-03-01T13:13:03.925Z,793579,prishnee.bissessur1@gmail.com,153488585,"""__EXR__Not about policy or practice""",1
2025-03-01T13:13:03.940Z,793579,prishnee.bissessur1@gmail.com,153488585,included,-1
2025-03-01T13:13:03.954Z,793579,prishnee.bissessur1@gmail.com,153488585,"""__EXR__Not about evidence use""",deleted
2025-03-01T13:13:10.853Z,793579,prishnee.bissessur1@gmail.com,153488591,"""__EXR__Not about conservation""",1
2025-03-01T13:13:10.874Z,793579,prishnee.bissessur1@gmail.com,153488591,included,-1
2025-03-01T13:13:57.993Z,793579,prishnee.bissessur1@gmail.com,153488597,"""__EXR__Not about conservation""",1
2025-03-01T13:13:58.014Z,793579,prishnee.bissessur1@gmail.com,153488597,included,-1
2025-03-01T13:14:16.462Z,793579,prishnee.bissessur1@gmail.com,153488641,"""__EXR__Not about evidence use""",1
2025-03-01T13:14:16.476Z,793579,prishnee.bissessur1@gmail.com,153488641,included,-1
2025-03-01T13:14:16.490Z,793579,prishnee.bissessur1@gmail.com,153488641,"""__EXR__Not about conservation""",1
2025-03-01T13:14:16.501Z,793579,prishnee.bissessur1@gmail.com,153488641,included,-1
2025-03-01T13:14:24.633Z,793579,prishnee.bissessur1@gmail.com,153488645,"""__EXR__Not about conservation""",1
2025-03-01T13:14:24.651Z,793579,prishnee.bissessur1@gmail.com,153488645,included,-1
2025-03-01T13:14:39.321Z,793579,prishnee.bissessur1@gmail.com,153488658,"""__EXR__Not about evidence use""",1
2025-03-01T13:14:39.333Z,793579,prishnee.bissessur1@gmail.com,153488658,included,-1
2025-03-01T13:14:39.346Z,793579,prishnee.bissessur1@gmail.com,153488658,"""__EXR__Not about policy or practice""",1
2025-03-01T13:14:39.354Z,793579,prishnee.bissessur1@gmail.com,153488658,included,-1
2025-03-01T13:14:39.368Z,793579,prishnee.bissessur1@gmail.com,153488658,"""__EXR__Not about conservation""",deleted
2025-03-01T13:15:16.841Z,793579,prishnee.bissessur1@gmail.com,153488821,included,1
2025-03-01T13:16:04.451Z,793579,prishnee.bissessur1@gmail.com,153489306,"""__EXR__Not about conservation""",1
2025-03-01T13:16:04.468Z,793579,prishnee.bissessur1@gmail.com,153489306,included,-1
2025-03-01T13:16:46.460Z,793579,prishnee.bissessur1@gmail.com,153489324,included,1
2025-03-01T13:17:05.409Z,793579,prishnee.bissessur1@gmail.com,153489333,"""__EXR__Not about conservation""",1
2025-03-01T13:17:05.423Z,793579,prishnee.bissessur1@gmail.com,153489333,included,-1
2025-03-01T13:17:22.480Z,793579,prishnee.bissessur1@gmail.com,153489341,"""__EXR__Not about conservation""",1
2025-03-01T13:17:22.493Z,793579,prishnee.bissessur1@gmail.com,153489341,included,-1
2025-03-01T13:17:22.505Z,793579,prishnee.bissessur1@gmail.com,153489341,"""__EXR__Not about policy or practice""",1
2025-03-01T13:17:22.515Z,793579,prishnee.bissessur1@gmail.com,153489341,included,-1
2025-03-01T13:17:22.527Z,793579,prishnee.bissessur1@gmail.com,153489341,"""__EXR__Not about evidence use""",deleted
2025-03-01T13:18:02.194Z,793579,prishnee.bissessur1@gmail.com,153489403,"""__EXR__Not about conservation""",1
2025-03-01T13:18:02.205Z,793579,prishnee.bissessur1@gmail.com,153489403,included,-1
2025-03-01T13:18:07.432Z,793579,prishnee.bissessur1@gmail.com,153489416,"""__EXR__Not about conservation""",1
2025-03-01T13:18:07.445Z,793579,prishnee.bissessur1@gmail.com,153489416,included,-1
2025-03-01T13:18:31.817Z,793579,prishnee.bissessur1@gmail.com,153489467,included,1
2025-03-01T13:19:12.319Z,793579,prishnee.bissessur1@gmail.com,153489503,"""__EXR__Not about conservation""",1
2025-03-01T13:19:12.333Z,793579,prishnee.bissessur1@gmail.com,153489503,included,-1
2025-03-01T13:20:22.174Z,793579,prishnee.bissessur1@gmail.com,153489512,included,1
2025-03-01T13:21:24.627Z,793579,prishnee.bissessur1@gmail.com,153489520,"""__EXR__Not about policy or practice""",1
2025-03-01T13:21:24.641Z,793579,prishnee.bissessur1@gmail.com,153489520,included,-1
2025-03-01T13:21:33.602Z,793579,prishnee.bissessur1@gmail.com,153489576,"""__EXR__Not about conservation""",1
2025-03-01T13:21:33.620Z,793579,prishnee.bissessur1@gmail.com,153489576,included,-1
2025-03-01T13:21:33.633Z,793579,prishnee.bissessur1@gmail.com,153489576,"""__EXR__Not about policy or practice""",1
2025-03-01T13:21:33.648Z,793579,prishnee.bissessur1@gmail.com,153489576,included,-1
2025-03-01T13:21:33.664Z,793579,prishnee.bissessur1@gmail.com,153489576,"""__EXR__Not about evidence use""",deleted
2025-03-01T13:22:01.150Z,793579,prishnee.bissessur1@gmail.com,153489593,"""__EXR__Not about conservation""",1
2025-03-01T13:22:01.163Z,793579,prishnee.bissessur1@gmail.com,153489593,included,-1
2025-03-01T13:22:05.689Z,793579,prishnee.bissessur1@gmail.com,153489597,"""__EXR__Not about conservation""",1
2025-03-01T13:22:05.701Z,793579,prishnee.bissessur1@gmail.com,153489597,included,-1
2025-03-01T13:22:10.610Z,793579,prishnee.bissessur1@gmail.com,153489607,"""__EXR__Not about conservation""",1
2025-03-01T13:22:10.626Z,793579,prishnee.bissessur1@gmail.com,153489607,included,-1
2025-03-01T13:22:35.311Z,793579,prishnee.bissessur1@gmail.com,153489611,"""__EXR__Not about evidence use""",1
2025-03-01T13:22:35.322Z,793579,prishnee.bissessur1@gmail.com,153489611,included,-1
2025-03-01T13:22:35.339Z,793579,prishnee.bissessur1@gmail.com,153489611,"""__EXR__Not about conservation""",1
2025-03-01T13:22:35.348Z,793579,prishnee.bissessur1@gmail.com,153489611,included,-1
2025-03-01T13:22:35.361Z,793579,prishnee.bissessur1@gmail.com,153489611,"""__EXR__Not about policy or practice""",1
2025-03-01T13:22:35.372Z,793579,prishnee.bissessur1@gmail.com,153489611,included,-1
2025-03-01T13:23:01.776Z,793579,prishnee.bissessur1@gmail.com,153489684,included,1
2025-03-01T13:23:27.441Z,793579,prishnee.bissessur1@gmail.com,153489720,included,1
2025-03-01T13:24:00.010Z,793579,prishnee.bissessur1@gmail.com,153489731,included,1
2025-03-01T13:24:18.266Z,793579,prishnee.bissessur1@gmail.com,153489794,"""__EXR__Not about conservation""",1
2025-03-01T13:24:18.279Z,793579,prishnee.bissessur1@gmail.com,153489794,included,-1
2025-03-01T13:24:51.807Z,793579,prishnee.bissessur1@gmail.com,153489802,included,0
2025-03-01T13:25:02.940Z,793579,prishnee.bissessur1@gmail.com,153490183,"""__EXR__Not about evidence use""",1
2025-03-01T13:25:02.952Z,793579,prishnee.bissessur1@gmail.com,153490183,included,-1
2025-03-01T13:25:02.969Z,793579,prishnee.bissessur1@gmail.com,153490183,"""__EXR__Not about conservation""",1
2025-03-01T13:25:02.978Z,793579,prishnee.bissessur1@gmail.com,153490183,included,-1
2025-03-01T13:25:16.149Z,793579,prishnee.bissessur1@gmail.com,153490193,"""__EXR__Not about conservation""",1
2025-03-01T13:25:16.163Z,793579,prishnee.bissessur1@gmail.com,153490193,included,-1
2025-03-01T13:25:16.178Z,793579,prishnee.bissessur1@gmail.com,153490193,"""__EXR__Not about policy or practice""",1
2025-03-01T13:25:16.187Z,793579,prishnee.bissessur1@gmail.com,153490193,included,-1
2025-03-01T13:26:15.833Z,793579,prishnee.bissessur1@gmail.com,153490255,included,1
2025-03-01T13:26:36.523Z,793579,prishnee.bissessur1@gmail.com,153490260,"""__EXR__Not about conservation""",1
2025-03-01T13:26:36.537Z,793579,prishnee.bissessur1@gmail.com,153490260,included,-1
2025-03-01T13:26:36.550Z,793579,prishnee.bissessur1@gmail.com,153490260,"""__EXR__Not about policy or practice""",1
2025-03-01T13:26:36.561Z,793579,prishnee.bissessur1@gmail.com,153490260,included,-1
2025-03-01T13:26:36.573Z,793579,prishnee.bissessur1@gmail.com,153490260,"""__EXR__Not about evidence use""",deleted
2025-03-01T13:26:42.734Z,793579,prishnee.bissessur1@gmail.com,153490424,"""__EXR__Not about conservation""",1
2025-03-01T13:26:42.747Z,793579,prishnee.bissessur1@gmail.com,153490424,included,-1
2025-03-01T13:26:54.339Z,793579,prishnee.bissessur1@gmail.com,153490534,"""__EXR__Not about evidence use""",1
2025-03-01T13:26:54.355Z,793579,prishnee.bissessur1@gmail.com,153490534,included,-1
2025-03-01T13:26:54.366Z,793579,prishnee.bissessur1@gmail.com,153490534,"""__EXR__Not about conservation""",1
2025-03-01T13:26:54.376Z,793579,prishnee.bissessur1@gmail.com,153490534,included,-1
2025-03-01T13:26:54.388Z,793579,prishnee.bissessur1@gmail.com,153490534,"""__EXR__Not about policy or practice""",1
2025-03-01T13:26:54.397Z,793579,prishnee.bissessur1@gmail.com,153490534,included,-1
2025-03-01T13:27:17.831Z,793579,prishnee.bissessur1@gmail.com,153490573,"""__EXR__Not about policy or practice""",1
2025-03-01T13:27:17.845Z,793579,prishnee.bissessur1@gmail.com,153490573,included,-1
2025-03-01T13:27:17.856Z,793579,prishnee.bissessur1@gmail.com,153490573,"""__EXR__Not about conservation""",1
2025-03-01T13:27:17.871Z,793579,prishnee.bissessur1@gmail.com,153490573,included,-1
2025-03-01T13:28:05.183Z,793579,prishnee.bissessur1@gmail.com,153490586,included,0
2025-03-01T13:33:54.495Z,793579,prishnee.bissessur1@gmail.com,153490622,included,-1
2025-03-01T13:34:07.200Z,793579,prishnee.bissessur1@gmail.com,153490625,"""__EXR__Not about conservation""",1
2025-03-01T13:34:07.215Z,793579,prishnee.bissessur1@gmail.com,153490625,included,-1
2025-03-01T13:34:41.935Z,793579,prishnee.bissessur1@gmail.com,153490661,included,0
2025-03-01T13:35:02.004Z,793579,prishnee.bissessur1@gmail.com,153490662,"""__EXR__Not about conservation""",1
2025-03-01T13:35:02.022Z,793579,prishnee.bissessur1@gmail.com,153490662,included,-1
2025-03-01T13:35:07.330Z,793579,prishnee.bissessur1@gmail.com,153490669,"""__EXR__Not about conservation""",1
2025-03-01T13:35:07.343Z,793579,prishnee.bissessur1@gmail.com,153490669,included,-1
2025-03-01T13:35:11.803Z,793579,prishnee.bissessur1@gmail.com,153490749,"""__EXR__Not about conservation""",1
2025-03-01T13:35:11.817Z,793579,prishnee.bissessur1@gmail.com,153490749,included,-1
2025-03-01T13:35:37.758Z,793579,prishnee.bissessur1@gmail.com,153490759,included,1
2025-03-01T13:36:09.397Z,793579,prishnee.bissessur1@gmail.com,153490770,included,0
2025-03-01T13:36:16.176Z,793579,prishnee.bissessur1@gmail.com,153490806,"""__EXR__Not about evidence use""",1
2025-03-01T13:36:16.193Z,793579,prishnee.bissessur1@gmail.com,153490806,included,-1
2025-03-01T13:36:16.207Z,793579,prishnee.bissessur1@gmail.com,153490806,"""__EXR__Not about conservation""",1
2025-03-01T13:36:16.218Z,793579,prishnee.bissessur1@gmail.com,153490806,included,-1
2025-03-01T13:36:20.967Z,793579,prishnee.bissessur1@gmail.com,153490830,"""__EXR__Not about conservation""",1
2025-03-01T13:36:20.983Z,793579,prishnee.bissessur1@gmail.com,153490830,included,-1
2025-03-01T13:36:20.996Z,793579,prishnee.bissessur1@gmail.com,153490830,"""__EXR__Not about policy or practice""",1
2025-03-01T13:36:21.010Z,793579,prishnee.bissessur1@gmail.com,153490830,included,-1
2025-03-01T13:37:05.010Z,793579,prishnee.bissessur1@gmail.com,153490863,"""__EXR__Not about conservation""",1
2025-03-01T13:37:05.024Z,793579,prishnee.bissessur1@gmail.com,153490863,included,-1
2025-03-01T13:37:05.036Z,793579,prishnee.bissessur1@gmail.com,153490863,"""__EXR__Not about evidence use""",1
2025-03-01T13:37:05.047Z,793579,prishnee.bissessur1@gmail.com,153490863,included,-1
2025-03-01T13:37:05.060Z,793579,prishnee.bissessur1@gmail.com,153490863,"""__EXR__Not about policy or practice""",1
2025-03-01T13:37:05.073Z,793579,prishnee.bissessur1@gmail.com,153490863,included,-1
2025-03-01T13:37:09.981Z,793579,prishnee.bissessur1@gmail.com,153490882,"""__EXR__Not about evidence use""",1
2025-03-01T13:37:09.994Z,793579,prishnee.bissessur1@gmail.com,153490882,included,-1
2025-03-01T13:37:10.011Z,793579,prishnee.bissessur1@gmail.com,153490882,"""__EXR__Not about policy or practice""",1
2025-03-01T13:37:10.022Z,793579,prishnee.bissessur1@gmail.com,153490882,included,-1
2025-03-01T13:37:29.205Z,793579,prishnee.bissessur1@gmail.com,153491275,"""__EXR__Not about policy or practice""",1
2025-03-01T13:37:29.225Z,793579,prishnee.bissessur1@gmail.com,153491275,included,-1
2025-03-01T13:37:29.240Z,793579,prishnee.bissessur1@gmail.com,153491275,"""__EXR__Not about conservation""",1
2025-03-01T13:37:29.251Z,793579,prishnee.bissessur1@gmail.com,153491275,included,-1
2025-03-01T13:37:37.221Z,793579,prishnee.bissessur1@gmail.com,153491322,"""__EXR__Not research study""",1
2025-03-01T13:37:37.234Z,793579,prishnee.bissessur1@gmail.com,153491322,included,-1
2025-03-01T13:37:56.204Z,793579,prishnee.bissessur1@gmail.com,153491334,"""__EXR__Not about conservation""",1
2025-03-01T13:37:56.224Z,793579,prishnee.bissessur1@gmail.com,153491334,included,-1
2025-03-01T13:38:47.404Z,793579,prishnee.bissessur1@gmail.com,153491345,included,0
2025-03-01T13:39:03.925Z,793579,prishnee.bissessur1@gmail.com,153491374,"""__EXR__Not about policy or practice""",1
2025-03-01T13:39:03.938Z,793579,prishnee.bissessur1@gmail.com,153491374,included,-1
2025-03-01T13:39:12.128Z,793579,prishnee.bissessur1@gmail.com,153491414,"""__EXR__Not about conservation""",1
2025-03-01T13:39:12.140Z,793579,prishnee.bissessur1@gmail.com,153491414,included,-1
2025-03-01T13:39:17.467Z,793579,prishnee.bissessur1@gmail.com,153491462,"""__EXR__Not about conservation""",1
2025-03-01T13:39:17.480Z,793579,prishnee.bissessur1@gmail.com,153491462,included,-1
2025-03-01T13:39:43.494Z,793579,prishnee.bissessur1@gmail.com,153491472,"""__EXR__Not about conservation""",1
2025-03-01T13:39:43.511Z,793579,prishnee.bissessur1@gmail.com,153491472,included,-1
2025-03-01T13:40:10.915Z,793579,prishnee.bissessur1@gmail.com,153491473,included,0
2025-03-01T13:40:28.230Z,793579,prishnee.bissessur1@gmail.com,153491490,"""__EXR__Not about conservation""",1
2025-03-01T13:40:28.242Z,793579,prishnee.bissessur1@gmail.com,153491490,included,-1
2025-03-01T13:40:28.254Z,793579,prishnee.bissessur1@gmail.com,153491490,"""__EXR__Not about policy or practice""",1
2025-03-01T13:40:28.307Z,793579,prishnee.bissessur1@gmail.com,153491490,included,-1
2025-03-01T13:40:50.545Z,793579,prishnee.bissessur1@gmail.com,153491496,"""__EXR__Not about conservation""",1
2025-03-01T13:40:50.559Z,793579,prishnee.bissessur1@gmail.com,153491496,included,-1
2025-03-01T13:40:50.572Z,793579,prishnee.bissessur1@gmail.com,153491496,"""__EXR__Not about evidence use""",1
2025-03-01T13:40:50.581Z,793579,prishnee.bissessur1@gmail.com,153491496,included,-1
2025-03-01T13:41:26.595Z,793579,prishnee.bissessur1@gmail.com,153491525,included,0
2025-03-01T13:41:52.164Z,793579,prishnee.bissessur1@gmail.com,153491576,"""__EXR__Not about evidence use""",1
2025-03-01T13:41:52.179Z,793579,prishnee.bissessur1@gmail.com,153491576,included,-1
2025-03-01T13:41:57.310Z,793579,prishnee.bissessur1@gmail.com,153491580,"""__EXR__Not about conservation""",1
2025-03-01T13:41:57.325Z,793579,prishnee.bissessur1@gmail.com,153491580,included,-1
2025-03-01T13:42:13.492Z,793579,prishnee.bissessur1@gmail.com,153491604,"""__EXR__Not about conservation""",1
2025-03-01T13:42:13.503Z,793579,prishnee.bissessur1@gmail.com,153491604,included,-1
2025-03-01T13:42:19.903Z,793579,prishnee.bissessur1@gmail.com,153491632,"""__EXR__Not about policy or practice""",1
2025-03-01T13:42:19.916Z,793579,prishnee.bissessur1@gmail.com,153491632,included,-1
2025-03-01T13:42:40.177Z,793579,prishnee.bissessur1@gmail.com,153491641,"""__EXR__Not about policy or practice""",1
2025-03-01T13:42:40.190Z,793579,prishnee.bissessur1@gmail.com,153491641,included,-1
2025-03-01T13:42:51.339Z,793579,prishnee.bissessur1@gmail.com,153491679,"""__EXR__Not about policy or practice""",1
2025-03-01T13:42:51.351Z,793579,prishnee.bissessur1@gmail.com,153491679,included,-1
2025-03-01T13:42:57.937Z,793579,prishnee.bissessur1@gmail.com,153491688,"""__EXR__Not about conservation""",1
2025-03-01T13:42:57.952Z,793579,prishnee.bissessur1@gmail.com,153491688,included,-1
2025-03-01T13:43:13.978Z,793579,prishnee.bissessur1@gmail.com,153491699,"""__EXR__Not about conservation""",1
2025-03-01T13:43:14.011Z,793579,prishnee.bissessur1@gmail.com,153491699,included,-1
2025-03-01T13:43:24.286Z,793579,prishnee.bissessur1@gmail.com,153492357,"""__EXR__Not about conservation""",1
2025-03-01T13:43:24.299Z,793579,prishnee.bissessur1@gmail.com,153492357,included,-1
2025-03-01T13:43:36.511Z,793579,prishnee.bissessur1@gmail.com,153492425,"""__EXR__Not about evidence use""",1
2025-03-01T13:43:36.525Z,793579,prishnee.bissessur1@gmail.com,153492425,included,-1
2025-03-01T13:43:36.538Z,793579,prishnee.bissessur1@gmail.com,153492425,"""__EXR__Not about conservation""",1
2025-03-01T13:43:36.545Z,793579,prishnee.bissessur1@gmail.com,153492425,included,-1
2025-03-01T13:43:49.890Z,793579,prishnee.bissessur1@gmail.com,153492436,"""__EXR__Not about policy or practice""",1
2025-03-01T13:43:49.903Z,793579,prishnee.bissessur1@gmail.com,153492436,included,-1
2025-03-01T13:43:57.325Z,793579,prishnee.bissessur1@gmail.com,153492461,"""__EXR__Not about conservation""",1
2025-03-01T13:43:57.336Z,793579,prishnee.bissessur1@gmail.com,153492461,included,-1
2025-03-01T13:43:57.358Z,793579,prishnee.bissessur1@gmail.com,153492461,"""__EXR__Not about policy or practice""",1
2025-03-01T13:43:57.369Z,793579,prishnee.bissessur1@gmail.com,153492461,included,-1
2025-03-01T13:44:18.953Z,793579,prishnee.bissessur1@gmail.com,153492491,"""__EXR__Not about policy or practice""",1
2025-03-01T13:44:18.966Z,793579,prishnee.bissessur1@gmail.com,153492491,included,-1
2025-03-01T13:44:26.646Z,793579,prishnee.bissessur1@gmail.com,153492560,"""__EXR__Not about conservation""",1
2025-03-01T13:44:26.660Z,793579,prishnee.bissessur1@gmail.com,153492560,included,-1
2025-03-01T13:44:32.050Z,793579,prishnee.bissessur1@gmail.com,153492584,"""__EXR__Not about conservation""",1
2025-03-01T13:44:32.063Z,793579,prishnee.bissessur1@gmail.com,153492584,included,-1
2025-03-01T13:44:37.350Z,793579,prishnee.bissessur1@gmail.com,153492636,"""__EXR__Not about conservation""",1
2025-03-01T13:44:37.363Z,793579,prishnee.bissessur1@gmail.com,153492636,included,-1
2025-03-01T13:44:40.586Z,793579,prishnee.bissessur1@gmail.com,153492710,"""__EXR__Not about evidence use""",1
2025-03-01T13:44:40.598Z,793579,prishnee.bissessur1@gmail.com,153492710,included,-1
2025-03-01T13:45:01.664Z,793579,prishnee.bissessur1@gmail.com,153492718,included,1
2025-03-02T06:36:02.810Z,793579,prishnee.bissessur1@gmail.com,153487399,included,1
2025-03-02T06:36:43.159Z,793579,prishnee.bissessur1@gmail.com,153487427,"""__EXR__Not about conservation""",1
2025-03-02T06:36:43.181Z,793579,prishnee.bissessur1@gmail.com,153487427,included,-1
2025-03-02T06:37:07.721Z,793579,prishnee.bissessur1@gmail.com,153487491,included,1
2025-03-02T06:37:36.667Z,793579,prishnee.bissessur1@gmail.com,153487536,included,1
2025-03-02T06:38:02.103Z,793579,prishnee.bissessur1@gmail.com,153487562,included,0
2025-03-02T06:38:50.176Z,793579,prishnee.bissessur1@gmail.com,153487567,included,0
2025-03-02T06:39:21.184Z,793579,prishnee.bissessur1@gmail.com,153487600,"""__EXR__Not about conservation""",1
2025-03-02T06:39:21.207Z,793579,prishnee.bissessur1@gmail.com,153487600,included,-1
2025-03-02T06:39:21.220Z,793579,prishnee.bissessur1@gmail.com,153487600,"""__EXR__Not about policy or practice""",1
2025-03-02T06:39:21.232Z,793579,prishnee.bissessur1@gmail.com,153487600,included,-1
2025-03-02T06:39:45.349Z,793579,prishnee.bissessur1@gmail.com,153487616,included,1
2025-03-02T06:40:12.516Z,793579,prishnee.bissessur1@gmail.com,153487665,included,1
2025-03-02T06:40:50.219Z,793579,prishnee.bissessur1@gmail.com,153487757,"""__EXR__Not about policy or practice""",1
2025-03-02T06:40:50.234Z,793579,prishnee.bissessur1@gmail.com,153487757,included,-1
2025-03-02T06:40:50.249Z,793579,prishnee.bissessur1@gmail.com,153487757,"""__EXR__Not about conservation""",deleted
2025-03-02T06:40:50.260Z,793579,prishnee.bissessur1@gmail.com,153487757,"""__EXR__Not about evidence use""",deleted
2025-03-02T06:41:05.163Z,793579,prishnee.bissessur1@gmail.com,153487794,"""__EXR__Not about conservation""",1
2025-03-02T06:41:05.182Z,793579,prishnee.bissessur1@gmail.com,153487794,included,-1
2025-03-02T06:42:22.513Z,793579,prishnee.bissessur1@gmail.com,153487842,"""__EXR__Not about conservation""",1
2025-03-02T06:42:22.530Z,793579,prishnee.bissessur1@gmail.com,153487842,included,-1
2025-03-02T06:42:44.722Z,793579,prishnee.bissessur1@gmail.com,153487850,included,1
2025-03-02T06:43:14.343Z,793579,prishnee.bissessur1@gmail.com,153487873,included,0
2025-03-02T06:43:32.531Z,793579,prishnee.bissessur1@gmail.com,153487940,"""__EXR__Not about evidence use""",1
2025-03-02T06:43:32.547Z,793579,prishnee.bissessur1@gmail.com,153487940,included,-1
2025-03-02T06:43:43.158Z,793579,prishnee.bissessur1@gmail.com,153487974,"""__EXR__Not about conservation""",1
2025-03-02T06:43:43.173Z,793579,prishnee.bissessur1@gmail.com,153487974,included,-1
2025-03-02T06:43:49.044Z,793579,prishnee.bissessur1@gmail.com,153488028,"""__EXR__Not about conservation""",1
2025-03-02T06:43:49.058Z,793579,prishnee.bissessur1@gmail.com,153488028,included,-1
2025-03-02T06:43:55.891Z,793579,prishnee.bissessur1@gmail.com,153488827,"""__EXR__Not about policy or practice""",1
2025-03-02T06:43:55.914Z,793579,prishnee.bissessur1@gmail.com,153488827,included,-1
2025-03-02T06:44:15.814Z,793579,prishnee.bissessur1@gmail.com,153488865,"""__EXR__Not about policy or practice""",1
2025-03-02T06:44:15.834Z,793579,prishnee.bissessur1@gmail.com,153488865,included,-1
2025-03-02T06:44:15.847Z,793579,prishnee.bissessur1@gmail.com,153488865,"""__EXR__Not about conservation""",1
2025-03-02T06:44:15.858Z,793579,prishnee.bissessur1@gmail.com,153488865,included,-1
2025-03-02T06:44:36.539Z,793579,prishnee.bissessur1@gmail.com,153488899,"""__EXR__Not about conservation""",1
2025-03-02T06:44:36.555Z,793579,prishnee.bissessur1@gmail.com,153488899,included,-1
2025-03-02T06:44:48.469Z,793579,prishnee.bissessur1@gmail.com,153489829,"""__EXR__Not about conservation""",1
2025-03-02T06:44:48.488Z,793579,prishnee.bissessur1@gmail.com,153489829,included,-1
2025-03-02T06:47:57.045Z,793579,prishnee.bissessur1@gmail.com,153489854,"""__EXR__Not about conservation""",1
2025-03-02T06:47:57.060Z,793579,prishnee.bissessur1@gmail.com,153489854,included,-1
2025-03-02T06:47:57.079Z,793579,prishnee.bissessur1@gmail.com,153489854,"""__EXR__Not about policy or practice""",1
2025-03-02T06:47:57.089Z,793579,prishnee.bissessur1@gmail.com,153489854,included,-1
2025-03-02T06:48:50.371Z,793579,prishnee.bissessur1@gmail.com,153489888,"""__EXR__Not about policy or practice""",1
2025-03-02T06:48:50.383Z,793579,prishnee.bissessur1@gmail.com,153489888,included,-1
2025-03-02T06:48:50.399Z,793579,prishnee.bissessur1@gmail.com,153489888,"""__EXR__Not about conservation""",1
2025-03-02T06:48:50.409Z,793579,prishnee.bissessur1@gmail.com,153489888,included,-1
2025-03-02T06:48:50.426Z,793579,prishnee.bissessur1@gmail.com,153489888,"""__EXR__Not about evidence use""",deleted
2025-03-02T06:49:06.794Z,793579,prishnee.bissessur1@gmail.com,153489944,"""__EXR__Not about policy or practice""",1
2025-03-02T06:49:06.811Z,793579,prishnee.bissessur1@gmail.com,153489944,included,-1
2025-03-02T06:49:16.668Z,793579,prishnee.bissessur1@gmail.com,153489950,"""__EXR__Not about conservation""",1
2025-03-02T06:49:16.686Z,793579,prishnee.bissessur1@gmail.com,153489950,included,-1
2025-03-02T06:49:29.344Z,793579,prishnee.bissessur1@gmail.com,153489962,"""__EXR__Not about conservation""",1
2025-03-02T06:49:29.359Z,793579,prishnee.bissessur1@gmail.com,153489962,included,-1
2025-03-02T06:50:25.025Z,793579,prishnee.bissessur1@gmail.com,153489980,"""__EXR__Not about conservation""",1
2025-03-02T06:50:25.038Z,793579,prishnee.bissessur1@gmail.com,153489980,included,-1
2025-03-02T06:50:34.855Z,793579,prishnee.bissessur1@gmail.com,153489995,"""__EXR__Not about conservation""",1
2025-03-02T06:50:34.869Z,793579,prishnee.bissessur1@gmail.com,153489995,included,-1
2025-03-02T06:50:50.168Z,793579,prishnee.bissessur1@gmail.com,153490001,"""__EXR__Not about policy or practice""",1
2025-03-02T06:50:50.184Z,793579,prishnee.bissessur1@gmail.com,153490001,included,-1
2025-03-02T06:51:20.392Z,793579,prishnee.bissessur1@gmail.com,153490003,"""__EXR__Not about conservation""",1
2025-03-02T06:51:20.411Z,793579,prishnee.bissessur1@gmail.com,153490003,included,-1
2025-03-02T06:52:49.526Z,793579,prishnee.bissessur1@gmail.com,153490006,included,0
2025-03-02T06:53:07.365Z,793579,prishnee.bissessur1@gmail.com,153490015,"""__EXR__Not about conservation""",1
2025-03-02T06:53:07.379Z,793579,prishnee.bissessur1@gmail.com,153490015,included,-1
2025-03-02T06:53:07.391Z,793579,prishnee.bissessur1@gmail.com,153490015,"""__EXR__Not about evidence use""",1
2025-03-02T06:53:07.401Z,793579,prishnee.bissessur1@gmail.com,153490015,included,-1
2025-03-02T06:53:07.414Z,793579,prishnee.bissessur1@gmail.com,153490015,"""__EXR__Not about policy or practice""",1
2025-03-02T06:53:07.424Z,793579,prishnee.bissessur1@gmail.com,153490015,included,-1
2025-03-02T06:53:36.616Z,793579,prishnee.bissessur1@gmail.com,153490031,included,1
2025-03-02T06:53:48.658Z,793579,prishnee.bissessur1@gmail.com,153490034,"""__EXR__Not about evidence use""",1
2025-03-02T06:53:48.676Z,793579,prishnee.bissessur1@gmail.com,153490034,included,-1
2025-03-02T06:53:48.697Z,793579,prishnee.bissessur1@gmail.com,153490034,"""__EXR__Not about conservation""",1
2025-03-02T06:53:48.707Z,793579,prishnee.bissessur1@gmail.com,153490034,included,-1
2025-03-02T06:53:57.377Z,793579,prishnee.bissessur1@gmail.com,153490065,"""__EXR__Not about conservation""",1
2025-03-02T06:53:57.392Z,793579,prishnee.bissessur1@gmail.com,153490065,included,-1
2025-03-02T06:54:43.205Z,793579,prishnee.bissessur1@gmail.com,153490098,included,0
2025-03-02T06:55:32.768Z,793579,prishnee.bissessur1@gmail.com,153490118,included,1
2025-03-02T06:55:44.749Z,793579,prishnee.bissessur1@gmail.com,153490119,"""__EXR__Not about conservation""",1
2025-03-02T06:55:44.768Z,793579,prishnee.bissessur1@gmail.com,153490119,included,-1
2025-03-02T06:55:44.782Z,793579,prishnee.bissessur1@gmail.com,153490119,"""__EXR__Not about policy or practice""",deleted
2025-03-02T06:56:01.668Z,793579,prishnee.bissessur1@gmail.com,153490150,"""__EXR__Not about conservation""",1
2025-03-02T06:56:01.692Z,793579,prishnee.bissessur1@gmail.com,153490150,included,-1
2025-03-02T06:56:01.707Z,793579,prishnee.bissessur1@gmail.com,153490150,"""__EXR__Not about policy or practice""",1
2025-03-02T06:56:01.719Z,793579,prishnee.bissessur1@gmail.com,153490150,included,-1
2025-03-02T06:56:52.577Z,793579,prishnee.bissessur1@gmail.com,153490166,included,1
2025-03-02T06:57:08.959Z,793579,prishnee.bissessur1@gmail.com,153491773,"""__EXR__Not about policy or practice""",1
2025-03-02T06:57:08.973Z,793579,prishnee.bissessur1@gmail.com,153491773,included,-1
2025-03-02T06:57:14.922Z,793579,prishnee.bissessur1@gmail.com,153491806,"""__EXR__Not about conservation""",1
2025-03-02T06:57:14.935Z,793579,prishnee.bissessur1@gmail.com,153491806,included,-1
2025-03-02T06:57:14.952Z,793579,prishnee.bissessur1@gmail.com,153491806,"""__EXR__foreign language""",deleted
2025-03-02T06:57:54.886Z,793579,prishnee.bissessur1@gmail.com,153491833,included,0
2025-03-02T07:01:32.436Z,793579,prishnee.bissessur1@gmail.com,153491851,"""__EXR__Not about policy or practice""",1
2025-03-02T07:01:32.450Z,793579,prishnee.bissessur1@gmail.com,153491851,included,-1
2025-03-02T07:01:46.297Z,793579,prishnee.bissessur1@gmail.com,153491855,"""__EXR__Not about evidence use""",1
2025-03-02T07:01:46.317Z,793579,prishnee.bissessur1@gmail.com,153491855,included,-1
2025-03-02T07:02:13.247Z,793579,prishnee.bissessur1@gmail.com,153491937,"""__EXR__Not about conservation""",1
2025-03-02T07:02:13.263Z,793579,prishnee.bissessur1@gmail.com,153491937,included,-1
2025-03-02T07:02:22.784Z,793579,prishnee.bissessur1@gmail.com,153491974,"""__EXR__Not about conservation""",1
2025-03-02T07:02:22.797Z,793579,prishnee.bissessur1@gmail.com,153491974,included,-1
2025-03-02T07:02:49.480Z,793579,prishnee.bissessur1@gmail.com,153491982,included,1
2025-03-02T07:02:59.931Z,793579,prishnee.bissessur1@gmail.com,153492115,"""__EXR__Not about conservation""",1
2025-03-02T07:02:59.945Z,793579,prishnee.bissessur1@gmail.com,153492115,included,-1
2025-03-02T07:03:07.031Z,793579,prishnee.bissessur1@gmail.com,153492122,"""__EXR__Not about conservation""",1
2025-03-02T07:03:07.050Z,793579,prishnee.bissessur1@gmail.com,153492122,included,-1
2025-03-02T07:03:39.865Z,793579,prishnee.bissessur1@gmail.com,153492183,included,1
2025-03-02T07:03:45.207Z,793579,prishnee.bissessur1@gmail.com,153492209,"""__EXR__Not about conservation""",1
2025-03-02T07:03:45.221Z,793579,prishnee.bissessur1@gmail.com,153492209,included,-1
2025-03-02T07:04:00.491Z,793579,prishnee.bissessur1@gmail.com,153492225,"""__EXR__Not about conservation""",1
2025-03-02T07:04:00.511Z,793579,prishnee.bissessur1@gmail.com,153492225,included,-1
2025-03-02T07:04:00.529Z,793579,prishnee.bissessur1@gmail.com,153492225,"""__EXR__Not about policy or practice""",1
2025-03-02T07:04:00.543Z,793579,prishnee.bissessur1@gmail.com,153492225,included,-1
2025-03-02T07:04:06.622Z,793579,prishnee.bissessur1@gmail.com,153492230,"""__EXR__Not about conservation""",1
2025-03-02T07:04:06.636Z,793579,prishnee.bissessur1@gmail.com,153492230,included,-1
2025-03-02T07:04:40.249Z,793579,prishnee.bissessur1@gmail.com,153492251,included,0
2025-03-02T07:05:02.428Z,793579,prishnee.bissessur1@gmail.com,153492260,"""__EXR__Not about conservation""",1
2025-03-02T07:05:02.446Z,793579,prishnee.bissessur1@gmail.com,153492260,included,-1
2025-03-02T07:05:15.691Z,793579,prishnee.bissessur1@gmail.com,153492261,"""__EXR__Not about conservation""",1
2025-03-02T07:05:15.706Z,793579,prishnee.bissessur1@gmail.com,153492261,included,-1
2025-03-02T07:05:21.893Z,793579,prishnee.bissessur1@gmail.com,153492299,"""__EXR__Not about conservation""",1
2025-03-02T07:05:21.904Z,793579,prishnee.bissessur1@gmail.com,153492299,included,-1
2025-03-02T07:05:26.562Z,793579,prishnee.bissessur1@gmail.com,153492348,"""__EXR__Not about conservation""",1
2025-03-02T07:05:26.576Z,793579,prishnee.bissessur1@gmail.com,153492348,included,-1
2025-03-02T07:05:49.303Z,793579,prishnee.bissessur1@gmail.com,153492722,included,0
2025-03-02T07:05:58.026Z,793579,prishnee.bissessur1@gmail.com,153493286,"""__EXR__Not about conservation""",1
2025-03-02T07:05:58.041Z,793579,prishnee.bissessur1@gmail.com,153493286,included,-1
2025-03-02T07:06:17.106Z,793579,prishnee.bissessur1@gmail.com,153493294,"""__EXR__Not about policy or practice""",1
2025-03-02T07:06:17.124Z,793579,prishnee.bissessur1@gmail.com,153493294,included,-1
2025-03-02T07:06:17.140Z,793579,prishnee.bissessur1@gmail.com,153493294,"""__EXR__Not about conservation""",1
2025-03-02T07:06:17.149Z,793579,prishnee.bissessur1@gmail.com,153493294,included,-1
2025-03-02T07:06:23.552Z,793579,prishnee.bissessur1@gmail.com,153493313,"""__EXR__Not about conservation""",1
2025-03-02T07:06:23.565Z,793579,prishnee.bissessur1@gmail.com,153493313,included,-1
2025-03-02T07:06:23.576Z,793579,prishnee.bissessur1@gmail.com,153493313,"""__EXR__Not about policy or practice""",1
2025-03-02T07:06:23.585Z,793579,prishnee.bissessur1@gmail.com,153493313,included,-1
2025-03-02T07:06:55.286Z,793579,prishnee.bissessur1@gmail.com,153493339,"""__EXR__Not about policy or practice""",1
2025-03-02T07:06:55.301Z,793579,prishnee.bissessur1@gmail.com,153493339,included,-1
2025-03-02T07:07:18.145Z,793579,prishnee.bissessur1@gmail.com,153493401,included,-1
2025-03-02T07:07:23.394Z,793579,prishnee.bissessur1@gmail.com,153493402,"""__EXR__Not about conservation""",1
2025-03-02T07:07:23.406Z,793579,prishnee.bissessur1@gmail.com,153493402,included,-1
2025-03-02T07:07:40.542Z,793579,prishnee.bissessur1@gmail.com,153493546,"""__EXR__Not about conservation""",1
2025-03-02T07:07:40.555Z,793579,prishnee.bissessur1@gmail.com,153493546,included,-1
2025-03-02T07:07:49.181Z,793579,prishnee.bissessur1@gmail.com,153493582,"""__EXR__Not about conservation""",1
2025-03-02T07:07:49.195Z,793579,prishnee.bissessur1@gmail.com,153493582,included,-1
2025-03-02T07:07:56.334Z,793579,prishnee.bissessur1@gmail.com,153493589,"""__EXR__Not research study""",1
2025-03-02T07:07:56.354Z,793579,prishnee.bissessur1@gmail.com,153493589,included,-1
2025-03-02T07:08:24.991Z,793579,prishnee.bissessur1@gmail.com,153493598,included,1
2025-03-02T07:09:10.096Z,793579,prishnee.bissessur1@gmail.com,153493605,"""__EXR__Not about policy or practice""",1
2025-03-02T07:09:10.135Z,793579,prishnee.bissessur1@gmail.com,153493605,included,-1
2025-03-02T07:09:22.900Z,793579,prishnee.bissessur1@gmail.com,153493634,"""__EXR__Not about policy or practice""",1
2025-03-02T07:09:22.917Z,793579,prishnee.bissessur1@gmail.com,153493634,included,-1
2025-03-02T07:09:29.317Z,793579,prishnee.bissessur1@gmail.com,153493637,"""__EXR__Not about policy or practice""",1
2025-03-02T07:09:29.336Z,793579,prishnee.bissessur1@gmail.com,153493637,included,-1
2025-03-02T07:09:34.667Z,793579,prishnee.bissessur1@gmail.com,153493695,"""__EXR__Not about policy or practice""",1
2025-03-02T07:09:34.679Z,793579,prishnee.bissessur1@gmail.com,153493695,included,-1
2025-03-02T07:12:46.812Z,793579,prishnee.bissessur1@gmail.com,153488911,"""__EXR__Not about conservation""",1
2025-03-02T07:12:46.826Z,793579,prishnee.bissessur1@gmail.com,153488911,included,-1
2025-03-02T07:13:14.282Z,793579,prishnee.bissessur1@gmail.com,153488942,"""__EXR__Not about conservation""",1
2025-03-02T07:13:14.296Z,793579,prishnee.bissessur1@gmail.com,153488942,included,-1
2025-03-02T07:13:21.275Z,793579,prishnee.bissessur1@gmail.com,153488960,"""__EXR__Not about conservation""",1
2025-03-02T07:13:21.288Z,793579,prishnee.bissessur1@gmail.com,153488960,included,-1
2025-03-02T07:13:30.129Z,793579,prishnee.bissessur1@gmail.com,153488978,"""__EXR__Not about conservation""",1
2025-03-02T07:13:30.147Z,793579,prishnee.bissessur1@gmail.com,153488978,included,-1
2025-03-02T07:13:40.520Z,793579,prishnee.bissessur1@gmail.com,153489049,"""__EXR__Not about conservation""",1
2025-03-02T07:13:40.531Z,793579,prishnee.bissessur1@gmail.com,153489049,included,-1
2025-03-02T07:13:48.143Z,793579,prishnee.bissessur1@gmail.com,153489059,"""__EXR__Not about conservation""",1
2025-03-02T07:13:48.154Z,793579,prishnee.bissessur1@gmail.com,153489059,included,-1
2025-03-02T07:13:59.432Z,793579,prishnee.bissessur1@gmail.com,153489065,"""__EXR__Not about conservation""",1
2025-03-02T07:13:59.536Z,793579,prishnee.bissessur1@gmail.com,153489065,included,-1
2025-03-02T07:14:57.935Z,793579,prishnee.bissessur1@gmail.com,153489109,"""__EXR__Not about policy or practice""",1
2025-03-02T07:14:57.951Z,793579,prishnee.bissessur1@gmail.com,153489109,included,-1
2025-03-02T07:14:57.966Z,793579,prishnee.bissessur1@gmail.com,153489109,"""__EXR__Not about conservation""",1
2025-03-02T07:14:57.976Z,793579,prishnee.bissessur1@gmail.com,153489109,included,-1
2025-03-02T07:15:05.899Z,793579,prishnee.bissessur1@gmail.com,153489193,"""__EXR__Not about conservation""",1
2025-03-02T07:15:05.914Z,793579,prishnee.bissessur1@gmail.com,153489193,included,-1
2025-03-02T07:15:10.959Z,793579,prishnee.bissessur1@gmail.com,153489205,"""__EXR__Not about conservation""",1
2025-03-02T07:15:10.973Z,793579,prishnee.bissessur1@gmail.com,153489205,included,-1
2025-03-02T07:15:33.440Z,793579,prishnee.bissessur1@gmail.com,153489236,"""__EXR__Not about policy or practice""",1
2025-03-02T07:15:33.462Z,793579,prishnee.bissessur1@gmail.com,153489236,included,-1
2025-03-02T07:16:26.041Z,793579,prishnee.bissessur1@gmail.com,153489254,included,0
2025-03-02T07:16:34.159Z,793579,prishnee.bissessur1@gmail.com,153489255,"""__EXR__Not about conservation""",1
2025-03-02T07:16:34.173Z,793579,prishnee.bissessur1@gmail.com,153489255,included,-1
2025-03-02T07:16:41.457Z,793579,prishnee.bissessur1@gmail.com,153489266,"""__EXR__Not about conservation""",1
2025-03-02T07:16:41.471Z,793579,prishnee.bissessur1@gmail.com,153489266,included,-1
2025-03-02T07:16:46.217Z,793579,prishnee.bissessur1@gmail.com,153489288,"""__EXR__Not about conservation""",1
2025-03-02T07:16:46.233Z,793579,prishnee.bissessur1@gmail.com,153489288,included,-1
2025-03-02T07:17:02.449Z,793579,prishnee.bissessur1@gmail.com,153490176,included,1
2025-03-02T07:17:39.628Z,793579,prishnee.bissessur1@gmail.com,153490921,"""__EXR__Not about policy or practice""",1
2025-03-02T07:17:39.643Z,793579,prishnee.bissessur1@gmail.com,153490921,included,-1
2025-03-02T07:18:01.871Z,793579,prishnee.bissessur1@gmail.com,153490923,"""__EXR__Not about conservation""",1
2025-03-02T07:18:01.883Z,793579,prishnee.bissessur1@gmail.com,153490923,included,-1
2025-03-02T07:18:34.822Z,793579,prishnee.bissessur1@gmail.com,153490925,included,1
2025-03-02T07:18:41.672Z,793579,prishnee.bissessur1@gmail.com,153490958,"""__EXR__Not about conservation""",1
2025-03-02T07:18:41.685Z,793579,prishnee.bissessur1@gmail.com,153490958,included,-1
2025-03-02T07:19:17.872Z,793579,prishnee.bissessur1@gmail.com,153492836,included,1
2025-03-02T07:19:41.253Z,793579,prishnee.bissessur1@gmail.com,153492838,"""__EXR__Not about policy or practice""",1
2025-03-02T07:19:41.267Z,793579,prishnee.bissessur1@gmail.com,153492838,included,-1
2025-03-02T07:19:48.196Z,793579,prishnee.bissessur1@gmail.com,153492891,"""__EXR__Not about conservation""",1
2025-03-02T07:19:48.209Z,793579,prishnee.bissessur1@gmail.com,153492891,included,-1
2025-03-02T07:20:15.478Z,793579,prishnee.bissessur1@gmail.com,153492901,"""__EXR__Not about conservation""",1
2025-03-02T07:20:15.494Z,793579,prishnee.bissessur1@gmail.com,153492901,included,-1
2025-03-02T07:20:33.777Z,793579,prishnee.bissessur1@gmail.com,153492907,"""__EXR__Not research study""",1
2025-03-02T07:20:33.793Z,793579,prishnee.bissessur1@gmail.com,153492907,included,-1
2025-03-02T07:20:48.094Z,793579,prishnee.bissessur1@gmail.com,153492922,"""__EXR__Not about conservation""",1
2025-03-02T07:20:48.110Z,793579,prishnee.bissessur1@gmail.com,153492922,included,-1
2025-03-02T07:20:55.929Z,793579,prishnee.bissessur1@gmail.com,153492951,"""__EXR__Not about conservation""",1
2025-03-02T07:20:55.945Z,793579,prishnee.bissessur1@gmail.com,153492951,included,-1
2025-03-02T07:21:02.267Z,793579,prishnee.bissessur1@gmail.com,153493006,"""__EXR__Not about conservation""",1
2025-03-02T07:21:02.284Z,793579,prishnee.bissessur1@gmail.com,153493006,included,-1
2025-03-02T07:21:07.774Z,793579,prishnee.bissessur1@gmail.com,153493030,"""__EXR__Not about conservation""",1
2025-03-02T07:21:07.788Z,793579,prishnee.bissessur1@gmail.com,153493030,included,-1
2025-03-02T07:21:18.884Z,793579,prishnee.bissessur1@gmail.com,153493039,"""__EXR__Not about policy or practice""",1
2025-03-02T07:21:18.899Z,793579,prishnee.bissessur1@gmail.com,153493039,included,-1
2025-03-02T07:21:35.076Z,793579,prishnee.bissessur1@gmail.com,153493061,"""__EXR__Not about conservation""",1
2025-03-02T07:21:35.091Z,793579,prishnee.bissessur1@gmail.com,153493061,included,-1
2025-03-02T07:21:42.314Z,793579,prishnee.bissessur1@gmail.com,153493093,"""__EXR__Not about conservation""",1
2025-03-02T07:21:42.326Z,793579,prishnee.bissessur1@gmail.com,153493093,included,-1
2025-03-02T07:21:50.628Z,793579,prishnee.bissessur1@gmail.com,153493099,"""__EXR__Not about conservation""",1
2025-03-02T07:21:50.641Z,793579,prishnee.bissessur1@gmail.com,153493099,included,-1
2025-03-02T07:21:56.431Z,793579,prishnee.bissessur1@gmail.com,153493109,"""__EXR__Not about conservation""",1
2025-03-02T07:21:56.446Z,793579,prishnee.bissessur1@gmail.com,153493109,included,-1
2025-03-02T07:22:02.054Z,793579,prishnee.bissessur1@gmail.com,153493116,"""__EXR__Not about conservation""",1
2025-03-02T07:22:02.067Z,793579,prishnee.bissessur1@gmail.com,153493116,included,-1
2025-03-02T07:22:19.902Z,793579,prishnee.bissessur1@gmail.com,153493198,"""__EXR__Not about Evidence use""",1
2025-03-02T07:22:19.919Z,793579,prishnee.bissessur1@gmail.com,153493198,included,-1
2025-03-02T07:22:32.397Z,793579,prishnee.bissessur1@gmail.com,153493211,"""__EXR__Not about policy or practice""",1
2025-03-02T07:22:32.410Z,793579,prishnee.bissessur1@gmail.com,153493211,included,-1
2025-03-02T07:22:39.404Z,793579,prishnee.bissessur1@gmail.com,153493230,"""__EXR__Not about conservation""",1
2025-03-02T07:22:39.416Z,793579,prishnee.bissessur1@gmail.com,153493230,included,-1
2025-03-02T07:22:46.670Z,793579,prishnee.bissessur1@gmail.com,153493700,"""__EXR__Not about conservation""",1
2025-03-02T07:22:46.686Z,793579,prishnee.bissessur1@gmail.com,153493700,included,-1
2025-03-02T07:22:46.698Z,793579,prishnee.bissessur1@gmail.com,153493700,"""__EXR__Not about evidence use""",deleted
2025-03-02T07:23:02.745Z,793579,prishnee.bissessur1@gmail.com,153493704,"""__EXR__Not about factors that influence evidence use""",1
2025-03-02T07:23:02.757Z,793579,prishnee.bissessur1@gmail.com,153493704,included,-1
2025-03-02T07:23:02.768Z,793579,prishnee.bissessur1@gmail.com,153493704,"""__EXR__Not about policy or practice""",1
2025-03-02T07:23:02.778Z,793579,prishnee.bissessur1@gmail.com,153493704,included,-1
2025-03-02T07:23:08.903Z,793579,prishnee.bissessur1@gmail.com,153493970,"""__EXR__Not about conservation""",1
2025-03-02T07:23:08.917Z,793579,prishnee.bissessur1@gmail.com,153493970,included,-1
2025-03-02T07:23:13.917Z,793579,prishnee.bissessur1@gmail.com,153493992,"""__EXR__Not about conservation""",1
2025-03-02T07:23:13.935Z,793579,prishnee.bissessur1@gmail.com,153493992,included,-1
2025-03-02T07:23:19.660Z,793579,prishnee.bissessur1@gmail.com,153494070,"""__EXR__Not about conservation""",1
2025-03-02T07:23:19.673Z,793579,prishnee.bissessur1@gmail.com,153494070,included,-1
2025-03-02T07:23:46.799Z,793579,prishnee.bissessur1@gmail.com,153494073,included,0
2025-03-02T07:23:54.817Z,793579,prishnee.bissessur1@gmail.com,153494097,"""__EXR__Not research study""",1
2025-03-02T07:23:54.834Z,793579,prishnee.bissessur1@gmail.com,153494097,included,-1
2025-03-02T07:23:59.637Z,793579,prishnee.bissessur1@gmail.com,153494188,"""__EXR__Not about conservation""",1
2025-03-02T07:23:59.651Z,793579,prishnee.bissessur1@gmail.com,153494188,included,-1
2025-03-02T07:24:06.647Z,793579,prishnee.bissessur1@gmail.com,153494190,"""__EXR__Not about conservation""",1
2025-03-02T07:24:06.666Z,793579,prishnee.bissessur1@gmail.com,153494190,included,-1
2025-03-02T07:24:19.816Z,793579,prishnee.bissessur1@gmail.com,153494214,"""__EXR__Not about conservation""",1
2025-03-02T07:24:19.829Z,793579,prishnee.bissessur1@gmail.com,153494214,included,-1
2025-03-02T07:24:24.215Z,793579,prishnee.bissessur1@gmail.com,153494216,"""__EXR__Not about conservation""",1
2025-03-02T07:24:24.228Z,793579,prishnee.bissessur1@gmail.com,153494216,included,-1
2025-03-02T07:24:33.858Z,793579,prishnee.bissessur1@gmail.com,153494218,"""__EXR__Not about conservation""",1
2025-03-02T07:24:33.871Z,793579,prishnee.bissessur1@gmail.com,153494218,included,-1
2025-03-02T07:24:38.246Z,793579,prishnee.bissessur1@gmail.com,153494222,"""__EXR__Not about conservation""",1
2025-03-02T07:24:38.261Z,793579,prishnee.bissessur1@gmail.com,153494222,included,-1
2025-03-02T07:24:41.802Z,793579,prishnee.bissessur1@gmail.com,153494294,"""__EXR__Not about conservation""",1
2025-03-02T07:24:41.815Z,793579,prishnee.bissessur1@gmail.com,153494294,included,-1
2025-03-02T07:24:56.683Z,793579,prishnee.bissessur1@gmail.com,153494310,"""__EXR__Not about evidence use""",1
2025-03-02T07:24:56.698Z,793579,prishnee.bissessur1@gmail.com,153494310,included,-1
2025-03-02T07:24:56.710Z,793579,prishnee.bissessur1@gmail.com,153494310,"""__EXR__Not about conservation""",1
2025-03-02T07:24:56.718Z,793579,prishnee.bissessur1@gmail.com,153494310,included,-1
2025-03-02T07:24:56.728Z,793579,prishnee.bissessur1@gmail.com,153494310,"""__EXR__Not about Evidence use""",deleted
2025-03-02T07:25:39.896Z,793579,prishnee.bissessur1@gmail.com,153494311,included,1
2025-03-02T07:25:45.520Z,793579,prishnee.bissessur1@gmail.com,153494319,"""__EXR__Not about conservation""",1
2025-03-02T07:25:45.534Z,793579,prishnee.bissessur1@gmail.com,153494319,included,-1
2025-03-02T07:26:10.813Z,793579,prishnee.bissessur1@gmail.com,153494379,"""__EXR__Not about evidence use""",1
2025-03-02T07:26:10.847Z,793579,prishnee.bissessur1@gmail.com,153494379,included,-1
2025-03-02T07:26:44.109Z,793579,prishnee.bissessur1@gmail.com,153494401,"""__EXR__Not about conservation""",1
2025-03-02T07:26:44.125Z,793579,prishnee.bissessur1@gmail.com,153494401,included,-1
2025-03-02T07:26:58.098Z,793579,prishnee.bissessur1@gmail.com,153494408,"""__EXR__Not about conservation""",1
2025-03-02T07:26:58.110Z,793579,prishnee.bissessur1@gmail.com,153494408,included,-1
2025-03-02T07:26:58.125Z,793579,prishnee.bissessur1@gmail.com,153494408,"""__EXR__Not about factors that influence evidence use""",1
2025-03-02T07:26:58.143Z,793579,prishnee.bissessur1@gmail.com,153494408,included,-1
2025-03-02T07:27:15.082Z,793579,prishnee.bissessur1@gmail.com,153494425,included,0
2025-03-02T07:27:22.155Z,793579,prishnee.bissessur1@gmail.com,153494500,"""__EXR__Not about conservation""",1
2025-03-02T07:27:22.174Z,793579,prishnee.bissessur1@gmail.com,153494500,included,-1
2025-03-02T07:28:05.311Z,793579,prishnee.bissessur1@gmail.com,153494561,included,1
2025-03-02T07:28:21.527Z,793579,prishnee.bissessur1@gmail.com,153494587,"""__EXR__Not about conservation""",1
2025-03-02T07:28:21.541Z,793579,prishnee.bissessur1@gmail.com,153494587,included,-1
2025-03-02T07:28:28.278Z,793579,prishnee.bissessur1@gmail.com,153494596,"""__EXR__Not about conservation""",1
2025-03-02T07:28:28.293Z,793579,prishnee.bissessur1@gmail.com,153494596,included,-1
2025-03-02T07:28:33.157Z,793579,prishnee.bissessur1@gmail.com,153494627,"""__EXR__Not about conservation""",1
2025-03-02T07:28:33.167Z,793579,prishnee.bissessur1@gmail.com,153494627,included,-1
2025-03-02T07:28:40.928Z,793579,prishnee.bissessur1@gmail.com,153494700,"""__EXR__Not about conservation""",1
2025-03-02T07:28:40.943Z,793579,prishnee.bissessur1@gmail.com,153494700,included,-1
2025-03-02T07:29:37.500Z,793579,prishnee.bissessur1@gmail.com,153494778,included,0
2025-03-02T07:29:46.631Z,793579,prishnee.bissessur1@gmail.com,153494802,"""__EXR__Not about conservation""",1
2025-03-02T07:29:46.648Z,793579,prishnee.bissessur1@gmail.com,153494802,included,-1
2025-03-02T07:30:13.147Z,793579,prishnee.bissessur1@gmail.com,153494809,included,1
2025-03-02T07:30:19.249Z,793579,prishnee.bissessur1@gmail.com,153494826,"""__EXR__Not about conservation""",1
2025-03-02T07:30:19.260Z,793579,prishnee.bissessur1@gmail.com,153494826,included,-1
2025-03-02T07:30:25.489Z,793579,prishnee.bissessur1@gmail.com,153494848,"""__EXR__Not about conservation""",1
2025-03-02T07:30:25.500Z,793579,prishnee.bissessur1@gmail.com,153494848,included,-1
2025-03-02T07:30:25.512Z,793579,prishnee.bissessur1@gmail.com,153494848,"""__EXR__foreign language""",deleted
2025-03-02T07:30:53.038Z,793579,prishnee.bissessur1@gmail.com,153494850,"""__EXR__Not about policy or practice""",1
2025-03-02T07:30:53.048Z,793579,prishnee.bissessur1@gmail.com,153494850,included,-1
2025-03-02T07:31:14.926Z,793579,prishnee.bissessur1@gmail.com,153494852,included,0
2025-03-02T07:31:28.762Z,793579,prishnee.bissessur1@gmail.com,153494856,included,1
2025-03-02T07:31:40.540Z,793579,prishnee.bissessur1@gmail.com,153494873,"""__EXR__Not about conservation""",1
2025-03-02T07:31:40.553Z,793579,prishnee.bissessur1@gmail.com,153494873,included,-1
2025-03-02T07:31:46.378Z,793579,prishnee.bissessur1@gmail.com,153494879,"""__EXR__Not about conservation""",1
2025-03-02T07:31:46.393Z,793579,prishnee.bissessur1@gmail.com,153494879,included,-1
2025-03-02T07:31:52.019Z,793579,prishnee.bissessur1@gmail.com,153494893,"""__EXR__Not about conservation""",1
2025-03-02T07:31:52.031Z,793579,prishnee.bissessur1@gmail.com,153494893,included,-1
2025-03-02T07:32:04.624Z,793579,prishnee.bissessur1@gmail.com,153494923,"""__EXR__Not about conservation""",1
2025-03-02T07:32:04.636Z,793579,prishnee.bissessur1@gmail.com,153494923,included,-1
2025-03-02T07:32:09.003Z,793579,prishnee.bissessur1@gmail.com,153494937,"""__EXR__Not about conservation""",1
2025-03-02T07:32:09.014Z,793579,prishnee.bissessur1@gmail.com,153494937,included,-1
2025-03-02T07:32:14.072Z,793579,prishnee.bissessur1@gmail.com,153494943,"""__EXR__Not about conservation""",1
2025-03-02T07:32:14.100Z,793579,prishnee.bissessur1@gmail.com,153494943,included,-1
2025-03-02T07:32:18.984Z,793579,prishnee.bissessur1@gmail.com,153494950,"""__EXR__Not about conservation""",1
2025-03-02T07:32:18.997Z,793579,prishnee.bissessur1@gmail.com,153494950,included,-1
2025-03-02T07:32:25.032Z,793579,prishnee.bissessur1@gmail.com,153496336,"""__EXR__Not about conservation""",1
2025-03-02T07:32:25.046Z,793579,prishnee.bissessur1@gmail.com,153496336,included,-1
2025-03-02T07:32:29.549Z,793579,prishnee.bissessur1@gmail.com,153496366,"""__EXR__Not about conservation""",1
2025-03-02T07:32:29.564Z,793579,prishnee.bissessur1@gmail.com,153496366,included,-1
2025-03-02T07:32:43.830Z,793579,prishnee.bissessur1@gmail.com,153496457,"""__EXR__Not about conservation""",1
2025-03-02T07:32:43.843Z,793579,prishnee.bissessur1@gmail.com,153496457,included,-1
2025-03-02T07:32:55.572Z,793579,prishnee.bissessur1@gmail.com,153496459,"""__EXR__Not about conservation""",1
2025-03-02T07:32:55.584Z,793579,prishnee.bissessur1@gmail.com,153496459,included,-1
2025-03-02T07:33:03.332Z,793579,prishnee.bissessur1@gmail.com,153496463,"""__EXR__Not about conservation""",1
2025-03-02T07:33:03.346Z,793579,prishnee.bissessur1@gmail.com,153496463,included,-1
2025-03-02T07:33:08.302Z,793579,prishnee.bissessur1@gmail.com,153496479,"""__EXR__Not about conservation""",1
2025-03-02T07:33:08.318Z,793579,prishnee.bissessur1@gmail.com,153496479,included,-1
2025-03-02T07:33:40.578Z,793579,prishnee.bissessur1@gmail.com,153496512,"""__EXR__Not about policy or practice""",1
2025-03-02T07:33:40.591Z,793579,prishnee.bissessur1@gmail.com,153496512,included,-1
2025-03-02T07:33:45.512Z,793579,prishnee.bissessur1@gmail.com,153496529,"""__EXR__Not about conservation""",1
2025-03-02T07:33:45.523Z,793579,prishnee.bissessur1@gmail.com,153496529,included,-1
2025-03-02T07:33:50.706Z,793579,prishnee.bissessur1@gmail.com,153496543,"""__EXR__Not about conservation""",1
2025-03-02T07:33:50.718Z,793579,prishnee.bissessur1@gmail.com,153496543,included,-1
2025-03-02T07:34:00.126Z,793579,prishnee.bissessur1@gmail.com,153496612,"""__EXR__Not about conservation""",1
2025-03-02T07:34:00.142Z,793579,prishnee.bissessur1@gmail.com,153496612,included,-1
2025-03-02T07:34:11.406Z,793579,prishnee.bissessur1@gmail.com,153496643,"""__EXR__Not about conservation""",1
2025-03-02T07:34:11.419Z,793579,prishnee.bissessur1@gmail.com,153496643,included,-1
2025-03-02T07:34:35.255Z,793579,prishnee.bissessur1@gmail.com,153496660,included,0
2025-03-02T07:34:41.256Z,793579,prishnee.bissessur1@gmail.com,153496682,"""__EXR__Not about conservation""",1
2025-03-02T07:34:41.268Z,793579,prishnee.bissessur1@gmail.com,153496682,included,-1
2025-03-02T07:34:48.545Z,793579,prishnee.bissessur1@gmail.com,153496683,"""__EXR__Not about conservation""",1
2025-03-02T07:34:48.558Z,793579,prishnee.bissessur1@gmail.com,153496683,included,-1
2025-03-03T07:16:00.252Z,793579,prishnee.bissessur1@gmail.com,153490972,included,1
2025-03-03T07:17:07.471Z,793579,prishnee.bissessur1@gmail.com,153490991,"""__EXR__Not about policy or practice""",1
2025-03-03T07:17:07.492Z,793579,prishnee.bissessur1@gmail.com,153490991,included,-1
2025-03-03T07:17:14.625Z,793579,prishnee.bissessur1@gmail.com,153491008,"""__EXR__Not about conservation""",1
2025-03-03T07:17:14.646Z,793579,prishnee.bissessur1@gmail.com,153491008,included,-1
2025-03-03T07:17:19.684Z,793579,prishnee.bissessur1@gmail.com,153491021,"""__EXR__Not about conservation""",1
2025-03-03T07:17:19.702Z,793579,prishnee.bissessur1@gmail.com,153491021,included,-1
2025-03-03T07:17:48.042Z,793579,prishnee.bissessur1@gmail.com,153491033,"""__EXR__Not about conservation""",1
2025-03-03T07:17:48.060Z,793579,prishnee.bissessur1@gmail.com,153491033,included,-1
2025-03-03T07:18:02.037Z,793579,prishnee.bissessur1@gmail.com,153491064,"""__EXR__Not about conservation""",1
2025-03-03T07:18:02.058Z,793579,prishnee.bissessur1@gmail.com,153491064,included,-1
2025-03-03T07:18:23.695Z,793579,prishnee.bissessur1@gmail.com,153491086,"""__EXR__Not about conservation""",1
2025-03-03T07:18:23.716Z,793579,prishnee.bissessur1@gmail.com,153491086,included,-1
2025-03-03T07:18:30.033Z,793579,prishnee.bissessur1@gmail.com,153491122,"""__EXR__Not about conservation""",1
2025-03-03T07:18:30.083Z,793579,prishnee.bissessur1@gmail.com,153491122,included,-1
2025-03-03T07:19:13.828Z,793579,prishnee.bissessur1@gmail.com,153491138,included,0
2025-03-03T07:19:20.689Z,793579,prishnee.bissessur1@gmail.com,153491145,"""__EXR__Not about conservation""",1
2025-03-03T07:19:20.704Z,793579,prishnee.bissessur1@gmail.com,153491145,included,-1
2025-03-03T07:21:18.269Z,793579,prishnee.bissessur1@gmail.com,153491198,"""__EXR__Not about factors that influence evidence use""",1
2025-03-03T07:21:18.289Z,793579,prishnee.bissessur1@gmail.com,153491198,included,-1
2025-03-03T07:21:37.999Z,793579,prishnee.bissessur1@gmail.com,153491202,"""__EXR__Not about policy or practice""",1
2025-03-03T07:21:38.015Z,793579,prishnee.bissessur1@gmail.com,153491202,included,-1
2025-03-03T07:21:44.279Z,793579,prishnee.bissessur1@gmail.com,153491222,"""__EXR__Not about conservation""",1
2025-03-03T07:21:44.297Z,793579,prishnee.bissessur1@gmail.com,153491222,included,-1
2025-03-03T07:22:14.291Z,793579,prishnee.bissessur1@gmail.com,153491229,included,1
2025-03-03T07:22:20.256Z,793579,prishnee.bissessur1@gmail.com,153491252,"""__EXR__Not about conservation""",1
2025-03-03T07:22:20.268Z,793579,prishnee.bissessur1@gmail.com,153491252,included,-1
2025-03-03T07:22:33.552Z,793579,prishnee.bissessur1@gmail.com,153491266,"""__EXR__Not about conservation""",1
2025-03-03T07:22:33.571Z,793579,prishnee.bissessur1@gmail.com,153491266,included,-1
2025-03-03T07:23:37.949Z,793579,prishnee.bissessur1@gmail.com,153492747,"""__EXR__Not about policy or practice""",1
2025-03-03T07:23:37.967Z,793579,prishnee.bissessur1@gmail.com,153492747,included,-1
2025-03-03T07:23:57.729Z,793579,prishnee.bissessur1@gmail.com,153493705,"""__EXR__Not about conservation""",1
2025-03-03T07:23:57.746Z,793579,prishnee.bissessur1@gmail.com,153493705,included,-1
2025-03-03T07:23:57.760Z,793579,prishnee.bissessur1@gmail.com,153493705,"""__EXR__Not about policy or practice""",1
2025-03-03T07:23:57.770Z,793579,prishnee.bissessur1@gmail.com,153493705,included,-1
2025-03-03T07:24:06.745Z,793579,prishnee.bissessur1@gmail.com,153493720,"""__EXR__Not about conservation""",1
2025-03-03T07:24:06.759Z,793579,prishnee.bissessur1@gmail.com,153493720,included,-1
2025-03-03T07:24:19.194Z,793579,prishnee.bissessur1@gmail.com,153493761,"""__EXR__Not research study""",1
2025-03-03T07:24:19.212Z,793579,prishnee.bissessur1@gmail.com,153493761,included,-1
2025-03-03T07:24:25.366Z,793579,prishnee.bissessur1@gmail.com,153493780,"""__EXR__Not about conservation""",1
2025-03-03T07:24:25.379Z,793579,prishnee.bissessur1@gmail.com,153493780,included,-1
2025-03-03T07:24:30.516Z,793579,prishnee.bissessur1@gmail.com,153493788,"""__EXR__Not about conservation""",1
2025-03-03T07:24:30.530Z,793579,prishnee.bissessur1@gmail.com,153493788,included,-1
2025-03-03T07:24:36.777Z,793579,prishnee.bissessur1@gmail.com,153493794,"""__EXR__Not about conservation""",1
2025-03-03T07:24:36.794Z,793579,prishnee.bissessur1@gmail.com,153493794,included,-1
2025-03-03T07:24:41.944Z,793579,prishnee.bissessur1@gmail.com,153493799,"""__EXR__Not about conservation""",1
2025-03-03T07:24:41.995Z,793579,prishnee.bissessur1@gmail.com,153493799,included,-1
2025-03-03T07:24:42.021Z,793579,prishnee.bissessur1@gmail.com,153493799,"""__EXR__Not about policy or practice""",1
2025-03-03T07:24:42.032Z,793579,prishnee.bissessur1@gmail.com,153493799,included,-1
2025-03-03T07:24:46.420Z,793579,prishnee.bissessur1@gmail.com,153493837,"""__EXR__Not about conservation""",1
2025-03-03T07:24:46.440Z,793579,prishnee.bissessur1@gmail.com,153493837,included,-1
2025-03-03T07:24:51.054Z,793579,prishnee.bissessur1@gmail.com,153493854,"""__EXR__Not about conservation""",1
2025-03-03T07:24:51.066Z,793579,prishnee.bissessur1@gmail.com,153493854,included,-1
2025-03-03T07:25:34.546Z,793579,prishnee.bissessur1@gmail.com,153493857,included,0
2025-03-03T07:25:51.199Z,793579,prishnee.bissessur1@gmail.com,153493885,"""__EXR__Not about conservation""",1
2025-03-03T07:25:51.212Z,793579,prishnee.bissessur1@gmail.com,153493885,included,-1
2025-03-03T07:25:55.197Z,793579,prishnee.bissessur1@gmail.com,153493902,"""__EXR__Not about conservation""",1
2025-03-03T07:25:55.210Z,793579,prishnee.bissessur1@gmail.com,153493902,included,-1
2025-03-03T07:25:59.045Z,793579,prishnee.bissessur1@gmail.com,153493906,"""__EXR__Not about conservation""",1
2025-03-03T07:25:59.058Z,793579,prishnee.bissessur1@gmail.com,153493906,included,-1
2025-03-03T07:26:04.482Z,793579,prishnee.bissessur1@gmail.com,153495489,"""__EXR__Not about conservation""",1
2025-03-03T07:26:04.499Z,793579,prishnee.bissessur1@gmail.com,153495489,included,-1
2025-03-03T07:26:22.256Z,793579,prishnee.bissessur1@gmail.com,153495508,"""__EXR__Not about conservation""",1
2025-03-03T07:26:22.274Z,793579,prishnee.bissessur1@gmail.com,153495508,included,-1
2025-03-03T07:26:29.232Z,793579,prishnee.bissessur1@gmail.com,153495527,"""__EXR__Not about policy or practice""",1
2025-03-03T07:26:29.244Z,793579,prishnee.bissessur1@gmail.com,153495527,included,-1
2025-03-03T07:26:34.461Z,793579,prishnee.bissessur1@gmail.com,153495551,"""__EXR__Not about conservation""",1
2025-03-03T07:26:34.477Z,793579,prishnee.bissessur1@gmail.com,153495551,included,-1
2025-03-03T07:26:45.770Z,793579,prishnee.bissessur1@gmail.com,153495563,"""__EXR__Not about conservation""",1
2025-03-03T07:26:45.785Z,793579,prishnee.bissessur1@gmail.com,153495563,included,-1
2025-03-03T07:26:52.024Z,793579,prishnee.bissessur1@gmail.com,153495593,"""__EXR__Not about conservation""",1
2025-03-03T07:26:52.039Z,793579,prishnee.bissessur1@gmail.com,153495593,included,-1
2025-03-03T07:26:52.053Z,793579,prishnee.bissessur1@gmail.com,153495593,"""__EXR__Not about policy or practice""",1
2025-03-03T07:26:52.063Z,793579,prishnee.bissessur1@gmail.com,153495593,included,-1
2025-03-03T07:26:56.398Z,793579,prishnee.bissessur1@gmail.com,153495597,"""__EXR__Not about conservation""",1
2025-03-03T07:26:56.412Z,793579,prishnee.bissessur1@gmail.com,153495597,included,-1
2025-03-03T07:27:02.460Z,793579,prishnee.bissessur1@gmail.com,153495603,"""__EXR__Not about conservation""",1
2025-03-03T07:27:02.475Z,793579,prishnee.bissessur1@gmail.com,153495603,included,-1
2025-03-03T07:27:13.009Z,793579,prishnee.bissessur1@gmail.com,153495676,"""__EXR__Not about conservation""",1
2025-03-03T07:27:13.026Z,793579,prishnee.bissessur1@gmail.com,153495676,included,-1
2025-03-03T07:27:20.118Z,793579,prishnee.bissessur1@gmail.com,153495697,"""__EXR__Not about policy or practice""",1
2025-03-03T07:27:20.131Z,793579,prishnee.bissessur1@gmail.com,153495697,included,-1
2025-03-03T07:27:28.635Z,793579,prishnee.bissessur1@gmail.com,153495721,"""__EXR__Not about policy or practice""",1
2025-03-03T07:27:28.647Z,793579,prishnee.bissessur1@gmail.com,153495721,included,-1
2025-03-03T07:27:28.660Z,793579,prishnee.bissessur1@gmail.com,153495721,"""__EXR__Not about conservation""",1
2025-03-03T07:27:28.671Z,793579,prishnee.bissessur1@gmail.com,153495721,included,-1
2025-03-03T07:27:39.761Z,793579,prishnee.bissessur1@gmail.com,153495813,"""__EXR__Not about conservation""",1
2025-03-03T07:27:39.774Z,793579,prishnee.bissessur1@gmail.com,153495813,included,-1
2025-03-03T07:27:39.785Z,793579,prishnee.bissessur1@gmail.com,153495813,"""__EXR__Not about policy or practice""",1
2025-03-03T07:27:39.794Z,793579,prishnee.bissessur1@gmail.com,153495813,included,-1
2025-03-03T07:27:49.342Z,793579,prishnee.bissessur1@gmail.com,153495822,"""__EXR__Not about conservation""",1
2025-03-03T07:27:49.353Z,793579,prishnee.bissessur1@gmail.com,153495822,included,-1
2025-03-03T07:27:49.368Z,793579,prishnee.bissessur1@gmail.com,153495822,"""__EXR__Not about policy or practice""",1
2025-03-03T07:27:49.392Z,793579,prishnee.bissessur1@gmail.com,153495822,included,-1
2025-03-03T07:27:57.921Z,793579,prishnee.bissessur1@gmail.com,153495900,"""__EXR__Not about conservation""",1
2025-03-03T07:27:57.937Z,793579,prishnee.bissessur1@gmail.com,153495900,included,-1
2025-03-03T07:27:57.952Z,793579,prishnee.bissessur1@gmail.com,153495900,"""__EXR__Not about policy or practice""",1
2025-03-03T07:27:57.962Z,793579,prishnee.bissessur1@gmail.com,153495900,included,-1
2025-03-03T07:28:05.389Z,793579,prishnee.bissessur1@gmail.com,153495925,"""__EXR__Not about conservation""",1
2025-03-03T07:28:05.404Z,793579,prishnee.bissessur1@gmail.com,153495925,included,-1
2025-03-03T07:28:39.465Z,793579,prishnee.bissessur1@gmail.com,153495996,included,0
2025-03-03T07:30:24.925Z,793579,prishnee.bissessur1@gmail.com,153496020,"""__EXR__Not about conservation""",1
2025-03-03T07:30:24.940Z,793579,prishnee.bissessur1@gmail.com,153496020,included,-1
2025-03-03T07:31:43.143Z,793579,prishnee.bissessur1@gmail.com,153496032,"""__EXR__Not about conservation""",1
2025-03-03T07:31:43.160Z,793579,prishnee.bissessur1@gmail.com,153496032,included,-1
2025-03-03T07:31:43.173Z,793579,prishnee.bissessur1@gmail.com,153496032,"""__EXR__Not about evidence use""",1
2025-03-03T07:31:43.184Z,793579,prishnee.bissessur1@gmail.com,153496032,included,-1
2025-03-03T07:32:14.886Z,793579,prishnee.bissessur1@gmail.com,153496043,"""__EXR__Not about conservation""",1
2025-03-03T07:32:14.901Z,793579,prishnee.bissessur1@gmail.com,153496043,included,-1
2025-03-03T07:32:21.020Z,793579,prishnee.bissessur1@gmail.com,153496084,"""__EXR__Not about conservation""",1
2025-03-03T07:32:21.034Z,793579,prishnee.bissessur1@gmail.com,153496084,included,-1
2025-03-03T07:32:21.047Z,793579,prishnee.bissessur1@gmail.com,153496084,"""__EXR__Not about policy or practice""",1
2025-03-03T07:32:21.057Z,793579,prishnee.bissessur1@gmail.com,153496084,included,-1
2025-03-03T07:32:46.891Z,793579,prishnee.bissessur1@gmail.com,153496909,"""__EXR__Not about conservation""",1
2025-03-03T07:32:46.902Z,793579,prishnee.bissessur1@gmail.com,153496909,included,-1
2025-03-03T07:32:52.351Z,793579,prishnee.bissessur1@gmail.com,153496920,"""__EXR__Not about conservation""",1
2025-03-03T07:32:52.364Z,793579,prishnee.bissessur1@gmail.com,153496920,included,-1
2025-03-03T07:32:58.061Z,793579,prishnee.bissessur1@gmail.com,153496921,"""__EXR__Not about conservation""",1
2025-03-03T07:32:58.075Z,793579,prishnee.bissessur1@gmail.com,153496921,included,-1
2025-03-03T07:32:58.090Z,793579,prishnee.bissessur1@gmail.com,153496921,"""__EXR__Not about policy or practice""",1
2025-03-03T07:32:58.100Z,793579,prishnee.bissessur1@gmail.com,153496921,included,-1
2025-03-03T07:33:37.779Z,793579,prishnee.bissessur1@gmail.com,153496925,"""__EXR__Not about conservation""",1
2025-03-03T07:33:37.796Z,793579,prishnee.bissessur1@gmail.com,153496925,included,-1
2025-03-03T07:33:45.037Z,793579,prishnee.bissessur1@gmail.com,153496942,"""__EXR__Not about conservation""",1
2025-03-03T07:33:45.056Z,793579,prishnee.bissessur1@gmail.com,153496942,included,-1
2025-03-03T07:33:45.073Z,793579,prishnee.bissessur1@gmail.com,153496942,"""__EXR__foreign language""",deleted
2025-03-03T07:33:49.928Z,793579,prishnee.bissessur1@gmail.com,153496978,"""__EXR__Not about conservation""",1
2025-03-03T07:33:49.942Z,793579,prishnee.bissessur1@gmail.com,153496978,included,-1
2025-03-03T07:33:53.489Z,793579,prishnee.bissessur1@gmail.com,153496993,"""__EXR__Not about conservation""",1
2025-03-03T07:33:53.502Z,793579,prishnee.bissessur1@gmail.com,153496993,included,-1
2025-03-03T07:33:59.834Z,793579,prishnee.bissessur1@gmail.com,153497006,"""__EXR__Not about conservation""",1
2025-03-03T07:33:59.914Z,793579,prishnee.bissessur1@gmail.com,153497006,included,-1
2025-03-03T07:34:03.807Z,793579,prishnee.bissessur1@gmail.com,153497007,"""__EXR__Not about conservation""",1
2025-03-03T07:34:03.825Z,793579,prishnee.bissessur1@gmail.com,153497007,included,-1
2025-03-03T07:34:10.475Z,793579,prishnee.bissessur1@gmail.com,153497031,"""__EXR__Not about conservation""",1
2025-03-03T07:34:10.489Z,793579,prishnee.bissessur1@gmail.com,153497031,included,-1
2025-03-03T07:34:13.869Z,793579,prishnee.bissessur1@gmail.com,153497035,"""__EXR__Not about conservation""",1
2025-03-03T07:34:13.885Z,793579,prishnee.bissessur1@gmail.com,153497035,included,-1
2025-03-03T07:34:17.532Z,793579,prishnee.bissessur1@gmail.com,153497067,"""__EXR__Not about conservation""",1
2025-03-03T07:34:17.546Z,793579,prishnee.bissessur1@gmail.com,153497067,included,-1
2025-03-03T07:34:26.755Z,793579,prishnee.bissessur1@gmail.com,153497099,"""__EXR__Not about conservation""",1
2025-03-03T07:34:26.771Z,793579,prishnee.bissessur1@gmail.com,153497099,included,-1
2025-03-03T07:34:26.786Z,793579,prishnee.bissessur1@gmail.com,153497099,"""__EXR__Not about policy or practice""",1
2025-03-03T07:34:26.797Z,793579,prishnee.bissessur1@gmail.com,153497099,included,-1
2025-03-03T07:34:32.601Z,793579,prishnee.bissessur1@gmail.com,153497104,"""__EXR__Not about conservation""",1
2025-03-03T07:34:32.615Z,793579,prishnee.bissessur1@gmail.com,153497104,included,-1
2025-03-03T07:34:32.630Z,793579,prishnee.bissessur1@gmail.com,153497104,"""__EXR__Not about factors that influence evidence use""",1
2025-03-03T07:34:32.638Z,793579,prishnee.bissessur1@gmail.com,153497104,included,-1
2025-03-03T07:34:37.478Z,793579,prishnee.bissessur1@gmail.com,153497131,"""__EXR__Not about conservation""",1
2025-03-03T07:34:37.493Z,793579,prishnee.bissessur1@gmail.com,153497131,included,-1
2025-03-03T07:34:37.506Z,793579,prishnee.bissessur1@gmail.com,153497131,"""__EXR__Not about factors that influence evidence use""",1
2025-03-03T07:34:37.517Z,793579,prishnee.bissessur1@gmail.com,153497131,included,-1
2025-03-03T07:34:44.411Z,793579,prishnee.bissessur1@gmail.com,153497157,"""__EXR__Not about conservation""",1
2025-03-03T07:34:44.425Z,793579,prishnee.bissessur1@gmail.com,153497157,included,-1
2025-03-03T07:34:44.439Z,793579,prishnee.bissessur1@gmail.com,153497157,"""__EXR__Not about policy or practice""",1
2025-03-03T07:34:44.449Z,793579,prishnee.bissessur1@gmail.com,153497157,included,-1
2025-03-03T07:34:50.560Z,793579,prishnee.bissessur1@gmail.com,153497172,"""__EXR__Not about conservation""",1
2025-03-03T07:34:50.575Z,793579,prishnee.bissessur1@gmail.com,153497172,included,-1
2025-03-03T07:34:50.590Z,793579,prishnee.bissessur1@gmail.com,153497172,"""__EXR__Not about policy or practice""",1
2025-03-03T07:34:50.603Z,793579,prishnee.bissessur1@gmail.com,153497172,included,-1
2025-03-03T07:40:50.505Z,793579,prishnee.bissessur1@gmail.com,153497197,"""__EXR__Not about conservation""",1
2025-03-03T07:40:50.520Z,793579,prishnee.bissessur1@gmail.com,153497197,included,-1
2025-03-03T07:40:56.220Z,793579,prishnee.bissessur1@gmail.com,153497215,"""__EXR__Not about conservation""",1
2025-03-03T07:40:56.234Z,793579,prishnee.bissessur1@gmail.com,153497215,included,-1
2025-03-03T07:41:03.627Z,793579,prishnee.bissessur1@gmail.com,153497219,"""__EXR__Not about conservation""",1
2025-03-03T07:41:03.639Z,793579,prishnee.bissessur1@gmail.com,153497219,included,-1
2025-03-03T07:41:44.538Z,793579,prishnee.bissessur1@gmail.com,153498018,included,0
2025-03-03T07:42:19.863Z,793579,prishnee.bissessur1@gmail.com,153498039,"""__EXR__Not about factors that influence evidence use""",1
2025-03-03T07:42:19.882Z,793579,prishnee.bissessur1@gmail.com,153498039,included,-1
2025-03-03T07:42:24.348Z,793579,prishnee.bissessur1@gmail.com,153498051,"""__EXR__Not about conservation""",1
2025-03-03T07:42:24.364Z,793579,prishnee.bissessur1@gmail.com,153498051,included,-1
2025-03-03T07:42:24.377Z,793579,prishnee.bissessur1@gmail.com,153498051,"""__EXR__foreign language""",deleted
2025-03-03T07:42:30.242Z,793579,prishnee.bissessur1@gmail.com,153498076,"""__EXR__Not about conservation""",1
2025-03-03T07:42:30.256Z,793579,prishnee.bissessur1@gmail.com,153498076,included,-1
2025-03-03T07:42:33.925Z,793579,prishnee.bissessur1@gmail.com,153498098,"""__EXR__Not about conservation""",1
2025-03-03T07:42:33.937Z,793579,prishnee.bissessur1@gmail.com,153498098,included,-1
2025-03-03T07:42:42.077Z,793579,prishnee.bissessur1@gmail.com,153498122,"""__EXR__Not about factors that influence evidence use""",1
2025-03-03T07:42:42.090Z,793579,prishnee.bissessur1@gmail.com,153498122,included,-1
2025-03-03T07:42:46.671Z,793579,prishnee.bissessur1@gmail.com,153498132,"""__EXR__Not about conservation""",1
2025-03-03T07:42:46.686Z,793579,prishnee.bissessur1@gmail.com,153498132,included,-1
2025-03-03T07:42:51.168Z,793579,prishnee.bissessur1@gmail.com,153498139,"""__EXR__Not about conservation""",1
2025-03-03T07:42:51.180Z,793579,prishnee.bissessur1@gmail.com,153498139,included,-1
2025-03-03T07:42:56.270Z,793579,prishnee.bissessur1@gmail.com,153498156,"""__EXR__Not about conservation""",1
2025-03-03T07:42:56.284Z,793579,prishnee.bissessur1@gmail.com,153498156,included,-1
2025-03-03T07:43:00.863Z,793579,prishnee.bissessur1@gmail.com,153498182,"""__EXR__Not about conservation""",1
2025-03-03T07:43:00.878Z,793579,prishnee.bissessur1@gmail.com,153498182,included,-1
2025-03-03T07:43:06.592Z,793579,prishnee.bissessur1@gmail.com,153498231,"""__EXR__Not about conservation""",1
2025-03-03T07:43:06.606Z,793579,prishnee.bissessur1@gmail.com,153498231,included,-1
2025-03-03T07:43:11.177Z,793579,prishnee.bissessur1@gmail.com,153498259,"""__EXR__Not about conservation""",1
2025-03-03T07:43:11.194Z,793579,prishnee.bissessur1@gmail.com,153498259,included,-1
2025-03-03T07:43:30.612Z,793579,prishnee.bissessur1@gmail.com,153498264,included,1
2025-03-03T07:43:35.582Z,793579,prishnee.bissessur1@gmail.com,153498276,"""__EXR__Not about conservation""",1
2025-03-03T07:43:35.596Z,793579,prishnee.bissessur1@gmail.com,153498276,included,-1
2025-03-03T07:43:45.061Z,793579,prishnee.bissessur1@gmail.com,153498291,"""__EXR__Not about factors that influence evidence use""",1
2025-03-03T07:43:45.072Z,793579,prishnee.bissessur1@gmail.com,153498291,included,-1
2025-03-03T07:43:59.960Z,793579,prishnee.bissessur1@gmail.com,153498316,"""__EXR__Not about conservation""",1
2025-03-03T07:43:59.975Z,793579,prishnee.bissessur1@gmail.com,153498316,included,-1
2025-03-03T07:44:35.032Z,793579,prishnee.bissessur1@gmail.com,153498401,"""__EXR__Not about factors that influence evidence use""",1
2025-03-03T07:44:35.043Z,793579,prishnee.bissessur1@gmail.com,153498401,included,-1
2025-03-03T07:44:49.470Z,793579,prishnee.bissessur1@gmail.com,153498419,"""__EXR__Not about conservation""",1
2025-03-03T07:44:49.488Z,793579,prishnee.bissessur1@gmail.com,153498419,included,-1
2025-03-03T07:44:54.860Z,793579,prishnee.bissessur1@gmail.com,153498441,"""__EXR__Not about conservation""",1
2025-03-03T07:44:54.871Z,793579,prishnee.bissessur1@gmail.com,153498441,included,-1
2025-03-03T07:45:01.264Z,793579,prishnee.bissessur1@gmail.com,153498419,"""__EXR__Not about policy or practice""",1
2025-03-03T07:45:01.276Z,793579,prishnee.bissessur1@gmail.com,153498419,included,-1
2025-03-03T07:45:01.289Z,793579,prishnee.bissessur1@gmail.com,153498419,"""__EXR__Not about conservation""",deleted
2025-03-03T07:45:06.809Z,793579,prishnee.bissessur1@gmail.com,153498461,"""__EXR__Not about conservation""",1
2025-03-03T07:45:06.824Z,793579,prishnee.bissessur1@gmail.com,153498461,included,-1
2025-03-03T07:45:30.061Z,793579,prishnee.bissessur1@gmail.com,164683841,included,1
2025-03-03T07:45:54.725Z,793579,prishnee.bissessur1@gmail.com,164683860,included,1
2025-03-03T07:46:13.561Z,793579,prishnee.bissessur1@gmail.com,164683981,included,1
2025-03-03T07:46:26.148Z,793579,prishnee.bissessur1@gmail.com,164684084,included,1
2025-03-03T07:47:03.434Z,793579,prishnee.bissessur1@gmail.com,164684316,included,1
2025-03-03T07:47:08.573Z,793579,prishnee.bissessur1@gmail.com,164684664,"""__EXR__Not about conservation""",1
2025-03-03T07:47:08.589Z,793579,prishnee.bissessur1@gmail.com,164684664,included,-1
2025-03-03T07:47:23.945Z,793579,prishnee.bissessur1@gmail.com,164684690,included,0
2025-03-03T07:47:44.511Z,793579,prishnee.bissessur1@gmail.com,164684691,included,1
2025-03-03T07:47:55.892Z,793579,prishnee.bissessur1@gmail.com,164684751,included,1
2025-03-03T07:48:32.870Z,793579,prishnee.bissessur1@gmail.com,164684808,"""__EXR__Not about conservation""",1
2025-03-03T07:48:32.888Z,793579,prishnee.bissessur1@gmail.com,164684808,included,-1
2025-03-03T07:48:45.675Z,793579,prishnee.bissessur1@gmail.com,164684832,included,1
2025-03-03T07:49:06.569Z,793579,prishnee.bissessur1@gmail.com,164684999,included,1
2025-03-03T07:49:12.226Z,793579,prishnee.bissessur1@gmail.com,164685056,"""__EXR__Not about conservation""",1
2025-03-03T07:49:12.238Z,793579,prishnee.bissessur1@gmail.com,164685056,included,-1
2025-03-03T07:49:31.032Z,793579,prishnee.bissessur1@gmail.com,164685125,"""__EXR__Not about policy or practice""",1
2025-03-03T07:49:31.047Z,793579,prishnee.bissessur1@gmail.com,164685125,included,-1
2025-03-03T07:49:52.054Z,793579,prishnee.bissessur1@gmail.com,164685134,included,1
2025-03-03T07:50:01.055Z,793579,prishnee.bissessur1@gmail.com,164685146,"""__EXR__Not about factors that influence evidence use""",1
2025-03-03T07:50:01.082Z,793579,prishnee.bissessur1@gmail.com,164685146,included,-1
2025-03-03T07:50:14.003Z,793579,prishnee.bissessur1@gmail.com,164685181,"""__EXR__Not about conservation""",1
2025-03-03T07:50:14.021Z,793579,prishnee.bissessur1@gmail.com,164685181,included,-1
2025-03-03T07:50:36.522Z,793579,prishnee.bissessur1@gmail.com,164685326,included,1
2025-03-03T07:50:44.214Z,793579,prishnee.bissessur1@gmail.com,164685371,"""__EXR__Not about conservation""",1
2025-03-03T07:50:44.228Z,793579,prishnee.bissessur1@gmail.com,164685371,included,-1
2025-03-03T07:51:24.298Z,793579,prishnee.bissessur1@gmail.com,164685395,included,1
2025-03-03T07:51:41.533Z,793579,prishnee.bissessur1@gmail.com,164686490,"""__EXR__Not about conservation""",1
2025-03-03T07:51:41.547Z,793579,prishnee.bissessur1@gmail.com,164686490,included,-1
2025-03-03T07:52:13.632Z,793579,prishnee.bissessur1@gmail.com,164686571,included,0
2025-03-03T07:52:30.529Z,793579,prishnee.bissessur1@gmail.com,164686573,included,0
2025-03-03T07:52:39.177Z,793579,prishnee.bissessur1@gmail.com,164686649,"""__EXR__Not about conservation""",1
2025-03-03T07:52:39.194Z,793579,prishnee.bissessur1@gmail.com,164686649,included,-1
2025-03-03T07:52:39.207Z,793579,prishnee.bissessur1@gmail.com,164686649,"""__EXR__Not about policy or practice""",1
2025-03-03T07:52:39.216Z,793579,prishnee.bissessur1@gmail.com,164686649,included,-1
2025-03-03T07:53:25.622Z,793579,prishnee.bissessur1@gmail.com,164686712,included,1
2025-03-03T07:54:00.246Z,793579,prishnee.bissessur1@gmail.com,164686729,"""__EXR__Not about factors that influence evidence use""",1
2025-03-03T07:54:00.263Z,793579,prishnee.bissessur1@gmail.com,164686729,included,-1
2025-03-03T07:54:12.443Z,793579,prishnee.bissessur1@gmail.com,164686759,"""__EXR__Not about conservation""",1
2025-03-03T07:54:12.456Z,793579,prishnee.bissessur1@gmail.com,164686759,included,-1
2025-03-03T07:54:12.470Z,793579,prishnee.bissessur1@gmail.com,164686759,"""__EXR__Not about policy or practice""",1
2025-03-03T07:54:12.484Z,793579,prishnee.bissessur1@gmail.com,164686759,included,-1
2025-03-03T07:54:54.165Z,793579,prishnee.bissessur1@gmail.com,164686873,"""__EXR__Not research study""",1
2025-03-03T07:54:54.176Z,793579,prishnee.bissessur1@gmail.com,164686873,included,-1
2025-03-03T07:55:12.632Z,793579,prishnee.bissessur1@gmail.com,164686963,"""__EXR__Not about evidence use""",1
2025-03-03T07:55:12.646Z,793579,prishnee.bissessur1@gmail.com,164686963,included,-1
2025-03-03T07:55:31.924Z,793579,prishnee.bissessur1@gmail.com,164686977,included,0
2025-03-03T07:58:13.019Z,793579,prishnee.bissessur1@gmail.com,153489286,"""__EXR__Not about conservation""",1
2025-03-03T07:58:13.034Z,793579,prishnee.bissessur1@gmail.com,153489286,included,-1
2025-03-03T07:58:18.255Z,793579,prishnee.bissessur1@gmail.com,153493910,"""__EXR__Not about conservation""",1
2025-03-03T07:58:18.269Z,793579,prishnee.bissessur1@gmail.com,153493910,included,-1
2025-03-03T07:58:24.987Z,793579,prishnee.bissessur1@gmail.com,153493911,"""__EXR__Not about conservation""",1
2025-03-03T07:58:25.001Z,793579,prishnee.bissessur1@gmail.com,153493911,included,-1
2025-03-03T07:58:32.060Z,793579,prishnee.bissessur1@gmail.com,153493932,"""__EXR__Not about conservation""",1
2025-03-03T07:58:32.074Z,793579,prishnee.bissessur1@gmail.com,153493932,included,-1
2025-03-03T07:58:44.446Z,793579,prishnee.bissessur1@gmail.com,153493941,"""__EXR__Not about factors that influence evidence use""",1
2025-03-03T07:58:44.457Z,793579,prishnee.bissessur1@gmail.com,153493941,included,-1
2025-03-03T07:58:50.784Z,793579,prishnee.bissessur1@gmail.com,153493961,"""__EXR__Not about conservation""",1
2025-03-03T07:58:50.797Z,793579,prishnee.bissessur1@gmail.com,153493961,included,-1
2025-03-03T07:58:57.984Z,793579,prishnee.bissessur1@gmail.com,153494165,"""__EXR__Not about conservation""",1
2025-03-03T07:58:57.995Z,793579,prishnee.bissessur1@gmail.com,153494165,included,-1
2025-03-03T07:59:02.846Z,793579,prishnee.bissessur1@gmail.com,153494246,"""__EXR__Not about conservation""",1
2025-03-03T07:59:02.859Z,793579,prishnee.bissessur1@gmail.com,153494246,included,-1
2025-03-03T07:59:07.982Z,793579,prishnee.bissessur1@gmail.com,153494830,"""__EXR__Not about conservation""",1
2025-03-03T07:59:07.993Z,793579,prishnee.bissessur1@gmail.com,153494830,included,-1
2025-03-03T07:59:50.073Z,793579,prishnee.bissessur1@gmail.com,153494958,"""__EXR__Not about conservation""",1
2025-03-03T07:59:50.088Z,793579,prishnee.bissessur1@gmail.com,153494958,included,-1
2025-03-03T07:59:55.603Z,793579,prishnee.bissessur1@gmail.com,153495050,"""__EXR__Not about conservation""",1
2025-03-03T07:59:55.619Z,793579,prishnee.bissessur1@gmail.com,153495050,included,-1
2025-03-03T08:00:17.093Z,793579,prishnee.bissessur1@gmail.com,153495150,"""__EXR__Not about conservation""",1
2025-03-03T08:00:17.103Z,793579,prishnee.bissessur1@gmail.com,153495150,included,-1
2025-03-03T08:00:27.566Z,793579,prishnee.bissessur1@gmail.com,153495212,"""__EXR__Not about conservation""",1
2025-03-03T08:00:27.586Z,793579,prishnee.bissessur1@gmail.com,153495212,included,-1
2025-03-03T08:00:46.758Z,793579,prishnee.bissessur1@gmail.com,153495214,"""__EXR__Not about conservation""",1
2025-03-03T08:00:46.769Z,793579,prishnee.bissessur1@gmail.com,153495214,included,-1
2025-03-03T08:00:46.782Z,793579,prishnee.bissessur1@gmail.com,153495214,"""__EXR__Not about policy or practice""",1
2025-03-03T08:00:46.793Z,793579,prishnee.bissessur1@gmail.com,153495214,included,-1
2025-03-03T08:00:51.963Z,793579,prishnee.bissessur1@gmail.com,153495355,"""__EXR__Not about conservation""",1
2025-03-03T08:00:51.978Z,793579,prishnee.bissessur1@gmail.com,153495355,included,-1
2025-03-03T08:01:02.905Z,793579,prishnee.bissessur1@gmail.com,153495361,"""__EXR__Not about conservation""",1
2025-03-03T08:01:02.918Z,793579,prishnee.bissessur1@gmail.com,153495361,included,-1
2025-03-03T08:01:08.051Z,793579,prishnee.bissessur1@gmail.com,153495394,"""__EXR__Not about conservation""",1
2025-03-03T08:01:08.066Z,793579,prishnee.bissessur1@gmail.com,153495394,included,-1
2025-03-03T08:01:23.746Z,793579,prishnee.bissessur1@gmail.com,153495438,"""__EXR__Not about factors that influence evidence use""",1
2025-03-03T08:01:23.757Z,793579,prishnee.bissessur1@gmail.com,153495438,included,-1
2025-03-03T08:01:38.006Z,793579,prishnee.bissessur1@gmail.com,153495442,"""__EXR__Not about conservation""",1
2025-03-03T08:01:38.019Z,793579,prishnee.bissessur1@gmail.com,153495442,included,-1
2025-03-03T08:01:42.080Z,793579,prishnee.bissessur1@gmail.com,153495454,"""__EXR__Not about conservation""",1
2025-03-03T08:01:42.094Z,793579,prishnee.bissessur1@gmail.com,153495454,included,-1
2025-03-03T08:01:52.609Z,793579,prishnee.bissessur1@gmail.com,153496722,"""__EXR__Not about conservation""",1
2025-03-03T08:01:52.622Z,793579,prishnee.bissessur1@gmail.com,153496722,included,-1
2025-03-03T08:02:20.175Z,793579,prishnee.bissessur1@gmail.com,153496736,"""__EXR__Not about conservation""",1
2025-03-03T08:02:20.185Z,793579,prishnee.bissessur1@gmail.com,153496736,included,-1
2025-03-03T08:02:27.395Z,793579,prishnee.bissessur1@gmail.com,153496761,"""__EXR__Not about evidence use""",1
2025-03-03T08:02:27.407Z,793579,prishnee.bissessur1@gmail.com,153496761,included,-1
2025-03-03T08:02:27.419Z,793579,prishnee.bissessur1@gmail.com,153496761,"""__EXR__Not about conservation""",1
2025-03-03T08:02:27.426Z,793579,prishnee.bissessur1@gmail.com,153496761,included,-1
2025-03-03T08:02:32.211Z,0,rayyan@rayyan.ai,164704659,"""__SYSTEM__SAMPLE__5ef013fd1ac260e2ad077cb0f803864e_15279""",1
2025-03-03T08:02:32.211Z,0,rayyan@rayyan.ai,153485983,"""__SYSTEM__SAMPLE__5ef013fd1ac260e2ad077cb0f803864e_15279""",1
2025-03-03T08:02:32.211Z,0,rayyan@rayyan.ai,164700714,"""__SYSTEM__SAMPLE__5ef013fd1ac260e2ad077cb0f803864e_15279""",1
2025-03-03T08:02:32.413Z,0,rayyan@rayyan.ai,153487974,"""__SYSTEM__SAMPLE__5ef013fd1ac260e2ad077cb0f803864e_15279""",1
2025-03-03T08:02:32.458Z,793579,prishnee.bissessur1@gmail.com,153496802,"""__EXR__Not about conservation""",1
2025-03-03T08:02:32.413Z,0,rayyan@rayyan.ai,164704152,"""__SYSTEM__SAMPLE__5ef013fd1ac260e2ad077cb0f803864e_15279""",1
2025-03-03T08:02:32.493Z,793579,prishnee.bissessur1@gmail.com,153496802,included,-1
2025-03-03T08:02:32.507Z,793579,prishnee.bissessur1@gmail.com,153496802,"""__EXR__Not about evidence use""",1
2025-03-03T08:02:32.413Z,0,rayyan@rayyan.ai,153486659,"""__SYSTEM__SAMPLE__5ef013fd1ac260e2ad077cb0f803864e_15279""",1
2025-03-03T08:02:32.517Z,793579,prishnee.bissessur1@gmail.com,153496802,included,-1
2025-03-03T08:02:32.413Z,0,rayyan@rayyan.ai,153486277,"""__SYSTEM__SAMPLE__5ef013fd1ac260e2ad077cb0f803864e_15279""",1
2025-03-03T08:02:32.567Z,0,rayyan@rayyan.ai,153488250,"""__SYSTEM__SAMPLE__5ef013fd1ac260e2ad077cb0f803864e_15279""",1
2025-03-03T08:02:32.567Z,0,rayyan@rayyan.ai,153492261,"""__SYSTEM__SAMPLE__5ef013fd1ac260e2ad077cb0f803864e_15279""",1
2025-03-03T08:02:32.567Z,0,rayyan@rayyan.ai,153490183,"""__SYSTEM__SAMPLE__5ef013fd1ac260e2ad077cb0f803864e_15279""",1
2025-03-03T08:02:32.567Z,0,rayyan@rayyan.ai,164707068,"""__SYSTEM__SAMPLE__5ef013fd1ac260e2ad077cb0f803864e_15279""",1
2025-03-03T08:02:32.567Z,0,rayyan@rayyan.ai,164698803,"""__SYSTEM__SAMPLE__5ef013fd1ac260e2ad077cb0f803864e_15279""",1
2025-03-03T08:02:32.567Z,0,rayyan@rayyan.ai,153493854,"""__SYSTEM__SAMPLE__5ef013fd1ac260e2ad077cb0f803864e_15279""",1
2025-03-03T08:02:32.704Z,0,rayyan@rayyan.ai,153494165,"""__SYSTEM__SAMPLE__5ef013fd1ac260e2ad077cb0f803864e_15279""",1
2025-03-03T08:02:32.704Z,0,rayyan@rayyan.ai,164691712,"""__SYSTEM__SAMPLE__5ef013fd1ac260e2ad077cb0f803864e_15279""",1
2025-03-03T08:02:32.704Z,0,rayyan@rayyan.ai,164694066,"""__SYSTEM__SAMPLE__5ef013fd1ac260e2ad077cb0f803864e_15279""",1
2025-03-03T08:02:32.704Z,0,rayyan@rayyan.ai,153487536,"""__SYSTEM__SAMPLE__5ef013fd1ac260e2ad077cb0f803864e_15279""",1
2025-03-03T08:02:32.704Z,0,rayyan@rayyan.ai,153492230,"""__SYSTEM__SAMPLE__5ef013fd1ac260e2ad077cb0f803864e_15279""",1
2025-03-03T08:02:32.813Z,0,rayyan@rayyan.ai,153493932,"""__SYSTEM__SAMPLE__5ef013fd1ac260e2ad077cb0f803864e_15279""",1
2025-03-03T08:02:32.813Z,0,rayyan@rayyan.ai,164703830,"""__SYSTEM__SAMPLE__5ef013fd1ac260e2ad077cb0f803864e_15279""",1
2025-03-03T08:02:32.813Z,0,rayyan@rayyan.ai,164695863,"""__SYSTEM__SAMPLE__5ef013fd1ac260e2ad077cb0f803864e_15279""",1
2025-03-03T08:02:33.492Z,0,rayyan@rayyan.ai,153497609,"""__SYSTEM__SAMPLE__5ef013fd1ac260e2ad077cb0f803864e_15279""",1
2025-03-03T08:02:33.492Z,0,rayyan@rayyan.ai,164701024,"""__SYSTEM__SAMPLE__5ef013fd1ac260e2ad077cb0f803864e_15279""",1
2025-03-03T08:02:33.492Z,0,rayyan@rayyan.ai,153493961,"""__SYSTEM__SAMPLE__5ef013fd1ac260e2ad077cb0f803864e_15279""",1
2025-03-03T08:02:33.492Z,0,rayyan@rayyan.ai,164705109,"""__SYSTEM__SAMPLE__5ef013fd1ac260e2ad077cb0f803864e_15279""",1
2025-03-03T08:02:33.492Z,0,rayyan@rayyan.ai,164687892,"""__SYSTEM__SAMPLE__5ef013fd1ac260e2ad077cb0f803864e_15279""",1
2025-03-03T08:02:33.492Z,0,rayyan@rayyan.ai,153489684,"""__SYSTEM__SAMPLE__5ef013fd1ac260e2ad077cb0f803864e_15279""",1
2025-03-03T08:02:33.571Z,0,rayyan@rayyan.ai,164689512,"""__SYSTEM__SAMPLE__5ef013fd1ac260e2ad077cb0f803864e_15279""",1
2025-03-03T08:02:33.571Z,0,rayyan@rayyan.ai,153486292,"""__SYSTEM__SAMPLE__5ef013fd1ac260e2ad077cb0f803864e_15279""",1
2025-03-03T08:02:33.571Z,0,rayyan@rayyan.ai,164703629,"""__SYSTEM__SAMPLE__5ef013fd1ac260e2ad077cb0f803864e_15279""",1
2025-03-03T08:02:33.571Z,0,rayyan@rayyan.ai,153496978,"""__SYSTEM__SAMPLE__5ef013fd1ac260e2ad077cb0f803864e_15279""",1
2025-03-03T08:02:33.571Z,0,rayyan@rayyan.ai,153492838,"""__SYSTEM__SAMPLE__5ef013fd1ac260e2ad077cb0f803864e_15279""",1
2025-03-03T08:02:33.571Z,0,rayyan@rayyan.ai,153497475,"""__SYSTEM__SAMPLE__5ef013fd1ac260e2ad077cb0f803864e_15279""",1
2025-03-03T08:02:33.571Z,0,rayyan@rayyan.ai,164697805,"""__SYSTEM__SAMPLE__5ef013fd1ac260e2ad077cb0f803864e_15279""",1
2025-03-03T08:02:33.674Z,0,rayyan@rayyan.ai,164695301,"""__SYSTEM__SAMPLE__5ef013fd1ac260e2ad077cb0f803864e_15279""",1
2025-03-03T08:02:33.674Z,0,rayyan@rayyan.ai,153486904,"""__SYSTEM__SAMPLE__5ef013fd1ac260e2ad077cb0f803864e_15279""",1
2025-03-03T08:02:33.674Z,0,rayyan@rayyan.ai,153489512,"""__SYSTEM__SAMPLE__5ef013fd1ac260e2ad077cb0f803864e_15279""",1
2025-03-03T08:02:33.674Z,0,rayyan@rayyan.ai,153492907,"""__SYSTEM__SAMPLE__5ef013fd1ac260e2ad077cb0f803864e_15279""",1
2025-03-03T08:02:33.768Z,0,rayyan@rayyan.ai,153493061,"""__SYSTEM__SAMPLE__5ef013fd1ac260e2ad077cb0f803864e_15279""",1
2025-03-03T08:02:33.768Z,0,rayyan@rayyan.ai,164686729,"""__SYSTEM__SAMPLE__5ef013fd1ac260e2ad077cb0f803864e_15279""",1
2025-03-03T08:02:33.768Z,0,rayyan@rayyan.ai,164687937,"""__SYSTEM__SAMPLE__5ef013fd1ac260e2ad077cb0f803864e_15279""",1
2025-03-03T08:02:33.768Z,0,rayyan@rayyan.ai,153486129,"""__SYSTEM__SAMPLE__5ef013fd1ac260e2ad077cb0f803864e_15279""",1
2025-03-03T08:02:33.768Z,0,rayyan@rayyan.ai,164685371,"""__SYSTEM__SAMPLE__5ef013fd1ac260e2ad077cb0f803864e_15279""",1
2025-03-03T08:02:33.768Z,0,rayyan@rayyan.ai,153491490,"""__SYSTEM__SAMPLE__5ef013fd1ac260e2ad077cb0f803864e_15279""",1
2025-03-03T08:02:33.837Z,0,rayyan@rayyan.ai,164695832,"""__SYSTEM__SAMPLE__5ef013fd1ac260e2ad077cb0f803864e_15279""",1
2025-03-03T08:02:33.837Z,0,rayyan@rayyan.ai,153491266,"""__SYSTEM__SAMPLE__5ef013fd1ac260e2ad077cb0f803864e_15279""",1
2025-03-03T08:02:33.837Z,0,rayyan@rayyan.ai,153497959,"""__SYSTEM__SAMPLE__5ef013fd1ac260e2ad077cb0f803864e_15279""",1
2025-03-03T08:02:33.894Z,0,rayyan@rayyan.ai,164700871,"""__SYSTEM__SAMPLE__5ef013fd1ac260e2ad077cb0f803864e_15279""",1
2025-03-03T08:02:33.894Z,0,rayyan@rayyan.ai,83177992,"""__SYSTEM__SAMPLE__5ef013fd1ac260e2ad077cb0f803864e_15279""",1
2025-03-03T08:02:33.894Z,0,rayyan@rayyan.ai,164704108,"""__SYSTEM__SAMPLE__5ef013fd1ac260e2ad077cb0f803864e_15279""",1
2025-03-03T08:02:33.894Z,0,rayyan@rayyan.ai,153486174,"""__SYSTEM__SAMPLE__5ef013fd1ac260e2ad077cb0f803864e_15279""",1
2025-03-03T08:02:33.894Z,0,rayyan@rayyan.ai,164704596,"""__SYSTEM__SAMPLE__5ef013fd1ac260e2ad077cb0f803864e_15279""",1
2025-03-03T08:02:34.014Z,0,rayyan@rayyan.ai,153496721,"""__SYSTEM__SAMPLE__5ef013fd1ac260e2ad077cb0f803864e_15279""",1
2025-03-03T08:02:34.014Z,0,rayyan@rayyan.ai,153491322,"""__SYSTEM__SAMPLE__5ef013fd1ac260e2ad077cb0f803864e_15279""",1
2025-03-03T08:02:34.014Z,0,rayyan@rayyan.ai,153497031,"""__SYSTEM__SAMPLE__5ef013fd1ac260e2ad077cb0f803864e_15279""",1
2025-03-03T08:02:34.014Z,0,rayyan@rayyan.ai,153493788,"""__SYSTEM__SAMPLE__5ef013fd1ac260e2ad077cb0f803864e_15279""",1
2025-03-03T08:02:34.456Z,0,rayyan@rayyan.ai,153491462,"""__SYSTEM__SAMPLE__5ef013fd1ac260e2ad077cb0f803864e_15279""",1
2025-03-03T08:02:34.456Z,0,rayyan@rayyan.ai,153492209,"""__SYSTEM__SAMPLE__5ef013fd1ac260e2ad077cb0f803864e_15279""",1
2025-03-03T08:02:34.456Z,0,rayyan@rayyan.ai,153497945,"""__SYSTEM__SAMPLE__5ef013fd1ac260e2ad077cb0f803864e_15279""",1
2025-03-03T08:02:34.456Z,0,rayyan@rayyan.ai,164698645,"""__SYSTEM__SAMPLE__5ef013fd1ac260e2ad077cb0f803864e_15279""",1
2025-03-03T08:02:34.456Z,0,rayyan@rayyan.ai,153498419,"""__SYSTEM__SAMPLE__5ef013fd1ac260e2ad077cb0f803864e_15279""",1
2025-03-03T08:02:34.456Z,0,rayyan@rayyan.ai,164696687,"""__SYSTEM__SAMPLE__5ef013fd1ac260e2ad077cb0f803864e_15279""",1
2025-03-03T08:02:34.456Z,0,rayyan@rayyan.ai,164691250,"""__SYSTEM__SAMPLE__5ef013fd1ac260e2ad077cb0f803864e_15279""",1
2025-03-03T08:02:34.512Z,0,rayyan@rayyan.ai,153497067,"""__SYSTEM__SAMPLE__5ef013fd1ac260e2ad077cb0f803864e_15279""",1
2025-03-03T08:02:34.512Z,0,rayyan@rayyan.ai,164698289,"""__SYSTEM__SAMPLE__5ef013fd1ac260e2ad077cb0f803864e_15279""",1
2025-03-03T08:02:34.512Z,0,rayyan@rayyan.ai,164696262,"""__SYSTEM__SAMPLE__5ef013fd1ac260e2ad077cb0f803864e_15279""",1
2025-03-03T08:02:34.512Z,0,rayyan@rayyan.ai,153488277,"""__SYSTEM__SAMPLE__5ef013fd1ac260e2ad077cb0f803864e_15279""",1
2025-03-03T08:02:34.571Z,0,rayyan@rayyan.ai,153489944,"""__SYSTEM__SAMPLE__5ef013fd1ac260e2ad077cb0f803864e_15279""",1
2025-03-03T08:02:34.571Z,0,rayyan@rayyan.ai,153487181,"""__SYSTEM__SAMPLE__5ef013fd1ac260e2ad077cb0f803864e_15279""",1
2025-03-03T08:02:34.571Z,0,rayyan@rayyan.ai,153489597,"""__SYSTEM__SAMPLE__5ef013fd1ac260e2ad077cb0f803864e_15279""",1
2025-03-03T08:02:34.571Z,0,rayyan@rayyan.ai,153494958,"""__SYSTEM__SAMPLE__5ef013fd1ac260e2ad077cb0f803864e_15279""",1
2025-03-03T08:02:34.571Z,0,rayyan@rayyan.ai,153498441,"""__SYSTEM__SAMPLE__5ef013fd1ac260e2ad077cb0f803864e_15279""",1
2025-03-03T08:02:34.628Z,0,rayyan@rayyan.ai,164701580,"""__SYSTEM__SAMPLE__5ef013fd1ac260e2ad077cb0f803864e_15279""",1
2025-03-03T08:02:34.628Z,0,rayyan@rayyan.ai,164706007,"""__SYSTEM__SAMPLE__5ef013fd1ac260e2ad077cb0f803864e_15279""",1
2025-03-03T08:02:34.677Z,0,rayyan@rayyan.ai,164690530,"""__SYSTEM__SAMPLE__5ef013fd1ac260e2ad077cb0f803864e_15279""",1
2025-03-03T08:02:34.725Z,0,rayyan@rayyan.ai,153490586,"""__SYSTEM__SAMPLE__5ef013fd1ac260e2ad077cb0f803864e_15279""",1
2025-03-03T08:02:34.775Z,0,rayyan@rayyan.ai,153490260,"""__SYSTEM__SAMPLE__5ef013fd1ac260e2ad077cb0f803864e_15279""",1
2025-03-03T08:02:34.775Z,0,rayyan@rayyan.ai,153488827,"""__SYSTEM__SAMPLE__5ef013fd1ac260e2ad077cb0f803864e_15279""",1
2025-03-03T08:02:34.775Z,0,rayyan@rayyan.ai,164690489,"""__SYSTEM__SAMPLE__5ef013fd1ac260e2ad077cb0f803864e_15279""",1
2025-03-03T08:02:34.775Z,0,rayyan@rayyan.ai,153490034,"""__SYSTEM__SAMPLE__5ef013fd1ac260e2ad077cb0f803864e_15279""",1
2025-03-03T08:02:34.822Z,0,rayyan@rayyan.ai,164684316,"""__SYSTEM__SAMPLE__5ef013fd1ac260e2ad077cb0f803864e_15279""",1
2025-03-03T08:02:34.822Z,0,rayyan@rayyan.ai,153493198,"""__SYSTEM__SAMPLE__5ef013fd1ac260e2ad077cb0f803864e_15279""",1
2025-03-03T08:02:34.822Z,0,rayyan@rayyan.ai,164700183,"""__SYSTEM__SAMPLE__5ef013fd1ac260e2ad077cb0f803864e_15279""",1
2025-03-03T08:02:34.892Z,0,rayyan@rayyan.ai,164688374,"""__SYSTEM__SAMPLE__5ef013fd1ac260e2ad077cb0f803864e_15280""",1
2025-03-03T08:02:34.892Z,0,rayyan@rayyan.ai,153485328,"""__SYSTEM__SAMPLE__5ef013fd1ac260e2ad077cb0f803864e_15280""",1
2025-03-03T08:02:34.892Z,0,rayyan@rayyan.ai,153495603,"""__SYSTEM__SAMPLE__5ef013fd1ac260e2ad077cb0f803864e_15280""",1
2025-03-03T08:02:34.936Z,0,rayyan@rayyan.ai,164694609,"""__SYSTEM__SAMPLE__5ef013fd1ac260e2ad077cb0f803864e_15280""",1
2025-03-03T08:02:34.936Z,0,rayyan@rayyan.ai,153490001,"""__SYSTEM__SAMPLE__5ef013fd1ac260e2ad077cb0f803864e_15280""",1
2025-03-03T08:02:34.936Z,0,rayyan@rayyan.ai,164685395,"""__SYSTEM__SAMPLE__5ef013fd1ac260e2ad077cb0f803864e_15280""",1
2025-03-03T08:02:34.936Z,0,rayyan@rayyan.ai,153487940,"""__SYSTEM__SAMPLE__5ef013fd1ac260e2ad077cb0f803864e_15280""",1
2025-03-03T08:02:34.979Z,0,rayyan@rayyan.ai,164688305,"""__SYSTEM__SAMPLE__5ef013fd1ac260e2ad077cb0f803864e_15280""",1
2025-03-03T08:02:34.979Z,0,rayyan@rayyan.ai,153486563,"""__SYSTEM__SAMPLE__5ef013fd1ac260e2ad077cb0f803864e_15280""",1
2025-03-03T08:02:34.979Z,0,rayyan@rayyan.ai,164704949,"""__SYSTEM__SAMPLE__5ef013fd1ac260e2ad077cb0f803864e_15280""",1
2025-03-03T08:02:34.979Z,0,rayyan@rayyan.ai,153491679,"""__SYSTEM__SAMPLE__5ef013fd1ac260e2ad077cb0f803864e_15280""",1
2025-03-03T08:02:35.022Z,0,rayyan@rayyan.ai,164687575,"""__SYSTEM__SAMPLE__5ef013fd1ac260e2ad077cb0f803864e_15280""",1
2025-03-03T08:02:35.022Z,0,rayyan@rayyan.ai,153490921,"""__SYSTEM__SAMPLE__5ef013fd1ac260e2ad077cb0f803864e_15280""",1
2025-03-03T08:02:35.022Z,0,rayyan@rayyan.ai,164705303,"""__SYSTEM__SAMPLE__5ef013fd1ac260e2ad077cb0f803864e_15280""",1
2025-03-03T08:02:35.022Z,0,rayyan@rayyan.ai,164687073,"""__SYSTEM__SAMPLE__5ef013fd1ac260e2ad077cb0f803864e_15280""",1
2025-03-03T08:02:35.022Z,0,rayyan@rayyan.ai,164700234,"""__SYSTEM__SAMPLE__5ef013fd1ac260e2ad077cb0f803864e_15280""",1
2025-03-03T08:02:35.022Z,0,rayyan@rayyan.ai,153490669,"""__SYSTEM__SAMPLE__5ef013fd1ac260e2ad077cb0f803864e_15280""",1
2025-03-03T08:02:35.067Z,0,rayyan@rayyan.ai,153488028,"""__SYSTEM__SAMPLE__5ef013fd1ac260e2ad077cb0f803864e_15280""",1
2025-03-03T08:02:35.067Z,0,rayyan@rayyan.ai,153490830,"""__SYSTEM__SAMPLE__5ef013fd1ac260e2ad077cb0f803864e_15280""",1
2025-03-03T08:02:35.067Z,0,rayyan@rayyan.ai,153490662,"""__SYSTEM__SAMPLE__5ef013fd1ac260e2ad077cb0f803864e_15280""",1
2025-03-03T08:02:35.067Z,0,rayyan@rayyan.ai,153487665,"""__SYSTEM__SAMPLE__5ef013fd1ac260e2ad077cb0f803864e_15280""",1
2025-03-03T08:02:35.067Z,0,rayyan@rayyan.ai,153496699,"""__SYSTEM__SAMPLE__5ef013fd1ac260e2ad077cb0f803864e_15280""",1
2025-03-03T08:02:35.067Z,0,rayyan@rayyan.ai,164694697,"""__SYSTEM__SAMPLE__5ef013fd1ac260e2ad077cb0f803864e_15280""",1
2025-03-03T08:02:35.115Z,0,rayyan@rayyan.ai,164687730,"""__SYSTEM__SAMPLE__5ef013fd1ac260e2ad077cb0f803864e_15280""",1
2025-03-03T08:02:35.115Z,0,rayyan@rayyan.ai,153491374,"""__SYSTEM__SAMPLE__5ef013fd1ac260e2ad077cb0f803864e_15280""",1
2025-03-03T08:02:35.115Z,0,rayyan@rayyan.ai,164697823,"""__SYSTEM__SAMPLE__5ef013fd1ac260e2ad077cb0f803864e_15280""",1
2025-03-03T08:02:35.115Z,0,rayyan@rayyan.ai,153488591,"""__SYSTEM__SAMPLE__5ef013fd1ac260e2ad077cb0f803864e_15280""",1
2025-03-03T08:02:35.115Z,0,rayyan@rayyan.ai,164701358,"""__SYSTEM__SAMPLE__5ef013fd1ac260e2ad077cb0f803864e_15280""",1
2025-03-03T08:02:35.159Z,0,rayyan@rayyan.ai,164700210,"""__SYSTEM__SAMPLE__5ef013fd1ac260e2ad077cb0f803864e_15280""",1
2025-03-03T08:02:35.159Z,0,rayyan@rayyan.ai,164695953,"""__SYSTEM__SAMPLE__5ef013fd1ac260e2ad077cb0f803864e_15280""",1
2025-03-03T08:02:35.203Z,0,rayyan@rayyan.ai,164693218,"""__SYSTEM__SAMPLE__5ef013fd1ac260e2ad077cb0f803864e_15280""",1
2025-03-03T08:02:35.203Z,0,rayyan@rayyan.ai,164689279,"""__SYSTEM__SAMPLE__5ef013fd1ac260e2ad077cb0f803864e_15280""",1
2025-03-03T08:02:35.203Z,0,rayyan@rayyan.ai,164697095,"""__SYSTEM__SAMPLE__5ef013fd1ac260e2ad077cb0f803864e_15280""",1
2025-03-03T08:02:35.203Z,0,rayyan@rayyan.ai,164702751,"""__SYSTEM__SAMPLE__5ef013fd1ac260e2ad077cb0f803864e_15280""",1
2025-03-03T08:02:35.203Z,0,rayyan@rayyan.ai,153487125,"""__SYSTEM__SAMPLE__5ef013fd1ac260e2ad077cb0f803864e_15280""",1
2025-03-03T08:02:35.203Z,0,rayyan@rayyan.ai,164704897,"""__SYSTEM__SAMPLE__5ef013fd1ac260e2ad077cb0f803864e_15280""",1
2025-03-03T08:02:35.403Z,0,rayyan@rayyan.ai,153489403,"""__SYSTEM__SAMPLE__5ef013fd1ac260e2ad077cb0f803864e_15280""",1
2025-03-03T08:02:35.403Z,0,rayyan@rayyan.ai,153491473,"""__SYSTEM__SAMPLE__5ef013fd1ac260e2ad077cb0f803864e_15280""",1
2025-03-03T08:02:35.403Z,0,rayyan@rayyan.ai,164695736,"""__SYSTEM__SAMPLE__5ef013fd1ac260e2ad077cb0f803864e_15280""",1
2025-03-03T08:02:35.403Z,0,rayyan@rayyan.ai,164704128,"""__SYSTEM__SAMPLE__5ef013fd1ac260e2ad077cb0f803864e_15280""",1
2025-03-03T08:02:35.403Z,0,rayyan@rayyan.ai,164702281,"""__SYSTEM__SAMPLE__5ef013fd1ac260e2ad077cb0f803864e_15280""",1
2025-03-03T08:02:35.403Z,0,rayyan@rayyan.ai,164693064,"""__SYSTEM__SAMPLE__5ef013fd1ac260e2ad077cb0f803864e_15280""",1
2025-03-03T08:02:35.591Z,0,rayyan@rayyan.ai,164696999,"""__SYSTEM__SAMPLE__5ef013fd1ac260e2ad077cb0f803864e_15280""",1
2025-03-03T08:02:35.591Z,0,rayyan@rayyan.ai,164686759,"""__SYSTEM__SAMPLE__5ef013fd1ac260e2ad077cb0f803864e_15280""",1
2025-03-03T08:02:35.591Z,0,rayyan@rayyan.ai,164698489,"""__SYSTEM__SAMPLE__5ef013fd1ac260e2ad077cb0f803864e_15280""",1
2025-03-03T08:02:35.626Z,0,rayyan@rayyan.ai,153489607,"""__SYSTEM__SAMPLE__5ef013fd1ac260e2ad077cb0f803864e_15280""",1
2025-03-03T08:02:35.626Z,0,rayyan@rayyan.ai,153494700,"""__SYSTEM__SAMPLE__5ef013fd1ac260e2ad077cb0f803864e_15280""",1
2025-03-03T08:02:35.626Z,0,rayyan@rayyan.ai,153494923,"""__SYSTEM__SAMPLE__5ef013fd1ac260e2ad077cb0f803864e_15280""",1
2025-03-03T08:02:35.626Z,0,rayyan@rayyan.ai,153495676,"""__SYSTEM__SAMPLE__5ef013fd1ac260e2ad077cb0f803864e_15280""",1
2025-03-03T08:02:35.626Z,0,rayyan@rayyan.ai,164704877,"""__SYSTEM__SAMPLE__5ef013fd1ac260e2ad077cb0f803864e_15280""",1
2025-03-03T08:02:35.626Z,0,rayyan@rayyan.ai,164693960,"""__SYSTEM__SAMPLE__5ef013fd1ac260e2ad077cb0f803864e_15280""",1
2025-03-03T08:02:35.626Z,0,rayyan@rayyan.ai,153491064,"""__SYSTEM__SAMPLE__5ef013fd1ac260e2ad077cb0f803864e_15280""",1
2025-03-03T08:02:35.626Z,0,rayyan@rayyan.ai,164685820,"""__SYSTEM__SAMPLE__5ef013fd1ac260e2ad077cb0f803864e_15280""",1
2025-03-03T08:02:35.669Z,0,rayyan@rayyan.ai,153492951,"""__SYSTEM__SAMPLE__5ef013fd1ac260e2ad077cb0f803864e_15280""",1
2025-03-03T08:02:35.669Z,0,rayyan@rayyan.ai,164706358,"""__SYSTEM__SAMPLE__5ef013fd1ac260e2ad077cb0f803864e_15280""",1
2025-03-03T08:02:35.669Z,0,rayyan@rayyan.ai,153494401,"""__SYSTEM__SAMPLE__5ef013fd1ac260e2ad077cb0f803864e_15280""",1
2025-03-03T08:02:35.669Z,0,rayyan@rayyan.ai,164685617,"""__SYSTEM__SAMPLE__5ef013fd1ac260e2ad077cb0f803864e_15280""",1
2025-03-03T08:02:35.711Z,0,rayyan@rayyan.ai,153491202,"""__SYSTEM__SAMPLE__5ef013fd1ac260e2ad077cb0f803864e_15280""",1
2025-03-03T08:02:35.711Z,0,rayyan@rayyan.ai,153488597,"""__SYSTEM__SAMPLE__5ef013fd1ac260e2ad077cb0f803864e_15280""",1
2025-03-03T08:02:35.711Z,0,rayyan@rayyan.ai,164694954,"""__SYSTEM__SAMPLE__5ef013fd1ac260e2ad077cb0f803864e_15280""",1
2025-03-03T08:02:35.711Z,0,rayyan@rayyan.ai,164706762,"""__SYSTEM__SAMPLE__5ef013fd1ac260e2ad077cb0f803864e_15280""",1
2025-03-03T08:02:35.711Z,0,rayyan@rayyan.ai,164706486,"""__SYSTEM__SAMPLE__5ef013fd1ac260e2ad077cb0f803864e_15280""",1
2025-03-03T08:02:35.753Z,0,rayyan@rayyan.ai,164705816,"""__SYSTEM__SAMPLE__5ef013fd1ac260e2ad077cb0f803864e_15280""",1
2025-03-03T08:02:35.753Z,0,rayyan@rayyan.ai,153493093,"""__SYSTEM__SAMPLE__5ef013fd1ac260e2ad077cb0f803864e_15280""",1
2025-03-03T08:02:35.753Z,0,rayyan@rayyan.ai,164700579,"""__SYSTEM__SAMPLE__5ef013fd1ac260e2ad077cb0f803864e_15280""",1
2025-03-03T08:02:35.753Z,0,rayyan@rayyan.ai,153488911,"""__SYSTEM__SAMPLE__5ef013fd1ac260e2ad077cb0f803864e_15280""",1
2025-03-03T08:02:35.797Z,0,rayyan@rayyan.ai,153496479,"""__SYSTEM__SAMPLE__5ef013fd1ac260e2ad077cb0f803864e_15280""",1
2025-03-03T08:02:35.838Z,0,rayyan@rayyan.ai,164704981,"""__SYSTEM__SAMPLE__5ef013fd1ac260e2ad077cb0f803864e_15280""",1
2025-03-03T08:02:35.838Z,0,rayyan@rayyan.ai,153489794,"""__SYSTEM__SAMPLE__5ef013fd1ac260e2ad077cb0f803864e_15280""",1
2025-03-03T08:02:35.838Z,0,rayyan@rayyan.ai,153492836,"""__SYSTEM__SAMPLE__5ef013fd1ac260e2ad077cb0f803864e_15280""",1
2025-03-03T08:02:35.876Z,0,rayyan@rayyan.ai,153496366,"""__SYSTEM__SAMPLE__5ef013fd1ac260e2ad077cb0f803864e_15280""",1
2025-03-03T08:02:35.876Z,0,rayyan@rayyan.ai,153491525,"""__SYSTEM__SAMPLE__5ef013fd1ac260e2ad077cb0f803864e_15280""",1
2025-03-03T08:02:35.912Z,0,rayyan@rayyan.ai,153490770,"""__SYSTEM__SAMPLE__5ef013fd1ac260e2ad077cb0f803864e_15280""",1
2025-03-03T08:02:35.912Z,0,rayyan@rayyan.ai,153498461,"""__SYSTEM__SAMPLE__5ef013fd1ac260e2ad077cb0f803864e_15280""",1
2025-03-03T08:02:35.912Z,0,rayyan@rayyan.ai,153496828,"""__SYSTEM__SAMPLE__5ef013fd1ac260e2ad077cb0f803864e_15280""",1
2025-03-03T08:02:35.912Z,0,rayyan@rayyan.ai,153498156,"""__SYSTEM__SAMPLE__5ef013fd1ac260e2ad077cb0f803864e_15280""",1
2025-03-03T08:02:35.912Z,0,rayyan@rayyan.ai,153497229,"""__SYSTEM__SAMPLE__5ef013fd1ac260e2ad077cb0f803864e_15280""",1
2025-03-03T08:02:35.912Z,0,rayyan@rayyan.ai,164693963,"""__SYSTEM__SAMPLE__5ef013fd1ac260e2ad077cb0f803864e_15280""",1
2025-03-03T08:02:35.955Z,0,rayyan@rayyan.ai,153494943,"""__SYSTEM__SAMPLE__5ef013fd1ac260e2ad077cb0f803864e_15280""",1
2025-03-03T08:02:35.955Z,0,rayyan@rayyan.ai,164702904,"""__SYSTEM__SAMPLE__5ef013fd1ac260e2ad077cb0f803864e_15280""",1
2025-03-03T08:02:35.955Z,0,rayyan@rayyan.ai,153492436,"""__SYSTEM__SAMPLE__5ef013fd1ac260e2ad077cb0f803864e_15280""",1
2025-03-03T08:02:35.992Z,0,rayyan@rayyan.ai,164688968,"""__SYSTEM__SAMPLE__5ef013fd1ac260e2ad077cb0f803864e_15280""",1
2025-03-03T08:02:35.992Z,0,rayyan@rayyan.ai,153493794,"""__SYSTEM__SAMPLE__5ef013fd1ac260e2ad077cb0f803864e_15280""",1
2025-03-03T08:02:35.992Z,0,rayyan@rayyan.ai,164687237,"""__SYSTEM__SAMPLE__5ef013fd1ac260e2ad077cb0f803864e_15280""",1
2025-03-03T08:02:35.992Z,0,rayyan@rayyan.ai,164684751,"""__SYSTEM__SAMPLE__5ef013fd1ac260e2ad077cb0f803864e_15280""",1
2025-03-03T08:02:36.047Z,0,rayyan@rayyan.ai,164700184,"""__SYSTEM__SAMPLE__5ef013fd1ac260e2ad077cb0f803864e_15281""",1
2025-03-03T08:02:36.047Z,0,rayyan@rayyan.ai,153490972,"""__SYSTEM__SAMPLE__5ef013fd1ac260e2ad077cb0f803864e_15281""",1
2025-03-03T08:02:36.047Z,0,rayyan@rayyan.ai,164692970,"""__SYSTEM__SAMPLE__5ef013fd1ac260e2ad077cb0f803864e_15281""",1
2025-03-03T08:02:36.047Z,0,rayyan@rayyan.ai,153486535,"""__SYSTEM__SAMPLE__5ef013fd1ac260e2ad077cb0f803864e_15281""",1
2025-03-03T08:02:36.047Z,0,rayyan@rayyan.ai,164699916,"""__SYSTEM__SAMPLE__5ef013fd1ac260e2ad077cb0f803864e_15281""",1
2025-03-03T08:02:36.089Z,0,rayyan@rayyan.ai,164703136,"""__SYSTEM__SAMPLE__5ef013fd1ac260e2ad077cb0f803864e_15281""",1
2025-03-03T08:02:36.089Z,0,rayyan@rayyan.ai,164690881,"""__SYSTEM__SAMPLE__5ef013fd1ac260e2ad077cb0f803864e_15281""",1
2025-03-03T08:02:36.089Z,0,rayyan@rayyan.ai,164689749,"""__SYSTEM__SAMPLE__5ef013fd1ac260e2ad077cb0f803864e_15281""",1
2025-03-03T08:02:36.089Z,0,rayyan@rayyan.ai,153485783,"""__SYSTEM__SAMPLE__5ef013fd1ac260e2ad077cb0f803864e_15281""",1
2025-03-03T08:02:36.089Z,0,rayyan@rayyan.ai,164701624,"""__SYSTEM__SAMPLE__5ef013fd1ac260e2ad077cb0f803864e_15281""",1
2025-03-03T08:02:36.089Z,0,rayyan@rayyan.ai,153498568,"""__SYSTEM__SAMPLE__5ef013fd1ac260e2ad077cb0f803864e_15281""",1
2025-03-03T08:02:36.089Z,0,rayyan@rayyan.ai,164698196,"""__SYSTEM__SAMPLE__5ef013fd1ac260e2ad077cb0f803864e_15281""",1
2025-03-03T08:02:36.126Z,0,rayyan@rayyan.ai,153498401,"""__SYSTEM__SAMPLE__5ef013fd1ac260e2ad077cb0f803864e_15281""",1
2025-03-03T08:02:36.126Z,0,rayyan@rayyan.ai,164687631,"""__SYSTEM__SAMPLE__5ef013fd1ac260e2ad077cb0f803864e_15281""",1
2025-03-03T08:02:36.126Z,0,rayyan@rayyan.ai,153486206,"""__SYSTEM__SAMPLE__5ef013fd1ac260e2ad077cb0f803864e_15281""",1
2025-03-03T08:02:36.126Z,0,rayyan@rayyan.ai,164696516,"""__SYSTEM__SAMPLE__5ef013fd1ac260e2ad077cb0f803864e_15281""",1
2025-03-03T08:02:36.126Z,0,rayyan@rayyan.ai,164703007,"""__SYSTEM__SAMPLE__5ef013fd1ac260e2ad077cb0f803864e_15281""",1
2025-03-03T08:02:36.126Z,0,rayyan@rayyan.ai,153490622,"""__SYSTEM__SAMPLE__5ef013fd1ac260e2ad077cb0f803864e_15281""",1
2025-03-03T08:02:36.126Z,0,rayyan@rayyan.ai,153498098,"""__SYSTEM__SAMPLE__5ef013fd1ac260e2ad077cb0f803864e_15281""",1
2025-03-03T08:02:36.162Z,0,rayyan@rayyan.ai,153494188,"""__SYSTEM__SAMPLE__5ef013fd1ac260e2ad077cb0f803864e_15281""",1
2025-03-03T08:02:36.162Z,0,rayyan@rayyan.ai,164702611,"""__SYSTEM__SAMPLE__5ef013fd1ac260e2ad077cb0f803864e_15281""",1
2025-03-03T08:02:36.162Z,0,rayyan@rayyan.ai,164705058,"""__SYSTEM__SAMPLE__5ef013fd1ac260e2ad077cb0f803864e_15281""",1
2025-03-03T08:02:36.162Z,0,rayyan@rayyan.ai,153488899,"""__SYSTEM__SAMPLE__5ef013fd1ac260e2ad077cb0f803864e_15281""",1
2025-03-03T08:02:36.162Z,0,rayyan@rayyan.ai,153490255,"""__SYSTEM__SAMPLE__5ef013fd1ac260e2ad077cb0f803864e_15281""",1
2025-03-03T08:02:36.395Z,0,rayyan@rayyan.ai,153499228,"""__SYSTEM__SAMPLE__5ef013fd1ac260e2ad077cb0f803864e_15281""",1
2025-03-03T08:02:36.395Z,0,rayyan@rayyan.ai,164686573,"""__SYSTEM__SAMPLE__5ef013fd1ac260e2ad077cb0f803864e_15281""",1
2025-03-03T08:02:36.433Z,0,rayyan@rayyan.ai,153492636,"""__SYSTEM__SAMPLE__5ef013fd1ac260e2ad077cb0f803864e_15281""",1
2025-03-03T08:02:36.433Z,0,rayyan@rayyan.ai,153496020,"""__SYSTEM__SAMPLE__5ef013fd1ac260e2ad077cb0f803864e_15281""",1
2025-03-03T08:02:36.433Z,0,rayyan@rayyan.ai,153496543,"""__SYSTEM__SAMPLE__5ef013fd1ac260e2ad077cb0f803864e_15281""",1
2025-03-03T08:02:36.433Z,0,rayyan@rayyan.ai,153488280,"""__SYSTEM__SAMPLE__5ef013fd1ac260e2ad077cb0f803864e_15281""",1
2025-03-03T08:02:36.473Z,0,rayyan@rayyan.ai,164703293,"""__SYSTEM__SAMPLE__5ef013fd1ac260e2ad077cb0f803864e_15281""",1
2025-03-03T08:02:36.510Z,0,rayyan@rayyan.ai,153498229,"""__SYSTEM__SAMPLE__5ef013fd1ac260e2ad077cb0f803864e_15281""",1
2025-03-03T08:02:36.553Z,0,rayyan@rayyan.ai,153496920,"""__SYSTEM__SAMPLE__5ef013fd1ac260e2ad077cb0f803864e_15281""",1
2025-03-03T08:02:36.553Z,0,rayyan@rayyan.ai,164698414,"""__SYSTEM__SAMPLE__5ef013fd1ac260e2ad077cb0f803864e_15281""",1
2025-03-03T08:02:36.553Z,0,rayyan@rayyan.ai,164697339,"""__SYSTEM__SAMPLE__5ef013fd1ac260e2ad077cb0f803864e_15281""",1
2025-03-03T08:02:36.553Z,0,rayyan@rayyan.ai,153496457,"""__SYSTEM__SAMPLE__5ef013fd1ac260e2ad077cb0f803864e_15281""",1
2025-03-03T08:02:36.591Z,0,rayyan@rayyan.ai,164688226,"""__SYSTEM__SAMPLE__5ef013fd1ac260e2ad077cb0f803864e_15281""",1
2025-03-03T08:02:36.591Z,0,rayyan@rayyan.ai,164692036,"""__SYSTEM__SAMPLE__5ef013fd1ac260e2ad077cb0f803864e_15281""",1
2025-03-03T08:02:36.591Z,0,rayyan@rayyan.ai,164705886,"""__SYSTEM__SAMPLE__5ef013fd1ac260e2ad077cb0f803864e_15281""",1
2025-03-03T08:02:36.591Z,0,rayyan@rayyan.ai,164694140,"""__SYSTEM__SAMPLE__5ef013fd1ac260e2ad077cb0f803864e_15281""",1
2025-03-03T08:02:36.629Z,0,rayyan@rayyan.ai,153497131,"""__SYSTEM__SAMPLE__5ef013fd1ac260e2ad077cb0f803864e_15281""",1
2025-03-03T08:02:36.629Z,0,rayyan@rayyan.ai,164697847,"""__SYSTEM__SAMPLE__5ef013fd1ac260e2ad077cb0f803864e_15281""",1
2025-03-03T08:02:36.629Z,0,rayyan@rayyan.ai,153485869,"""__SYSTEM__SAMPLE__5ef013fd1ac260e2ad077cb0f803864e_15281""",1
2025-03-03T08:02:36.663Z,0,rayyan@rayyan.ai,153491632,"""__SYSTEM__SAMPLE__5ef013fd1ac260e2ad077cb0f803864e_15281""",1
2025-03-03T08:02:36.663Z,0,rayyan@rayyan.ai,153485798,"""__SYSTEM__SAMPLE__5ef013fd1ac260e2ad077cb0f803864e_15281""",1
2025-03-03T08:02:36.705Z,0,rayyan@rayyan.ai,153497547,"""__SYSTEM__SAMPLE__5ef013fd1ac260e2ad077cb0f803864e_15281""",1
2025-03-03T08:02:36.705Z,0,rayyan@rayyan.ai,164706760,"""__SYSTEM__SAMPLE__5ef013fd1ac260e2ad077cb0f803864e_15281""",1
2025-03-03T08:02:36.705Z,0,rayyan@rayyan.ai,153497620,"""__SYSTEM__SAMPLE__5ef013fd1ac260e2ad077cb0f803864e_15281""",1
2025-03-03T08:02:36.705Z,0,rayyan@rayyan.ai,164689516,"""__SYSTEM__SAMPLE__5ef013fd1ac260e2ad077cb0f803864e_15281""",1
2025-03-03T08:02:36.705Z,0,rayyan@rayyan.ai,153488553,"""__SYSTEM__SAMPLE__5ef013fd1ac260e2ad077cb0f803864e_15281""",1
2025-03-03T08:02:36.705Z,0,rayyan@rayyan.ai,164695314,"""__SYSTEM__SAMPLE__5ef013fd1ac260e2ad077cb0f803864e_15281""",1
2025-03-03T08:02:36.890Z,0,rayyan@rayyan.ai,164706070,"""__SYSTEM__SAMPLE__5ef013fd1ac260e2ad077cb0f803864e_15281""",1
2025-03-03T08:02:36.890Z,0,rayyan@rayyan.ai,153492560,"""__SYSTEM__SAMPLE__5ef013fd1ac260e2ad077cb0f803864e_15281""",1
2025-03-03T08:02:36.890Z,0,rayyan@rayyan.ai,153491604,"""__SYSTEM__SAMPLE__5ef013fd1ac260e2ad077cb0f803864e_15281""",1
2025-03-03T08:02:36.890Z,0,rayyan@rayyan.ai,153488658,"""__SYSTEM__SAMPLE__5ef013fd1ac260e2ad077cb0f803864e_15281""",1
2025-03-03T08:02:36.927Z,0,rayyan@rayyan.ai,164705763,"""__SYSTEM__SAMPLE__5ef013fd1ac260e2ad077cb0f803864e_15281""",1
2025-03-03T08:02:36.927Z,0,rayyan@rayyan.ai,153494561,"""__SYSTEM__SAMPLE__5ef013fd1ac260e2ad077cb0f803864e_15281""",1
2025-03-03T08:02:36.927Z,0,rayyan@rayyan.ai,164704771,"""__SYSTEM__SAMPLE__5ef013fd1ac260e2ad077cb0f803864e_15281""",1
2025-03-03T08:02:36.927Z,0,rayyan@rayyan.ai,164703121,"""__SYSTEM__SAMPLE__5ef013fd1ac260e2ad077cb0f803864e_15281""",1
2025-03-03T08:02:36.927Z,0,rayyan@rayyan.ai,164701892,"""__SYSTEM__SAMPLE__5ef013fd1ac260e2ad077cb0f803864e_15281""",1
2025-03-03T08:02:36.964Z,0,rayyan@rayyan.ai,153492299,"""__SYSTEM__SAMPLE__5ef013fd1ac260e2ad077cb0f803864e_15281""",1
2025-03-03T08:02:36.964Z,0,rayyan@rayyan.ai,164697197,"""__SYSTEM__SAMPLE__5ef013fd1ac260e2ad077cb0f803864e_15281""",1
2025-03-03T08:02:36.964Z,0,rayyan@rayyan.ai,153495454,"""__SYSTEM__SAMPLE__5ef013fd1ac260e2ad077cb0f803864e_15281""",1
2025-03-03T08:02:36.964Z,0,rayyan@rayyan.ai,153492901,"""__SYSTEM__SAMPLE__5ef013fd1ac260e2ad077cb0f803864e_15281""",1
2025-03-03T08:02:36.998Z,0,rayyan@rayyan.ai,153494310,"""__SYSTEM__SAMPLE__5ef013fd1ac260e2ad077cb0f803864e_15281""",1
2025-03-03T08:02:36.998Z,0,rayyan@rayyan.ai,153486297,"""__SYSTEM__SAMPLE__5ef013fd1ac260e2ad077cb0f803864e_15281""",1
2025-03-03T08:02:36.998Z,0,rayyan@rayyan.ai,164706793,"""__SYSTEM__SAMPLE__5ef013fd1ac260e2ad077cb0f803864e_15281""",1
2025-03-03T08:02:36.998Z,0,rayyan@rayyan.ai,153485698,"""__SYSTEM__SAMPLE__5ef013fd1ac260e2ad077cb0f803864e_15281""",1
2025-03-03T08:02:37.044Z,0,rayyan@rayyan.ai,164691467,"""__SYSTEM__SAMPLE__5ef013fd1ac260e2ad077cb0f803864e_15281""",1
2025-03-03T08:02:37.044Z,0,rayyan@rayyan.ai,164685181,"""__SYSTEM__SAMPLE__5ef013fd1ac260e2ad077cb0f803864e_15281""",1
2025-03-03T08:02:37.044Z,0,rayyan@rayyan.ai,164706672,"""__SYSTEM__SAMPLE__5ef013fd1ac260e2ad077cb0f803864e_15281""",1
2025-03-03T08:02:37.044Z,0,rayyan@rayyan.ai,164699561,"""__SYSTEM__SAMPLE__5ef013fd1ac260e2ad077cb0f803864e_15281""",1
2025-03-03T08:02:37.082Z,0,rayyan@rayyan.ai,164695609,"""__SYSTEM__SAMPLE__5ef013fd1ac260e2ad077cb0f803864e_15281""",1
2025-03-03T08:02:37.082Z,0,rayyan@rayyan.ai,164685996,"""__SYSTEM__SAMPLE__5ef013fd1ac260e2ad077cb0f803864e_15281""",1
2025-03-03T08:02:37.082Z,0,rayyan@rayyan.ai,164696435,"""__SYSTEM__SAMPLE__5ef013fd1ac260e2ad077cb0f803864e_15281""",1
2025-03-03T08:02:37.285Z,0,rayyan@rayyan.ai,164702380,"""__SYSTEM__SAMPLE__5ef013fd1ac260e2ad077cb0f803864e_15282""",1
2025-03-03T08:02:37.285Z,0,rayyan@rayyan.ai,164686873,"""__SYSTEM__SAMPLE__5ef013fd1ac260e2ad077cb0f803864e_15282""",1
2025-03-03T08:02:37.285Z,0,rayyan@rayyan.ai,153487281,"""__SYSTEM__SAMPLE__5ef013fd1ac260e2ad077cb0f803864e_15282""",1
2025-03-03T08:02:37.325Z,0,rayyan@rayyan.ai,153491496,"""__SYSTEM__SAMPLE__5ef013fd1ac260e2ad077cb0f803864e_15282""",1
2025-03-03T08:02:37.325Z,0,rayyan@rayyan.ai,153488236,"""__SYSTEM__SAMPLE__5ef013fd1ac260e2ad077cb0f803864e_15282""",1
2025-03-03T08:02:37.325Z,0,rayyan@rayyan.ai,153492260,"""__SYSTEM__SAMPLE__5ef013fd1ac260e2ad077cb0f803864e_15282""",1
2025-03-03T08:02:37.368Z,0,rayyan@rayyan.ai,153488405,"""__SYSTEM__SAMPLE__5ef013fd1ac260e2ad077cb0f803864e_15282""",1
2025-03-03T08:02:37.368Z,0,rayyan@rayyan.ai,153488454,"""__SYSTEM__SAMPLE__5ef013fd1ac260e2ad077cb0f803864e_15282""",1
2025-03-03T08:02:37.368Z,0,rayyan@rayyan.ai,153498051,"""__SYSTEM__SAMPLE__5ef013fd1ac260e2ad077cb0f803864e_15282""",1
2025-03-03T08:02:37.368Z,0,rayyan@rayyan.ai,153487757,"""__SYSTEM__SAMPLE__5ef013fd1ac260e2ad077cb0f803864e_15282""",1
2025-03-03T08:02:37.407Z,0,rayyan@rayyan.ai,153497551,"""__SYSTEM__SAMPLE__5ef013fd1ac260e2ad077cb0f803864e_15282""",1
2025-03-03T08:02:37.407Z,0,rayyan@rayyan.ai,164697123,"""__SYSTEM__SAMPLE__5ef013fd1ac260e2ad077cb0f803864e_15282""",1
2025-03-03T08:02:37.407Z,0,rayyan@rayyan.ai,164690622,"""__SYSTEM__SAMPLE__5ef013fd1ac260e2ad077cb0f803864e_15282""",1
2025-03-03T08:02:37.446Z,0,rayyan@rayyan.ai,164703696,"""__SYSTEM__SAMPLE__5ef013fd1ac260e2ad077cb0f803864e_15282""",1
2025-03-03T08:02:37.446Z,0,rayyan@rayyan.ai,153498665,"""__SYSTEM__SAMPLE__5ef013fd1ac260e2ad077cb0f803864e_15282""",1
2025-03-03T08:02:37.486Z,0,rayyan@rayyan.ai,164703739,"""__SYSTEM__SAMPLE__5ef013fd1ac260e2ad077cb0f803864e_15282""",1
2025-03-03T08:02:37.486Z,0,rayyan@rayyan.ai,164693880,"""__SYSTEM__SAMPLE__5ef013fd1ac260e2ad077cb0f803864e_15282""",1
2025-03-03T08:02:37.486Z,0,rayyan@rayyan.ai,153494893,"""__SYSTEM__SAMPLE__5ef013fd1ac260e2ad077cb0f803864e_15282""",1
2025-03-03T08:02:37.486Z,0,rayyan@rayyan.ai,164686299,"""__SYSTEM__SAMPLE__5ef013fd1ac260e2ad077cb0f803864e_15282""",1
2025-03-03T08:02:37.486Z,0,rayyan@rayyan.ai,153495361,"""__SYSTEM__SAMPLE__5ef013fd1ac260e2ad077cb0f803864e_15282""",1
2025-03-03T08:02:37.527Z,0,rayyan@rayyan.ai,164705574,"""__SYSTEM__SAMPLE__5ef013fd1ac260e2ad077cb0f803864e_15282""",1
2025-03-03T08:02:37.527Z,0,rayyan@rayyan.ai,153492183,"""__SYSTEM__SAMPLE__5ef013fd1ac260e2ad077cb0f803864e_15282""",1
2025-03-03T08:02:37.569Z,0,rayyan@rayyan.ai,164697349,"""__SYSTEM__SAMPLE__5ef013fd1ac260e2ad077cb0f803864e_15282""",1
2025-03-03T08:02:37.569Z,0,rayyan@rayyan.ai,164684664,"""__SYSTEM__SAMPLE__5ef013fd1ac260e2ad077cb0f803864e_15282""",1
2025-03-03T08:02:37.569Z,0,rayyan@rayyan.ai,153492922,"""__SYSTEM__SAMPLE__5ef013fd1ac260e2ad077cb0f803864e_15282""",1
2025-03-03T08:02:37.569Z,0,rayyan@rayyan.ai,153497336,"""__SYSTEM__SAMPLE__5ef013fd1ac260e2ad077cb0f803864e_15282""",1
2025-03-03T08:02:37.609Z,0,rayyan@rayyan.ai,153494190,"""__SYSTEM__SAMPLE__5ef013fd1ac260e2ad077cb0f803864e_15282""",1
2025-03-03T08:02:37.609Z,0,rayyan@rayyan.ai,164703675,"""__SYSTEM__SAMPLE__5ef013fd1ac260e2ad077cb0f803864e_15282""",1
2025-03-03T08:02:37.609Z,0,rayyan@rayyan.ai,164685782,"""__SYSTEM__SAMPLE__5ef013fd1ac260e2ad077cb0f803864e_15282""",1
2025-03-03T08:02:37.609Z,0,rayyan@rayyan.ai,164695306,"""__SYSTEM__SAMPLE__5ef013fd1ac260e2ad077cb0f803864e_15282""",1
2025-03-03T08:02:37.651Z,0,rayyan@rayyan.ai,153496512,"""__SYSTEM__SAMPLE__5ef013fd1ac260e2ad077cb0f803864e_15282""",1
2025-03-03T08:02:37.651Z,0,rayyan@rayyan.ai,153495438,"""__SYSTEM__SAMPLE__5ef013fd1ac260e2ad077cb0f803864e_15282""",1
2025-03-03T08:02:37.651Z,0,rayyan@rayyan.ai,164705756,"""__SYSTEM__SAMPLE__5ef013fd1ac260e2ad077cb0f803864e_15282""",1
2025-03-03T08:02:37.651Z,0,rayyan@rayyan.ai,164700540,"""__SYSTEM__SAMPLE__5ef013fd1ac260e2ad077cb0f803864e_15282""",1
2025-03-03T08:02:37.651Z,0,rayyan@rayyan.ai,164695704,"""__SYSTEM__SAMPLE__5ef013fd1ac260e2ad077cb0f803864e_15282""",1
2025-03-03T08:02:37.693Z,0,rayyan@rayyan.ai,164693459,"""__SYSTEM__SAMPLE__5ef013fd1ac260e2ad077cb0f803864e_15282""",1
2025-03-03T08:02:37.693Z,0,rayyan@rayyan.ai,153494246,"""__SYSTEM__SAMPLE__5ef013fd1ac260e2ad077cb0f803864e_15282""",1
2025-03-03T08:02:37.693Z,0,rayyan@rayyan.ai,164699130,"""__SYSTEM__SAMPLE__5ef013fd1ac260e2ad077cb0f803864e_15282""",1
2025-03-03T08:02:37.741Z,0,rayyan@rayyan.ai,153490661,"""__SYSTEM__SAMPLE__5ef013fd1ac260e2ad077cb0f803864e_15282""",1
2025-03-03T08:02:37.741Z,0,rayyan@rayyan.ai,164684690,"""__SYSTEM__SAMPLE__5ef013fd1ac260e2ad077cb0f803864e_15282""",1
2025-03-03T08:02:37.783Z,0,rayyan@rayyan.ai,153490759,"""__SYSTEM__SAMPLE__5ef013fd1ac260e2ad077cb0f803864e_15282""",1
2025-03-03T08:02:37.783Z,0,rayyan@rayyan.ai,164690957,"""__SYSTEM__SAMPLE__5ef013fd1ac260e2ad077cb0f803864e_15282""",1
2025-03-03T08:02:37.783Z,0,rayyan@rayyan.ai,153486761,"""__SYSTEM__SAMPLE__5ef013fd1ac260e2ad077cb0f803864e_15282""",1
2025-03-03T08:02:37.783Z,0,rayyan@rayyan.ai,153495551,"""__SYSTEM__SAMPLE__5ef013fd1ac260e2ad077cb0f803864e_15282""",1
2025-03-03T08:02:37.783Z,0,rayyan@rayyan.ai,153493637,"""__SYSTEM__SAMPLE__5ef013fd1ac260e2ad077cb0f803864e_15282""",1
2025-03-03T08:02:37.783Z,0,rayyan@rayyan.ai,153492584,"""__SYSTEM__SAMPLE__5ef013fd1ac260e2ad077cb0f803864e_15282""",1
2025-03-03T08:02:37.783Z,0,rayyan@rayyan.ai,153497460,"""__SYSTEM__SAMPLE__5ef013fd1ac260e2ad077cb0f803864e_15282""",1
2025-03-03T08:02:37.783Z,0,rayyan@rayyan.ai,153493700,"""__SYSTEM__SAMPLE__5ef013fd1ac260e2ad077cb0f803864e_15282""",1
2025-03-03T08:02:37.783Z,0,rayyan@rayyan.ai,153485586,"""__SYSTEM__SAMPLE__5ef013fd1ac260e2ad077cb0f803864e_15282""",1
2025-03-03T08:02:37.825Z,0,rayyan@rayyan.ai,153498316,"""__SYSTEM__SAMPLE__5ef013fd1ac260e2ad077cb0f803864e_15282""",1
2025-03-03T08:02:37.825Z,0,rayyan@rayyan.ai,164698258,"""__SYSTEM__SAMPLE__5ef013fd1ac260e2ad077cb0f803864e_15282""",1
2025-03-03T08:02:37.825Z,0,rayyan@rayyan.ai,153494216,"""__SYSTEM__SAMPLE__5ef013fd1ac260e2ad077cb0f803864e_15282""",1
2025-03-03T08:02:37.825Z,0,rayyan@rayyan.ai,164699824,"""__SYSTEM__SAMPLE__5ef013fd1ac260e2ad077cb0f803864e_15282""",1
2025-03-03T08:02:37.825Z,0,rayyan@rayyan.ai,164704851,"""__SYSTEM__SAMPLE__5ef013fd1ac260e2ad077cb0f803864e_15282""",1
2025-03-03T08:02:37.825Z,0,rayyan@rayyan.ai,164702843,"""__SYSTEM__SAMPLE__5ef013fd1ac260e2ad077cb0f803864e_15282""",1
2025-03-03T08:02:37.864Z,0,rayyan@rayyan.ai,164687489,"""__SYSTEM__SAMPLE__5ef013fd1ac260e2ad077cb0f803864e_15282""",1
2025-03-03T08:02:37.864Z,0,rayyan@rayyan.ai,153496612,"""__SYSTEM__SAMPLE__5ef013fd1ac260e2ad077cb0f803864e_15282""",1
2025-03-03T08:02:37.864Z,0,rayyan@rayyan.ai,164706457,"""__SYSTEM__SAMPLE__5ef013fd1ac260e2ad077cb0f803864e_15282""",1
2025-03-03T08:02:37.864Z,0,rayyan@rayyan.ai,164704000,"""__SYSTEM__SAMPLE__5ef013fd1ac260e2ad077cb0f803864e_15282""",1
2025-03-03T08:02:37.864Z,0,rayyan@rayyan.ai,153495813,"""__SYSTEM__SAMPLE__5ef013fd1ac260e2ad077cb0f803864e_15282""",1
2025-03-03T08:02:37.864Z,0,rayyan@rayyan.ai,153489065,"""__SYSTEM__SAMPLE__5ef013fd1ac260e2ad077cb0f803864e_15282""",1
2025-03-03T08:02:37.864Z,0,rayyan@rayyan.ai,164693488,"""__SYSTEM__SAMPLE__5ef013fd1ac260e2ad077cb0f803864e_15282""",1
2025-03-03T08:02:37.864Z,0,rayyan@rayyan.ai,153493705,"""__SYSTEM__SAMPLE__5ef013fd1ac260e2ad077cb0f803864e_15282""",1
2025-03-03T08:02:37.864Z,0,rayyan@rayyan.ai,164690203,"""__SYSTEM__SAMPLE__5ef013fd1ac260e2ad077cb0f803864e_15282""",1
2025-03-03T08:02:37.864Z,0,rayyan@rayyan.ai,153489254,"""__SYSTEM__SAMPLE__5ef013fd1ac260e2ad077cb0f803864e_15282""",1
2025-03-03T08:02:37.864Z,0,rayyan@rayyan.ai,164688555,"""__SYSTEM__SAMPLE__5ef013fd1ac260e2ad077cb0f803864e_15282""",1
2025-03-03T08:02:37.864Z,0,rayyan@rayyan.ai,164705190,"""__SYSTEM__SAMPLE__5ef013fd1ac260e2ad077cb0f803864e_15282""",1
2025-03-03T08:02:37.906Z,0,rayyan@rayyan.ai,153488645,"""__SYSTEM__SAMPLE__5ef013fd1ac260e2ad077cb0f803864e_15282""",1
2025-03-03T08:02:37.906Z,0,rayyan@rayyan.ai,153494856,"""__SYSTEM__SAMPLE__5ef013fd1ac260e2ad077cb0f803864e_15282""",1
2025-03-03T08:02:37.943Z,0,rayyan@rayyan.ai,164686185,"""__SYSTEM__SAMPLE__5ef013fd1ac260e2ad077cb0f803864e_15282""",1
2025-03-03T08:02:37.943Z,0,rayyan@rayyan.ai,164693318,"""__SYSTEM__SAMPLE__5ef013fd1ac260e2ad077cb0f803864e_15282""",1
2025-03-03T08:02:38.165Z,0,rayyan@rayyan.ai,153490176,"""__SYSTEM__SAMPLE__5ef013fd1ac260e2ad077cb0f803864e_15282""",1
2025-03-03T08:02:38.199Z,0,rayyan@rayyan.ai,153492461,"""__SYSTEM__SAMPLE__5ef013fd1ac260e2ad077cb0f803864e_15282""",1
2025-03-03T08:02:38.391Z,0,rayyan@rayyan.ai,153496993,"""__SYSTEM__SAMPLE__5ef013fd1ac260e2ad077cb0f803864e_15282""",1
2025-03-03T08:02:38.391Z,0,rayyan@rayyan.ai,164684999,"""__SYSTEM__SAMPLE__5ef013fd1ac260e2ad077cb0f803864e_15282""",1
2025-03-03T08:02:38.391Z,0,rayyan@rayyan.ai,153493402,"""__SYSTEM__SAMPLE__5ef013fd1ac260e2ad077cb0f803864e_15282""",1
2025-03-03T08:02:38.391Z,0,rayyan@rayyan.ai,164688478,"""__SYSTEM__SAMPLE__5ef013fd1ac260e2ad077cb0f803864e_15282""",1
2025-03-03T08:02:38.391Z,0,rayyan@rayyan.ai,153490923,"""__SYSTEM__SAMPLE__5ef013fd1ac260e2ad077cb0f803864e_15282""",1
2025-03-03T08:02:38.391Z,0,rayyan@rayyan.ai,164690997,"""__SYSTEM__SAMPLE__5ef013fd1ac260e2ad077cb0f803864e_15282""",1
2025-03-03T08:02:38.436Z,0,rayyan@rayyan.ai,153495697,"""__SYSTEM__SAMPLE__5ef013fd1ac260e2ad077cb0f803864e_15283""",1
2025-03-03T08:02:38.436Z,0,rayyan@rayyan.ai,153488960,"""__SYSTEM__SAMPLE__5ef013fd1ac260e2ad077cb0f803864e_15283""",1
2025-03-03T08:02:38.436Z,0,rayyan@rayyan.ai,153493589,"""__SYSTEM__SAMPLE__5ef013fd1ac260e2ad077cb0f803864e_15283""",1
2025-03-03T08:02:38.436Z,0,rayyan@rayyan.ai,164692267,"""__SYSTEM__SAMPLE__5ef013fd1ac260e2ad077cb0f803864e_15283""",1
2025-03-03T08:02:38.436Z,0,rayyan@rayyan.ai,164686105,"""__SYSTEM__SAMPLE__5ef013fd1ac260e2ad077cb0f803864e_15283""",1
2025-03-03T08:02:38.474Z,0,rayyan@rayyan.ai,164695399,"""__SYSTEM__SAMPLE__5ef013fd1ac260e2ad077cb0f803864e_15283""",1
2025-03-03T08:02:38.474Z,0,rayyan@rayyan.ai,153489854,"""__SYSTEM__SAMPLE__5ef013fd1ac260e2ad077cb0f803864e_15283""",1
2025-03-03T08:02:38.474Z,0,rayyan@rayyan.ai,153489109,"""__SYSTEM__SAMPLE__5ef013fd1ac260e2ad077cb0f803864e_15283""",1
2025-03-03T08:02:38.474Z,0,rayyan@rayyan.ai,164693446,"""__SYSTEM__SAMPLE__5ef013fd1ac260e2ad077cb0f803864e_15283""",1
2025-03-03T08:02:38.512Z,0,rayyan@rayyan.ai,164689859,"""__SYSTEM__SAMPLE__5ef013fd1ac260e2ad077cb0f803864e_15283""",1
2025-03-03T08:02:38.512Z,0,rayyan@rayyan.ai,164703172,"""__SYSTEM__SAMPLE__5ef013fd1ac260e2ad077cb0f803864e_15283""",1
2025-03-03T08:02:38.512Z,0,rayyan@rayyan.ai,153485874,"""__SYSTEM__SAMPLE__5ef013fd1ac260e2ad077cb0f803864e_15283""",1
2025-03-03T08:02:38.512Z,0,rayyan@rayyan.ai,153497875,"""__SYSTEM__SAMPLE__5ef013fd1ac260e2ad077cb0f803864e_15283""",1
2025-03-03T08:02:38.512Z,0,rayyan@rayyan.ai,164704399,"""__SYSTEM__SAMPLE__5ef013fd1ac260e2ad077cb0f803864e_15283""",1
2025-03-03T08:02:38.512Z,0,rayyan@rayyan.ai,153492348,"""__SYSTEM__SAMPLE__5ef013fd1ac260e2ad077cb0f803864e_15283""",1
2025-03-03T08:02:38.548Z,0,rayyan@rayyan.ai,164692298,"""__SYSTEM__SAMPLE__5ef013fd1ac260e2ad077cb0f803864e_15283""",1
2025-03-03T08:02:38.548Z,0,rayyan@rayyan.ai,164701807,"""__SYSTEM__SAMPLE__5ef013fd1ac260e2ad077cb0f803864e_15283""",1
2025-03-03T08:02:38.582Z,0,rayyan@rayyan.ai,164694930,"""__SYSTEM__SAMPLE__5ef013fd1ac260e2ad077cb0f803864e_15283""",1
2025-03-03T08:02:38.582Z,0,rayyan@rayyan.ai,164685326,"""__SYSTEM__SAMPLE__5ef013fd1ac260e2ad077cb0f803864e_15283""",1
2025-03-03T08:02:38.582Z,0,rayyan@rayyan.ai,164693566,"""__SYSTEM__SAMPLE__5ef013fd1ac260e2ad077cb0f803864e_15283""",1
2025-03-03T08:02:38.582Z,0,rayyan@rayyan.ai,153495212,"""__SYSTEM__SAMPLE__5ef013fd1ac260e2ad077cb0f803864e_15283""",1
2025-03-03T08:02:38.582Z,0,rayyan@rayyan.ai,153491855,"""__SYSTEM__SAMPLE__5ef013fd1ac260e2ad077cb0f803864e_15283""",1
2025-03-03T08:02:38.582Z,0,rayyan@rayyan.ai,164699617,"""__SYSTEM__SAMPLE__5ef013fd1ac260e2ad077cb0f803864e_15283""",1
2025-03-03T08:02:38.582Z,0,rayyan@rayyan.ai,164690888,"""__SYSTEM__SAMPLE__5ef013fd1ac260e2ad077cb0f803864e_15283""",1
2025-03-03T08:02:38.616Z,0,rayyan@rayyan.ai,164689636,"""__SYSTEM__SAMPLE__5ef013fd1ac260e2ad077cb0f803864e_15283""",1
2025-03-03T08:02:38.652Z,0,rayyan@rayyan.ai,153494873,"""__SYSTEM__SAMPLE__5ef013fd1ac260e2ad077cb0f803864e_15283""",1
2025-03-03T08:02:38.652Z,0,rayyan@rayyan.ai,164691198,"""__SYSTEM__SAMPLE__5ef013fd1ac260e2ad077cb0f803864e_15283""",1
2025-03-03T08:02:38.652Z,0,rayyan@rayyan.ai,153493286,"""__SYSTEM__SAMPLE__5ef013fd1ac260e2ad077cb0f803864e_15283""",1
2025-03-03T08:02:38.652Z,0,rayyan@rayyan.ai,164697457,"""__SYSTEM__SAMPLE__5ef013fd1ac260e2ad077cb0f803864e_15283""",1
2025-03-03T08:02:38.652Z,0,rayyan@rayyan.ai,153491275,"""__SYSTEM__SAMPLE__5ef013fd1ac260e2ad077cb0f803864e_15283""",1
2025-03-03T08:02:38.687Z,0,rayyan@rayyan.ai,153489333,"""__SYSTEM__SAMPLE__5ef013fd1ac260e2ad077cb0f803864e_15283""",1
2025-03-03T08:02:38.687Z,0,rayyan@rayyan.ai,153496226,"""__SYSTEM__SAMPLE__5ef013fd1ac260e2ad077cb0f803864e_15283""",1
2025-03-03T08:02:38.687Z,0,rayyan@rayyan.ai,153489467,"""__SYSTEM__SAMPLE__5ef013fd1ac260e2ad077cb0f803864e_15283""",1
2025-03-03T08:02:38.687Z,0,rayyan@rayyan.ai,164700273,"""__SYSTEM__SAMPLE__5ef013fd1ac260e2ad077cb0f803864e_15283""",1
2025-03-03T08:02:38.687Z,0,rayyan@rayyan.ai,164693930,"""__SYSTEM__SAMPLE__5ef013fd1ac260e2ad077cb0f803864e_15283""",1
2025-03-03T08:02:38.724Z,0,rayyan@rayyan.ai,164691451,"""__SYSTEM__SAMPLE__5ef013fd1ac260e2ad077cb0f803864e_15283""",1
2025-03-03T08:02:38.724Z,0,rayyan@rayyan.ai,164692090,"""__SYSTEM__SAMPLE__5ef013fd1ac260e2ad077cb0f803864e_15283""",1
2025-03-03T08:02:38.724Z,0,rayyan@rayyan.ai,153486208,"""__SYSTEM__SAMPLE__5ef013fd1ac260e2ad077cb0f803864e_15283""",1
2025-03-03T08:02:38.761Z,0,rayyan@rayyan.ai,164705761,"""__SYSTEM__SAMPLE__5ef013fd1ac260e2ad077cb0f803864e_15283""",1
2025-03-03T08:02:38.761Z,0,rayyan@rayyan.ai,164704255,"""__SYSTEM__SAMPLE__5ef013fd1ac260e2ad077cb0f803864e_15283""",1
2025-03-03T08:02:38.761Z,0,rayyan@rayyan.ai,164702715,"""__SYSTEM__SAMPLE__5ef013fd1ac260e2ad077cb0f803864e_15283""",1
2025-03-03T08:02:38.761Z,0,rayyan@rayyan.ai,164703741,"""__SYSTEM__SAMPLE__5ef013fd1ac260e2ad077cb0f803864e_15283""",1
2025-03-03T08:02:38.761Z,0,rayyan@rayyan.ai,164698977,"""__SYSTEM__SAMPLE__5ef013fd1ac260e2ad077cb0f803864e_15283""",1
2025-03-03T08:02:38.761Z,0,rayyan@rayyan.ai,164701787,"""__SYSTEM__SAMPLE__5ef013fd1ac260e2ad077cb0f803864e_15283""",1
2025-03-03T08:02:38.800Z,0,rayyan@rayyan.ai,164690800,"""__SYSTEM__SAMPLE__5ef013fd1ac260e2ad077cb0f803864e_15283""",1
2025-03-03T08:02:38.800Z,0,rayyan@rayyan.ai,164697974,"""__SYSTEM__SAMPLE__5ef013fd1ac260e2ad077cb0f803864e_15283""",1
2025-03-03T08:02:38.800Z,0,rayyan@rayyan.ai,164699974,"""__SYSTEM__SAMPLE__5ef013fd1ac260e2ad077cb0f803864e_15283""",1
2025-03-03T08:02:38.800Z,0,rayyan@rayyan.ai,153495150,"""__SYSTEM__SAMPLE__5ef013fd1ac260e2ad077cb0f803864e_15283""",1
2025-03-03T08:02:38.800Z,0,rayyan@rayyan.ai,153491138,"""__SYSTEM__SAMPLE__5ef013fd1ac260e2ad077cb0f803864e_15283""",1
2025-03-03T08:02:38.838Z,0,rayyan@rayyan.ai,164690808,"""__SYSTEM__SAMPLE__5ef013fd1ac260e2ad077cb0f803864e_15283""",1
2025-03-03T08:02:38.838Z,0,rayyan@rayyan.ai,164692363,"""__SYSTEM__SAMPLE__5ef013fd1ac260e2ad077cb0f803864e_15283""",1
2025-03-03T08:02:38.874Z,0,rayyan@rayyan.ai,153494587,"""__SYSTEM__SAMPLE__5ef013fd1ac260e2ad077cb0f803864e_15283""",1
2025-03-03T08:02:38.874Z,0,rayyan@rayyan.ai,164689932,"""__SYSTEM__SAMPLE__5ef013fd1ac260e2ad077cb0f803864e_15283""",1
2025-03-03T08:02:38.874Z,0,rayyan@rayyan.ai,153491122,"""__SYSTEM__SAMPLE__5ef013fd1ac260e2ad077cb0f803864e_15283""",1
2025-03-03T08:02:38.874Z,0,rayyan@rayyan.ai,164695575,"""__SYSTEM__SAMPLE__5ef013fd1ac260e2ad077cb0f803864e_15283""",1
2025-03-03T08:02:39.084Z,0,rayyan@rayyan.ai,164684691,"""__SYSTEM__SAMPLE__5ef013fd1ac260e2ad077cb0f803864e_15283""",1
2025-03-03T08:02:39.084Z,0,rayyan@rayyan.ai,164685125,"""__SYSTEM__SAMPLE__5ef013fd1ac260e2ad077cb0f803864e_15283""",1
2025-03-03T08:02:39.084Z,0,rayyan@rayyan.ai,153490749,"""__SYSTEM__SAMPLE__5ef013fd1ac260e2ad077cb0f803864e_15283""",1
2025-03-03T08:02:39.122Z,0,rayyan@rayyan.ai,164688720,"""__SYSTEM__SAMPLE__5ef013fd1ac260e2ad077cb0f803864e_15283""",1
2025-03-03T08:02:39.122Z,0,rayyan@rayyan.ai,153489193,"""__SYSTEM__SAMPLE__5ef013fd1ac260e2ad077cb0f803864e_15283""",1
2025-03-03T08:02:39.122Z,0,rayyan@rayyan.ai,164696960,"""__SYSTEM__SAMPLE__5ef013fd1ac260e2ad077cb0f803864e_15283""",1
2025-03-03T08:02:39.122Z,0,rayyan@rayyan.ai,164689902,"""__SYSTEM__SAMPLE__5ef013fd1ac260e2ad077cb0f803864e_15283""",1
2025-03-03T08:02:39.158Z,0,rayyan@rayyan.ai,153485324,"""__SYSTEM__SAMPLE__5ef013fd1ac260e2ad077cb0f803864e_15283""",1
2025-03-03T08:02:39.158Z,0,rayyan@rayyan.ai,153499268,"""__SYSTEM__SAMPLE__5ef013fd1ac260e2ad077cb0f803864e_15283""",1
2025-03-03T08:02:39.158Z,0,rayyan@rayyan.ai,153489950,"""__SYSTEM__SAMPLE__5ef013fd1ac260e2ad077cb0f803864e_15283""",1
2025-03-03T08:02:39.158Z,0,rayyan@rayyan.ai,164696747,"""__SYSTEM__SAMPLE__5ef013fd1ac260e2ad077cb0f803864e_15283""",1
2025-03-03T08:02:39.191Z,0,rayyan@rayyan.ai,164696558,"""__SYSTEM__SAMPLE__5ef013fd1ac260e2ad077cb0f803864e_15283""",1
2025-03-03T08:02:39.191Z,0,rayyan@rayyan.ai,164686977,"""__SYSTEM__SAMPLE__5ef013fd1ac260e2ad077cb0f803864e_15283""",1
2025-03-03T08:02:39.191Z,0,rayyan@rayyan.ai,153490003,"""__SYSTEM__SAMPLE__5ef013fd1ac260e2ad077cb0f803864e_15283""",1
2025-03-03T08:02:39.191Z,0,rayyan@rayyan.ai,153491472,"""__SYSTEM__SAMPLE__5ef013fd1ac260e2ad077cb0f803864e_15283""",1
2025-03-03T08:02:39.191Z,0,rayyan@rayyan.ai,164705308,"""__SYSTEM__SAMPLE__5ef013fd1ac260e2ad077cb0f803864e_15283""",1
2025-03-03T08:02:39.191Z,0,rayyan@rayyan.ai,164698563,"""__SYSTEM__SAMPLE__5ef013fd1ac260e2ad077cb0f803864e_15283""",1
2025-03-03T08:02:39.225Z,0,rayyan@rayyan.ai,164697386,"""__SYSTEM__SAMPLE__5ef013fd1ac260e2ad077cb0f803864e_15283""",1
2025-03-03T08:02:39.225Z,0,rayyan@rayyan.ai,164690105,"""__SYSTEM__SAMPLE__5ef013fd1ac260e2ad077cb0f803864e_15283""",1
2025-03-03T08:02:39.225Z,0,rayyan@rayyan.ai,164706101,"""__SYSTEM__SAMPLE__5ef013fd1ac260e2ad077cb0f803864e_15283""",1
2025-03-03T08:02:39.225Z,0,rayyan@rayyan.ai,164705559,"""__SYSTEM__SAMPLE__5ef013fd1ac260e2ad077cb0f803864e_15283""",1
2025-03-03T08:02:39.258Z,0,rayyan@rayyan.ai,164701333,"""__SYSTEM__SAMPLE__5ef013fd1ac260e2ad077cb0f803864e_15283""",1
2025-03-03T08:02:39.258Z,0,rayyan@rayyan.ai,164695476,"""__SYSTEM__SAMPLE__5ef013fd1ac260e2ad077cb0f803864e_15283""",1
2025-03-03T08:02:39.292Z,0,rayyan@rayyan.ai,153494425,"""__SYSTEM__SAMPLE__5ef013fd1ac260e2ad077cb0f803864e_15283""",1
2025-03-03T08:02:39.292Z,0,rayyan@rayyan.ai,164692651,"""__SYSTEM__SAMPLE__5ef013fd1ac260e2ad077cb0f803864e_15283""",1
2025-03-03T08:02:39.292Z,0,rayyan@rayyan.ai,153488237,"""__SYSTEM__SAMPLE__5ef013fd1ac260e2ad077cb0f803864e_15283""",1
2025-03-03T08:02:39.338Z,0,rayyan@rayyan.ai,153498231,"""__SYSTEM__SAMPLE__5ef013fd1ac260e2ad077cb0f803864e_15284""",1
2025-03-03T08:02:39.338Z,0,rayyan@rayyan.ai,153494311,"""__SYSTEM__SAMPLE__5ef013fd1ac260e2ad077cb0f803864e_15284""",1
2025-03-03T08:02:39.338Z,0,rayyan@rayyan.ai,153497405,"""__SYSTEM__SAMPLE__5ef013fd1ac260e2ad077cb0f803864e_15284""",1
2025-03-03T08:02:39.338Z,0,rayyan@rayyan.ai,164701798,"""__SYSTEM__SAMPLE__5ef013fd1ac260e2ad077cb0f803864e_15284""",1
2025-03-03T08:02:39.338Z,0,rayyan@rayyan.ai,153493598,"""__SYSTEM__SAMPLE__5ef013fd1ac260e2ad077cb0f803864e_15284""",1
2025-03-03T08:02:39.373Z,0,rayyan@rayyan.ai,153497035,"""__SYSTEM__SAMPLE__5ef013fd1ac260e2ad077cb0f803864e_15284""",1
2025-03-03T08:02:39.373Z,0,rayyan@rayyan.ai,153497104,"""__SYSTEM__SAMPLE__5ef013fd1ac260e2ad077cb0f803864e_15284""",1
2025-03-03T08:02:39.373Z,0,rayyan@rayyan.ai,164690779,"""__SYSTEM__SAMPLE__5ef013fd1ac260e2ad077cb0f803864e_15284""",1
2025-03-03T08:02:39.409Z,0,rayyan@rayyan.ai,153493313,"""__SYSTEM__SAMPLE__5ef013fd1ac260e2ad077cb0f803864e_15284""",1
2025-03-03T08:02:39.409Z,0,rayyan@rayyan.ai,164703706,"""__SYSTEM__SAMPLE__5ef013fd1ac260e2ad077cb0f803864e_15284""",1
2025-03-03T08:02:39.409Z,0,rayyan@rayyan.ai,164705777,"""__SYSTEM__SAMPLE__5ef013fd1ac260e2ad077cb0f803864e_15284""",1
2025-03-03T08:02:39.409Z,0,rayyan@rayyan.ai,164694177,"""__SYSTEM__SAMPLE__5ef013fd1ac260e2ad077cb0f803864e_15284""",1
2025-03-03T08:02:39.599Z,0,rayyan@rayyan.ai,164700033,"""__SYSTEM__SAMPLE__5ef013fd1ac260e2ad077cb0f803864e_15284""",1
2025-03-03T08:02:39.599Z,0,rayyan@rayyan.ai,153496336,"""__SYSTEM__SAMPLE__5ef013fd1ac260e2ad077cb0f803864e_15284""",1
2025-03-03T08:02:39.599Z,0,rayyan@rayyan.ai,164694285,"""__SYSTEM__SAMPLE__5ef013fd1ac260e2ad077cb0f803864e_15284""",1
2025-03-03T08:02:39.599Z,0,rayyan@rayyan.ai,164703930,"""__SYSTEM__SAMPLE__5ef013fd1ac260e2ad077cb0f803864e_15284""",1
2025-03-03T08:02:39.599Z,0,rayyan@rayyan.ai,164704862,"""__SYSTEM__SAMPLE__5ef013fd1ac260e2ad077cb0f803864e_15284""",1
2025-03-03T08:02:39.599Z,0,rayyan@rayyan.ai,153491198,"""__SYSTEM__SAMPLE__5ef013fd1ac260e2ad077cb0f803864e_15284""",1
2025-03-03T08:02:39.599Z,0,rayyan@rayyan.ai,164686484,"""__SYSTEM__SAMPLE__5ef013fd1ac260e2ad077cb0f803864e_15284""",1
2025-03-03T08:02:39.599Z,0,rayyan@rayyan.ai,164685146,"""__SYSTEM__SAMPLE__5ef013fd1ac260e2ad077cb0f803864e_15284""",1
2025-03-03T08:02:39.631Z,0,rayyan@rayyan.ai,164688510,"""__SYSTEM__SAMPLE__5ef013fd1ac260e2ad077cb0f803864e_15284""",1
2025-03-03T08:02:39.631Z,0,rayyan@rayyan.ai,153496879,"""__SYSTEM__SAMPLE__5ef013fd1ac260e2ad077cb0f803864e_15284""",1
2025-03-03T08:02:39.631Z,0,rayyan@rayyan.ai,153493634,"""__SYSTEM__SAMPLE__5ef013fd1ac260e2ad077cb0f803864e_15284""",1
2025-03-03T08:02:39.631Z,0,rayyan@rayyan.ai,153490534,"""__SYSTEM__SAMPLE__5ef013fd1ac260e2ad077cb0f803864e_15284""",1
2025-03-03T08:02:39.631Z,0,rayyan@rayyan.ai,153496823,"""__SYSTEM__SAMPLE__5ef013fd1ac260e2ad077cb0f803864e_15284""",1
2025-03-03T08:02:39.631Z,0,rayyan@rayyan.ai,164701880,"""__SYSTEM__SAMPLE__5ef013fd1ac260e2ad077cb0f803864e_15284""",1
2025-03-03T08:02:39.631Z,0,rayyan@rayyan.ai,153493911,"""__SYSTEM__SAMPLE__5ef013fd1ac260e2ad077cb0f803864e_15284""",1
2025-03-03T08:02:39.664Z,0,rayyan@rayyan.ai,164704774,"""__SYSTEM__SAMPLE__5ef013fd1ac260e2ad077cb0f803864e_15284""",1
2025-03-03T08:02:39.664Z,0,rayyan@rayyan.ai,153488821,"""__SYSTEM__SAMPLE__5ef013fd1ac260e2ad077cb0f803864e_15284""",1
2025-03-03T08:02:39.664Z,0,rayyan@rayyan.ai,153498291,"""__SYSTEM__SAMPLE__5ef013fd1ac260e2ad077cb0f803864e_15284""",1
2025-03-03T08:02:39.697Z,0,rayyan@rayyan.ai,153487399,"""__SYSTEM__SAMPLE__5ef013fd1ac260e2ad077cb0f803864e_15284""",1
2025-03-03T08:02:39.697Z,0,rayyan@rayyan.ai,164701458,"""__SYSTEM__SAMPLE__5ef013fd1ac260e2ad077cb0f803864e_15284""",1
2025-03-03T08:02:39.733Z,0,rayyan@rayyan.ai,153493211,"""__SYSTEM__SAMPLE__5ef013fd1ac260e2ad077cb0f803864e_15284""",1
2025-03-03T08:02:39.733Z,0,rayyan@rayyan.ai,164705576,"""__SYSTEM__SAMPLE__5ef013fd1ac260e2ad077cb0f803864e_15284""",1
2025-03-03T08:02:39.733Z,0,rayyan@rayyan.ai,164705337,"""__SYSTEM__SAMPLE__5ef013fd1ac260e2ad077cb0f803864e_15284""",1
2025-03-03T08:02:39.733Z,0,rayyan@rayyan.ai,153490806,"""__SYSTEM__SAMPLE__5ef013fd1ac260e2ad077cb0f803864e_15284""",1
2025-03-03T08:02:39.772Z,0,rayyan@rayyan.ai,164685930,"""__SYSTEM__SAMPLE__5ef013fd1ac260e2ad077cb0f803864e_15284""",1
2025-03-03T08:02:39.772Z,0,rayyan@rayyan.ai,153487427,"""__SYSTEM__SAMPLE__5ef013fd1ac260e2ad077cb0f803864e_15284""",1
2025-03-03T08:02:39.772Z,0,rayyan@rayyan.ai,164701068,"""__SYSTEM__SAMPLE__5ef013fd1ac260e2ad077cb0f803864e_15284""",1
2025-03-03T08:02:39.772Z,0,rayyan@rayyan.ai,153497215,"""__SYSTEM__SAMPLE__5ef013fd1ac260e2ad077cb0f803864e_15284""",1
2025-03-03T08:02:39.772Z,0,rayyan@rayyan.ai,164691119,"""__SYSTEM__SAMPLE__5ef013fd1ac260e2ad077cb0f803864e_15284""",1
2025-03-03T08:02:39.772Z,0,rayyan@rayyan.ai,164684808,"""__SYSTEM__SAMPLE__5ef013fd1ac260e2ad077cb0f803864e_15284""",1
2025-03-03T08:02:39.974Z,0,rayyan@rayyan.ai,153498981,"""__SYSTEM__SAMPLE__5ef013fd1ac260e2ad077cb0f803864e_15284""",1
2025-03-03T08:02:39.974Z,0,rayyan@rayyan.ai,153498617,"""__SYSTEM__SAMPLE__5ef013fd1ac260e2ad077cb0f803864e_15284""",1
2025-03-03T08:02:39.974Z,0,rayyan@rayyan.ai,164706477,"""__SYSTEM__SAMPLE__5ef013fd1ac260e2ad077cb0f803864e_15284""",1
2025-03-03T08:02:39.974Z,0,rayyan@rayyan.ai,164706929,"""__SYSTEM__SAMPLE__5ef013fd1ac260e2ad077cb0f803864e_15284""",1
2025-03-03T08:02:40.011Z,0,rayyan@rayyan.ai,153489980,"""__SYSTEM__SAMPLE__5ef013fd1ac260e2ad077cb0f803864e_15284""",1
2025-03-03T08:02:40.011Z,0,rayyan@rayyan.ai,153485765,"""__SYSTEM__SAMPLE__5ef013fd1ac260e2ad077cb0f803864e_15284""",1
2025-03-03T08:02:40.011Z,0,rayyan@rayyan.ai,153485352,"""__SYSTEM__SAMPLE__5ef013fd1ac260e2ad077cb0f803864e_15284""",1
2025-03-03T08:02:40.011Z,0,rayyan@rayyan.ai,153490065,"""__SYSTEM__SAMPLE__5ef013fd1ac260e2ad077cb0f803864e_15284""",1
2025-03-03T08:02:40.048Z,0,rayyan@rayyan.ai,164690102,"""__SYSTEM__SAMPLE__5ef013fd1ac260e2ad077cb0f803864e_15284""",1
2025-03-03T08:02:40.048Z,0,rayyan@rayyan.ai,164706942,"""__SYSTEM__SAMPLE__5ef013fd1ac260e2ad077cb0f803864e_15284""",1
2025-03-03T08:02:40.048Z,0,rayyan@rayyan.ai,153496925,"""__SYSTEM__SAMPLE__5ef013fd1ac260e2ad077cb0f803864e_15284""",1
2025-03-03T08:02:40.048Z,0,rayyan@rayyan.ai,153493799,"""__SYSTEM__SAMPLE__5ef013fd1ac260e2ad077cb0f803864e_15284""",1
2025-03-03T08:02:40.048Z,0,rayyan@rayyan.ai,153494826,"""__SYSTEM__SAMPLE__5ef013fd1ac260e2ad077cb0f803864e_15284""",1
2025-03-03T08:02:40.086Z,0,rayyan@rayyan.ai,153494500,"""__SYSTEM__SAMPLE__5ef013fd1ac260e2ad077cb0f803864e_15284""",1
2025-03-03T08:02:40.086Z,0,rayyan@rayyan.ai,164688585,"""__SYSTEM__SAMPLE__5ef013fd1ac260e2ad077cb0f803864e_15284""",1
2025-03-03T08:02:40.086Z,0,rayyan@rayyan.ai,153496110,"""__SYSTEM__SAMPLE__5ef013fd1ac260e2ad077cb0f803864e_15284""",1
2025-03-03T08:02:40.086Z,0,rayyan@rayyan.ai,164703910,"""__SYSTEM__SAMPLE__5ef013fd1ac260e2ad077cb0f803864e_15284""",1
2025-03-03T08:02:40.086Z,0,rayyan@rayyan.ai,153486363,"""__SYSTEM__SAMPLE__5ef013fd1ac260e2ad077cb0f803864e_15284""",1
2025-03-03T08:02:40.086Z,0,rayyan@rayyan.ai,164700858,"""__SYSTEM__SAMPLE__5ef013fd1ac260e2ad077cb0f803864e_15284""",1
2025-03-03T08:02:40.086Z,0,rayyan@rayyan.ai,153487214,"""__SYSTEM__SAMPLE__5ef013fd1ac260e2ad077cb0f803864e_15284""",1
2025-03-03T08:02:40.086Z,0,rayyan@rayyan.ai,153487850,"""__SYSTEM__SAMPLE__5ef013fd1ac260e2ad077cb0f803864e_15284""",1
2025-03-03T08:02:40.121Z,0,rayyan@rayyan.ai,164706411,"""__SYSTEM__SAMPLE__5ef013fd1ac260e2ad077cb0f803864e_15284""",1
2025-03-03T08:02:40.121Z,0,rayyan@rayyan.ai,153498973,"""__SYSTEM__SAMPLE__5ef013fd1ac260e2ad077cb0f803864e_15284""",1
2025-03-03T08:02:40.121Z,0,rayyan@rayyan.ai,153492115,"""__SYSTEM__SAMPLE__5ef013fd1ac260e2ad077cb0f803864e_15284""",1
2025-03-03T08:02:40.154Z,0,rayyan@rayyan.ai,164690130,"""__SYSTEM__SAMPLE__5ef013fd1ac260e2ad077cb0f803864e_15284""",1
2025-03-03T08:02:40.154Z,0,rayyan@rayyan.ai,153490150,"""__SYSTEM__SAMPLE__5ef013fd1ac260e2ad077cb0f803864e_15284""",1
2025-03-03T08:02:40.186Z,0,rayyan@rayyan.ai,164690852,"""__SYSTEM__SAMPLE__5ef013fd1ac260e2ad077cb0f803864e_15284""",1
2025-03-03T08:02:40.186Z,0,rayyan@rayyan.ai,153494294,"""__SYSTEM__SAMPLE__5ef013fd1ac260e2ad077cb0f803864e_15284""",1
2025-03-03T08:02:40.186Z,0,rayyan@rayyan.ai,164705222,"""__SYSTEM__SAMPLE__5ef013fd1ac260e2ad077cb0f803864e_15284""",1
2025-03-03T08:02:40.186Z,0,rayyan@rayyan.ai,164690926,"""__SYSTEM__SAMPLE__5ef013fd1ac260e2ad077cb0f803864e_15284""",1
2025-03-03T08:02:40.219Z,0,rayyan@rayyan.ai,164685134,"""__SYSTEM__SAMPLE__5ef013fd1ac260e2ad077cb0f803864e_15284""",1
2025-03-03T08:02:40.219Z,0,rayyan@rayyan.ai,153496802,"""__SYSTEM__SAMPLE__5ef013fd1ac260e2ad077cb0f803864e_15284""",1
2025-03-03T08:02:40.219Z,0,rayyan@rayyan.ai,153485370,"""__SYSTEM__SAMPLE__5ef013fd1ac260e2ad077cb0f803864e_15284""",1
2025-03-03T08:02:40.256Z,0,rayyan@rayyan.ai,153497854,"""__SYSTEM__SAMPLE__5ef013fd1ac260e2ad077cb0f803864e_15284""",1
2025-03-03T08:02:40.256Z,0,rayyan@rayyan.ai,153494627,"""__SYSTEM__SAMPLE__5ef013fd1ac260e2ad077cb0f803864e_15284""",1
2025-03-03T08:02:40.256Z,0,rayyan@rayyan.ai,164700477,"""__SYSTEM__SAMPLE__5ef013fd1ac260e2ad077cb0f803864e_15284""",1
2025-03-03T08:02:40.256Z,0,rayyan@rayyan.ai,153489324,"""__SYSTEM__SAMPLE__5ef013fd1ac260e2ad077cb0f803864e_15284""",1
2025-03-03T08:02:40.256Z,0,rayyan@rayyan.ai,164689163,"""__SYSTEM__SAMPLE__5ef013fd1ac260e2ad077cb0f803864e_15284""",1
2025-03-03T08:02:40.256Z,0,rayyan@rayyan.ai,164691684,"""__SYSTEM__SAMPLE__5ef013fd1ac260e2ad077cb0f803864e_15284""",1
2025-03-03T08:02:40.256Z,0,rayyan@rayyan.ai,164702813,"""__SYSTEM__SAMPLE__5ef013fd1ac260e2ad077cb0f803864e_15284""",1
2025-03-03T08:02:40.300Z,0,rayyan@rayyan.ai,164696026,"""__SYSTEM__SAMPLE__5ef013fd1ac260e2ad077cb0f803864e_15284""",1
2025-03-03T08:02:40.300Z,0,rayyan@rayyan.ai,153495050,"""__SYSTEM__SAMPLE__5ef013fd1ac260e2ad077cb0f803864e_15284""",1
2025-03-03T08:02:40.300Z,0,rayyan@rayyan.ai,164689097,"""__SYSTEM__SAMPLE__5ef013fd1ac260e2ad077cb0f803864e_15284""",1
2025-03-03T08:02:40.335Z,0,rayyan@rayyan.ai,164695962,"""__SYSTEM__SAMPLE__5ef013fd1ac260e2ad077cb0f803864e_15284""",1
2025-03-03T08:02:40.335Z,0,rayyan@rayyan.ai,164692214,"""__SYSTEM__SAMPLE__5ef013fd1ac260e2ad077cb0f803864e_15284""",1
2025-03-03T08:02:40.335Z,0,rayyan@rayyan.ai,153491974,"""__SYSTEM__SAMPLE__5ef013fd1ac260e2ad077cb0f803864e_15284""",1
2025-03-03T08:02:40.335Z,0,rayyan@rayyan.ai,164703307,"""__SYSTEM__SAMPLE__5ef013fd1ac260e2ad077cb0f803864e_15284""",1
2025-03-03T08:02:40.376Z,0,rayyan@rayyan.ai,164693305,"""__SYSTEM__SAMPLE__5ef013fd1ac260e2ad077cb0f803864e_15285""",1
2025-03-03T08:02:40.376Z,0,rayyan@rayyan.ai,153491222,"""__SYSTEM__SAMPLE__5ef013fd1ac260e2ad077cb0f803864e_15285""",1
2025-03-03T08:02:40.376Z,0,rayyan@rayyan.ai,164706245,"""__SYSTEM__SAMPLE__5ef013fd1ac260e2ad077cb0f803864e_15285""",1
2025-03-03T08:02:40.376Z,0,rayyan@rayyan.ai,164694637,"""__SYSTEM__SAMPLE__5ef013fd1ac260e2ad077cb0f803864e_15285""",1
2025-03-03T08:02:40.376Z,0,rayyan@rayyan.ai,164697416,"""__SYSTEM__SAMPLE__5ef013fd1ac260e2ad077cb0f803864e_15285""",1
2025-03-03T08:02:40.376Z,0,rayyan@rayyan.ai,153490863,"""__SYSTEM__SAMPLE__5ef013fd1ac260e2ad077cb0f803864e_15285""",1
2025-03-03T08:02:40.410Z,0,rayyan@rayyan.ai,164706938,"""__SYSTEM__SAMPLE__5ef013fd1ac260e2ad077cb0f803864e_15285""",1
2025-03-03T08:02:40.410Z,0,rayyan@rayyan.ai,164689471,"""__SYSTEM__SAMPLE__5ef013fd1ac260e2ad077cb0f803864e_15285""",1
2025-03-03T08:02:40.410Z,0,rayyan@rayyan.ai,153496229,"""__SYSTEM__SAMPLE__5ef013fd1ac260e2ad077cb0f803864e_15285""",1
2025-03-03T08:02:40.410Z,0,rayyan@rayyan.ai,153490006,"""__SYSTEM__SAMPLE__5ef013fd1ac260e2ad077cb0f803864e_15285""",1
2025-03-03T08:02:40.410Z,0,rayyan@rayyan.ai,153487134,"""__SYSTEM__SAMPLE__5ef013fd1ac260e2ad077cb0f803864e_15285""",1
2025-03-03T08:02:40.749Z,0,rayyan@rayyan.ai,153495527,"""__SYSTEM__SAMPLE__5ef013fd1ac260e2ad077cb0f803864e_15285""",1
2025-03-03T08:02:40.749Z,0,rayyan@rayyan.ai,153491773,"""__SYSTEM__SAMPLE__5ef013fd1ac260e2ad077cb0f803864e_15285""",1
2025-03-03T08:02:40.749Z,0,rayyan@rayyan.ai,164704469,"""__SYSTEM__SAMPLE__5ef013fd1ac260e2ad077cb0f803864e_15285""",1
2025-03-03T08:02:40.749Z,0,rayyan@rayyan.ai,164690045,"""__SYSTEM__SAMPLE__5ef013fd1ac260e2ad077cb0f803864e_15285""",1
2025-03-03T08:02:40.749Z,0,rayyan@rayyan.ai,153493970,"""__SYSTEM__SAMPLE__5ef013fd1ac260e2ad077cb0f803864e_15285""",1
2025-03-03T08:02:40.784Z,0,rayyan@rayyan.ai,164685563,"""__SYSTEM__SAMPLE__5ef013fd1ac260e2ad077cb0f803864e_15285""",1
2025-03-03T08:02:40.784Z,0,rayyan@rayyan.ai,164704341,"""__SYSTEM__SAMPLE__5ef013fd1ac260e2ad077cb0f803864e_15285""",1
2025-03-03T08:02:40.784Z,0,rayyan@rayyan.ai,164696715,"""__SYSTEM__SAMPLE__5ef013fd1ac260e2ad077cb0f803864e_15285""",1
2025-03-03T08:02:40.784Z,0,rayyan@rayyan.ai,153494848,"""__SYSTEM__SAMPLE__5ef013fd1ac260e2ad077cb0f803864e_15285""",1
2025-03-03T08:02:40.784Z,0,rayyan@rayyan.ai,153494097,"""__SYSTEM__SAMPLE__5ef013fd1ac260e2ad077cb0f803864e_15285""",1
2025-03-03T08:02:40.784Z,0,rayyan@rayyan.ai,164695694,"""__SYSTEM__SAMPLE__5ef013fd1ac260e2ad077cb0f803864e_15285""",1
2025-03-03T08:02:40.818Z,0,rayyan@rayyan.ai,153497130,"""__SYSTEM__SAMPLE__5ef013fd1ac260e2ad077cb0f803864e_15285""",1
2025-03-03T08:02:40.818Z,0,rayyan@rayyan.ai,153492747,"""__SYSTEM__SAMPLE__5ef013fd1ac260e2ad077cb0f803864e_15285""",1
2025-03-03T08:02:41.015Z,0,rayyan@rayyan.ai,153493582,"""__SYSTEM__SAMPLE__5ef013fd1ac260e2ad077cb0f803864e_15285""",1
2025-03-03T08:02:41.015Z,0,rayyan@rayyan.ai,164692716,"""__SYSTEM__SAMPLE__5ef013fd1ac260e2ad077cb0f803864e_15285""",1
2025-03-03T08:02:41.090Z,0,rayyan@rayyan.ai,164702366,"""__SYSTEM__SAMPLE__5ef013fd1ac260e2ad077cb0f803864e_15285""",1
2025-03-03T08:02:41.090Z,0,rayyan@rayyan.ai,153485563,"""__SYSTEM__SAMPLE__5ef013fd1ac260e2ad077cb0f803864e_15285""",1
2025-03-03T08:02:41.128Z,0,rayyan@rayyan.ai,153493837,"""__SYSTEM__SAMPLE__5ef013fd1ac260e2ad077cb0f803864e_15285""",1
2025-03-03T08:02:41.128Z,0,rayyan@rayyan.ai,153496683,"""__SYSTEM__SAMPLE__5ef013fd1ac260e2ad077cb0f803864e_15285""",1
2025-03-03T08:02:41.128Z,0,rayyan@rayyan.ai,153490991,"""__SYSTEM__SAMPLE__5ef013fd1ac260e2ad077cb0f803864e_15285""",1
2025-03-03T08:02:41.128Z,0,rayyan@rayyan.ai,164689211,"""__SYSTEM__SAMPLE__5ef013fd1ac260e2ad077cb0f803864e_15285""",1
2025-03-03T08:02:41.128Z,0,rayyan@rayyan.ai,164687334,"""__SYSTEM__SAMPLE__5ef013fd1ac260e2ad077cb0f803864e_15285""",1
2025-03-03T08:02:41.128Z,0,rayyan@rayyan.ai,164695246,"""__SYSTEM__SAMPLE__5ef013fd1ac260e2ad077cb0f803864e_15285""",1
2025-03-03T08:02:41.320Z,0,rayyan@rayyan.ai,164703548,"""__SYSTEM__SAMPLE__5ef013fd1ac260e2ad077cb0f803864e_15285""",1
2025-03-03T08:02:41.320Z,0,rayyan@rayyan.ai,153486012,"""__SYSTEM__SAMPLE__5ef013fd1ac260e2ad077cb0f803864e_15285""",1
2025-03-03T08:02:41.320Z,0,rayyan@rayyan.ai,164703859,"""__SYSTEM__SAMPLE__5ef013fd1ac260e2ad077cb0f803864e_15285""",1
2025-03-03T08:02:41.320Z,0,rayyan@rayyan.ai,153496091,"""__SYSTEM__SAMPLE__5ef013fd1ac260e2ad077cb0f803864e_15285""",1
2025-03-03T08:02:41.356Z,0,rayyan@rayyan.ai,153487562,"""__SYSTEM__SAMPLE__5ef013fd1ac260e2ad077cb0f803864e_15285""",1
2025-03-03T08:02:41.356Z,0,rayyan@rayyan.ai,164705435,"""__SYSTEM__SAMPLE__5ef013fd1ac260e2ad077cb0f803864e_15285""",1
2025-03-03T08:02:41.356Z,0,rayyan@rayyan.ai,164690917,"""__SYSTEM__SAMPLE__5ef013fd1ac260e2ad077cb0f803864e_15285""",1
2025-03-03T08:02:41.389Z,0,rayyan@rayyan.ai,153489995,"""__SYSTEM__SAMPLE__5ef013fd1ac260e2ad077cb0f803864e_15285""",1
2025-03-03T08:02:41.389Z,0,rayyan@rayyan.ai,164689130,"""__SYSTEM__SAMPLE__5ef013fd1ac260e2ad077cb0f803864e_15285""",1
2025-03-03T08:02:41.389Z,0,rayyan@rayyan.ai,164686140,"""__SYSTEM__SAMPLE__5ef013fd1ac260e2ad077cb0f803864e_15285""",1
2025-03-03T08:02:41.389Z,0,rayyan@rayyan.ai,164706525,"""__SYSTEM__SAMPLE__5ef013fd1ac260e2ad077cb0f803864e_15285""",1
2025-03-03T08:02:41.426Z,0,rayyan@rayyan.ai,164703462,"""__SYSTEM__SAMPLE__5ef013fd1ac260e2ad077cb0f803864e_15285""",1
2025-03-03T08:02:41.426Z,0,rayyan@rayyan.ai,153493704,"""__SYSTEM__SAMPLE__5ef013fd1ac260e2ad077cb0f803864e_15285""",1
2025-03-03T08:02:41.426Z,0,rayyan@rayyan.ai,153496529,"""__SYSTEM__SAMPLE__5ef013fd1ac260e2ad077cb0f803864e_15285""",1
2025-03-03T08:02:41.474Z,0,rayyan@rayyan.ai,153494830,"""__SYSTEM__SAMPLE__5ef013fd1ac260e2ad077cb0f803864e_15285""",1
2025-03-03T08:02:41.474Z,0,rayyan@rayyan.ai,153494937,"""__SYSTEM__SAMPLE__5ef013fd1ac260e2ad077cb0f803864e_15285""",1
2025-03-03T08:02:41.535Z,0,rayyan@rayyan.ai,164685765,"""__SYSTEM__SAMPLE__5ef013fd1ac260e2ad077cb0f803864e_15285""",1
2025-03-03T08:02:41.535Z,0,rayyan@rayyan.ai,164699794,"""__SYSTEM__SAMPLE__5ef013fd1ac260e2ad077cb0f803864e_15285""",1
2025-03-03T08:02:41.535Z,0,rayyan@rayyan.ai,164687775,"""__SYSTEM__SAMPLE__5ef013fd1ac260e2ad077cb0f803864e_15285""",1
2025-03-03T08:02:41.535Z,0,rayyan@rayyan.ai,164689566,"""__SYSTEM__SAMPLE__5ef013fd1ac260e2ad077cb0f803864e_15285""",1
2025-03-03T08:02:41.535Z,0,rayyan@rayyan.ai,153496660,"""__SYSTEM__SAMPLE__5ef013fd1ac260e2ad077cb0f803864e_15285""",1
2025-03-03T08:02:41.535Z,0,rayyan@rayyan.ai,164704946,"""__SYSTEM__SAMPLE__5ef013fd1ac260e2ad077cb0f803864e_15285""",1
2025-03-03T08:02:41.535Z,0,rayyan@rayyan.ai,153491334,"""__SYSTEM__SAMPLE__5ef013fd1ac260e2ad077cb0f803864e_15285""",1
2025-03-03T08:02:41.535Z,0,rayyan@rayyan.ai,164691110,"""__SYSTEM__SAMPLE__5ef013fd1ac260e2ad077cb0f803864e_15285""",1
2025-03-03T08:02:41.600Z,0,rayyan@rayyan.ai,153495593,"""__SYSTEM__SAMPLE__5ef013fd1ac260e2ad077cb0f803864e_15285""",1
2025-03-03T08:02:41.600Z,0,rayyan@rayyan.ai,153489266,"""__SYSTEM__SAMPLE__5ef013fd1ac260e2ad077cb0f803864e_15285""",1
2025-03-03T08:02:41.600Z,0,rayyan@rayyan.ai,164695545,"""__SYSTEM__SAMPLE__5ef013fd1ac260e2ad077cb0f803864e_15285""",1
2025-03-03T08:02:41.600Z,0,rayyan@rayyan.ai,164689054,"""__SYSTEM__SAMPLE__5ef013fd1ac260e2ad077cb0f803864e_15285""",1
2025-03-03T08:02:41.600Z,0,rayyan@rayyan.ai,153496463,"""__SYSTEM__SAMPLE__5ef013fd1ac260e2ad077cb0f803864e_15285""",1
2025-03-03T08:02:41.600Z,0,rayyan@rayyan.ai,153493294,"""__SYSTEM__SAMPLE__5ef013fd1ac260e2ad077cb0f803864e_15285""",1
2025-03-03T08:02:41.640Z,0,rayyan@rayyan.ai,153494852,"""__SYSTEM__SAMPLE__5ef013fd1ac260e2ad077cb0f803864e_15285""",1
2025-03-03T08:02:41.640Z,0,rayyan@rayyan.ai,153491937,"""__SYSTEM__SAMPLE__5ef013fd1ac260e2ad077cb0f803864e_15285""",1
2025-03-03T08:02:41.640Z,0,rayyan@rayyan.ai,153487491,"""__SYSTEM__SAMPLE__5ef013fd1ac260e2ad077cb0f803864e_15285""",1
2025-03-03T08:02:41.640Z,0,rayyan@rayyan.ai,164696327,"""__SYSTEM__SAMPLE__5ef013fd1ac260e2ad077cb0f803864e_15285""",1
2025-03-03T08:02:41.640Z,0,rayyan@rayyan.ai,153493605,"""__SYSTEM__SAMPLE__5ef013fd1ac260e2ad077cb0f803864e_15285""",1
2025-03-03T08:02:41.640Z,0,rayyan@rayyan.ai,153498264,"""__SYSTEM__SAMPLE__5ef013fd1ac260e2ad077cb0f803864e_15285""",1
2025-03-03T08:02:41.718Z,0,rayyan@rayyan.ai,153495214,"""__SYSTEM__SAMPLE__5ef013fd1ac260e2ad077cb0f803864e_15285""",1
2025-03-03T08:02:41.718Z,0,rayyan@rayyan.ai,164705458,"""__SYSTEM__SAMPLE__5ef013fd1ac260e2ad077cb0f803864e_15285""",1
2025-03-03T08:02:41.718Z,0,rayyan@rayyan.ai,164697873,"""__SYSTEM__SAMPLE__5ef013fd1ac260e2ad077cb0f803864e_15285""",1
2025-03-03T08:02:41.776Z,0,rayyan@rayyan.ai,164695749,"""__SYSTEM__SAMPLE__5ef013fd1ac260e2ad077cb0f803864e_15285""",1
2025-03-03T08:02:41.776Z,0,rayyan@rayyan.ai,164702980,"""__SYSTEM__SAMPLE__5ef013fd1ac260e2ad077cb0f803864e_15285""",1
2025-03-03T08:02:41.776Z,0,rayyan@rayyan.ai,153493885,"""__SYSTEM__SAMPLE__5ef013fd1ac260e2ad077cb0f803864e_15285""",1
2025-03-03T08:02:41.776Z,0,rayyan@rayyan.ai,164691648,"""__SYSTEM__SAMPLE__5ef013fd1ac260e2ad077cb0f803864e_15285""",1
2025-03-03T08:02:41.824Z,0,rayyan@rayyan.ai,164687685,"""__SYSTEM__SAMPLE__5ef013fd1ac260e2ad077cb0f803864e_15285""",1
2025-03-03T08:02:41.824Z,0,rayyan@rayyan.ai,164703092,"""__SYSTEM__SAMPLE__5ef013fd1ac260e2ad077cb0f803864e_15285""",1
2025-03-03T08:02:41.824Z,0,rayyan@rayyan.ai,164686350,"""__SYSTEM__SAMPLE__5ef013fd1ac260e2ad077cb0f803864e_15285""",1
2025-03-03T08:02:41.824Z,0,rayyan@rayyan.ai,153497197,"""__SYSTEM__SAMPLE__5ef013fd1ac260e2ad077cb0f803864e_15285""",1
2025-03-03T08:02:41.824Z,0,rayyan@rayyan.ai,153485888,"""__SYSTEM__SAMPLE__5ef013fd1ac260e2ad077cb0f803864e_15285""",1
2025-03-03T08:02:41.824Z,0,rayyan@rayyan.ai,153498039,"""__SYSTEM__SAMPLE__5ef013fd1ac260e2ad077cb0f803864e_15285""",1
2025-03-03T08:02:41.824Z,0,rayyan@rayyan.ai,153492722,"""__SYSTEM__SAMPLE__5ef013fd1ac260e2ad077cb0f803864e_15285""",1
2025-03-03T08:02:41.939Z,0,rayyan@rayyan.ai,164706021,"""__SYSTEM__SAMPLE__5ef013fd1ac260e2ad077cb0f803864e_15285""",1
2025-03-03T08:02:41.939Z,0,rayyan@rayyan.ai,153493992,"""__SYSTEM__SAMPLE__5ef013fd1ac260e2ad077cb0f803864e_15285""",1
2025-03-03T08:02:41.989Z,0,rayyan@rayyan.ai,153493339,"""__SYSTEM__SAMPLE__5ef013fd1ac260e2ad077cb0f803864e_15286""",1
2025-03-03T08:02:41.989Z,0,rayyan@rayyan.ai,153486381,"""__SYSTEM__SAMPLE__5ef013fd1ac260e2ad077cb0f803864e_15286""",1
2025-03-03T08:02:42.101Z,0,rayyan@rayyan.ai,153487616,"""__SYSTEM__SAMPLE__5ef013fd1ac260e2ad077cb0f803864e_15286""",1
2025-03-03T08:02:42.101Z,0,rayyan@rayyan.ai,164687721,"""__SYSTEM__SAMPLE__5ef013fd1ac260e2ad077cb0f803864e_15286""",1
2025-03-03T08:02:42.101Z,0,rayyan@rayyan.ai,164686112,"""__SYSTEM__SAMPLE__5ef013fd1ac260e2ad077cb0f803864e_15286""",1
2025-03-03T08:02:42.101Z,0,rayyan@rayyan.ai,153496643,"""__SYSTEM__SAMPLE__5ef013fd1ac260e2ad077cb0f803864e_15286""",1
2025-03-03T08:02:42.101Z,0,rayyan@rayyan.ai,164698655,"""__SYSTEM__SAMPLE__5ef013fd1ac260e2ad077cb0f803864e_15286""",1
2025-03-03T08:02:42.101Z,0,rayyan@rayyan.ai,164697274,"""__SYSTEM__SAMPLE__5ef013fd1ac260e2ad077cb0f803864e_15286""",1
2025-03-03T08:02:42.101Z,0,rayyan@rayyan.ai,164697817,"""__SYSTEM__SAMPLE__5ef013fd1ac260e2ad077cb0f803864e_15286""",1
2025-03-03T08:02:42.411Z,0,rayyan@rayyan.ai,164696225,"""__SYSTEM__SAMPLE__5ef013fd1ac260e2ad077cb0f803864e_15286""",1
2025-03-03T08:02:42.411Z,0,rayyan@rayyan.ai,164687885,"""__SYSTEM__SAMPLE__5ef013fd1ac260e2ad077cb0f803864e_15286""",1
2025-03-03T08:02:42.411Z,0,rayyan@rayyan.ai,164694441,"""__SYSTEM__SAMPLE__5ef013fd1ac260e2ad077cb0f803864e_15286""",1
2025-03-03T08:02:42.411Z,0,rayyan@rayyan.ai,153486030,"""__SYSTEM__SAMPLE__5ef013fd1ac260e2ad077cb0f803864e_15286""",1
2025-03-03T08:02:42.411Z,0,rayyan@rayyan.ai,153490193,"""__SYSTEM__SAMPLE__5ef013fd1ac260e2ad077cb0f803864e_15286""",1
2025-03-03T08:02:42.411Z,0,rayyan@rayyan.ai,164703362,"""__SYSTEM__SAMPLE__5ef013fd1ac260e2ad077cb0f803864e_15286""",1
2025-03-03T08:02:42.518Z,0,rayyan@rayyan.ai,164704898,"""__SYSTEM__SAMPLE__5ef013fd1ac260e2ad077cb0f803864e_15286""",1
2025-03-03T08:02:42.518Z,0,rayyan@rayyan.ai,164704242,"""__SYSTEM__SAMPLE__5ef013fd1ac260e2ad077cb0f803864e_15286""",1
2025-03-03T08:02:42.518Z,0,rayyan@rayyan.ai,164704358,"""__SYSTEM__SAMPLE__5ef013fd1ac260e2ad077cb0f803864e_15286""",1
2025-03-03T08:02:42.518Z,0,rayyan@rayyan.ai,164697020,"""__SYSTEM__SAMPLE__5ef013fd1ac260e2ad077cb0f803864e_15286""",1
2025-03-03T08:02:42.518Z,0,rayyan@rayyan.ai,153493039,"""__SYSTEM__SAMPLE__5ef013fd1ac260e2ad077cb0f803864e_15286""",1
2025-03-03T08:02:42.518Z,0,rayyan@rayyan.ai,164702883,"""__SYSTEM__SAMPLE__5ef013fd1ac260e2ad077cb0f803864e_15286""",1
2025-03-03T08:02:42.518Z,0,rayyan@rayyan.ai,164695897,"""__SYSTEM__SAMPLE__5ef013fd1ac260e2ad077cb0f803864e_15286""",1
2025-03-03T08:02:42.561Z,0,rayyan@rayyan.ai,153489205,"""__SYSTEM__SAMPLE__5ef013fd1ac260e2ad077cb0f803864e_15286""",1
2025-03-03T08:02:42.561Z,0,rayyan@rayyan.ai,153486980,"""__SYSTEM__SAMPLE__5ef013fd1ac260e2ad077cb0f803864e_15286""",1
2025-03-03T08:02:42.561Z,0,rayyan@rayyan.ai,153498182,"""__SYSTEM__SAMPLE__5ef013fd1ac260e2ad077cb0f803864e_15286""",1
2025-03-03T08:02:42.561Z,0,rayyan@rayyan.ai,164702061,"""__SYSTEM__SAMPLE__5ef013fd1ac260e2ad077cb0f803864e_15286""",1
2025-03-03T08:02:42.561Z,0,rayyan@rayyan.ai,153495721,"""__SYSTEM__SAMPLE__5ef013fd1ac260e2ad077cb0f803864e_15286""",1
2025-03-03T08:02:42.629Z,0,rayyan@rayyan.ai,153489049,"""__SYSTEM__SAMPLE__5ef013fd1ac260e2ad077cb0f803864e_15286""",1
2025-03-03T08:02:42.668Z,0,rayyan@rayyan.ai,153489520,"""__SYSTEM__SAMPLE__5ef013fd1ac260e2ad077cb0f803864e_15286""",1
2025-03-03T08:02:42.668Z,0,rayyan@rayyan.ai,164692973,"""__SYSTEM__SAMPLE__5ef013fd1ac260e2ad077cb0f803864e_15286""",1
2025-03-03T08:02:42.668Z,0,rayyan@rayyan.ai,153490925,"""__SYSTEM__SAMPLE__5ef013fd1ac260e2ad077cb0f803864e_15286""",1
2025-03-03T08:02:42.668Z,0,rayyan@rayyan.ai,153495489,"""__SYSTEM__SAMPLE__5ef013fd1ac260e2ad077cb0f803864e_15286""",1
2025-03-03T08:02:42.668Z,0,rayyan@rayyan.ai,164693867,"""__SYSTEM__SAMPLE__5ef013fd1ac260e2ad077cb0f803864e_15286""",1
2025-03-03T08:02:42.668Z,0,rayyan@rayyan.ai,153490031,"""__SYSTEM__SAMPLE__5ef013fd1ac260e2ad077cb0f803864e_15286""",1
2025-03-03T08:02:42.668Z,0,rayyan@rayyan.ai,164696001,"""__SYSTEM__SAMPLE__5ef013fd1ac260e2ad077cb0f803864e_15286""",1
2025-03-03T08:02:42.668Z,0,rayyan@rayyan.ai,164692578,"""__SYSTEM__SAMPLE__5ef013fd1ac260e2ad077cb0f803864e_15286""",1
2025-03-03T08:02:42.719Z,0,rayyan@rayyan.ai,153489503,"""__SYSTEM__SAMPLE__5ef013fd1ac260e2ad077cb0f803864e_15286""",1
2025-03-03T08:02:42.719Z,0,rayyan@rayyan.ai,153489720,"""__SYSTEM__SAMPLE__5ef013fd1ac260e2ad077cb0f803864e_15286""",1
2025-03-03T08:02:42.719Z,0,rayyan@rayyan.ai,164700070,"""__SYSTEM__SAMPLE__5ef013fd1ac260e2ad077cb0f803864e_15286""",1
2025-03-03T08:02:42.719Z,0,rayyan@rayyan.ai,164705775,"""__SYSTEM__SAMPLE__5ef013fd1ac260e2ad077cb0f803864e_15286""",1
2025-03-03T08:02:42.775Z,0,rayyan@rayyan.ai,153498018,"""__SYSTEM__SAMPLE__5ef013fd1ac260e2ad077cb0f803864e_15286""",1
2025-03-03T08:02:42.775Z,0,rayyan@rayyan.ai,153491699,"""__SYSTEM__SAMPLE__5ef013fd1ac260e2ad077cb0f803864e_15286""",1
2025-03-03T08:02:42.775Z,0,rayyan@rayyan.ai,153497219,"""__SYSTEM__SAMPLE__5ef013fd1ac260e2ad077cb0f803864e_15286""",1
2025-03-03T08:02:42.775Z,0,rayyan@rayyan.ai,164697299,"""__SYSTEM__SAMPLE__5ef013fd1ac260e2ad077cb0f803864e_15286""",1
2025-03-03T08:02:42.775Z,0,rayyan@rayyan.ai,153496293,"""__SYSTEM__SAMPLE__5ef013fd1ac260e2ad077cb0f803864e_15286""",1
2025-03-03T08:02:42.775Z,0,rayyan@rayyan.ai,153490119,"""__SYSTEM__SAMPLE__5ef013fd1ac260e2ad077cb0f803864e_15286""",1
2025-03-03T08:02:42.775Z,0,rayyan@rayyan.ai,153496709,"""__SYSTEM__SAMPLE__5ef013fd1ac260e2ad077cb0f803864e_15286""",1
2025-03-03T08:02:42.775Z,0,rayyan@rayyan.ai,153496032,"""__SYSTEM__SAMPLE__5ef013fd1ac260e2ad077cb0f803864e_15286""",1
2025-03-03T08:02:42.824Z,0,rayyan@rayyan.ai,164699550,"""__SYSTEM__SAMPLE__5ef013fd1ac260e2ad077cb0f803864e_15286""",1
2025-03-03T08:02:42.824Z,0,rayyan@rayyan.ai,153495900,"""__SYSTEM__SAMPLE__5ef013fd1ac260e2ad077cb0f803864e_15286""",1
2025-03-03T08:02:42.824Z,0,rayyan@rayyan.ai,153493109,"""__SYSTEM__SAMPLE__5ef013fd1ac260e2ad077cb0f803864e_15286""",1
2025-03-03T08:02:42.862Z,0,rayyan@rayyan.ai,164687451,"""__SYSTEM__SAMPLE__5ef013fd1ac260e2ad077cb0f803864e_15286""",1
2025-03-03T08:02:42.862Z,0,rayyan@rayyan.ai,153497881,"""__SYSTEM__SAMPLE__5ef013fd1ac260e2ad077cb0f803864e_15286""",1
2025-03-03T08:02:42.862Z,0,rayyan@rayyan.ai,153492891,"""__SYSTEM__SAMPLE__5ef013fd1ac260e2ad077cb0f803864e_15286""",1
2025-03-03T08:02:42.929Z,0,rayyan@rayyan.ai,153486799,"""__SYSTEM__SAMPLE__5ef013fd1ac260e2ad077cb0f803864e_15286""",1
2025-03-03T08:02:42.929Z,0,rayyan@rayyan.ai,164693226,"""__SYSTEM__SAMPLE__5ef013fd1ac260e2ad077cb0f803864e_15286""",1
2025-03-03T08:02:42.929Z,0,rayyan@rayyan.ai,164699307,"""__SYSTEM__SAMPLE__5ef013fd1ac260e2ad077cb0f803864e_15286""",1
2025-03-03T08:02:42.980Z,0,rayyan@rayyan.ai,153499042,"""__SYSTEM__SAMPLE__5ef013fd1ac260e2ad077cb0f803864e_15286""",1
2025-03-03T08:02:42.980Z,0,rayyan@rayyan.ai,164687503,"""__SYSTEM__SAMPLE__5ef013fd1ac260e2ad077cb0f803864e_15286""",1
2025-03-03T08:02:42.980Z,0,rayyan@rayyan.ai,153497006,"""__SYSTEM__SAMPLE__5ef013fd1ac260e2ad077cb0f803864e_15286""",1
2025-03-03T08:02:42.980Z,0,rayyan@rayyan.ai,153498076,"""__SYSTEM__SAMPLE__5ef013fd1ac260e2ad077cb0f803864e_15286""",1
2025-03-03T08:02:42.980Z,0,rayyan@rayyan.ai,164693906,"""__SYSTEM__SAMPLE__5ef013fd1ac260e2ad077cb0f803864e_15286""",1
2025-03-03T08:02:42.980Z,0,rayyan@rayyan.ai,164706955,"""__SYSTEM__SAMPLE__5ef013fd1ac260e2ad077cb0f803864e_15286""",1
2025-03-03T08:02:42.980Z,0,rayyan@rayyan.ai,153495822,"""__SYSTEM__SAMPLE__5ef013fd1ac260e2ad077cb0f803864e_15286""",1
2025-03-03T08:02:42.980Z,0,rayyan@rayyan.ai,153496315,"""__SYSTEM__SAMPLE__5ef013fd1ac260e2ad077cb0f803864e_15286""",1
2025-03-03T08:02:42.980Z,0,rayyan@rayyan.ai,83177472,"""__SYSTEM__SAMPLE__5ef013fd1ac260e2ad077cb0f803864e_15286""",1
2025-03-03T08:02:42.980Z,0,rayyan@rayyan.ai,153491833,"""__SYSTEM__SAMPLE__5ef013fd1ac260e2ad077cb0f803864e_15286""",1
2025-03-03T08:02:43.019Z,0,rayyan@rayyan.ai,164691425,"""__SYSTEM__SAMPLE__5ef013fd1ac260e2ad077cb0f803864e_15286""",1
2025-03-03T08:02:43.019Z,0,rayyan@rayyan.ai,164699446,"""__SYSTEM__SAMPLE__5ef013fd1ac260e2ad077cb0f803864e_15286""",1
2025-03-03T08:02:43.019Z,0,rayyan@rayyan.ai,164698461,"""__SYSTEM__SAMPLE__5ef013fd1ac260e2ad077cb0f803864e_15286""",1
2025-03-03T08:02:43.019Z,0,rayyan@rayyan.ai,153492122,"""__SYSTEM__SAMPLE__5ef013fd1ac260e2ad077cb0f803864e_15286""",1
2025-03-03T08:02:43.019Z,0,rayyan@rayyan.ai,164687594,"""__SYSTEM__SAMPLE__5ef013fd1ac260e2ad077cb0f803864e_15286""",1
2025-03-03T08:02:43.019Z,0,rayyan@rayyan.ai,153493230,"""__SYSTEM__SAMPLE__5ef013fd1ac260e2ad077cb0f803864e_15286""",1
2025-03-03T08:02:43.095Z,0,rayyan@rayyan.ai,164687904,"""__SYSTEM__SAMPLE__5ef013fd1ac260e2ad077cb0f803864e_15286""",1
2025-03-03T08:02:43.095Z,0,rayyan@rayyan.ai,153496122,"""__SYSTEM__SAMPLE__5ef013fd1ac260e2ad077cb0f803864e_15286""",1
2025-03-03T08:02:43.095Z,0,rayyan@rayyan.ai,164691749,"""__SYSTEM__SAMPLE__5ef013fd1ac260e2ad077cb0f803864e_15286""",1
2025-03-03T08:02:43.136Z,0,rayyan@rayyan.ai,164696151,"""__SYSTEM__SAMPLE__5ef013fd1ac260e2ad077cb0f803864e_15286""",1
2025-03-03T08:02:43.136Z,0,rayyan@rayyan.ai,164704716,"""__SYSTEM__SAMPLE__5ef013fd1ac260e2ad077cb0f803864e_15286""",1
2025-03-03T08:02:43.136Z,0,rayyan@rayyan.ai,153496942,"""__SYSTEM__SAMPLE__5ef013fd1ac260e2ad077cb0f803864e_15286""",1
2025-03-03T08:02:43.136Z,0,rayyan@rayyan.ai,164690721,"""__SYSTEM__SAMPLE__5ef013fd1ac260e2ad077cb0f803864e_15286""",1
2025-03-03T08:02:43.136Z,0,rayyan@rayyan.ai,164703193,"""__SYSTEM__SAMPLE__5ef013fd1ac260e2ad077cb0f803864e_15286""",1
2025-03-03T08:02:43.136Z,0,rayyan@rayyan.ai,153485383,"""__SYSTEM__SAMPLE__5ef013fd1ac260e2ad077cb0f803864e_15286""",1
2025-03-03T08:02:43.172Z,0,rayyan@rayyan.ai,164696217,"""__SYSTEM__SAMPLE__5ef013fd1ac260e2ad077cb0f803864e_15286""",1
2025-03-03T08:02:43.172Z,0,rayyan@rayyan.ai,164687983,"""__SYSTEM__SAMPLE__5ef013fd1ac260e2ad077cb0f803864e_15286""",1
2025-03-03T08:02:43.172Z,0,rayyan@rayyan.ai,153489731,"""__SYSTEM__SAMPLE__5ef013fd1ac260e2ad077cb0f803864e_15286""",1
2025-03-03T08:02:43.234Z,0,rayyan@rayyan.ai,153494408,"""__SYSTEM__SAMPLE__5ef013fd1ac260e2ad077cb0f803864e_15286""",1
2025-03-03T08:02:43.474Z,0,rayyan@rayyan.ai,153498592,"""__SYSTEM__SAMPLE__5ef013fd1ac260e2ad077cb0f803864e_15286""",1
2025-03-03T08:02:43.474Z,0,rayyan@rayyan.ai,153493902,"""__SYSTEM__SAMPLE__5ef013fd1ac260e2ad077cb0f803864e_15286""",1
2025-03-03T08:02:43.510Z,0,rayyan@rayyan.ai,164702022,"""__SYSTEM__SAMPLE__5ef013fd1ac260e2ad077cb0f803864e_15286""",1
2025-03-03T08:02:43.510Z,0,rayyan@rayyan.ai,153496333,"""__SYSTEM__SAMPLE__5ef013fd1ac260e2ad077cb0f803864e_15286""",1
2025-03-03T08:02:43.510Z,0,rayyan@rayyan.ai,153498276,"""__SYSTEM__SAMPLE__5ef013fd1ac260e2ad077cb0f803864e_15286""",1
2025-03-03T08:02:43.510Z,0,rayyan@rayyan.ai,164703271,"""__SYSTEM__SAMPLE__5ef013fd1ac260e2ad077cb0f803864e_15286""",1
2025-03-03T08:03:13.329Z,793579,prishnee.bissessur1@gmail.com,153496823,"""__EXR__Not about conservation""",1
2025-03-03T08:03:13.345Z,793579,prishnee.bissessur1@gmail.com,153496823,included,-1
2025-03-03T08:03:13.358Z,793579,prishnee.bissessur1@gmail.com,153496823,"""__EXR__Not about policy or practice""",1
2025-03-03T08:03:13.368Z,793579,prishnee.bissessur1@gmail.com,153496823,included,-1
2025-03-03T08:03:23.313Z,793579,prishnee.bissessur1@gmail.com,153496828,"""__EXR__Not about conservation""",1
2025-03-03T08:03:23.326Z,793579,prishnee.bissessur1@gmail.com,153496828,included,-1
2025-03-03T08:03:41.521Z,793579,prishnee.bissessur1@gmail.com,153496879,"""__EXR__Not about factors that influence evidence use""",1
2025-03-03T08:03:41.531Z,793579,prishnee.bissessur1@gmail.com,153496879,included,-1
2025-03-03T08:03:46.462Z,793579,prishnee.bissessur1@gmail.com,153497130,"""__EXR__Not about conservation""",1
2025-03-03T08:03:46.472Z,793579,prishnee.bissessur1@gmail.com,153497130,included,-1
2025-03-03T08:04:19.498Z,793579,prishnee.bissessur1@gmail.com,153497229,"""__EXR__Not about factors that influence evidence use""",1
2025-03-03T08:04:19.508Z,793579,prishnee.bissessur1@gmail.com,153497229,included,-1
2025-03-03T08:04:27.511Z,793579,prishnee.bissessur1@gmail.com,153497290,"""__EXR__Not about factors that influence evidence use""",1
2025-03-03T08:04:27.520Z,793579,prishnee.bissessur1@gmail.com,153497290,included,-1
2025-03-03T08:05:23.075Z,0,rayyan@rayyan.ai,153489193,"""__SYSTEM__SAMPLE__7e180c281ac02758a82cc34f7e6794d7_15287""",1
2025-03-03T08:05:23.075Z,0,rayyan@rayyan.ai,164702843,"""__SYSTEM__SAMPLE__7e180c281ac02758a82cc34f7e6794d7_15287""",1
2025-03-03T08:05:23.075Z,0,rayyan@rayyan.ai,164692970,"""__SYSTEM__SAMPLE__7e180c281ac02758a82cc34f7e6794d7_15287""",1
2025-03-03T08:05:23.075Z,0,rayyan@rayyan.ai,164701458,"""__SYSTEM__SAMPLE__7e180c281ac02758a82cc34f7e6794d7_15287""",1
2025-03-03T08:05:23.075Z,0,rayyan@rayyan.ai,164691451,"""__SYSTEM__SAMPLE__7e180c281ac02758a82cc34f7e6794d7_15287""",1
2025-03-03T08:05:23.075Z,0,rayyan@rayyan.ai,153492891,"""__SYSTEM__SAMPLE__7e180c281ac02758a82cc34f7e6794d7_15287""",1
2025-03-03T08:05:23.075Z,0,rayyan@rayyan.ai,164700871,"""__SYSTEM__SAMPLE__7e180c281ac02758a82cc34f7e6794d7_15287""",1
2025-03-03T08:05:23.118Z,0,rayyan@rayyan.ai,153489236,"""__SYSTEM__SAMPLE__7e180c281ac02758a82cc34f7e6794d7_15287""",1
2025-03-03T08:05:23.118Z,0,rayyan@rayyan.ai,153493294,"""__SYSTEM__SAMPLE__7e180c281ac02758a82cc34f7e6794d7_15287""",1
2025-03-03T08:05:23.118Z,0,rayyan@rayyan.ai,164702633,"""__SYSTEM__SAMPLE__7e180c281ac02758a82cc34f7e6794d7_15287""",1
2025-03-03T08:05:23.118Z,0,rayyan@rayyan.ai,164695314,"""__SYSTEM__SAMPLE__7e180c281ac02758a82cc34f7e6794d7_15287""",1
2025-03-03T08:05:23.118Z,0,rayyan@rayyan.ai,164701024,"""__SYSTEM__SAMPLE__7e180c281ac02758a82cc34f7e6794d7_15287""",1
2025-03-03T08:05:23.160Z,0,rayyan@rayyan.ai,164704214,"""__SYSTEM__SAMPLE__7e180c281ac02758a82cc34f7e6794d7_15287""",1
2025-03-03T08:05:23.160Z,0,rayyan@rayyan.ai,164696960,"""__SYSTEM__SAMPLE__7e180c281ac02758a82cc34f7e6794d7_15287""",1
2025-03-03T08:05:23.160Z,0,rayyan@rayyan.ai,153493695,"""__SYSTEM__SAMPLE__7e180c281ac02758a82cc34f7e6794d7_15287""",1
2025-03-03T08:05:23.197Z,0,rayyan@rayyan.ai,153485874,"""__SYSTEM__SAMPLE__7e180c281ac02758a82cc34f7e6794d7_15287""",1
2025-03-03T08:05:23.197Z,0,rayyan@rayyan.ai,153496699,"""__SYSTEM__SAMPLE__7e180c281ac02758a82cc34f7e6794d7_15287""",1
2025-03-03T08:05:23.197Z,0,rayyan@rayyan.ai,153496226,"""__SYSTEM__SAMPLE__7e180c281ac02758a82cc34f7e6794d7_15287""",1
2025-03-03T08:05:23.197Z,0,rayyan@rayyan.ai,153497959,"""__SYSTEM__SAMPLE__7e180c281ac02758a82cc34f7e6794d7_15287""",1
2025-03-03T08:05:23.197Z,0,rayyan@rayyan.ai,153488960,"""__SYSTEM__SAMPLE__7e180c281ac02758a82cc34f7e6794d7_15287""",1
2025-03-03T08:05:23.232Z,0,rayyan@rayyan.ai,164703629,"""__SYSTEM__SAMPLE__7e180c281ac02758a82cc34f7e6794d7_15287""",1
2025-03-03T08:05:23.232Z,0,rayyan@rayyan.ai,164703853,"""__SYSTEM__SAMPLE__7e180c281ac02758a82cc34f7e6794d7_15287""",1
2025-03-03T08:05:23.269Z,0,rayyan@rayyan.ai,153489341,"""__SYSTEM__SAMPLE__7e180c281ac02758a82cc34f7e6794d7_15287""",1
2025-03-03T08:05:23.269Z,0,rayyan@rayyan.ai,153489512,"""__SYSTEM__SAMPLE__7e180c281ac02758a82cc34f7e6794d7_15287""",1
2025-03-03T08:05:23.305Z,0,rayyan@rayyan.ai,164699199,"""__SYSTEM__SAMPLE__7e180c281ac02758a82cc34f7e6794d7_15287""",1
2025-03-03T08:05:23.305Z,0,rayyan@rayyan.ai,164703696,"""__SYSTEM__SAMPLE__7e180c281ac02758a82cc34f7e6794d7_15287""",1
2025-03-03T08:05:23.305Z,0,rayyan@rayyan.ai,153486269,"""__SYSTEM__SAMPLE__7e180c281ac02758a82cc34f7e6794d7_15287""",1
2025-03-03T08:05:23.305Z,0,rayyan@rayyan.ai,164689211,"""__SYSTEM__SAMPLE__7e180c281ac02758a82cc34f7e6794d7_15287""",1
2025-03-03T08:05:23.305Z,0,rayyan@rayyan.ai,153485352,"""__SYSTEM__SAMPLE__7e180c281ac02758a82cc34f7e6794d7_15287""",1
2025-03-03T08:05:23.336Z,0,rayyan@rayyan.ai,153490991,"""__SYSTEM__SAMPLE__7e180c281ac02758a82cc34f7e6794d7_15287""",1
2025-03-03T08:05:23.336Z,0,rayyan@rayyan.ai,164706929,"""__SYSTEM__SAMPLE__7e180c281ac02758a82cc34f7e6794d7_15287""",1
2025-03-03T08:05:23.336Z,0,rayyan@rayyan.ai,153490669,"""__SYSTEM__SAMPLE__7e180c281ac02758a82cc34f7e6794d7_15287""",1
2025-03-03T08:05:23.336Z,0,rayyan@rayyan.ai,153492299,"""__SYSTEM__SAMPLE__7e180c281ac02758a82cc34f7e6794d7_15287""",1
2025-03-03T08:05:23.336Z,0,rayyan@rayyan.ai,164700540,"""__SYSTEM__SAMPLE__7e180c281ac02758a82cc34f7e6794d7_15287""",1
2025-03-03T08:05:23.369Z,0,rayyan@rayyan.ai,153499339,"""__SYSTEM__SAMPLE__7e180c281ac02758a82cc34f7e6794d7_15287""",1
2025-03-03T08:05:23.369Z,0,rayyan@rayyan.ai,153496722,"""__SYSTEM__SAMPLE__7e180c281ac02758a82cc34f7e6794d7_15287""",1
2025-03-03T08:05:23.369Z,0,rayyan@rayyan.ai,164704717,"""__SYSTEM__SAMPLE__7e180c281ac02758a82cc34f7e6794d7_15287""",1
2025-03-03T08:05:23.369Z,0,rayyan@rayyan.ai,153491033,"""__SYSTEM__SAMPLE__7e180c281ac02758a82cc34f7e6794d7_15287""",1
2025-03-03T08:05:23.369Z,0,rayyan@rayyan.ai,164705589,"""__SYSTEM__SAMPLE__7e180c281ac02758a82cc34f7e6794d7_15287""",1
2025-03-03T08:05:23.369Z,0,rayyan@rayyan.ai,153495925,"""__SYSTEM__SAMPLE__7e180c281ac02758a82cc34f7e6794d7_15287""",1
2025-03-03T08:05:23.404Z,0,rayyan@rayyan.ai,164704341,"""__SYSTEM__SAMPLE__7e180c281ac02758a82cc34f7e6794d7_15287""",1
2025-03-03T08:05:23.404Z,0,rayyan@rayyan.ai,164686112,"""__SYSTEM__SAMPLE__7e180c281ac02758a82cc34f7e6794d7_15287""",1
2025-03-03T08:05:23.404Z,0,rayyan@rayyan.ai,164686729,"""__SYSTEM__SAMPLE__7e180c281ac02758a82cc34f7e6794d7_15287""",1
2025-03-03T08:05:23.404Z,0,rayyan@rayyan.ai,164704664,"""__SYSTEM__SAMPLE__7e180c281ac02758a82cc34f7e6794d7_15287""",1
2025-03-03T08:05:23.437Z,0,rayyan@rayyan.ai,164692518,"""__SYSTEM__SAMPLE__7e180c281ac02758a82cc34f7e6794d7_15287""",1
2025-03-03T08:05:23.437Z,0,rayyan@rayyan.ai,164695066,"""__SYSTEM__SAMPLE__7e180c281ac02758a82cc34f7e6794d7_15287""",1
2025-03-03T08:05:23.470Z,0,rayyan@rayyan.ai,153497229,"""__SYSTEM__SAMPLE__7e180c281ac02758a82cc34f7e6794d7_15287""",1
2025-03-03T08:05:23.470Z,0,rayyan@rayyan.ai,153489059,"""__SYSTEM__SAMPLE__7e180c281ac02758a82cc34f7e6794d7_15287""",1
2025-03-03T08:05:23.470Z,0,rayyan@rayyan.ai,164703293,"""__SYSTEM__SAMPLE__7e180c281ac02758a82cc34f7e6794d7_15287""",1
2025-03-03T08:05:23.501Z,0,rayyan@rayyan.ai,153493198,"""__SYSTEM__SAMPLE__7e180c281ac02758a82cc34f7e6794d7_15287""",1
2025-03-03T08:05:23.501Z,0,rayyan@rayyan.ai,153495214,"""__SYSTEM__SAMPLE__7e180c281ac02758a82cc34f7e6794d7_15287""",1
2025-03-03T08:05:23.501Z,0,rayyan@rayyan.ai,153488454,"""__SYSTEM__SAMPLE__7e180c281ac02758a82cc34f7e6794d7_15287""",1
2025-03-03T08:05:23.501Z,0,rayyan@rayyan.ai,153491982,"""__SYSTEM__SAMPLE__7e180c281ac02758a82cc34f7e6794d7_15287""",1
2025-03-03T08:05:23.501Z,0,rayyan@rayyan.ai,164698387,"""__SYSTEM__SAMPLE__7e180c281ac02758a82cc34f7e6794d7_15287""",1
2025-03-03T08:05:23.501Z,0,rayyan@rayyan.ai,164695736,"""__SYSTEM__SAMPLE__7e180c281ac02758a82cc34f7e6794d7_15287""",1
2025-03-03T08:05:23.501Z,0,rayyan@rayyan.ai,153493339,"""__SYSTEM__SAMPLE__7e180c281ac02758a82cc34f7e6794d7_15287""",1
2025-03-03T08:05:23.538Z,0,rayyan@rayyan.ai,164706672,"""__SYSTEM__SAMPLE__7e180c281ac02758a82cc34f7e6794d7_15287""",1
2025-03-03T08:05:23.538Z,0,rayyan@rayyan.ai,164703474,"""__SYSTEM__SAMPLE__7e180c281ac02758a82cc34f7e6794d7_15287""",1
2025-03-03T08:05:23.538Z,0,rayyan@rayyan.ai,153492710,"""__SYSTEM__SAMPLE__7e180c281ac02758a82cc34f7e6794d7_15287""",1
2025-03-03T08:05:23.538Z,0,rayyan@rayyan.ai,153485370,"""__SYSTEM__SAMPLE__7e180c281ac02758a82cc34f7e6794d7_15287""",1
2025-03-03T08:05:23.538Z,0,rayyan@rayyan.ai,153489503,"""__SYSTEM__SAMPLE__7e180c281ac02758a82cc34f7e6794d7_15287""",1
2025-03-03T08:05:23.574Z,0,rayyan@rayyan.ai,164704690,"""__SYSTEM__SAMPLE__7e180c281ac02758a82cc34f7e6794d7_15287""",1
2025-03-03T08:05:23.574Z,0,rayyan@rayyan.ai,164696516,"""__SYSTEM__SAMPLE__7e180c281ac02758a82cc34f7e6794d7_15287""",1
2025-03-03T08:05:23.574Z,0,rayyan@rayyan.ai,153486297,"""__SYSTEM__SAMPLE__7e180c281ac02758a82cc34f7e6794d7_15287""",1
2025-03-03T08:05:23.609Z,0,rayyan@rayyan.ai,153489065,"""__SYSTEM__SAMPLE__7e180c281ac02758a82cc34f7e6794d7_15287""",1
2025-03-03T08:05:23.609Z,0,rayyan@rayyan.ai,164704851,"""__SYSTEM__SAMPLE__7e180c281ac02758a82cc34f7e6794d7_15287""",1
2025-03-03T08:05:23.609Z,0,rayyan@rayyan.ai,153493932,"""__SYSTEM__SAMPLE__7e180c281ac02758a82cc34f7e6794d7_15287""",1
2025-03-03T08:05:23.797Z,0,rayyan@rayyan.ai,153485823,"""__SYSTEM__SAMPLE__7e180c281ac02758a82cc34f7e6794d7_15287""",1
2025-03-03T08:05:23.797Z,0,rayyan@rayyan.ai,164693150,"""__SYSTEM__SAMPLE__7e180c281ac02758a82cc34f7e6794d7_15287""",1
2025-03-03T08:05:23.797Z,0,rayyan@rayyan.ai,153498076,"""__SYSTEM__SAMPLE__7e180c281ac02758a82cc34f7e6794d7_15287""",1
2025-03-03T08:05:23.797Z,0,rayyan@rayyan.ai,164686490,"""__SYSTEM__SAMPLE__7e180c281ac02758a82cc34f7e6794d7_15287""",1
2025-03-03T08:05:23.797Z,0,rayyan@rayyan.ai,164694183,"""__SYSTEM__SAMPLE__7e180c281ac02758a82cc34f7e6794d7_15287""",1
2025-03-03T08:05:23.797Z,0,rayyan@rayyan.ai,153488827,"""__SYSTEM__SAMPLE__7e180c281ac02758a82cc34f7e6794d7_15287""",1
2025-03-03T08:05:23.797Z,0,rayyan@rayyan.ai,153489324,"""__SYSTEM__SAMPLE__7e180c281ac02758a82cc34f7e6794d7_15287""",1
2025-03-03T08:05:23.797Z,0,rayyan@rayyan.ai,164693963,"""__SYSTEM__SAMPLE__7e180c281ac02758a82cc34f7e6794d7_15287""",1
2025-03-03T08:05:23.797Z,0,rayyan@rayyan.ai,153494700,"""__SYSTEM__SAMPLE__7e180c281ac02758a82cc34f7e6794d7_15287""",1
2025-03-03T08:05:23.797Z,0,rayyan@rayyan.ai,164700930,"""__SYSTEM__SAMPLE__7e180c281ac02758a82cc34f7e6794d7_15287""",1
2025-03-03T08:05:23.836Z,0,rayyan@rayyan.ai,153489720,"""__SYSTEM__SAMPLE__7e180c281ac02758a82cc34f7e6794d7_15287""",1
2025-03-03T08:05:23.836Z,0,rayyan@rayyan.ai,164701580,"""__SYSTEM__SAMPLE__7e180c281ac02758a82cc34f7e6794d7_15287""",1
2025-03-03T08:05:23.836Z,0,rayyan@rayyan.ai,153489995,"""__SYSTEM__SAMPLE__7e180c281ac02758a82cc34f7e6794d7_15287""",1
2025-03-03T08:05:23.836Z,0,rayyan@rayyan.ai,164686299,"""__SYSTEM__SAMPLE__7e180c281ac02758a82cc34f7e6794d7_15287""",1
2025-03-03T08:05:23.836Z,0,rayyan@rayyan.ai,153490003,"""__SYSTEM__SAMPLE__7e180c281ac02758a82cc34f7e6794d7_15287""",1
2025-03-03T08:05:23.879Z,0,rayyan@rayyan.ai,153485888,"""__SYSTEM__SAMPLE__7e180c281ac02758a82cc34f7e6794d7_15287""",1
2025-03-03T08:05:23.879Z,0,rayyan@rayyan.ai,164697805,"""__SYSTEM__SAMPLE__7e180c281ac02758a82cc34f7e6794d7_15287""",1
2025-03-03T08:05:23.918Z,0,rayyan@rayyan.ai,164693880,"""__SYSTEM__SAMPLE__7e180c281ac02758a82cc34f7e6794d7_15287""",1
2025-03-03T08:05:23.918Z,0,rayyan@rayyan.ai,153499228,"""__SYSTEM__SAMPLE__7e180c281ac02758a82cc34f7e6794d7_15287""",1
2025-03-03T08:05:23.918Z,0,rayyan@rayyan.ai,153497551,"""__SYSTEM__SAMPLE__7e180c281ac02758a82cc34f7e6794d7_15287""",1
2025-03-03T08:05:23.918Z,0,rayyan@rayyan.ai,153492251,"""__SYSTEM__SAMPLE__7e180c281ac02758a82cc34f7e6794d7_15287""",1
2025-03-03T08:05:23.918Z,0,rayyan@rayyan.ai,153487148,"""__SYSTEM__SAMPLE__7e180c281ac02758a82cc34f7e6794d7_15287""",1
2025-03-03T08:05:23.918Z,0,rayyan@rayyan.ai,164700183,"""__SYSTEM__SAMPLE__7e180c281ac02758a82cc34f7e6794d7_15287""",1
2025-03-03T08:05:23.962Z,0,rayyan@rayyan.ai,153494188,"""__SYSTEM__SAMPLE__7e180c281ac02758a82cc34f7e6794d7_15288""",1
2025-03-03T08:05:23.962Z,0,rayyan@rayyan.ai,164693488,"""__SYSTEM__SAMPLE__7e180c281ac02758a82cc34f7e6794d7_15288""",1
2025-03-03T08:05:23.962Z,0,rayyan@rayyan.ai,153498316,"""__SYSTEM__SAMPLE__7e180c281ac02758a82cc34f7e6794d7_15288""",1
2025-03-03T08:05:23.962Z,0,rayyan@rayyan.ai,153496978,"""__SYSTEM__SAMPLE__7e180c281ac02758a82cc34f7e6794d7_15288""",1
2025-03-03T08:05:23.998Z,0,rayyan@rayyan.ai,153491462,"""__SYSTEM__SAMPLE__7e180c281ac02758a82cc34f7e6794d7_15288""",1
2025-03-03T08:05:23.998Z,0,rayyan@rayyan.ai,164696327,"""__SYSTEM__SAMPLE__7e180c281ac02758a82cc34f7e6794d7_15288""",1
2025-03-03T08:05:23.998Z,0,rayyan@rayyan.ai,153486748,"""__SYSTEM__SAMPLE__7e180c281ac02758a82cc34f7e6794d7_15288""",1
2025-03-03T08:05:23.998Z,0,rayyan@rayyan.ai,164705756,"""__SYSTEM__SAMPLE__7e180c281ac02758a82cc34f7e6794d7_15288""",1
2025-03-03T08:05:23.998Z,0,rayyan@rayyan.ai,164702073,"""__SYSTEM__SAMPLE__7e180c281ac02758a82cc34f7e6794d7_15288""",1
2025-03-03T08:05:24.037Z,0,rayyan@rayyan.ai,164704596,"""__SYSTEM__SAMPLE__7e180c281ac02758a82cc34f7e6794d7_15288""",1
2025-03-03T08:05:24.037Z,0,rayyan@rayyan.ai,153488645,"""__SYSTEM__SAMPLE__7e180c281ac02758a82cc34f7e6794d7_15288""",1
2025-03-03T08:05:24.037Z,0,rayyan@rayyan.ai,153498229,"""__SYSTEM__SAMPLE__7e180c281ac02758a82cc34f7e6794d7_15288""",1
2025-03-03T08:05:24.037Z,0,rayyan@rayyan.ai,153494379,"""__SYSTEM__SAMPLE__7e180c281ac02758a82cc34f7e6794d7_15288""",1
2025-03-03T08:05:24.037Z,0,rayyan@rayyan.ai,164691749,"""__SYSTEM__SAMPLE__7e180c281ac02758a82cc34f7e6794d7_15288""",1
2025-03-03T08:05:24.037Z,0,rayyan@rayyan.ai,153498441,"""__SYSTEM__SAMPLE__7e180c281ac02758a82cc34f7e6794d7_15288""",1
2025-03-03T08:05:24.037Z,0,rayyan@rayyan.ai,153496084,"""__SYSTEM__SAMPLE__7e180c281ac02758a82cc34f7e6794d7_15288""",1
2025-03-03T08:05:24.037Z,0,rayyan@rayyan.ai,153493634,"""__SYSTEM__SAMPLE__7e180c281ac02758a82cc34f7e6794d7_15288""",1
2025-03-03T08:05:24.037Z,0,rayyan@rayyan.ai,153493761,"""__SYSTEM__SAMPLE__7e180c281ac02758a82cc34f7e6794d7_15288""",1
2025-03-03T08:05:24.071Z,0,rayyan@rayyan.ai,164703193,"""__SYSTEM__SAMPLE__7e180c281ac02758a82cc34f7e6794d7_15288""",1
2025-03-03T08:05:24.071Z,0,rayyan@rayyan.ai,164705153,"""__SYSTEM__SAMPLE__7e180c281ac02758a82cc34f7e6794d7_15288""",1
2025-03-03T08:05:24.071Z,0,rayyan@rayyan.ai,164696225,"""__SYSTEM__SAMPLE__7e180c281ac02758a82cc34f7e6794d7_15288""",1
2025-03-03T08:05:24.102Z,0,rayyan@rayyan.ai,153494218,"""__SYSTEM__SAMPLE__7e180c281ac02758a82cc34f7e6794d7_15288""",1
2025-03-03T08:05:24.102Z,0,rayyan@rayyan.ai,153491851,"""__SYSTEM__SAMPLE__7e180c281ac02758a82cc34f7e6794d7_15288""",1
2025-03-03T08:05:24.102Z,0,rayyan@rayyan.ai,164693681,"""__SYSTEM__SAMPLE__7e180c281ac02758a82cc34f7e6794d7_15288""",1
2025-03-03T08:05:24.102Z,0,rayyan@rayyan.ai,153497855,"""__SYSTEM__SAMPLE__7e180c281ac02758a82cc34f7e6794d7_15288""",1
2025-03-03T08:05:24.102Z,0,rayyan@rayyan.ai,153499261,"""__SYSTEM__SAMPLE__7e180c281ac02758a82cc34f7e6794d7_15288""",1
2025-03-03T08:05:24.283Z,0,rayyan@rayyan.ai,164693218,"""__SYSTEM__SAMPLE__7e180c281ac02758a82cc34f7e6794d7_15288""",1
2025-03-03T08:05:24.283Z,0,rayyan@rayyan.ai,153488280,"""__SYSTEM__SAMPLE__7e180c281ac02758a82cc34f7e6794d7_15288""",1
2025-03-03T08:05:24.283Z,0,rayyan@rayyan.ai,153486799,"""__SYSTEM__SAMPLE__7e180c281ac02758a82cc34f7e6794d7_15288""",1
2025-03-03T08:05:24.315Z,0,rayyan@rayyan.ai,153496529,"""__SYSTEM__SAMPLE__7e180c281ac02758a82cc34f7e6794d7_15288""",1
2025-03-03T08:05:24.315Z,0,rayyan@rayyan.ai,164698289,"""__SYSTEM__SAMPLE__7e180c281ac02758a82cc34f7e6794d7_15288""",1
2025-03-03T08:05:24.315Z,0,rayyan@rayyan.ai,164690622,"""__SYSTEM__SAMPLE__7e180c281ac02758a82cc34f7e6794d7_15288""",1
2025-03-03T08:05:24.351Z,0,rayyan@rayyan.ai,153488277,"""__SYSTEM__SAMPLE__7e180c281ac02758a82cc34f7e6794d7_15288""",1
2025-03-03T08:05:24.351Z,0,rayyan@rayyan.ai,153492901,"""__SYSTEM__SAMPLE__7e180c281ac02758a82cc34f7e6794d7_15288""",1
2025-03-03T08:05:24.351Z,0,rayyan@rayyan.ai,164686977,"""__SYSTEM__SAMPLE__7e180c281ac02758a82cc34f7e6794d7_15288""",1
2025-03-03T08:05:24.351Z,0,rayyan@rayyan.ai,164694024,"""__SYSTEM__SAMPLE__7e180c281ac02758a82cc34f7e6794d7_15288""",1
2025-03-03T08:05:24.351Z,0,rayyan@rayyan.ai,164685326,"""__SYSTEM__SAMPLE__7e180c281ac02758a82cc34f7e6794d7_15288""",1
2025-03-03T08:05:24.351Z,0,rayyan@rayyan.ai,164698461,"""__SYSTEM__SAMPLE__7e180c281ac02758a82cc34f7e6794d7_15288""",1
2025-03-03T08:05:24.384Z,0,rayyan@rayyan.ai,164696970,"""__SYSTEM__SAMPLE__7e180c281ac02758a82cc34f7e6794d7_15288""",1
2025-03-03T08:05:24.384Z,0,rayyan@rayyan.ai,153491138,"""__SYSTEM__SAMPLE__7e180c281ac02758a82cc34f7e6794d7_15288""",1
2025-03-03T08:05:24.384Z,0,rayyan@rayyan.ai,153494319,"""__SYSTEM__SAMPLE__7e180c281ac02758a82cc34f7e6794d7_15288""",1
2025-03-03T08:05:24.384Z,0,rayyan@rayyan.ai,153499268,"""__SYSTEM__SAMPLE__7e180c281ac02758a82cc34f7e6794d7_15288""",1
2025-03-03T08:05:24.384Z,0,rayyan@rayyan.ai,153487491,"""__SYSTEM__SAMPLE__7e180c281ac02758a82cc34f7e6794d7_15288""",1
2025-03-03T08:05:24.419Z,0,rayyan@rayyan.ai,153491699,"""__SYSTEM__SAMPLE__7e180c281ac02758a82cc34f7e6794d7_15288""",1
2025-03-03T08:05:24.419Z,0,rayyan@rayyan.ai,164700659,"""__SYSTEM__SAMPLE__7e180c281ac02758a82cc34f7e6794d7_15288""",1
2025-03-03T08:05:24.419Z,0,rayyan@rayyan.ai,153486206,"""__SYSTEM__SAMPLE__7e180c281ac02758a82cc34f7e6794d7_15288""",1
2025-03-03T08:05:24.419Z,0,rayyan@rayyan.ai,153492209,"""__SYSTEM__SAMPLE__7e180c281ac02758a82cc34f7e6794d7_15288""",1
2025-03-03T08:05:24.419Z,0,rayyan@rayyan.ai,153493589,"""__SYSTEM__SAMPLE__7e180c281ac02758a82cc34f7e6794d7_15288""",1
2025-03-03T08:05:24.450Z,0,rayyan@rayyan.ai,153497881,"""__SYSTEM__SAMPLE__7e180c281ac02758a82cc34f7e6794d7_15288""",1
2025-03-03T08:05:24.450Z,0,rayyan@rayyan.ai,164688720,"""__SYSTEM__SAMPLE__7e180c281ac02758a82cc34f7e6794d7_15288""",1
2025-03-03T08:05:24.450Z,0,rayyan@rayyan.ai,153496512,"""__SYSTEM__SAMPLE__7e180c281ac02758a82cc34f7e6794d7_15288""",1
2025-03-03T08:05:24.450Z,0,rayyan@rayyan.ai,153490118,"""__SYSTEM__SAMPLE__7e180c281ac02758a82cc34f7e6794d7_15288""",1
2025-03-03T08:05:24.450Z,0,rayyan@rayyan.ai,164693960,"""__SYSTEM__SAMPLE__7e180c281ac02758a82cc34f7e6794d7_15288""",1
2025-03-03T08:05:24.483Z,0,rayyan@rayyan.ai,164704771,"""__SYSTEM__SAMPLE__7e180c281ac02758a82cc34f7e6794d7_15288""",1
2025-03-03T08:05:24.483Z,0,rayyan@rayyan.ai,153496159,"""__SYSTEM__SAMPLE__7e180c281ac02758a82cc34f7e6794d7_15288""",1
2025-03-03T08:05:24.483Z,0,rayyan@rayyan.ai,164688731,"""__SYSTEM__SAMPLE__7e180c281ac02758a82cc34f7e6794d7_15288""",1
2025-03-03T08:05:24.483Z,0,rayyan@rayyan.ai,153498132,"""__SYSTEM__SAMPLE__7e180c281ac02758a82cc34f7e6794d7_15288""",1
2025-03-03T08:05:24.483Z,0,rayyan@rayyan.ai,153490031,"""__SYSTEM__SAMPLE__7e180c281ac02758a82cc34f7e6794d7_15288""",1
2025-03-03T08:05:24.483Z,0,rayyan@rayyan.ai,153490622,"""__SYSTEM__SAMPLE__7e180c281ac02758a82cc34f7e6794d7_15288""",1
2025-03-03T08:05:24.519Z,0,rayyan@rayyan.ai,153497745,"""__SYSTEM__SAMPLE__7e180c281ac02758a82cc34f7e6794d7_15288""",1
2025-03-03T08:05:24.519Z,0,rayyan@rayyan.ai,164697448,"""__SYSTEM__SAMPLE__7e180c281ac02758a82cc34f7e6794d7_15288""",1
2025-03-03T08:05:24.519Z,0,rayyan@rayyan.ai,164689279,"""__SYSTEM__SAMPLE__7e180c281ac02758a82cc34f7e6794d7_15288""",1
2025-03-03T08:05:24.519Z,0,rayyan@rayyan.ai,164702715,"""__SYSTEM__SAMPLE__7e180c281ac02758a82cc34f7e6794d7_15288""",1
2025-03-03T08:05:24.519Z,0,rayyan@rayyan.ai,153492425,"""__SYSTEM__SAMPLE__7e180c281ac02758a82cc34f7e6794d7_15288""",1
2025-03-03T08:05:24.519Z,0,rayyan@rayyan.ai,164692479,"""__SYSTEM__SAMPLE__7e180c281ac02758a82cc34f7e6794d7_15288""",1
2025-03-03T08:05:24.519Z,0,rayyan@rayyan.ai,164695863,"""__SYSTEM__SAMPLE__7e180c281ac02758a82cc34f7e6794d7_15288""",1
2025-03-03T08:05:24.519Z,0,rayyan@rayyan.ai,164686759,"""__SYSTEM__SAMPLE__7e180c281ac02758a82cc34f7e6794d7_15288""",1
2025-03-03T08:05:24.793Z,0,rayyan@rayyan.ai,164686350,"""__SYSTEM__SAMPLE__7e180c281ac02758a82cc34f7e6794d7_15288""",1
2025-03-03T08:05:24.793Z,0,rayyan@rayyan.ai,153486960,"""__SYSTEM__SAMPLE__7e180c281ac02758a82cc34f7e6794d7_15288""",1
2025-03-03T08:05:24.793Z,0,rayyan@rayyan.ai,164701293,"""__SYSTEM__SAMPLE__7e180c281ac02758a82cc34f7e6794d7_15288""",1
2025-03-03T08:05:24.793Z,0,rayyan@rayyan.ai,153498617,"""__SYSTEM__SAMPLE__7e180c281ac02758a82cc34f7e6794d7_15288""",1
2025-03-03T08:05:24.793Z,0,rayyan@rayyan.ai,153493720,"""__SYSTEM__SAMPLE__7e180c281ac02758a82cc34f7e6794d7_15288""",1
2025-03-03T08:05:24.836Z,0,rayyan@rayyan.ai,164689902,"""__SYSTEM__SAMPLE__7e180c281ac02758a82cc34f7e6794d7_15288""",1
2025-03-03T08:05:24.836Z,0,rayyan@rayyan.ai,153496920,"""__SYSTEM__SAMPLE__7e180c281ac02758a82cc34f7e6794d7_15288""",1
2025-03-03T08:05:24.836Z,0,rayyan@rayyan.ai,164706843,"""__SYSTEM__SAMPLE__7e180c281ac02758a82cc34f7e6794d7_15288""",1
2025-03-03T08:05:24.836Z,0,rayyan@rayyan.ai,153488978,"""__SYSTEM__SAMPLE__7e180c281ac02758a82cc34f7e6794d7_15288""",1
2025-03-03T08:05:24.836Z,0,rayyan@rayyan.ai,153492115,"""__SYSTEM__SAMPLE__7e180c281ac02758a82cc34f7e6794d7_15288""",1
2025-03-03T08:05:24.836Z,0,rayyan@rayyan.ai,164691648,"""__SYSTEM__SAMPLE__7e180c281ac02758a82cc34f7e6794d7_15288""",1
2025-03-03T08:05:24.836Z,0,rayyan@rayyan.ai,153489597,"""__SYSTEM__SAMPLE__7e180c281ac02758a82cc34f7e6794d7_15288""",1
2025-03-03T08:05:24.836Z,0,rayyan@rayyan.ai,164704255,"""__SYSTEM__SAMPLE__7e180c281ac02758a82cc34f7e6794d7_15288""",1
2025-03-03T08:05:24.836Z,0,rayyan@rayyan.ai,153488504,"""__SYSTEM__SAMPLE__7e180c281ac02758a82cc34f7e6794d7_15288""",1
2025-03-03T08:05:24.894Z,0,rayyan@rayyan.ai,164691119,"""__SYSTEM__SAMPLE__7e180c281ac02758a82cc34f7e6794d7_15288""",1
2025-03-03T08:05:24.894Z,0,rayyan@rayyan.ai,164702980,"""__SYSTEM__SAMPLE__7e180c281ac02758a82cc34f7e6794d7_15288""",1
2025-03-03T08:05:24.894Z,0,rayyan@rayyan.ai,153486030,"""__SYSTEM__SAMPLE__7e180c281ac02758a82cc34f7e6794d7_15288""",1
2025-03-03T08:05:24.894Z,0,rayyan@rayyan.ai,153486535,"""__SYSTEM__SAMPLE__7e180c281ac02758a82cc34f7e6794d7_15288""",1
2025-03-03T08:05:24.894Z,0,rayyan@rayyan.ai,164704862,"""__SYSTEM__SAMPLE__7e180c281ac02758a82cc34f7e6794d7_15288""",1
2025-03-03T08:05:24.894Z,0,rayyan@rayyan.ai,164707068,"""__SYSTEM__SAMPLE__7e180c281ac02758a82cc34f7e6794d7_15288""",1
2025-03-03T08:05:24.924Z,0,rayyan@rayyan.ai,153488236,"""__SYSTEM__SAMPLE__7e180c281ac02758a82cc34f7e6794d7_15288""",1
2025-03-03T08:05:24.924Z,0,rayyan@rayyan.ai,164705576,"""__SYSTEM__SAMPLE__7e180c281ac02758a82cc34f7e6794d7_15288""",1
2025-03-03T08:05:24.924Z,0,rayyan@rayyan.ai,164703172,"""__SYSTEM__SAMPLE__7e180c281ac02758a82cc34f7e6794d7_15288""",1
2025-03-03T08:05:24.924Z,0,rayyan@rayyan.ai,164700210,"""__SYSTEM__SAMPLE__7e180c281ac02758a82cc34f7e6794d7_15288""",1
2025-03-03T08:05:24.924Z,0,rayyan@rayyan.ai,164684664,"""__SYSTEM__SAMPLE__7e180c281ac02758a82cc34f7e6794d7_15288""",1
2025-03-03T08:05:24.957Z,0,rayyan@rayyan.ai,153493941,"""__SYSTEM__SAMPLE__7e180c281ac02758a82cc34f7e6794d7_15288""",1
2025-03-03T08:05:24.957Z,0,rayyan@rayyan.ai,153494826,"""__SYSTEM__SAMPLE__7e180c281ac02758a82cc34f7e6794d7_15288""",1
2025-03-03T08:05:24.957Z,0,rayyan@rayyan.ai,153498018,"""__SYSTEM__SAMPLE__7e180c281ac02758a82cc34f7e6794d7_15288""",1
2025-03-03T08:05:24.957Z,0,rayyan@rayyan.ai,164703307,"""__SYSTEM__SAMPLE__7e180c281ac02758a82cc34f7e6794d7_15288""",1
2025-03-03T08:05:24.992Z,0,rayyan@rayyan.ai,153496823,"""__SYSTEM__SAMPLE__7e180c281ac02758a82cc34f7e6794d7_15288""",1
2025-03-03T08:05:24.992Z,0,rayyan@rayyan.ai,153489333,"""__SYSTEM__SAMPLE__7e180c281ac02758a82cc34f7e6794d7_15288""",1
2025-03-03T08:05:24.992Z,0,rayyan@rayyan.ai,164699794,"""__SYSTEM__SAMPLE__7e180c281ac02758a82cc34f7e6794d7_15288""",1
2025-03-03T08:05:24.992Z,0,rayyan@rayyan.ai,153486174,"""__SYSTEM__SAMPLE__7e180c281ac02758a82cc34f7e6794d7_15288""",1
2025-03-03T08:05:25.045Z,0,rayyan@rayyan.ai,153496122,"""__SYSTEM__SAMPLE__7e180c281ac02758a82cc34f7e6794d7_15288""",1
2025-03-03T08:05:25.089Z,0,rayyan@rayyan.ai,164696026,"""__SYSTEM__SAMPLE__7e180c281ac02758a82cc34f7e6794d7_15289""",1
2025-03-03T08:05:25.089Z,0,rayyan@rayyan.ai,164705435,"""__SYSTEM__SAMPLE__7e180c281ac02758a82cc34f7e6794d7_15289""",1
2025-03-03T08:05:25.089Z,0,rayyan@rayyan.ai,164706518,"""__SYSTEM__SAMPLE__7e180c281ac02758a82cc34f7e6794d7_15289""",1
2025-03-03T08:05:25.089Z,0,rayyan@rayyan.ai,153485869,"""__SYSTEM__SAMPLE__7e180c281ac02758a82cc34f7e6794d7_15289""",1
2025-03-03T08:05:25.089Z,0,rayyan@rayyan.ai,164699550,"""__SYSTEM__SAMPLE__7e180c281ac02758a82cc34f7e6794d7_15289""",1
2025-03-03T08:05:25.089Z,0,rayyan@rayyan.ai,164704337,"""__SYSTEM__SAMPLE__7e180c281ac02758a82cc34f7e6794d7_15289""",1
2025-03-03T08:05:25.127Z,0,rayyan@rayyan.ai,164688696,"""__SYSTEM__SAMPLE__7e180c281ac02758a82cc34f7e6794d7_15289""",1
2025-03-03T08:05:25.127Z,0,rayyan@rayyan.ai,164691198,"""__SYSTEM__SAMPLE__7e180c281ac02758a82cc34f7e6794d7_15289""",1
2025-03-03T08:05:25.127Z,0,rayyan@rayyan.ai,164694697,"""__SYSTEM__SAMPLE__7e180c281ac02758a82cc34f7e6794d7_15289""",1
2025-03-03T08:05:25.164Z,0,rayyan@rayyan.ai,153488591,"""__SYSTEM__SAMPLE__7e180c281ac02758a82cc34f7e6794d7_15289""",1
2025-03-03T08:05:25.164Z,0,rayyan@rayyan.ai,153494500,"""__SYSTEM__SAMPLE__7e180c281ac02758a82cc34f7e6794d7_15289""",1
2025-03-03T08:05:25.164Z,0,rayyan@rayyan.ai,153489950,"""__SYSTEM__SAMPLE__7e180c281ac02758a82cc34f7e6794d7_15289""",1
2025-03-03T08:05:25.164Z,0,rayyan@rayyan.ai,164689512,"""__SYSTEM__SAMPLE__7e180c281ac02758a82cc34f7e6794d7_15289""",1
2025-03-03T08:05:25.164Z,0,rayyan@rayyan.ai,164689539,"""__SYSTEM__SAMPLE__7e180c281ac02758a82cc34f7e6794d7_15289""",1
2025-03-03T08:05:25.164Z,0,rayyan@rayyan.ai,164702281,"""__SYSTEM__SAMPLE__7e180c281ac02758a82cc34f7e6794d7_15289""",1
2025-03-03T08:05:25.197Z,0,rayyan@rayyan.ai,164691684,"""__SYSTEM__SAMPLE__7e180c281ac02758a82cc34f7e6794d7_15289""",1
2025-03-03T08:05:25.197Z,0,rayyan@rayyan.ai,153498568,"""__SYSTEM__SAMPLE__7e180c281ac02758a82cc34f7e6794d7_15289""",1
2025-03-03T08:05:25.197Z,0,rayyan@rayyan.ai,164684999,"""__SYSTEM__SAMPLE__7e180c281ac02758a82cc34f7e6794d7_15289""",1
2025-03-03T08:05:25.197Z,0,rayyan@rayyan.ai,164695226,"""__SYSTEM__SAMPLE__7e180c281ac02758a82cc34f7e6794d7_15289""",1
2025-03-03T08:05:25.235Z,0,rayyan@rayyan.ai,153491833,"""__SYSTEM__SAMPLE__7e180c281ac02758a82cc34f7e6794d7_15289""",1
2025-03-03T08:05:25.235Z,0,rayyan@rayyan.ai,153493039,"""__SYSTEM__SAMPLE__7e180c281ac02758a82cc34f7e6794d7_15289""",1
2025-03-03T08:05:25.235Z,0,rayyan@rayyan.ai,164688555,"""__SYSTEM__SAMPLE__7e180c281ac02758a82cc34f7e6794d7_15289""",1
2025-03-03T08:05:25.269Z,0,rayyan@rayyan.ai,164705816,"""__SYSTEM__SAMPLE__7e180c281ac02758a82cc34f7e6794d7_15289""",1
2025-03-03T08:05:25.302Z,0,rayyan@rayyan.ai,153498648,"""__SYSTEM__SAMPLE__7e180c281ac02758a82cc34f7e6794d7_15289""",1
2025-03-03T08:05:25.302Z,0,rayyan@rayyan.ai,164687730,"""__SYSTEM__SAMPLE__7e180c281ac02758a82cc34f7e6794d7_15289""",1
2025-03-03T08:05:25.302Z,0,rayyan@rayyan.ai,164705631,"""__SYSTEM__SAMPLE__7e180c281ac02758a82cc34f7e6794d7_15289""",1
2025-03-03T08:05:25.302Z,0,rayyan@rayyan.ai,153496828,"""__SYSTEM__SAMPLE__7e180c281ac02758a82cc34f7e6794d7_15289""",1
2025-03-03T08:05:25.302Z,0,rayyan@rayyan.ai,153494073,"""__SYSTEM__SAMPLE__7e180c281ac02758a82cc34f7e6794d7_15289""",1
2025-03-03T08:05:25.302Z,0,rayyan@rayyan.ai,164706955,"""__SYSTEM__SAMPLE__7e180c281ac02758a82cc34f7e6794d7_15289""",1
2025-03-03T08:05:25.336Z,0,rayyan@rayyan.ai,153490534,"""__SYSTEM__SAMPLE__7e180c281ac02758a82cc34f7e6794d7_15289""",1
2025-03-03T08:05:25.336Z,0,rayyan@rayyan.ai,153489109,"""__SYSTEM__SAMPLE__7e180c281ac02758a82cc34f7e6794d7_15289""",1
2025-03-03T08:05:25.336Z,0,rayyan@rayyan.ai,153485324,"""__SYSTEM__SAMPLE__7e180c281ac02758a82cc34f7e6794d7_15289""",1
2025-03-03T08:05:25.516Z,0,rayyan@rayyan.ai,164702022,"""__SYSTEM__SAMPLE__7e180c281ac02758a82cc34f7e6794d7_15289""",1
2025-03-03T08:05:25.516Z,0,rayyan@rayyan.ai,153486381,"""__SYSTEM__SAMPLE__7e180c281ac02758a82cc34f7e6794d7_15289""",1
2025-03-03T08:05:25.516Z,0,rayyan@rayyan.ai,164694140,"""__SYSTEM__SAMPLE__7e180c281ac02758a82cc34f7e6794d7_15289""",1
2025-03-03T08:05:25.693Z,0,rayyan@rayyan.ai,153487125,"""__SYSTEM__SAMPLE__7e180c281ac02758a82cc34f7e6794d7_15289""",1
2025-03-03T08:05:25.693Z,0,rayyan@rayyan.ai,164706525,"""__SYSTEM__SAMPLE__7e180c281ac02758a82cc34f7e6794d7_15289""",1
2025-03-03T08:05:25.693Z,0,rayyan@rayyan.ai,164701807,"""__SYSTEM__SAMPLE__7e180c281ac02758a82cc34f7e6794d7_15289""",1
2025-03-03T08:05:25.693Z,0,rayyan@rayyan.ai,164703739,"""__SYSTEM__SAMPLE__7e180c281ac02758a82cc34f7e6794d7_15289""",1
2025-03-03T08:05:25.727Z,0,rayyan@rayyan.ai,164690852,"""__SYSTEM__SAMPLE__7e180c281ac02758a82cc34f7e6794d7_15289""",1
2025-03-03T08:05:25.760Z,0,rayyan@rayyan.ai,153488658,"""__SYSTEM__SAMPLE__7e180c281ac02758a82cc34f7e6794d7_15289""",1
2025-03-03T08:05:25.760Z,0,rayyan@rayyan.ai,153490166,"""__SYSTEM__SAMPLE__7e180c281ac02758a82cc34f7e6794d7_15289""",1
2025-03-03T08:05:25.760Z,0,rayyan@rayyan.ai,153490882,"""__SYSTEM__SAMPLE__7e180c281ac02758a82cc34f7e6794d7_15289""",1
2025-03-03T08:05:25.792Z,0,rayyan@rayyan.ai,153493902,"""__SYSTEM__SAMPLE__7e180c281ac02758a82cc34f7e6794d7_15289""",1
2025-03-03T08:05:25.792Z,0,rayyan@rayyan.ai,153498981,"""__SYSTEM__SAMPLE__7e180c281ac02758a82cc34f7e6794d7_15289""",1
2025-03-03T08:05:25.792Z,0,rayyan@rayyan.ai,153494893,"""__SYSTEM__SAMPLE__7e180c281ac02758a82cc34f7e6794d7_15289""",1
2025-03-03T08:05:25.792Z,0,rayyan@rayyan.ai,164692036,"""__SYSTEM__SAMPLE__7e180c281ac02758a82cc34f7e6794d7_15289""",1
2025-03-03T08:05:25.792Z,0,rayyan@rayyan.ai,153496721,"""__SYSTEM__SAMPLE__7e180c281ac02758a82cc34f7e6794d7_15289""",1
2025-03-03T08:05:25.822Z,0,rayyan@rayyan.ai,153494216,"""__SYSTEM__SAMPLE__7e180c281ac02758a82cc34f7e6794d7_15289""",1
2025-03-03T08:05:25.822Z,0,rayyan@rayyan.ai,164698502,"""__SYSTEM__SAMPLE__7e180c281ac02758a82cc34f7e6794d7_15289""",1
2025-03-03T08:05:25.822Z,0,rayyan@rayyan.ai,164704898,"""__SYSTEM__SAMPLE__7e180c281ac02758a82cc34f7e6794d7_15289""",1
2025-03-03T08:05:25.862Z,0,rayyan@rayyan.ai,153491688,"""__SYSTEM__SAMPLE__7e180c281ac02758a82cc34f7e6794d7_15289""",1
2025-03-03T08:05:25.862Z,0,rayyan@rayyan.ai,153490176,"""__SYSTEM__SAMPLE__7e180c281ac02758a82cc34f7e6794d7_15289""",1
2025-03-03T08:05:25.862Z,0,rayyan@rayyan.ai,153495438,"""__SYSTEM__SAMPLE__7e180c281ac02758a82cc34f7e6794d7_15289""",1
2025-03-03T08:05:25.862Z,0,rayyan@rayyan.ai,164687752,"""__SYSTEM__SAMPLE__7e180c281ac02758a82cc34f7e6794d7_15289""",1
2025-03-03T08:05:25.862Z,0,rayyan@rayyan.ai,164686712,"""__SYSTEM__SAMPLE__7e180c281ac02758a82cc34f7e6794d7_15289""",1
2025-03-03T08:05:25.900Z,0,rayyan@rayyan.ai,164705559,"""__SYSTEM__SAMPLE__7e180c281ac02758a82cc34f7e6794d7_15289""",1
2025-03-03T08:05:25.900Z,0,rayyan@rayyan.ai,164693814,"""__SYSTEM__SAMPLE__7e180c281ac02758a82cc34f7e6794d7_15289""",1
2025-03-03T08:05:25.900Z,0,rayyan@rayyan.ai,164697349,"""__SYSTEM__SAMPLE__7e180c281ac02758a82cc34f7e6794d7_15289""",1
2025-03-03T08:05:25.900Z,0,rayyan@rayyan.ai,164689960,"""__SYSTEM__SAMPLE__7e180c281ac02758a82cc34f7e6794d7_15289""",1
2025-03-03T08:05:25.900Z,0,rayyan@rayyan.ai,164704242,"""__SYSTEM__SAMPLE__7e180c281ac02758a82cc34f7e6794d7_15289""",1
2025-03-03T08:05:25.900Z,0,rayyan@rayyan.ai,164701892,"""__SYSTEM__SAMPLE__7e180c281ac02758a82cc34f7e6794d7_15289""",1
2025-03-03T08:05:25.939Z,0,rayyan@rayyan.ai,164705124,"""__SYSTEM__SAMPLE__7e180c281ac02758a82cc34f7e6794d7_15289""",1
2025-03-03T08:05:25.939Z,0,rayyan@rayyan.ai,164696262,"""__SYSTEM__SAMPLE__7e180c281ac02758a82cc34f7e6794d7_15289""",1
2025-03-03T08:05:25.939Z,0,rayyan@rayyan.ai,164697197,"""__SYSTEM__SAMPLE__7e180c281ac02758a82cc34f7e6794d7_15289""",1
2025-03-03T08:05:25.939Z,0,rayyan@rayyan.ai,153489266,"""__SYSTEM__SAMPLE__7e180c281ac02758a82cc34f7e6794d7_15289""",1
2025-03-03T08:05:25.939Z,0,rayyan@rayyan.ai,153495551,"""__SYSTEM__SAMPLE__7e180c281ac02758a82cc34f7e6794d7_15289""",1
2025-03-03T08:05:25.939Z,0,rayyan@rayyan.ai,164703930,"""__SYSTEM__SAMPLE__7e180c281ac02758a82cc34f7e6794d7_15289""",1
2025-03-03T08:05:25.974Z,0,rayyan@rayyan.ai,153487181,"""__SYSTEM__SAMPLE__7e180c281ac02758a82cc34f7e6794d7_15289""",1
2025-03-03T08:05:25.974Z,0,rayyan@rayyan.ai,153485983,"""__SYSTEM__SAMPLE__7e180c281ac02758a82cc34f7e6794d7_15289""",1
2025-03-03T08:05:25.974Z,0,rayyan@rayyan.ai,164685682,"""__SYSTEM__SAMPLE__7e180c281ac02758a82cc34f7e6794d7_15289""",1
2025-03-03T08:05:26.008Z,0,rayyan@rayyan.ai,164704399,"""__SYSTEM__SAMPLE__7e180c281ac02758a82cc34f7e6794d7_15289""",1
2025-03-03T08:05:26.008Z,0,rayyan@rayyan.ai,153498998,"""__SYSTEM__SAMPLE__7e180c281ac02758a82cc34f7e6794d7_15289""",1
2025-03-03T08:05:26.008Z,0,rayyan@rayyan.ai,153490255,"""__SYSTEM__SAMPLE__7e180c281ac02758a82cc34f7e6794d7_15289""",1
2025-03-03T08:05:26.008Z,0,rayyan@rayyan.ai,153493704,"""__SYSTEM__SAMPLE__7e180c281ac02758a82cc34f7e6794d7_15289""",1
2025-03-03T08:05:26.041Z,0,rayyan@rayyan.ai,153493906,"""__SYSTEM__SAMPLE__7e180c281ac02758a82cc34f7e6794d7_15289""",1
2025-03-03T08:05:26.041Z,0,rayyan@rayyan.ai,164697847,"""__SYSTEM__SAMPLE__7e180c281ac02758a82cc34f7e6794d7_15289""",1
2025-03-03T08:05:26.041Z,0,rayyan@rayyan.ai,153496802,"""__SYSTEM__SAMPLE__7e180c281ac02758a82cc34f7e6794d7_15289""",1
2025-03-03T08:05:26.085Z,0,rayyan@rayyan.ai,153491473,"""__SYSTEM__SAMPLE__7e180c281ac02758a82cc34f7e6794d7_15290""",1
2025-03-03T08:05:26.085Z,0,rayyan@rayyan.ai,164703432,"""__SYSTEM__SAMPLE__7e180c281ac02758a82cc34f7e6794d7_15290""",1
2025-03-03T08:05:26.085Z,0,rayyan@rayyan.ai,164705222,"""__SYSTEM__SAMPLE__7e180c281ac02758a82cc34f7e6794d7_15290""",1
2025-03-03T08:05:26.085Z,0,rayyan@rayyan.ai,164701585,"""__SYSTEM__SAMPLE__7e180c281ac02758a82cc34f7e6794d7_15290""",1
2025-03-03T08:05:26.117Z,0,rayyan@rayyan.ai,164695476,"""__SYSTEM__SAMPLE__7e180c281ac02758a82cc34f7e6794d7_15290""",1
2025-03-03T08:05:26.117Z,0,rayyan@rayyan.ai,153491773,"""__SYSTEM__SAMPLE__7e180c281ac02758a82cc34f7e6794d7_15290""",1
2025-03-03T08:05:26.117Z,0,rayyan@rayyan.ai,153487054,"""__SYSTEM__SAMPLE__7e180c281ac02758a82cc34f7e6794d7_15290""",1
2025-03-03T08:05:26.150Z,0,rayyan@rayyan.ai,153498401,"""__SYSTEM__SAMPLE__7e180c281ac02758a82cc34f7e6794d7_15290""",1
2025-03-03T08:05:26.150Z,0,rayyan@rayyan.ai,153488250,"""__SYSTEM__SAMPLE__7e180c281ac02758a82cc34f7e6794d7_15290""",1
2025-03-03T08:05:26.150Z,0,rayyan@rayyan.ai,153489306,"""__SYSTEM__SAMPLE__7e180c281ac02758a82cc34f7e6794d7_15290""",1
2025-03-03T08:05:26.150Z,0,rayyan@rayyan.ai,164691467,"""__SYSTEM__SAMPLE__7e180c281ac02758a82cc34f7e6794d7_15290""",1
2025-03-03T08:05:26.150Z,0,rayyan@rayyan.ai,164704946,"""__SYSTEM__SAMPLE__7e180c281ac02758a82cc34f7e6794d7_15290""",1
2025-03-03T08:05:26.184Z,0,rayyan@rayyan.ai,164699824,"""__SYSTEM__SAMPLE__7e180c281ac02758a82cc34f7e6794d7_15290""",1
2025-03-03T08:05:26.184Z,0,rayyan@rayyan.ai,153487317,"""__SYSTEM__SAMPLE__7e180c281ac02758a82cc34f7e6794d7_15290""",1
2025-03-03T08:05:26.184Z,0,rayyan@rayyan.ai,164690523,"""__SYSTEM__SAMPLE__7e180c281ac02758a82cc34f7e6794d7_15290""",1
2025-03-03T08:05:26.184Z,0,rayyan@rayyan.ai,164695704,"""__SYSTEM__SAMPLE__7e180c281ac02758a82cc34f7e6794d7_15290""",1
2025-03-03T08:05:26.184Z,0,rayyan@rayyan.ai,164702611,"""__SYSTEM__SAMPLE__7e180c281ac02758a82cc34f7e6794d7_15290""",1
2025-03-03T08:05:26.184Z,0,rayyan@rayyan.ai,153492718,"""__SYSTEM__SAMPLE__7e180c281ac02758a82cc34f7e6794d7_15290""",1
2025-03-03T08:05:26.374Z,0,rayyan@rayyan.ai,164705458,"""__SYSTEM__SAMPLE__7e180c281ac02758a82cc34f7e6794d7_15290""",1
2025-03-03T08:05:26.374Z,0,rayyan@rayyan.ai,153487940,"""__SYSTEM__SAMPLE__7e180c281ac02758a82cc34f7e6794d7_15290""",1
2025-03-03T08:05:26.374Z,0,rayyan@rayyan.ai,153493794,"""__SYSTEM__SAMPLE__7e180c281ac02758a82cc34f7e6794d7_15290""",1
2025-03-03T08:05:26.374Z,0,rayyan@rayyan.ai,164697427,"""__SYSTEM__SAMPLE__7e180c281ac02758a82cc34f7e6794d7_15290""",1
2025-03-03T08:05:26.411Z,0,rayyan@rayyan.ai,153496643,"""__SYSTEM__SAMPLE__7e180c281ac02758a82cc34f7e6794d7_15290""",1
2025-03-03T08:05:26.411Z,0,rayyan@rayyan.ai,164686140,"""__SYSTEM__SAMPLE__7e180c281ac02758a82cc34f7e6794d7_15290""",1
2025-03-03T08:05:26.411Z,0,rayyan@rayyan.ai,153497290,"""__SYSTEM__SAMPLE__7e180c281ac02758a82cc34f7e6794d7_15290""",1
2025-03-03T08:05:26.446Z,0,rayyan@rayyan.ai,153497131,"""__SYSTEM__SAMPLE__7e180c281ac02758a82cc34f7e6794d7_15290""",1
2025-03-03T08:05:26.446Z,0,rayyan@rayyan.ai,153496457,"""__SYSTEM__SAMPLE__7e180c281ac02758a82cc34f7e6794d7_15290""",1
2025-03-03T08:05:26.483Z,0,rayyan@rayyan.ai,153488597,"""__SYSTEM__SAMPLE__7e180c281ac02758a82cc34f7e6794d7_15290""",1
2025-03-03T08:05:26.483Z,0,rayyan@rayyan.ai,164702883,"""__SYSTEM__SAMPLE__7e180c281ac02758a82cc34f7e6794d7_15290""",1
2025-03-03T08:05:26.483Z,0,rayyan@rayyan.ai,164690628,"""__SYSTEM__SAMPLE__7e180c281ac02758a82cc34f7e6794d7_15290""",1
2025-03-03T08:05:26.483Z,0,rayyan@rayyan.ai,164706020,"""__SYSTEM__SAMPLE__7e180c281ac02758a82cc34f7e6794d7_15290""",1
2025-03-03T08:05:26.483Z,0,rayyan@rayyan.ai,153487616,"""__SYSTEM__SAMPLE__7e180c281ac02758a82cc34f7e6794d7_15290""",1
2025-03-03T08:05:26.483Z,0,rayyan@rayyan.ai,153493700,"""__SYSTEM__SAMPLE__7e180c281ac02758a82cc34f7e6794d7_15290""",1
2025-03-03T08:05:26.522Z,0,rayyan@rayyan.ai,153497945,"""__SYSTEM__SAMPLE__7e180c281ac02758a82cc34f7e6794d7_15290""",1
2025-03-03T08:05:26.522Z,0,rayyan@rayyan.ai,153489286,"""__SYSTEM__SAMPLE__7e180c281ac02758a82cc34f7e6794d7_15290""",1
2025-03-03T08:05:26.522Z,0,rayyan@rayyan.ai,164696999,"""__SYSTEM__SAMPLE__7e180c281ac02758a82cc34f7e6794d7_15290""",1
2025-03-03T08:05:26.553Z,0,rayyan@rayyan.ai,153493006,"""__SYSTEM__SAMPLE__7e180c281ac02758a82cc34f7e6794d7_15290""",1
2025-03-03T08:05:26.553Z,0,rayyan@rayyan.ai,153498098,"""__SYSTEM__SAMPLE__7e180c281ac02758a82cc34f7e6794d7_15290""",1
2025-03-03T08:05:26.553Z,0,rayyan@rayyan.ai,153492122,"""__SYSTEM__SAMPLE__7e180c281ac02758a82cc34f7e6794d7_15290""",1
2025-03-03T08:05:26.588Z,0,rayyan@rayyan.ai,164699130,"""__SYSTEM__SAMPLE__7e180c281ac02758a82cc34f7e6794d7_15290""",1
2025-03-03T08:05:26.588Z,0,rayyan@rayyan.ai,153496909,"""__SYSTEM__SAMPLE__7e180c281ac02758a82cc34f7e6794d7_15290""",1
2025-03-03T08:05:26.588Z,0,rayyan@rayyan.ai,164706101,"""__SYSTEM__SAMPLE__7e180c281ac02758a82cc34f7e6794d7_15290""",1
2025-03-03T08:05:26.621Z,0,rayyan@rayyan.ai,153488405,"""__SYSTEM__SAMPLE__7e180c281ac02758a82cc34f7e6794d7_15290""",1
2025-03-03T08:05:26.621Z,0,rayyan@rayyan.ai,164694599,"""__SYSTEM__SAMPLE__7e180c281ac02758a82cc34f7e6794d7_15290""",1
2025-03-03T08:05:26.657Z,0,rayyan@rayyan.ai,153498051,"""__SYSTEM__SAMPLE__7e180c281ac02758a82cc34f7e6794d7_15290""",1
2025-03-03T08:05:26.657Z,0,rayyan@rayyan.ai,153499271,"""__SYSTEM__SAMPLE__7e180c281ac02758a82cc34f7e6794d7_15290""",1
2025-03-03T08:05:26.691Z,0,rayyan@rayyan.ai,164689097,"""__SYSTEM__SAMPLE__7e180c281ac02758a82cc34f7e6794d7_15290""",1
2025-03-03T08:05:26.691Z,0,rayyan@rayyan.ai,153486277,"""__SYSTEM__SAMPLE__7e180c281ac02758a82cc34f7e6794d7_15290""",1
2025-03-03T08:05:26.691Z,0,rayyan@rayyan.ai,164685395,"""__SYSTEM__SAMPLE__7e180c281ac02758a82cc34f7e6794d7_15290""",1
2025-03-03T08:05:26.691Z,0,rayyan@rayyan.ai,153494802,"""__SYSTEM__SAMPLE__7e180c281ac02758a82cc34f7e6794d7_15290""",1
2025-03-03T08:05:26.870Z,0,rayyan@rayyan.ai,153498592,"""__SYSTEM__SAMPLE__7e180c281ac02758a82cc34f7e6794d7_15290""",1
2025-03-03T08:05:26.870Z,0,rayyan@rayyan.ai,153498039,"""__SYSTEM__SAMPLE__7e180c281ac02758a82cc34f7e6794d7_15290""",1
2025-03-03T08:05:26.870Z,0,rayyan@rayyan.ai,164706007,"""__SYSTEM__SAMPLE__7e180c281ac02758a82cc34f7e6794d7_15290""",1
2025-03-03T08:05:26.870Z,0,rayyan@rayyan.ai,164687937,"""__SYSTEM__SAMPLE__7e180c281ac02758a82cc34f7e6794d7_15290""",1
2025-03-03T08:05:26.870Z,0,rayyan@rayyan.ai,153489980,"""__SYSTEM__SAMPLE__7e180c281ac02758a82cc34f7e6794d7_15290""",1
2025-03-03T08:05:26.901Z,0,rayyan@rayyan.ai,153497219,"""__SYSTEM__SAMPLE__7e180c281ac02758a82cc34f7e6794d7_15290""",1
2025-03-03T08:05:26.901Z,0,rayyan@rayyan.ai,164704427,"""__SYSTEM__SAMPLE__7e180c281ac02758a82cc34f7e6794d7_15290""",1
2025-03-03T08:05:26.901Z,0,rayyan@rayyan.ai,83177992,"""__SYSTEM__SAMPLE__7e180c281ac02758a82cc34f7e6794d7_15290""",1
2025-03-03T08:05:26.937Z,0,rayyan@rayyan.ai,153496333,"""__SYSTEM__SAMPLE__7e180c281ac02758a82cc34f7e6794d7_15290""",1
2025-03-03T08:05:26.937Z,0,rayyan@rayyan.ai,153490921,"""__SYSTEM__SAMPLE__7e180c281ac02758a82cc34f7e6794d7_15290""",1
2025-03-03T08:05:26.937Z,0,rayyan@rayyan.ai,153497099,"""__SYSTEM__SAMPLE__7e180c281ac02758a82cc34f7e6794d7_15290""",1
2025-03-03T08:05:26.937Z,0,rayyan@rayyan.ai,164697339,"""__SYSTEM__SAMPLE__7e180c281ac02758a82cc34f7e6794d7_15290""",1
2025-03-03T08:05:26.937Z,0,rayyan@rayyan.ai,164689163,"""__SYSTEM__SAMPLE__7e180c281ac02758a82cc34f7e6794d7_15290""",1
2025-03-03T08:05:26.969Z,0,rayyan@rayyan.ai,164687721,"""__SYSTEM__SAMPLE__7e180c281ac02758a82cc34f7e6794d7_15290""",1
2025-03-03T08:05:26.969Z,0,rayyan@rayyan.ai,164683841,"""__SYSTEM__SAMPLE__7e180c281ac02758a82cc34f7e6794d7_15290""",1
2025-03-03T08:05:26.969Z,0,rayyan@rayyan.ai,153492357,"""__SYSTEM__SAMPLE__7e180c281ac02758a82cc34f7e6794d7_15290""",1
2025-03-03T08:05:26.969Z,0,rayyan@rayyan.ai,164699974,"""__SYSTEM__SAMPLE__7e180c281ac02758a82cc34f7e6794d7_15290""",1
2025-03-03T08:05:27.003Z,0,rayyan@rayyan.ai,164694874,"""__SYSTEM__SAMPLE__7e180c281ac02758a82cc34f7e6794d7_15290""",1
2025-03-03T08:05:27.003Z,0,rayyan@rayyan.ai,153485563,"""__SYSTEM__SAMPLE__7e180c281ac02758a82cc34f7e6794d7_15290""",1
2025-03-03T08:05:27.003Z,0,rayyan@rayyan.ai,153487214,"""__SYSTEM__SAMPLE__7e180c281ac02758a82cc34f7e6794d7_15290""",1
2025-03-03T08:05:27.003Z,0,rayyan@rayyan.ai,153486659,"""__SYSTEM__SAMPLE__7e180c281ac02758a82cc34f7e6794d7_15290""",1
2025-03-03T08:05:27.044Z,0,rayyan@rayyan.ai,164699006,"""__SYSTEM__SAMPLE__7e180c281ac02758a82cc34f7e6794d7_15290""",1
2025-03-03T08:05:27.044Z,0,rayyan@rayyan.ai,153492747,"""__SYSTEM__SAMPLE__7e180c281ac02758a82cc34f7e6794d7_15290""",1
2025-03-03T08:05:27.044Z,0,rayyan@rayyan.ai,164696687,"""__SYSTEM__SAMPLE__7e180c281ac02758a82cc34f7e6794d7_15290""",1
2025-03-03T08:05:27.085Z,0,rayyan@rayyan.ai,153489403,"""__SYSTEM__SAMPLE__7e180c281ac02758a82cc34f7e6794d7_15291""",1
2025-03-03T08:05:27.085Z,0,rayyan@rayyan.ai,164706760,"""__SYSTEM__SAMPLE__7e180c281ac02758a82cc34f7e6794d7_15291""",1
2025-03-03T08:05:27.085Z,0,rayyan@rayyan.ai,153491632,"""__SYSTEM__SAMPLE__7e180c281ac02758a82cc34f7e6794d7_15291""",1
2025-03-03T08:05:27.085Z,0,rayyan@rayyan.ai,164706193,"""__SYSTEM__SAMPLE__7e180c281ac02758a82cc34f7e6794d7_15291""",1
2025-03-03T08:05:27.085Z,0,rayyan@rayyan.ai,164687237,"""__SYSTEM__SAMPLE__7e180c281ac02758a82cc34f7e6794d7_15291""",1
2025-03-03T08:05:27.085Z,0,rayyan@rayyan.ai,164695306,"""__SYSTEM__SAMPLE__7e180c281ac02758a82cc34f7e6794d7_15291""",1
2025-03-03T08:05:27.085Z,0,rayyan@rayyan.ai,164698865,"""__SYSTEM__SAMPLE__7e180c281ac02758a82cc34f7e6794d7_15291""",1
2025-03-03T08:05:27.085Z,0,rayyan@rayyan.ai,153487074,"""__SYSTEM__SAMPLE__7e180c281ac02758a82cc34f7e6794d7_15291""",1
2025-03-03T08:05:27.271Z,0,rayyan@rayyan.ai,164703489,"""__SYSTEM__SAMPLE__7e180c281ac02758a82cc34f7e6794d7_15291""",1
2025-03-03T08:05:27.271Z,0,rayyan@rayyan.ai,164697817,"""__SYSTEM__SAMPLE__7e180c281ac02758a82cc34f7e6794d7_15291""",1
2025-03-03T08:05:27.304Z,0,rayyan@rayyan.ai,164701358,"""__SYSTEM__SAMPLE__7e180c281ac02758a82cc34f7e6794d7_15291""",1
2025-03-03T08:05:27.304Z,0,rayyan@rayyan.ai,153492261,"""__SYSTEM__SAMPLE__7e180c281ac02758a82cc34f7e6794d7_15291""",1
2025-03-03T08:05:27.304Z,0,rayyan@rayyan.ai,164698866,"""__SYSTEM__SAMPLE__7e180c281ac02758a82cc34f7e6794d7_15291""",1
2025-03-03T08:05:27.304Z,0,rayyan@rayyan.ai,164706358,"""__SYSTEM__SAMPLE__7e180c281ac02758a82cc34f7e6794d7_15291""",1
2025-03-03T08:05:27.304Z,0,rayyan@rayyan.ai,153485282,"""__SYSTEM__SAMPLE__7e180c281ac02758a82cc34f7e6794d7_15291""",1
2025-03-03T08:05:27.304Z,0,rayyan@rayyan.ai,164693726,"""__SYSTEM__SAMPLE__7e180c281ac02758a82cc34f7e6794d7_15291""",1
2025-03-03T08:05:27.304Z,0,rayyan@rayyan.ai,153490925,"""__SYSTEM__SAMPLE__7e180c281ac02758a82cc34f7e6794d7_15291""",1
2025-03-03T08:05:27.304Z,0,rayyan@rayyan.ai,164692651,"""__SYSTEM__SAMPLE__7e180c281ac02758a82cc34f7e6794d7_15291""",1
2025-03-03T08:05:27.338Z,0,rayyan@rayyan.ai,153496921,"""__SYSTEM__SAMPLE__7e180c281ac02758a82cc34f7e6794d7_15291""",1
2025-03-03T08:05:27.338Z,0,rayyan@rayyan.ai,164685617,"""__SYSTEM__SAMPLE__7e180c281ac02758a82cc34f7e6794d7_15291""",1
2025-03-03T08:05:27.338Z,0,rayyan@rayyan.ai,153493885,"""__SYSTEM__SAMPLE__7e180c281ac02758a82cc34f7e6794d7_15291""",1
2025-03-03T08:05:27.338Z,0,rayyan@rayyan.ai,164701787,"""__SYSTEM__SAMPLE__7e180c281ac02758a82cc34f7e6794d7_15291""",1
2025-03-03T08:05:27.338Z,0,rayyan@rayyan.ai,153485688,"""__SYSTEM__SAMPLE__7e180c281ac02758a82cc34f7e6794d7_15291""",1
2025-03-03T08:05:27.370Z,0,rayyan@rayyan.ai,164687334,"""__SYSTEM__SAMPLE__7e180c281ac02758a82cc34f7e6794d7_15291""",1
2025-03-03T08:05:27.370Z,0,rayyan@rayyan.ai,153485586,"""__SYSTEM__SAMPLE__7e180c281ac02758a82cc34f7e6794d7_15291""",1
2025-03-03T08:05:27.370Z,0,rayyan@rayyan.ai,164705303,"""__SYSTEM__SAMPLE__7e180c281ac02758a82cc34f7e6794d7_15291""",1
2025-03-03T08:05:27.370Z,0,rayyan@rayyan.ai,153490183,"""__SYSTEM__SAMPLE__7e180c281ac02758a82cc34f7e6794d7_15291""",1
2025-03-03T08:05:27.370Z,0,rayyan@rayyan.ai,153494190,"""__SYSTEM__SAMPLE__7e180c281ac02758a82cc34f7e6794d7_15291""",1
2025-03-03T08:05:27.401Z,0,rayyan@rayyan.ai,164695732,"""__SYSTEM__SAMPLE__7e180c281ac02758a82cc34f7e6794d7_15291""",1
2025-03-03T08:05:27.401Z,0,rayyan@rayyan.ai,164704108,"""__SYSTEM__SAMPLE__7e180c281ac02758a82cc34f7e6794d7_15291""",1
2025-03-03T08:05:27.401Z,0,rayyan@rayyan.ai,153498231,"""__SYSTEM__SAMPLE__7e180c281ac02758a82cc34f7e6794d7_15291""",1
2025-03-03T08:05:27.401Z,0,rayyan@rayyan.ai,153495050,"""__SYSTEM__SAMPLE__7e180c281ac02758a82cc34f7e6794d7_15291""",1
2025-03-03T08:05:27.401Z,0,rayyan@rayyan.ai,164705763,"""__SYSTEM__SAMPLE__7e180c281ac02758a82cc34f7e6794d7_15291""",1
2025-03-03T08:05:27.401Z,0,rayyan@rayyan.ai,164685181,"""__SYSTEM__SAMPLE__7e180c281ac02758a82cc34f7e6794d7_15291""",1
2025-03-03T08:05:27.401Z,0,rayyan@rayyan.ai,153490424,"""__SYSTEM__SAMPLE__7e180c281ac02758a82cc34f7e6794d7_15291""",1
2025-03-03T08:05:27.527Z,0,rayyan@rayyan.ai,164703580,"""__SYSTEM__SAMPLE__7e180c281ac02758a82cc34f7e6794d7_15291""",1
2025-03-03T08:05:27.527Z,0,rayyan@rayyan.ai,153487665,"""__SYSTEM__SAMPLE__7e180c281ac02758a82cc34f7e6794d7_15291""",1
2025-03-03T08:05:27.527Z,0,rayyan@rayyan.ai,164697457,"""__SYSTEM__SAMPLE__7e180c281ac02758a82cc34f7e6794d7_15291""",1
2025-03-03T08:05:27.562Z,0,rayyan@rayyan.ai,164705886,"""__SYSTEM__SAMPLE__7e180c281ac02758a82cc34f7e6794d7_15291""",1
2025-03-03T08:05:27.594Z,0,rayyan@rayyan.ai,153493910,"""__SYSTEM__SAMPLE__7e180c281ac02758a82cc34f7e6794d7_15291""",1
2025-03-03T08:05:27.594Z,0,rayyan@rayyan.ai,164698489,"""__SYSTEM__SAMPLE__7e180c281ac02758a82cc34f7e6794d7_15291""",1
2025-03-03T08:05:27.594Z,0,rayyan@rayyan.ai,164706933,"""__SYSTEM__SAMPLE__7e180c281ac02758a82cc34f7e6794d7_15291""",1
2025-03-03T08:05:27.594Z,0,rayyan@rayyan.ai,153495822,"""__SYSTEM__SAMPLE__7e180c281ac02758a82cc34f7e6794d7_15291""",1
2025-03-03T08:05:27.594Z,0,rayyan@rayyan.ai,153494778,"""__SYSTEM__SAMPLE__7e180c281ac02758a82cc34f7e6794d7_15291""",1
2025-03-03T08:05:27.594Z,0,rayyan@rayyan.ai,164696217,"""__SYSTEM__SAMPLE__7e180c281ac02758a82cc34f7e6794d7_15291""",1
2025-03-03T08:05:27.628Z,0,rayyan@rayyan.ai,164684751,"""__SYSTEM__SAMPLE__7e180c281ac02758a82cc34f7e6794d7_15291""",1
2025-03-03T08:05:27.628Z,0,rayyan@rayyan.ai,164702751,"""__SYSTEM__SAMPLE__7e180c281ac02758a82cc34f7e6794d7_15291""",1
2025-03-03T08:05:27.628Z,0,rayyan@rayyan.ai,164698258,"""__SYSTEM__SAMPLE__7e180c281ac02758a82cc34f7e6794d7_15291""",1
2025-03-03T08:05:27.628Z,0,rayyan@rayyan.ai,164694670,"""__SYSTEM__SAMPLE__7e180c281ac02758a82cc34f7e6794d7_15291""",1
2025-03-03T08:05:27.628Z,0,rayyan@rayyan.ai,153491641,"""__SYSTEM__SAMPLE__7e180c281ac02758a82cc34f7e6794d7_15291""",1
2025-03-03T08:05:27.664Z,0,rayyan@rayyan.ai,164705058,"""__SYSTEM__SAMPLE__7e180c281ac02758a82cc34f7e6794d7_15291""",1
2025-03-03T08:05:27.664Z,0,rayyan@rayyan.ai,153497006,"""__SYSTEM__SAMPLE__7e180c281ac02758a82cc34f7e6794d7_15291""",1
2025-03-03T08:05:27.664Z,0,rayyan@rayyan.ai,164695545,"""__SYSTEM__SAMPLE__7e180c281ac02758a82cc34f7e6794d7_15291""",1
2025-03-03T08:05:27.664Z,0,rayyan@rayyan.ai,153493911,"""__SYSTEM__SAMPLE__7e180c281ac02758a82cc34f7e6794d7_15291""",1
2025-03-03T08:05:27.664Z,0,rayyan@rayyan.ai,164690779,"""__SYSTEM__SAMPLE__7e180c281ac02758a82cc34f7e6794d7_15291""",1
2025-03-03T08:05:27.697Z,0,rayyan@rayyan.ai,164691499,"""__SYSTEM__SAMPLE__7e180c281ac02758a82cc34f7e6794d7_15291""",1
2025-03-03T08:05:27.697Z,0,rayyan@rayyan.ai,164691110,"""__SYSTEM__SAMPLE__7e180c281ac02758a82cc34f7e6794d7_15291""",1
2025-03-03T08:05:27.728Z,0,rayyan@rayyan.ai,153498602,"""__SYSTEM__SAMPLE__7e180c281ac02758a82cc34f7e6794d7_15291""",1
2025-03-03T08:05:27.728Z,0,rayyan@rayyan.ai,164685820,"""__SYSTEM__SAMPLE__7e180c281ac02758a82cc34f7e6794d7_15291""",1
2025-03-03T08:05:27.728Z,0,rayyan@rayyan.ai,164692437,"""__SYSTEM__SAMPLE__7e180c281ac02758a82cc34f7e6794d7_15291""",1
2025-03-03T08:05:27.728Z,0,rayyan@rayyan.ai,153492560,"""__SYSTEM__SAMPLE__7e180c281ac02758a82cc34f7e6794d7_15291""",1
2025-03-03T08:05:27.728Z,0,rayyan@rayyan.ai,153494852,"""__SYSTEM__SAMPLE__7e180c281ac02758a82cc34f7e6794d7_15291""",1
2025-03-03T08:05:27.728Z,0,rayyan@rayyan.ai,153496133,"""__SYSTEM__SAMPLE__7e180c281ac02758a82cc34f7e6794d7_15291""",1
2025-03-03T08:05:27.760Z,0,rayyan@rayyan.ai,164702347,"""__SYSTEM__SAMPLE__7e180c281ac02758a82cc34f7e6794d7_15291""",1
2025-03-03T08:05:27.791Z,0,rayyan@rayyan.ai,164701068,"""__SYSTEM__SAMPLE__7e180c281ac02758a82cc34f7e6794d7_15291""",1
2025-03-03T08:05:27.791Z,0,rayyan@rayyan.ai,153493637,"""__SYSTEM__SAMPLE__7e180c281ac02758a82cc34f7e6794d7_15291""",1
2025-03-03T08:05:27.791Z,0,rayyan@rayyan.ai,164693077,"""__SYSTEM__SAMPLE__7e180c281ac02758a82cc34f7e6794d7_15291""",1
2025-03-03T08:05:27.791Z,0,rayyan@rayyan.ai,153496942,"""__SYSTEM__SAMPLE__7e180c281ac02758a82cc34f7e6794d7_15291""",1
2025-03-03T08:05:27.791Z,0,rayyan@rayyan.ai,153493099,"""__SYSTEM__SAMPLE__7e180c281ac02758a82cc34f7e6794d7_15291""",1
2025-03-03T08:05:27.824Z,0,rayyan@rayyan.ai,153498122,"""__SYSTEM__SAMPLE__7e180c281ac02758a82cc34f7e6794d7_15291""",1
2025-03-03T08:05:27.824Z,0,rayyan@rayyan.ai,164692973,"""__SYSTEM__SAMPLE__7e180c281ac02758a82cc34f7e6794d7_15291""",1
2025-03-03T08:05:27.824Z,0,rayyan@rayyan.ai,164699617,"""__SYSTEM__SAMPLE__7e180c281ac02758a82cc34f7e6794d7_15291""",1
2025-03-03T08:05:27.857Z,0,rayyan@rayyan.ai,153498259,"""__SYSTEM__SAMPLE__7e180c281ac02758a82cc34f7e6794d7_15291""",1
2025-03-03T08:05:27.857Z,0,rayyan@rayyan.ai,164688305,"""__SYSTEM__SAMPLE__7e180c281ac02758a82cc34f7e6794d7_15291""",1
2025-03-03T08:05:27.857Z,0,rayyan@rayyan.ai,153491064,"""__SYSTEM__SAMPLE__7e180c281ac02758a82cc34f7e6794d7_15291""",1
2025-03-03T08:05:27.857Z,0,rayyan@rayyan.ai,164703007,"""__SYSTEM__SAMPLE__7e180c281ac02758a82cc34f7e6794d7_15291""",1
2025-03-03T08:05:28.045Z,0,rayyan@rayyan.ai,164696558,"""__SYSTEM__SAMPLE__7e180c281ac02758a82cc34f7e6794d7_15291""",1
2025-03-03T08:05:28.045Z,0,rayyan@rayyan.ai,153489611,"""__SYSTEM__SAMPLE__7e180c281ac02758a82cc34f7e6794d7_15291""",1
2025-03-03T08:05:28.045Z,0,rayyan@rayyan.ai,153495563,"""__SYSTEM__SAMPLE__7e180c281ac02758a82cc34f7e6794d7_15291""",1
2025-03-03T08:05:28.078Z,0,rayyan@rayyan.ai,164690203,"""__SYSTEM__SAMPLE__7e180c281ac02758a82cc34f7e6794d7_15291""",1
2025-03-03T08:05:28.078Z,0,rayyan@rayyan.ai,153495900,"""__SYSTEM__SAMPLE__7e180c281ac02758a82cc34f7e6794d7_15291""",1
2025-03-03T08:05:28.078Z,0,rayyan@rayyan.ai,153486436,"""__SYSTEM__SAMPLE__7e180c281ac02758a82cc34f7e6794d7_15291""",1
2025-03-03T08:05:28.078Z,0,rayyan@rayyan.ai,164688968,"""__SYSTEM__SAMPLE__7e180c281ac02758a82cc34f7e6794d7_15291""",1
2025-03-03T08:05:28.078Z,0,rayyan@rayyan.ai,164692578,"""__SYSTEM__SAMPLE__7e180c281ac02758a82cc34f7e6794d7_15291""",1
2025-03-03T08:05:28.078Z,0,rayyan@rayyan.ai,164695962,"""__SYSTEM__SAMPLE__7e180c281ac02758a82cc34f7e6794d7_15291""",1
2025-03-03T08:05:28.261Z,0,rayyan@rayyan.ai,153493109,"""__SYSTEM__SAMPLE__7e180c281ac02758a82cc34f7e6794d7_15291""",1
2025-03-03T08:05:28.261Z,0,rayyan@rayyan.ai,153490830,"""__SYSTEM__SAMPLE__7e180c281ac02758a82cc34f7e6794d7_15291""",1
2025-03-03T08:05:28.261Z,0,rayyan@rayyan.ai,164685125,"""__SYSTEM__SAMPLE__7e180c281ac02758a82cc34f7e6794d7_15291""",1
2025-03-03T08:05:28.261Z,0,rayyan@rayyan.ai,164688585,"""__SYSTEM__SAMPLE__7e180c281ac02758a82cc34f7e6794d7_15291""",1
2025-03-03T08:05:28.261Z,0,rayyan@rayyan.ai,153488553,"""__SYSTEM__SAMPLE__7e180c281ac02758a82cc34f7e6794d7_15291""",1
2025-03-03T08:05:28.302Z,0,rayyan@rayyan.ai,164693226,"""__SYSTEM__SAMPLE__7e180c281ac02758a82cc34f7e6794d7_15292""",1
2025-03-03T08:05:28.302Z,0,rayyan@rayyan.ai,164693930,"""__SYSTEM__SAMPLE__7e180c281ac02758a82cc34f7e6794d7_15292""",1
2025-03-03T08:05:28.302Z,0,rayyan@rayyan.ai,153490586,"""__SYSTEM__SAMPLE__7e180c281ac02758a82cc34f7e6794d7_15292""",1
2025-03-03T08:05:28.334Z,0,rayyan@rayyan.ai,164686105,"""__SYSTEM__SAMPLE__7e180c281ac02758a82cc34f7e6794d7_15292""",1
2025-03-03T08:05:28.334Z,0,rayyan@rayyan.ai,153493780,"""__SYSTEM__SAMPLE__7e180c281ac02758a82cc34f7e6794d7_15292""",1
2025-03-03T08:05:28.334Z,0,rayyan@rayyan.ai,164690917,"""__SYSTEM__SAMPLE__7e180c281ac02758a82cc34f7e6794d7_15292""",1
2025-03-03T08:05:28.368Z,0,rayyan@rayyan.ai,153488821,"""__SYSTEM__SAMPLE__7e180c281ac02758a82cc34f7e6794d7_15292""",1
2025-03-03T08:05:28.401Z,0,rayyan@rayyan.ai,164703271,"""__SYSTEM__SAMPLE__7e180c281ac02758a82cc34f7e6794d7_15292""",1
2025-03-03T08:05:28.401Z,0,rayyan@rayyan.ai,153497172,"""__SYSTEM__SAMPLE__7e180c281ac02758a82cc34f7e6794d7_15292""",1
2025-03-03T08:05:28.432Z,0,rayyan@rayyan.ai,164704363,"""__SYSTEM__SAMPLE__7e180c281ac02758a82cc34f7e6794d7_15292""",1
2025-03-03T08:05:28.432Z,0,rayyan@rayyan.ai,164686484,"""__SYSTEM__SAMPLE__7e180c281ac02758a82cc34f7e6794d7_15292""",1
2025-03-03T08:05:28.432Z,0,rayyan@rayyan.ai,164706245,"""__SYSTEM__SAMPLE__7e180c281ac02758a82cc34f7e6794d7_15292""",1
2025-03-03T08:05:28.432Z,0,rayyan@rayyan.ai,153491525,"""__SYSTEM__SAMPLE__7e180c281ac02758a82cc34f7e6794d7_15292""",1
2025-03-03T08:05:28.462Z,0,rayyan@rayyan.ai,153493582,"""__SYSTEM__SAMPLE__7e180c281ac02758a82cc34f7e6794d7_15292""",1
2025-03-03T08:05:28.462Z,0,rayyan@rayyan.ai,153489802,"""__SYSTEM__SAMPLE__7e180c281ac02758a82cc34f7e6794d7_15292""",1
2025-03-03T08:05:28.495Z,0,rayyan@rayyan.ai,164699347,"""__SYSTEM__SAMPLE__7e180c281ac02758a82cc34f7e6794d7_15292""",1
2025-03-03T08:05:28.495Z,0,rayyan@rayyan.ai,164701940,"""__SYSTEM__SAMPLE__7e180c281ac02758a82cc34f7e6794d7_15292""",1
2025-03-03T08:05:28.495Z,0,rayyan@rayyan.ai,153487281,"""__SYSTEM__SAMPLE__7e180c281ac02758a82cc34f7e6794d7_15292""",1
2025-03-03T08:05:28.526Z,0,rayyan@rayyan.ai,164699583,"""__SYSTEM__SAMPLE__7e180c281ac02758a82cc34f7e6794d7_15292""",1
2025-03-03T08:05:28.526Z,0,rayyan@rayyan.ai,153493093,"""__SYSTEM__SAMPLE__7e180c281ac02758a82cc34f7e6794d7_15292""",1
2025-03-03T08:05:28.526Z,0,rayyan@rayyan.ai,164690957,"""__SYSTEM__SAMPLE__7e180c281ac02758a82cc34f7e6794d7_15292""",1
2025-03-03T08:05:28.526Z,0,rayyan@rayyan.ai,164691250,"""__SYSTEM__SAMPLE__7e180c281ac02758a82cc34f7e6794d7_15292""",1
2025-03-03T08:05:28.526Z,0,rayyan@rayyan.ai,153496993,"""__SYSTEM__SAMPLE__7e180c281ac02758a82cc34f7e6794d7_15292""",1
2025-03-03T08:05:28.559Z,0,rayyan@rayyan.ai,164699446,"""__SYSTEM__SAMPLE__7e180c281ac02758a82cc34f7e6794d7_15292""",1
2025-03-03T08:05:28.559Z,0,rayyan@rayyan.ai,153489205,"""__SYSTEM__SAMPLE__7e180c281ac02758a82cc34f7e6794d7_15292""",1
2025-03-03T08:05:28.593Z,0,rayyan@rayyan.ai,153494165,"""__SYSTEM__SAMPLE__7e180c281ac02758a82cc34f7e6794d7_15292""",1
2025-03-03T08:05:28.593Z,0,rayyan@rayyan.ai,164686963,"""__SYSTEM__SAMPLE__7e180c281ac02758a82cc34f7e6794d7_15292""",1
2025-03-03T08:05:28.593Z,0,rayyan@rayyan.ai,164698926,"""__SYSTEM__SAMPLE__7e180c281ac02758a82cc34f7e6794d7_15292""",1
2025-03-03T08:05:28.593Z,0,rayyan@rayyan.ai,164692363,"""__SYSTEM__SAMPLE__7e180c281ac02758a82cc34f7e6794d7_15292""",1
2025-03-03T08:05:28.593Z,0,rayyan@rayyan.ai,164693237,"""__SYSTEM__SAMPLE__7e180c281ac02758a82cc34f7e6794d7_15292""",1
2025-03-03T08:05:28.593Z,0,rayyan@rayyan.ai,164689151,"""__SYSTEM__SAMPLE__7e180c281ac02758a82cc34f7e6794d7_15292""",1
2025-03-03T08:05:28.593Z,0,rayyan@rayyan.ai,164686050,"""__SYSTEM__SAMPLE__7e180c281ac02758a82cc34f7e6794d7_15292""",1
2025-03-03T08:05:28.624Z,0,rayyan@rayyan.ai,153491855,"""__SYSTEM__SAMPLE__7e180c281ac02758a82cc34f7e6794d7_15292""",1
2025-03-03T08:05:28.624Z,0,rayyan@rayyan.ai,164687885,"""__SYSTEM__SAMPLE__7e180c281ac02758a82cc34f7e6794d7_15292""",1
2025-03-03T08:05:28.657Z,0,rayyan@rayyan.ai,164685996,"""__SYSTEM__SAMPLE__7e180c281ac02758a82cc34f7e6794d7_15292""",1
2025-03-03T08:05:28.657Z,0,rayyan@rayyan.ai,164692732,"""__SYSTEM__SAMPLE__7e180c281ac02758a82cc34f7e6794d7_15292""",1
2025-03-03T08:05:28.691Z,0,rayyan@rayyan.ai,164704884,"""__SYSTEM__SAMPLE__7e180c281ac02758a82cc34f7e6794d7_15292""",1
2025-03-03T08:05:28.691Z,0,rayyan@rayyan.ai,164695749,"""__SYSTEM__SAMPLE__7e180c281ac02758a82cc34f7e6794d7_15292""",1
2025-03-03T08:05:28.691Z,0,rayyan@rayyan.ai,164695609,"""__SYSTEM__SAMPLE__7e180c281ac02758a82cc34f7e6794d7_15292""",1
2025-03-03T08:05:28.875Z,0,rayyan@rayyan.ai,153490573,"""__SYSTEM__SAMPLE__7e180c281ac02758a82cc34f7e6794d7_15292""",1
2025-03-03T08:05:28.875Z,0,rayyan@rayyan.ai,164697020,"""__SYSTEM__SAMPLE__7e180c281ac02758a82cc34f7e6794d7_15292""",1
2025-03-03T08:05:28.875Z,0,rayyan@rayyan.ai,164705308,"""__SYSTEM__SAMPLE__7e180c281ac02758a82cc34f7e6794d7_15292""",1
2025-03-03T08:05:28.908Z,0,rayyan@rayyan.ai,164703910,"""__SYSTEM__SAMPLE__7e180c281ac02758a82cc34f7e6794d7_15292""",1
2025-03-03T08:05:28.908Z,0,rayyan@rayyan.ai,153495697,"""__SYSTEM__SAMPLE__7e180c281ac02758a82cc34f7e6794d7_15292""",1
2025-03-03T08:05:28.908Z,0,rayyan@rayyan.ai,153492230,"""__SYSTEM__SAMPLE__7e180c281ac02758a82cc34f7e6794d7_15292""",1
2025-03-03T08:05:28.908Z,0,rayyan@rayyan.ai,164695575,"""__SYSTEM__SAMPLE__7e180c281ac02758a82cc34f7e6794d7_15292""",1
2025-03-03T08:05:28.942Z,0,rayyan@rayyan.ai,164704152,"""__SYSTEM__SAMPLE__7e180c281ac02758a82cc34f7e6794d7_15292""",1
2025-03-03T08:05:28.942Z,0,rayyan@rayyan.ai,164703462,"""__SYSTEM__SAMPLE__7e180c281ac02758a82cc34f7e6794d7_15292""",1
2025-03-03T08:05:28.942Z,0,rayyan@rayyan.ai,153494425,"""__SYSTEM__SAMPLE__7e180c281ac02758a82cc34f7e6794d7_15292""",1
2025-03-03T08:05:28.942Z,0,rayyan@rayyan.ai,153490001,"""__SYSTEM__SAMPLE__7e180c281ac02758a82cc34f7e6794d7_15292""",1
2025-03-03T08:05:28.942Z,0,rayyan@rayyan.ai,153492838,"""__SYSTEM__SAMPLE__7e180c281ac02758a82cc34f7e6794d7_15292""",1
2025-03-03T08:05:28.942Z,0,rayyan@rayyan.ai,164702904,"""__SYSTEM__SAMPLE__7e180c281ac02758a82cc34f7e6794d7_15292""",1
2025-03-03T08:05:28.942Z,0,rayyan@rayyan.ai,153491974,"""__SYSTEM__SAMPLE__7e180c281ac02758a82cc34f7e6794d7_15292""",1
2025-03-03T08:05:28.942Z,0,rayyan@rayyan.ai,164687631,"""__SYSTEM__SAMPLE__7e180c281ac02758a82cc34f7e6794d7_15292""",1
2025-03-03T08:05:28.973Z,0,rayyan@rayyan.ai,164701664,"""__SYSTEM__SAMPLE__7e180c281ac02758a82cc34f7e6794d7_15292""",1
2025-03-03T08:05:28.973Z,0,rayyan@rayyan.ai,164695694,"""__SYSTEM__SAMPLE__7e180c281ac02758a82cc34f7e6794d7_15292""",1
2025-03-03T08:05:28.973Z,0,rayyan@rayyan.ai,153497007,"""__SYSTEM__SAMPLE__7e180c281ac02758a82cc34f7e6794d7_15292""",1
2025-03-03T08:05:28.973Z,0,rayyan@rayyan.ai,164697095,"""__SYSTEM__SAMPLE__7e180c281ac02758a82cc34f7e6794d7_15292""",1
2025-03-03T08:05:28.973Z,0,rayyan@rayyan.ai,164685134,"""__SYSTEM__SAMPLE__7e180c281ac02758a82cc34f7e6794d7_15292""",1
2025-03-03T08:05:28.973Z,0,rayyan@rayyan.ai,153491604,"""__SYSTEM__SAMPLE__7e180c281ac02758a82cc34f7e6794d7_15292""",1
2025-03-03T08:05:29.004Z,0,rayyan@rayyan.ai,164689246,"""__SYSTEM__SAMPLE__7e180c281ac02758a82cc34f7e6794d7_15292""",1
2025-03-03T08:05:29.004Z,0,rayyan@rayyan.ai,153496543,"""__SYSTEM__SAMPLE__7e180c281ac02758a82cc34f7e6794d7_15292""",1
2025-03-03T08:05:29.004Z,0,rayyan@rayyan.ai,153491322,"""__SYSTEM__SAMPLE__7e180c281ac02758a82cc34f7e6794d7_15292""",1
2025-03-03T08:05:29.004Z,0,rayyan@rayyan.ai,153491334,"""__SYSTEM__SAMPLE__7e180c281ac02758a82cc34f7e6794d7_15292""",1
2025-03-03T08:05:29.037Z,0,rayyan@rayyan.ai,164705190,"""__SYSTEM__SAMPLE__7e180c281ac02758a82cc34f7e6794d7_15292""",1
2025-03-03T08:05:29.037Z,0,rayyan@rayyan.ai,164693127,"""__SYSTEM__SAMPLE__7e180c281ac02758a82cc34f7e6794d7_15292""",1
2025-03-03T08:05:29.037Z,0,rayyan@rayyan.ai,164687758,"""__SYSTEM__SAMPLE__7e180c281ac02758a82cc34f7e6794d7_15292""",1
2025-03-03T08:05:29.074Z,0,rayyan@rayyan.ai,153496612,"""__SYSTEM__SAMPLE__7e180c281ac02758a82cc34f7e6794d7_15292""",1
2025-03-03T08:05:29.074Z,0,rayyan@rayyan.ai,164698563,"""__SYSTEM__SAMPLE__7e180c281ac02758a82cc34f7e6794d7_15292""",1
2025-03-03T08:05:29.074Z,0,rayyan@rayyan.ai,153494097,"""__SYSTEM__SAMPLE__7e180c281ac02758a82cc34f7e6794d7_15292""",1
2025-03-03T08:05:29.074Z,0,rayyan@rayyan.ai,164690926,"""__SYSTEM__SAMPLE__7e180c281ac02758a82cc34f7e6794d7_15292""",1
2025-03-03T08:05:29.074Z,0,rayyan@rayyan.ai,153490119,"""__SYSTEM__SAMPLE__7e180c281ac02758a82cc34f7e6794d7_15292""",1
2025-03-03T08:05:29.115Z,0,rayyan@rayyan.ai,153497475,"""__SYSTEM__SAMPLE__7e180c281ac02758a82cc34f7e6794d7_15293""",1
2025-03-03T08:05:29.115Z,0,rayyan@rayyan.ai,153497875,"""__SYSTEM__SAMPLE__7e180c281ac02758a82cc34f7e6794d7_15293""",1
2025-03-03T08:05:29.115Z,0,rayyan@rayyan.ai,153493116,"""__SYSTEM__SAMPLE__7e180c281ac02758a82cc34f7e6794d7_15293""",1
2025-03-03T08:05:29.115Z,0,rayyan@rayyan.ai,153490770,"""__SYSTEM__SAMPLE__7e180c281ac02758a82cc34f7e6794d7_15293""",1
2025-03-03T08:05:29.115Z,0,rayyan@rayyan.ai,153495150,"""__SYSTEM__SAMPLE__7e180c281ac02758a82cc34f7e6794d7_15293""",1
2025-03-03T08:05:29.146Z,0,rayyan@rayyan.ai,153490150,"""__SYSTEM__SAMPLE__7e180c281ac02758a82cc34f7e6794d7_15293""",1
2025-03-03T08:05:29.146Z,0,rayyan@rayyan.ai,153494937,"""__SYSTEM__SAMPLE__7e180c281ac02758a82cc34f7e6794d7_15293""",1
2025-03-03T08:05:29.146Z,0,rayyan@rayyan.ai,153488192,"""__SYSTEM__SAMPLE__7e180c281ac02758a82cc34f7e6794d7_15293""",1
2025-03-03T08:05:29.146Z,0,rayyan@rayyan.ai,153490863,"""__SYSTEM__SAMPLE__7e180c281ac02758a82cc34f7e6794d7_15293""",1
2025-03-03T08:05:29.146Z,0,rayyan@rayyan.ai,153493605,"""__SYSTEM__SAMPLE__7e180c281ac02758a82cc34f7e6794d7_15293""",1
2025-03-03T08:05:29.146Z,0,rayyan@rayyan.ai,153489416,"""__SYSTEM__SAMPLE__7e180c281ac02758a82cc34f7e6794d7_15293""",1
2025-03-03T08:05:29.193Z,0,rayyan@rayyan.ai,164698915,"""__SYSTEM__SAMPLE__7e180c281ac02758a82cc34f7e6794d7_15293""",1
2025-03-03T08:05:29.193Z,0,rayyan@rayyan.ai,164689054,"""__SYSTEM__SAMPLE__7e180c281ac02758a82cc34f7e6794d7_15293""",1
2025-03-03T08:05:29.229Z,0,rayyan@rayyan.ai,153492907,"""__SYSTEM__SAMPLE__7e180c281ac02758a82cc34f7e6794d7_15293""",1
2025-03-03T08:05:29.229Z,0,rayyan@rayyan.ai,164703263,"""__SYSTEM__SAMPLE__7e180c281ac02758a82cc34f7e6794d7_15293""",1
2025-03-03T08:05:29.229Z,0,rayyan@rayyan.ai,153494809,"""__SYSTEM__SAMPLE__7e180c281ac02758a82cc34f7e6794d7_15293""",1
2025-03-03T08:05:29.412Z,0,rayyan@rayyan.ai,153491086,"""__SYSTEM__SAMPLE__7e180c281ac02758a82cc34f7e6794d7_15293""",1
2025-03-03T08:05:29.412Z,0,rayyan@rayyan.ai,153498599,"""__SYSTEM__SAMPLE__7e180c281ac02758a82cc34f7e6794d7_15293""",1
2025-03-03T08:05:29.446Z,0,rayyan@rayyan.ai,153492584,"""__SYSTEM__SAMPLE__7e180c281ac02758a82cc34f7e6794d7_15293""",1
2025-03-03T08:05:29.446Z,0,rayyan@rayyan.ai,164706477,"""__SYSTEM__SAMPLE__7e180c281ac02758a82cc34f7e6794d7_15293""",1
2025-03-03T08:05:29.446Z,0,rayyan@rayyan.ai,164690721,"""__SYSTEM__SAMPLE__7e180c281ac02758a82cc34f7e6794d7_15293""",1
2025-03-03T08:05:29.479Z,0,rayyan@rayyan.ai,153486940,"""__SYSTEM__SAMPLE__7e180c281ac02758a82cc34f7e6794d7_15293""",1
2025-03-03T08:05:29.479Z,0,rayyan@rayyan.ai,164693905,"""__SYSTEM__SAMPLE__7e180c281ac02758a82cc34f7e6794d7_15293""",1
2025-03-03T08:05:29.479Z,0,rayyan@rayyan.ai,164687775,"""__SYSTEM__SAMPLE__7e180c281ac02758a82cc34f7e6794d7_15293""",1
2025-03-03T08:05:29.479Z,0,rayyan@rayyan.ai,164700465,"""__SYSTEM__SAMPLE__7e180c281ac02758a82cc34f7e6794d7_15293""",1
2025-03-03T08:05:29.479Z,0,rayyan@rayyan.ai,153496091,"""__SYSTEM__SAMPLE__7e180c281ac02758a82cc34f7e6794d7_15293""",1
2025-03-03T08:05:29.510Z,0,rayyan@rayyan.ai,164688510,"""__SYSTEM__SAMPLE__7e180c281ac02758a82cc34f7e6794d7_15293""",1
2025-03-03T08:05:29.510Z,0,rayyan@rayyan.ai,153485345,"""__SYSTEM__SAMPLE__7e180c281ac02758a82cc34f7e6794d7_15293""",1
2025-03-03T08:05:29.510Z,0,rayyan@rayyan.ai,153486563,"""__SYSTEM__SAMPLE__7e180c281ac02758a82cc34f7e6794d7_15293""",1
2025-03-03T08:05:29.540Z,0,rayyan@rayyan.ai,164691336,"""__SYSTEM__SAMPLE__7e180c281ac02758a82cc34f7e6794d7_15293""",1
2025-03-03T08:05:29.540Z,0,rayyan@rayyan.ai,153496459,"""__SYSTEM__SAMPLE__7e180c281ac02758a82cc34f7e6794d7_15293""",1
2025-03-03T08:05:29.540Z,0,rayyan@rayyan.ai,153497031,"""__SYSTEM__SAMPLE__7e180c281ac02758a82cc34f7e6794d7_15293""",1
2025-03-03T08:05:29.540Z,0,rayyan@rayyan.ai,164692214,"""__SYSTEM__SAMPLE__7e180c281ac02758a82cc34f7e6794d7_15293""",1
2025-03-03T08:05:29.729Z,0,rayyan@rayyan.ai,164699061,"""__SYSTEM__SAMPLE__7e180c281ac02758a82cc34f7e6794d7_15293""",1
2025-03-03T08:05:29.729Z,0,rayyan@rayyan.ai,164698803,"""__SYSTEM__SAMPLE__7e180c281ac02758a82cc34f7e6794d7_15293""",1
2025-03-03T08:05:29.729Z,0,rayyan@rayyan.ai,164688334,"""__SYSTEM__SAMPLE__7e180c281ac02758a82cc34f7e6794d7_15293""",1
2025-03-03T08:05:29.729Z,0,rayyan@rayyan.ai,153495361,"""__SYSTEM__SAMPLE__7e180c281ac02758a82cc34f7e6794d7_15293""",1
2025-03-03T08:05:29.729Z,0,rayyan@rayyan.ai,153497067,"""__SYSTEM__SAMPLE__7e180c281ac02758a82cc34f7e6794d7_15293""",1
2025-03-03T08:05:29.729Z,0,rayyan@rayyan.ai,164693906,"""__SYSTEM__SAMPLE__7e180c281ac02758a82cc34f7e6794d7_15293""",1
2025-03-03T08:05:29.760Z,0,rayyan@rayyan.ai,164699531,"""__SYSTEM__SAMPLE__7e180c281ac02758a82cc34f7e6794d7_15293""",1
2025-03-03T08:05:29.760Z,0,rayyan@rayyan.ai,153498012,"""__SYSTEM__SAMPLE__7e180c281ac02758a82cc34f7e6794d7_15293""",1
2025-03-03T08:05:29.760Z,0,rayyan@rayyan.ai,164704276,"""__SYSTEM__SAMPLE__7e180c281ac02758a82cc34f7e6794d7_15293""",1
2025-03-03T08:05:29.760Z,0,rayyan@rayyan.ai,164703450,"""__SYSTEM__SAMPLE__7e180c281ac02758a82cc34f7e6794d7_15293""",1
2025-03-03T08:05:29.760Z,0,rayyan@rayyan.ai,153494310,"""__SYSTEM__SAMPLE__7e180c281ac02758a82cc34f7e6794d7_15293""",1
2025-03-03T08:05:29.789Z,0,rayyan@rayyan.ai,164687181,"""__SYSTEM__SAMPLE__7e180c281ac02758a82cc34f7e6794d7_15293""",1
2025-03-03T08:05:29.789Z,0,rayyan@rayyan.ai,164697974,"""__SYSTEM__SAMPLE__7e180c281ac02758a82cc34f7e6794d7_15293""",1
2025-03-03T08:05:29.789Z,0,rayyan@rayyan.ai,164703859,"""__SYSTEM__SAMPLE__7e180c281ac02758a82cc34f7e6794d7_15293""",1
2025-03-03T08:05:29.789Z,0,rayyan@rayyan.ai,164684690,"""__SYSTEM__SAMPLE__7e180c281ac02758a82cc34f7e6794d7_15293""",1
2025-03-03T08:05:29.822Z,0,rayyan@rayyan.ai,164704231,"""__SYSTEM__SAMPLE__7e180c281ac02758a82cc34f7e6794d7_15293""",1
2025-03-03T08:05:29.822Z,0,rayyan@rayyan.ai,153491580,"""__SYSTEM__SAMPLE__7e180c281ac02758a82cc34f7e6794d7_15293""",1
2025-03-03T08:05:29.822Z,0,rayyan@rayyan.ai,153493211,"""__SYSTEM__SAMPLE__7e180c281ac02758a82cc34f7e6794d7_15293""",1
2025-03-03T08:05:29.822Z,0,rayyan@rayyan.ai,153494830,"""__SYSTEM__SAMPLE__7e180c281ac02758a82cc34f7e6794d7_15293""",1
2025-03-03T08:05:29.853Z,0,rayyan@rayyan.ai,164694930,"""__SYSTEM__SAMPLE__7e180c281ac02758a82cc34f7e6794d7_15293""",1
2025-03-03T08:05:29.853Z,0,rayyan@rayyan.ai,153491275,"""__SYSTEM__SAMPLE__7e180c281ac02758a82cc34f7e6794d7_15293""",1
2025-03-03T08:05:29.885Z,0,rayyan@rayyan.ai,164700273,"""__SYSTEM__SAMPLE__7e180c281ac02758a82cc34f7e6794d7_15293""",1
2025-03-03T08:05:29.885Z,0,rayyan@rayyan.ai,164687108,"""__SYSTEM__SAMPLE__7e180c281ac02758a82cc34f7e6794d7_15293""",1
2025-03-03T08:05:29.885Z,0,rayyan@rayyan.ai,164687503,"""__SYSTEM__SAMPLE__7e180c281ac02758a82cc34f7e6794d7_15293""",1
2025-03-03T08:05:29.885Z,0,rayyan@rayyan.ai,164704949,"""__SYSTEM__SAMPLE__7e180c281ac02758a82cc34f7e6794d7_15293""",1
2025-03-03T08:05:29.885Z,0,rayyan@rayyan.ai,153491472,"""__SYSTEM__SAMPLE__7e180c281ac02758a82cc34f7e6794d7_15293""",1
2025-03-03T08:05:29.885Z,0,rayyan@rayyan.ai,164700234,"""__SYSTEM__SAMPLE__7e180c281ac02758a82cc34f7e6794d7_15293""",1
2025-03-03T08:05:29.885Z,0,rayyan@rayyan.ai,164686873,"""__SYSTEM__SAMPLE__7e180c281ac02758a82cc34f7e6794d7_15293""",1
2025-03-03T08:05:29.917Z,0,rayyan@rayyan.ai,153486980,"""__SYSTEM__SAMPLE__7e180c281ac02758a82cc34f7e6794d7_15293""",1
2025-03-03T08:05:29.917Z,0,rayyan@rayyan.ai,164685765,"""__SYSTEM__SAMPLE__7e180c281ac02758a82cc34f7e6794d7_15293""",1
2025-03-03T08:05:29.917Z,0,rayyan@rayyan.ai,164700070,"""__SYSTEM__SAMPLE__7e180c281ac02758a82cc34f7e6794d7_15293""",1
2025-03-03T08:05:29.917Z,0,rayyan@rayyan.ai,153494627,"""__SYSTEM__SAMPLE__7e180c281ac02758a82cc34f7e6794d7_15293""",1
2025-03-03T08:05:29.949Z,0,rayyan@rayyan.ai,153488432,"""__SYSTEM__SAMPLE__7e180c281ac02758a82cc34f7e6794d7_15293""",1
2025-03-03T08:05:29.949Z,0,rayyan@rayyan.ai,153493992,"""__SYSTEM__SAMPLE__7e180c281ac02758a82cc34f7e6794d7_15293""",1
2025-03-03T08:05:29.949Z,0,rayyan@rayyan.ai,164685056,"""__SYSTEM__SAMPLE__7e180c281ac02758a82cc34f7e6794d7_15293""",1
2025-03-03T08:05:29.949Z,0,rayyan@rayyan.ai,153494856,"""__SYSTEM__SAMPLE__7e180c281ac02758a82cc34f7e6794d7_15293""",1
2025-03-03T08:05:29.949Z,0,rayyan@rayyan.ai,164693305,"""__SYSTEM__SAMPLE__7e180c281ac02758a82cc34f7e6794d7_15293""",1
2025-03-03T08:05:29.949Z,0,rayyan@rayyan.ai,153495442,"""__SYSTEM__SAMPLE__7e180c281ac02758a82cc34f7e6794d7_15293""",1
2025-03-03T08:05:29.949Z,0,rayyan@rayyan.ai,153491374,"""__SYSTEM__SAMPLE__7e180c281ac02758a82cc34f7e6794d7_15293""",1
2025-03-03T08:05:29.982Z,0,rayyan@rayyan.ai,164691425,"""__SYSTEM__SAMPLE__7e180c281ac02758a82cc34f7e6794d7_15293""",1
2025-03-03T08:05:29.982Z,0,rayyan@rayyan.ai,164705777,"""__SYSTEM__SAMPLE__7e180c281ac02758a82cc34f7e6794d7_15293""",1
2025-03-03T08:05:29.982Z,0,rayyan@rayyan.ai,153489254,"""__SYSTEM__SAMPLE__7e180c281ac02758a82cc34f7e6794d7_15293""",1
2025-03-03T08:05:29.982Z,0,rayyan@rayyan.ai,164695278,"""__SYSTEM__SAMPLE__7e180c281ac02758a82cc34f7e6794d7_15293""",1
2025-03-03T08:05:30.020Z,0,rayyan@rayyan.ai,164706931,"""__SYSTEM__SAMPLE__7e180c281ac02758a82cc34f7e6794d7_15293""",1
2025-03-03T08:05:30.020Z,0,rayyan@rayyan.ai,164694118,"""__SYSTEM__SAMPLE__7e180c281ac02758a82cc34f7e6794d7_15293""",1
2025-03-03T08:05:30.020Z,0,rayyan@rayyan.ai,164705023,"""__SYSTEM__SAMPLE__7e180c281ac02758a82cc34f7e6794d7_15293""",1
2025-03-03T08:05:30.020Z,0,rayyan@rayyan.ai,164701880,"""__SYSTEM__SAMPLE__7e180c281ac02758a82cc34f7e6794d7_15293""",1
2025-03-03T08:05:30.020Z,0,rayyan@rayyan.ai,153496463,"""__SYSTEM__SAMPLE__7e180c281ac02758a82cc34f7e6794d7_15293""",1
2025-03-03T08:05:30.020Z,0,rayyan@rayyan.ai,164706241,"""__SYSTEM__SAMPLE__7e180c281ac02758a82cc34f7e6794d7_15293""",1
2025-03-03T08:05:30.052Z,0,rayyan@rayyan.ai,153493230,"""__SYSTEM__SAMPLE__7e180c281ac02758a82cc34f7e6794d7_15293""",1
2025-03-03T08:05:30.052Z,0,rayyan@rayyan.ai,164706938,"""__SYSTEM__SAMPLE__7e180c281ac02758a82cc34f7e6794d7_15293""",1
2025-03-03T08:05:30.052Z,0,rayyan@rayyan.ai,164702366,"""__SYSTEM__SAMPLE__7e180c281ac02758a82cc34f7e6794d7_15293""",1
2025-03-03T14:26:18.770Z,448594,phil.martin.research@gmail.com,83177472,included,1
2025-03-03T14:31:30.944Z,0,rayyan@rayyan.ai,164687937,"""__SYSTEM__SAMPLE__aa2f77d5999837bbef538b5bfab94a9e_15318""",1
2025-03-03T14:31:30.944Z,0,rayyan@rayyan.ai,164705222,"""__SYSTEM__SAMPLE__aa2f77d5999837bbef538b5bfab94a9e_15318""",1
2025-03-03T14:31:31.222Z,0,rayyan@rayyan.ai,164692437,"""__SYSTEM__SAMPLE__aa2f77d5999837bbef538b5bfab94a9e_15318""",1
2025-03-03T14:31:31.222Z,0,rayyan@rayyan.ai,153496699,"""__SYSTEM__SAMPLE__aa2f77d5999837bbef538b5bfab94a9e_15318""",1
2025-03-03T14:31:31.222Z,0,rayyan@rayyan.ai,164703699,"""__SYSTEM__SAMPLE__aa2f77d5999837bbef538b5bfab94a9e_15318""",1
2025-03-03T14:31:31.222Z,0,rayyan@rayyan.ai,153492836,"""__SYSTEM__SAMPLE__aa2f77d5999837bbef538b5bfab94a9e_15318""",1
2025-03-03T14:31:31.444Z,0,rayyan@rayyan.ai,164699606,"""__SYSTEM__SAMPLE__aa2f77d5999837bbef538b5bfab94a9e_15318""",1
2025-03-03T19:32:19.436Z,0,rayyan@rayyan.ai,164694024,"""__SYSTEM__SAMPLE__3e981fa25c9d210f15f61af0b328cb3b_15336""",1
2025-03-03T19:32:19.436Z,0,rayyan@rayyan.ai,164707073,"""__SYSTEM__SAMPLE__3e981fa25c9d210f15f61af0b328cb3b_15336""",1
2025-03-03T19:32:19.436Z,0,rayyan@rayyan.ai,164684751,"""__SYSTEM__SAMPLE__3e981fa25c9d210f15f61af0b328cb3b_15336""",1
2025-03-03T19:32:19.436Z,0,rayyan@rayyan.ai,153496909,"""__SYSTEM__SAMPLE__3e981fa25c9d210f15f61af0b328cb3b_15336""",1
2025-03-03T19:32:19.840Z,0,rayyan@rayyan.ai,164702347,"""__SYSTEM__SAMPLE__3e981fa25c9d210f15f61af0b328cb3b_15336""",1
2025-03-03T19:32:19.840Z,0,rayyan@rayyan.ai,153491122,"""__SYSTEM__SAMPLE__3e981fa25c9d210f15f61af0b328cb3b_15336""",1
2025-03-03T19:32:19.840Z,0,rayyan@rayyan.ai,164697274,"""__SYSTEM__SAMPLE__3e981fa25c9d210f15f61af0b328cb3b_15336""",1
2025-03-03T19:32:19.840Z,0,rayyan@rayyan.ai,164695399,"""__SYSTEM__SAMPLE__3e981fa25c9d210f15f61af0b328cb3b_15336""",1
2025-03-03T19:32:19.840Z,0,rayyan@rayyan.ai,153488192,"""__SYSTEM__SAMPLE__3e981fa25c9d210f15f61af0b328cb3b_15336""",1
2025-03-03T19:32:19.840Z,0,rayyan@rayyan.ai,164703580,"""__SYSTEM__SAMPLE__3e981fa25c9d210f15f61af0b328cb3b_15336""",1
2025-03-03T19:32:20.106Z,0,rayyan@rayyan.ai,153494408,"""__SYSTEM__SAMPLE__3e981fa25c9d210f15f61af0b328cb3b_15336""",1
2025-03-03T19:32:20.106Z,0,rayyan@rayyan.ai,164686571,"""__SYSTEM__SAMPLE__3e981fa25c9d210f15f61af0b328cb3b_15336""",1
2025-03-03T19:32:20.106Z,0,rayyan@rayyan.ai,153491345,"""__SYSTEM__SAMPLE__3e981fa25c9d210f15f61af0b328cb3b_15336""",1
2025-03-03T19:32:20.106Z,0,rayyan@rayyan.ai,153495676,"""__SYSTEM__SAMPLE__3e981fa25c9d210f15f61af0b328cb3b_15336""",1
2025-03-03T19:32:20.106Z,0,rayyan@rayyan.ai,164701358,"""__SYSTEM__SAMPLE__3e981fa25c9d210f15f61af0b328cb3b_15336""",1
2025-03-03T19:32:20.106Z,0,rayyan@rayyan.ai,164695314,"""__SYSTEM__SAMPLE__3e981fa25c9d210f15f61af0b328cb3b_15336""",1
2025-03-03T19:32:20.316Z,0,rayyan@rayyan.ai,153492747,"""__SYSTEM__SAMPLE__3e981fa25c9d210f15f61af0b328cb3b_15336""",1
2025-03-03T19:32:20.316Z,0,rayyan@rayyan.ai,164706760,"""__SYSTEM__SAMPLE__3e981fa25c9d210f15f61af0b328cb3b_15336""",1
2025-03-03T19:32:21.359Z,0,rayyan@rayyan.ai,153490166,"""__SYSTEM__SAMPLE__3e981fa25c9d210f15f61af0b328cb3b_15336""",1
2025-03-03T19:32:21.359Z,0,rayyan@rayyan.ai,153495996,"""__SYSTEM__SAMPLE__3e981fa25c9d210f15f61af0b328cb3b_15336""",1
2025-03-03T19:32:21.517Z,0,rayyan@rayyan.ai,164704399,"""__SYSTEM__SAMPLE__3e981fa25c9d210f15f61af0b328cb3b_15336""",1
2025-03-03T19:32:21.517Z,0,rayyan@rayyan.ai,153492584,"""__SYSTEM__SAMPLE__3e981fa25c9d210f15f61af0b328cb3b_15336""",1
2025-03-03T19:32:21.671Z,0,rayyan@rayyan.ai,153490260,"""__SYSTEM__SAMPLE__3e981fa25c9d210f15f61af0b328cb3b_15336""",1
2025-03-03T19:32:21.671Z,0,rayyan@rayyan.ai,164703739,"""__SYSTEM__SAMPLE__3e981fa25c9d210f15f61af0b328cb3b_15336""",1
2025-03-03T19:32:21.671Z,0,rayyan@rayyan.ai,164705886,"""__SYSTEM__SAMPLE__3e981fa25c9d210f15f61af0b328cb3b_15336""",1
2025-03-03T19:32:21.833Z,0,rayyan@rayyan.ai,164689566,"""__SYSTEM__SAMPLE__3e981fa25c9d210f15f61af0b328cb3b_15336""",1
2025-03-03T19:32:21.833Z,0,rayyan@rayyan.ai,164696262,"""__SYSTEM__SAMPLE__3e981fa25c9d210f15f61af0b328cb3b_15336""",1
2025-03-03T19:32:21.833Z,0,rayyan@rayyan.ai,153497067,"""__SYSTEM__SAMPLE__3e981fa25c9d210f15f61af0b328cb3b_15336""",1
2025-03-03T19:32:21.833Z,0,rayyan@rayyan.ai,153486292,"""__SYSTEM__SAMPLE__3e981fa25c9d210f15f61af0b328cb3b_15336""",1
2025-03-03T19:32:21.973Z,0,rayyan@rayyan.ai,164703007,"""__SYSTEM__SAMPLE__3e981fa25c9d210f15f61af0b328cb3b_15336""",1
2025-03-03T19:32:21.973Z,0,rayyan@rayyan.ai,164694177,"""__SYSTEM__SAMPLE__3e981fa25c9d210f15f61af0b328cb3b_15336""",1
2025-03-03T19:32:21.973Z,0,rayyan@rayyan.ai,164703450,"""__SYSTEM__SAMPLE__3e981fa25c9d210f15f61af0b328cb3b_15336""",1
2025-03-03T19:32:21.973Z,0,rayyan@rayyan.ai,164696841,"""__SYSTEM__SAMPLE__3e981fa25c9d210f15f61af0b328cb3b_15336""",1
2025-03-03T19:32:21.973Z,0,rayyan@rayyan.ai,153488077,"""__SYSTEM__SAMPLE__3e981fa25c9d210f15f61af0b328cb3b_15336""",1
2025-03-03T19:32:22.089Z,0,rayyan@rayyan.ai,164707068,"""__SYSTEM__SAMPLE__3e981fa25c9d210f15f61af0b328cb3b_15336""",1
2025-03-03T19:32:22.089Z,0,rayyan@rayyan.ai,164690628,"""__SYSTEM__SAMPLE__3e981fa25c9d210f15f61af0b328cb3b_15336""",1
2025-03-03T19:32:22.089Z,0,rayyan@rayyan.ai,164686185,"""__SYSTEM__SAMPLE__3e981fa25c9d210f15f61af0b328cb3b_15336""",1
2025-03-03T19:32:22.089Z,0,rayyan@rayyan.ai,164696970,"""__SYSTEM__SAMPLE__3e981fa25c9d210f15f61af0b328cb3b_15336""",1
2025-03-03T19:32:22.188Z,0,rayyan@rayyan.ai,153493911,"""__SYSTEM__SAMPLE__3e981fa25c9d210f15f61af0b328cb3b_15336""",1
2025-03-03T19:32:22.188Z,0,rayyan@rayyan.ai,153495527,"""__SYSTEM__SAMPLE__3e981fa25c9d210f15f61af0b328cb3b_15336""",1
2025-03-03T19:32:22.188Z,0,rayyan@rayyan.ai,153493761,"""__SYSTEM__SAMPLE__3e981fa25c9d210f15f61af0b328cb3b_15336""",1
2025-03-03T19:32:22.188Z,0,rayyan@rayyan.ai,164701831,"""__SYSTEM__SAMPLE__3e981fa25c9d210f15f61af0b328cb3b_15336""",1
2025-03-03T19:32:22.188Z,0,rayyan@rayyan.ai,153487794,"""__SYSTEM__SAMPLE__3e981fa25c9d210f15f61af0b328cb3b_15336""",1
2025-03-03T19:32:22.290Z,0,rayyan@rayyan.ai,164706929,"""__SYSTEM__SAMPLE__3e981fa25c9d210f15f61af0b328cb3b_15336""",1
2025-03-03T19:32:22.290Z,0,rayyan@rayyan.ai,164699974,"""__SYSTEM__SAMPLE__3e981fa25c9d210f15f61af0b328cb3b_15336""",1
2025-03-03T19:32:22.290Z,0,rayyan@rayyan.ai,164689749,"""__SYSTEM__SAMPLE__3e981fa25c9d210f15f61af0b328cb3b_15336""",1
2025-03-03T19:32:22.290Z,0,rayyan@rayyan.ai,153496921,"""__SYSTEM__SAMPLE__3e981fa25c9d210f15f61af0b328cb3b_15336""",1
2025-03-03T19:32:22.998Z,0,rayyan@rayyan.ai,153498264,"""__SYSTEM__SAMPLE__3e981fa25c9d210f15f61af0b328cb3b_15336""",1
2025-03-03T19:32:22.998Z,0,rayyan@rayyan.ai,153487567,"""__SYSTEM__SAMPLE__3e981fa25c9d210f15f61af0b328cb3b_15336""",1
2025-03-03T19:32:22.998Z,0,rayyan@rayyan.ai,164687334,"""__SYSTEM__SAMPLE__3e981fa25c9d210f15f61af0b328cb3b_15336""",1
2025-03-03T19:32:22.998Z,0,rayyan@rayyan.ai,164705109,"""__SYSTEM__SAMPLE__3e981fa25c9d210f15f61af0b328cb3b_15336""",1
2025-03-03T19:32:22.998Z,0,rayyan@rayyan.ai,164688720,"""__SYSTEM__SAMPLE__3e981fa25c9d210f15f61af0b328cb3b_15336""",1
2025-03-03T19:32:22.998Z,0,rayyan@rayyan.ai,153491086,"""__SYSTEM__SAMPLE__3e981fa25c9d210f15f61af0b328cb3b_15336""",1
2025-03-03T19:32:22.998Z,0,rayyan@rayyan.ai,153494893,"""__SYSTEM__SAMPLE__3e981fa25c9d210f15f61af0b328cb3b_15336""",1
2025-03-03T19:32:22.998Z,0,rayyan@rayyan.ai,153492951,"""__SYSTEM__SAMPLE__3e981fa25c9d210f15f61af0b328cb3b_15336""",1
2025-03-03T19:32:22.998Z,0,rayyan@rayyan.ai,153486659,"""__SYSTEM__SAMPLE__3e981fa25c9d210f15f61af0b328cb3b_15336""",1
2025-03-03T19:32:23.086Z,0,rayyan@rayyan.ai,164697457,"""__SYSTEM__SAMPLE__3e981fa25c9d210f15f61af0b328cb3b_15336""",1
2025-03-03T19:32:23.086Z,0,rayyan@rayyan.ai,153494826,"""__SYSTEM__SAMPLE__3e981fa25c9d210f15f61af0b328cb3b_15336""",1
2025-03-03T19:32:23.086Z,0,rayyan@rayyan.ai,153494073,"""__SYSTEM__SAMPLE__3e981fa25c9d210f15f61af0b328cb3b_15336""",1
2025-03-03T19:32:23.086Z,0,rayyan@rayyan.ai,153499094,"""__SYSTEM__SAMPLE__3e981fa25c9d210f15f61af0b328cb3b_15336""",1
2025-03-03T19:32:23.086Z,0,rayyan@rayyan.ai,153499261,"""__SYSTEM__SAMPLE__3e981fa25c9d210f15f61af0b328cb3b_15336""",1
2025-03-03T19:32:23.171Z,0,rayyan@rayyan.ai,153494561,"""__SYSTEM__SAMPLE__3e981fa25c9d210f15f61af0b328cb3b_15336""",1
2025-03-03T19:32:23.171Z,0,rayyan@rayyan.ai,164690130,"""__SYSTEM__SAMPLE__3e981fa25c9d210f15f61af0b328cb3b_15336""",1
2025-03-03T19:32:23.171Z,0,rayyan@rayyan.ai,164689211,"""__SYSTEM__SAMPLE__3e981fa25c9d210f15f61af0b328cb3b_15336""",1
2025-03-03T19:32:23.171Z,0,rayyan@rayyan.ai,164693318,"""__SYSTEM__SAMPLE__3e981fa25c9d210f15f61af0b328cb3b_15336""",1
2025-03-03T19:32:23.171Z,0,rayyan@rayyan.ai,153488432,"""__SYSTEM__SAMPLE__3e981fa25c9d210f15f61af0b328cb3b_15336""",1
2025-03-03T19:32:23.171Z,0,rayyan@rayyan.ai,164690203,"""__SYSTEM__SAMPLE__3e981fa25c9d210f15f61af0b328cb3b_15336""",1
2025-03-03T19:32:23.250Z,0,rayyan@rayyan.ai,164706020,"""__SYSTEM__SAMPLE__3e981fa25c9d210f15f61af0b328cb3b_15336""",1
2025-03-03T19:32:23.250Z,0,rayyan@rayyan.ai,153492718,"""__SYSTEM__SAMPLE__3e981fa25c9d210f15f61af0b328cb3b_15336""",1
2025-03-03T19:32:23.250Z,0,rayyan@rayyan.ai,153495697,"""__SYSTEM__SAMPLE__3e981fa25c9d210f15f61af0b328cb3b_15336""",1
2025-03-03T19:32:23.250Z,0,rayyan@rayyan.ai,164705539,"""__SYSTEM__SAMPLE__3e981fa25c9d210f15f61af0b328cb3b_15336""",1
2025-03-03T19:32:23.250Z,0,rayyan@rayyan.ai,153497099,"""__SYSTEM__SAMPLE__3e981fa25c9d210f15f61af0b328cb3b_15336""",1
2025-03-03T19:32:23.250Z,0,rayyan@rayyan.ai,153492357,"""__SYSTEM__SAMPLE__3e981fa25c9d210f15f61af0b328cb3b_15336""",1
2025-03-03T19:32:23.323Z,0,rayyan@rayyan.ai,164689130,"""__SYSTEM__SAMPLE__3e981fa25c9d210f15f61af0b328cb3b_15336""",1
2025-03-03T19:32:23.323Z,0,rayyan@rayyan.ai,164697805,"""__SYSTEM__SAMPLE__3e981fa25c9d210f15f61af0b328cb3b_15336""",1
2025-03-03T19:32:23.323Z,0,rayyan@rayyan.ai,164704276,"""__SYSTEM__SAMPLE__3e981fa25c9d210f15f61af0b328cb3b_15336""",1
2025-03-03T19:32:23.394Z,0,rayyan@rayyan.ai,153492838,"""__SYSTEM__SAMPLE__3e981fa25c9d210f15f61af0b328cb3b_15336""",1
2025-03-03T19:32:23.394Z,0,rayyan@rayyan.ai,153493582,"""__SYSTEM__SAMPLE__3e981fa25c9d210f15f61af0b328cb3b_15336""",1
2025-03-03T19:32:23.394Z,0,rayyan@rayyan.ai,164693127,"""__SYSTEM__SAMPLE__3e981fa25c9d210f15f61af0b328cb3b_15336""",1
2025-03-03T19:32:23.472Z,0,rayyan@rayyan.ai,153494319,"""__SYSTEM__SAMPLE__3e981fa25c9d210f15f61af0b328cb3b_15336""",1
2025-03-03T19:32:23.544Z,0,rayyan@rayyan.ai,153488658,"""__SYSTEM__SAMPLE__3e981fa25c9d210f15f61af0b328cb3b_15336""",1
2025-03-03T19:32:23.544Z,0,rayyan@rayyan.ai,164687937,"""__SYSTEM__SAMPLE__3e981fa25c9d210f15f61af0b328cb3b_15336""",1
2025-03-03T19:32:23.544Z,0,rayyan@rayyan.ai,164692518,"""__SYSTEM__SAMPLE__3e981fa25c9d210f15f61af0b328cb3b_15336""",1
2025-03-03T19:32:23.544Z,0,rayyan@rayyan.ai,164683841,"""__SYSTEM__SAMPLE__3e981fa25c9d210f15f61af0b328cb3b_15336""",1
2025-03-03T19:32:23.544Z,0,rayyan@rayyan.ai,153485798,"""__SYSTEM__SAMPLE__3e981fa25c9d210f15f61af0b328cb3b_15336""",1
2025-03-03T19:32:23.544Z,0,rayyan@rayyan.ai,164691425,"""__SYSTEM__SAMPLE__3e981fa25c9d210f15f61af0b328cb3b_15336""",1
2025-03-03T19:32:23.544Z,0,rayyan@rayyan.ai,164697847,"""__SYSTEM__SAMPLE__3e981fa25c9d210f15f61af0b328cb3b_15336""",1
2025-03-03T19:32:23.544Z,0,rayyan@rayyan.ai,164689163,"""__SYSTEM__SAMPLE__3e981fa25c9d210f15f61af0b328cb3b_15336""",1
2025-03-04T05:58:51.273Z,793579,prishnee.bissessur1@gmail.com,153496091,"""__EXR__Not about conservation""",1
2025-03-04T05:58:51.331Z,793579,prishnee.bissessur1@gmail.com,153496091,included,-1
2025-03-04T05:58:55.103Z,793579,prishnee.bissessur1@gmail.com,153496110,"""__EXR__Not about conservation""",1
2025-03-04T05:58:55.124Z,793579,prishnee.bissessur1@gmail.com,153496110,included,-1
2025-03-04T05:59:00.962Z,793579,prishnee.bissessur1@gmail.com,153496122,"""__EXR__Not about conservation""",1
2025-03-04T05:59:00.980Z,793579,prishnee.bissessur1@gmail.com,153496122,included,-1
2025-03-04T05:59:00.995Z,793579,prishnee.bissessur1@gmail.com,153496122,"""__EXR__Not about evidence use""",deleted
2025-03-04T05:59:04.232Z,793579,prishnee.bissessur1@gmail.com,153496133,"""__EXR__Not about conservation""",1
2025-03-04T05:59:04.250Z,793579,prishnee.bissessur1@gmail.com,153496133,included,-1
2025-03-04T05:59:06.985Z,793579,prishnee.bissessur1@gmail.com,153496140,"""__EXR__Not about conservation""",1
2025-03-04T05:59:06.999Z,793579,prishnee.bissessur1@gmail.com,153496140,included,-1
2025-03-04T05:59:09.664Z,793579,prishnee.bissessur1@gmail.com,153496159,"""__EXR__Not about conservation""",1
2025-03-04T05:59:09.684Z,793579,prishnee.bissessur1@gmail.com,153496159,included,-1
2025-03-04T05:59:22.389Z,793579,prishnee.bissessur1@gmail.com,153496226,"""__EXR__Not about policy or practice""",1
2025-03-04T05:59:22.403Z,793579,prishnee.bissessur1@gmail.com,153496226,included,-1
2025-03-04T05:59:46.270Z,793579,prishnee.bissessur1@gmail.com,153496229,"""__EXR__Not about conservation""",1
2025-03-04T05:59:46.292Z,793579,prishnee.bissessur1@gmail.com,153496229,included,-1
2025-03-04T05:59:57.414Z,793579,prishnee.bissessur1@gmail.com,153496293,"""__EXR__Not about conservation""",1
2025-03-04T05:59:57.432Z,793579,prishnee.bissessur1@gmail.com,153496293,included,-1
2025-03-04T06:00:01.228Z,793579,prishnee.bissessur1@gmail.com,153496315,"""__EXR__Not about conservation""",1
2025-03-04T06:00:01.249Z,793579,prishnee.bissessur1@gmail.com,153496315,included,-1
2025-03-04T06:00:06.473Z,793579,prishnee.bissessur1@gmail.com,153496333,"""__EXR__Not about conservation""",1
2025-03-04T06:00:06.491Z,793579,prishnee.bissessur1@gmail.com,153496333,included,-1
2025-03-04T06:02:03.697Z,793579,prishnee.bissessur1@gmail.com,153496335,"""__EXR__Not about conservation""",1
2025-03-04T06:02:03.713Z,793579,prishnee.bissessur1@gmail.com,153496335,included,-1
2025-03-04T06:02:27.549Z,793579,prishnee.bissessur1@gmail.com,153496699,"""__EXR__Not about conservation""",1
2025-03-04T06:02:27.565Z,793579,prishnee.bissessur1@gmail.com,153496699,included,-1
2025-03-04T06:02:56.867Z,793579,prishnee.bissessur1@gmail.com,153496709,included,1
2025-03-04T06:03:13.892Z,793579,prishnee.bissessur1@gmail.com,153496721,"""__EXR__Not about conservation""",1
2025-03-04T06:03:13.910Z,793579,prishnee.bissessur1@gmail.com,153496721,included,-1
2025-03-04T06:03:20.953Z,793579,prishnee.bissessur1@gmail.com,153497336,"""__EXR__Not about conservation""",1
2025-03-04T06:03:20.968Z,793579,prishnee.bissessur1@gmail.com,153497336,included,-1
2025-03-04T06:05:14.130Z,793579,prishnee.bissessur1@gmail.com,153497405,"""__EXR__Not about conservation""",1
2025-03-04T06:05:14.148Z,793579,prishnee.bissessur1@gmail.com,153497405,included,-1
2025-03-04T06:05:18.366Z,793579,prishnee.bissessur1@gmail.com,153497460,"""__EXR__Not about conservation""",1
2025-03-04T06:05:18.385Z,793579,prishnee.bissessur1@gmail.com,153497460,included,-1
2025-03-04T06:05:21.533Z,793579,prishnee.bissessur1@gmail.com,153497461,"""__EXR__Not about conservation""",1
2025-03-04T06:05:21.551Z,793579,prishnee.bissessur1@gmail.com,153497461,included,-1
2025-03-04T06:05:27.037Z,793579,prishnee.bissessur1@gmail.com,153497475,"""__EXR__Not about conservation""",1
2025-03-04T06:05:27.058Z,793579,prishnee.bissessur1@gmail.com,153497475,included,-1
2025-03-04T06:06:37.915Z,793579,prishnee.bissessur1@gmail.com,153498568,"""__EXR__Not about conservation""",1
2025-03-04T06:06:37.938Z,793579,prishnee.bissessur1@gmail.com,153498568,included,-1
2025-03-04T06:06:41.569Z,793579,prishnee.bissessur1@gmail.com,153498592,"""__EXR__Not about conservation""",1
2025-03-04T06:06:41.584Z,793579,prishnee.bissessur1@gmail.com,153498592,included,-1
2025-03-04T06:06:46.841Z,793579,prishnee.bissessur1@gmail.com,153498599,"""__EXR__Not about evidence use""",1
2025-03-04T06:06:46.857Z,793579,prishnee.bissessur1@gmail.com,153498599,included,-1
2025-03-04T06:06:46.878Z,793579,prishnee.bissessur1@gmail.com,153498599,"""__EXR__Not about conservation""",1
2025-03-04T06:06:46.890Z,793579,prishnee.bissessur1@gmail.com,153498599,included,-1
2025-03-04T06:08:28.216Z,793579,prishnee.bissessur1@gmail.com,153498602,"""__EXR__Not about conservation""",1
2025-03-04T06:08:28.234Z,793579,prishnee.bissessur1@gmail.com,153498602,included,-1
2025-03-04T06:08:31.769Z,793579,prishnee.bissessur1@gmail.com,153498617,"""__EXR__Not about conservation""",1
2025-03-04T06:08:31.785Z,793579,prishnee.bissessur1@gmail.com,153498617,included,-1
2025-03-04T06:08:38.697Z,793579,prishnee.bissessur1@gmail.com,153498648,"""__EXR__Not about conservation""",1
2025-03-04T06:08:38.715Z,793579,prishnee.bissessur1@gmail.com,153498648,included,-1
2025-03-04T06:08:42.978Z,793579,prishnee.bissessur1@gmail.com,153498665,"""__EXR__Not about conservation""",1
2025-03-04T06:08:42.998Z,793579,prishnee.bissessur1@gmail.com,153498665,included,-1
2025-03-04T06:08:43.030Z,793579,prishnee.bissessur1@gmail.com,153498665,"""__EXR__Not about evidence use""",1
2025-03-04T06:08:43.043Z,793579,prishnee.bissessur1@gmail.com,153498665,included,-1
2025-03-04T06:08:50.194Z,793579,prishnee.bissessur1@gmail.com,153498973,"""__EXR__Not about conservation""",1
2025-03-04T06:08:50.214Z,793579,prishnee.bissessur1@gmail.com,153498973,included,-1
2025-03-04T06:09:12.913Z,793579,prishnee.bissessur1@gmail.com,153498981,included,0
2025-03-04T06:09:17.079Z,793579,prishnee.bissessur1@gmail.com,153498998,"""__EXR__Not about conservation""",1
2025-03-04T06:09:17.094Z,793579,prishnee.bissessur1@gmail.com,153498998,included,-1
2025-03-04T06:09:38.200Z,793579,prishnee.bissessur1@gmail.com,153499042,"""__EXR__Not about conservation""",1
2025-03-04T06:09:38.214Z,793579,prishnee.bissessur1@gmail.com,153499042,included,-1
2025-03-04T06:09:41.106Z,793579,prishnee.bissessur1@gmail.com,153499081,"""__EXR__Not about conservation""",1
2025-03-04T06:09:41.122Z,793579,prishnee.bissessur1@gmail.com,153499081,included,-1
2025-03-04T06:09:47.834Z,793579,prishnee.bissessur1@gmail.com,153499084,"""__EXR__Not about conservation""",1
2025-03-04T06:09:47.848Z,793579,prishnee.bissessur1@gmail.com,153499084,included,-1
2025-03-04T06:09:47.860Z,793579,prishnee.bissessur1@gmail.com,153499084,"""__EXR__Not about policy or practice""",1
2025-03-04T06:09:47.867Z,793579,prishnee.bissessur1@gmail.com,153499084,included,-1
2025-03-04T06:09:55.137Z,793579,prishnee.bissessur1@gmail.com,153499094,"""__EXR__Not about conservation""",1
2025-03-04T06:09:55.152Z,793579,prishnee.bissessur1@gmail.com,153499094,included,-1
2025-03-04T06:09:59.368Z,793579,prishnee.bissessur1@gmail.com,153499228,"""__EXR__Not about conservation""",1
2025-03-04T06:09:59.384Z,793579,prishnee.bissessur1@gmail.com,153499228,included,-1
2025-03-04T06:10:34.563Z,793579,prishnee.bissessur1@gmail.com,153499261,"""__EXR__Not about conservation""",1
2025-03-04T06:10:34.576Z,793579,prishnee.bissessur1@gmail.com,153499261,included,-1
2025-03-04T06:10:50.125Z,793579,prishnee.bissessur1@gmail.com,153499268,"""__EXR__Not about conservation""",1
2025-03-04T06:10:50.140Z,793579,prishnee.bissessur1@gmail.com,153499268,included,-1
2025-03-04T06:10:56.978Z,793579,prishnee.bissessur1@gmail.com,153499271,"""__EXR__Not about conservation""",1
2025-03-04T06:10:56.990Z,793579,prishnee.bissessur1@gmail.com,153499271,included,-1
2025-03-04T06:11:02.303Z,793579,prishnee.bissessur1@gmail.com,153499339,"""__EXR__Not about conservation""",1
2025-03-04T06:11:02.320Z,793579,prishnee.bissessur1@gmail.com,153499339,included,-1
2025-03-04T06:11:31.540Z,793579,prishnee.bissessur1@gmail.com,153499340,"""__EXR__Not about conservation""",1
2025-03-04T06:11:31.556Z,793579,prishnee.bissessur1@gmail.com,153499340,included,-1
2025-03-04T06:13:12.964Z,793579,prishnee.bissessur1@gmail.com,164686484,included,1
2025-03-04T06:13:40.115Z,793579,prishnee.bissessur1@gmail.com,164687073,"""__EXR__Not about conservation""",1
2025-03-04T06:13:40.129Z,793579,prishnee.bissessur1@gmail.com,164687073,included,-1
2025-03-04T06:14:03.920Z,793579,prishnee.bissessur1@gmail.com,164687108,"""__EXR__Not about conservation""",1
2025-03-04T06:14:03.935Z,793579,prishnee.bissessur1@gmail.com,164687108,included,-1
2025-03-04T06:25:35.065Z,793579,prishnee.bissessur1@gmail.com,164687181,included,1
2025-03-04T06:26:00.615Z,793579,prishnee.bissessur1@gmail.com,164687237,included,1
2025-03-04T06:26:14.992Z,793579,prishnee.bissessur1@gmail.com,164687334,"""__EXR__Not about conservation""",1
2025-03-04T06:26:15.015Z,793579,prishnee.bissessur1@gmail.com,164687334,included,-1
2025-03-04T06:26:22.842Z,793579,prishnee.bissessur1@gmail.com,164687451,"""__EXR__Not about conservation""",1
2025-03-04T06:26:22.854Z,793579,prishnee.bissessur1@gmail.com,164687451,included,-1
2025-03-04T06:26:22.865Z,793579,prishnee.bissessur1@gmail.com,164687451,"""__EXR__foreign language""",deleted
2025-03-04T06:31:45.042Z,793579,prishnee.bissessur1@gmail.com,164687489,"""__EXR__Not about conservation""",1
2025-03-04T06:31:45.066Z,793579,prishnee.bissessur1@gmail.com,164687489,included,-1
2025-03-04T06:31:55.898Z,793579,prishnee.bissessur1@gmail.com,164687503,"""__EXR__Not about conservation""",1
2025-03-04T06:31:55.912Z,793579,prishnee.bissessur1@gmail.com,164687503,included,-1
2025-03-04T06:32:14.405Z,793579,prishnee.bissessur1@gmail.com,164687575,"""__EXR__Not about policy or practice""",1
2025-03-04T06:32:14.416Z,793579,prishnee.bissessur1@gmail.com,164687575,included,-1
2025-03-04T06:32:33.384Z,793579,prishnee.bissessur1@gmail.com,164687594,included,1
2025-03-04T06:33:29.068Z,793579,prishnee.bissessur1@gmail.com,164687602,included,0
2025-03-04T06:33:55.397Z,793579,prishnee.bissessur1@gmail.com,164687621,included,0
2025-03-04T06:34:24.396Z,793579,prishnee.bissessur1@gmail.com,164687631,"""__EXR__Not about conservation""",1
2025-03-04T06:34:24.410Z,793579,prishnee.bissessur1@gmail.com,164687631,included,-1
2025-03-04T06:34:48.032Z,793579,prishnee.bissessur1@gmail.com,164687685,"""__EXR__Not about policy or practice""",1
2025-03-04T06:34:48.056Z,793579,prishnee.bissessur1@gmail.com,164687685,included,-1
2025-03-04T06:35:03.538Z,793579,prishnee.bissessur1@gmail.com,164687687,"""__EXR__Not about factors that influence evidence use""",1
2025-03-04T06:35:03.551Z,793579,prishnee.bissessur1@gmail.com,164687687,included,-1
2025-03-04T06:35:22.557Z,793579,prishnee.bissessur1@gmail.com,164687721,"""__EXR__Not about conservation""",1
2025-03-04T06:35:22.569Z,793579,prishnee.bissessur1@gmail.com,164687721,included,-1
2025-03-04T06:36:37.526Z,793579,prishnee.bissessur1@gmail.com,164687728,included,0
2025-03-04T06:36:56.926Z,793579,prishnee.bissessur1@gmail.com,164687730,"""__EXR__Not about conservation""",1
2025-03-04T06:36:56.942Z,793579,prishnee.bissessur1@gmail.com,164687730,included,-1
2025-03-04T06:37:21.723Z,793579,prishnee.bissessur1@gmail.com,164687752,included,1
2025-03-04T06:37:45.646Z,793579,prishnee.bissessur1@gmail.com,164687758,"""__EXR__Not about policy or practice""",1
2025-03-04T06:37:45.660Z,793579,prishnee.bissessur1@gmail.com,164687758,included,-1
2025-03-04T06:37:54.661Z,793579,prishnee.bissessur1@gmail.com,164687775,"""__EXR__Not about conservation""",1
2025-03-04T06:37:54.682Z,793579,prishnee.bissessur1@gmail.com,164687775,included,-1
2025-03-04T06:38:02.652Z,793579,prishnee.bissessur1@gmail.com,164687885,"""__EXR__Not about conservation""",1
2025-03-04T06:38:02.665Z,793579,prishnee.bissessur1@gmail.com,164687885,included,-1
2025-03-04T06:38:15.950Z,793579,prishnee.bissessur1@gmail.com,164687892,"""__EXR__Not about conservation""",1
2025-03-04T06:38:15.962Z,793579,prishnee.bissessur1@gmail.com,164687892,included,-1
2025-03-04T06:38:26.250Z,793579,prishnee.bissessur1@gmail.com,164687904,"""__EXR__Not about conservation""",1
2025-03-04T06:38:26.264Z,793579,prishnee.bissessur1@gmail.com,164687904,included,-1
2025-03-04T06:38:36.358Z,793579,prishnee.bissessur1@gmail.com,164687937,"""__EXR__Not about conservation""",1
2025-03-04T06:38:36.371Z,793579,prishnee.bissessur1@gmail.com,164687937,included,-1
2025-03-04T06:38:36.382Z,793579,prishnee.bissessur1@gmail.com,164687937,"""__EXR__Not about policy or practice""",1
2025-03-04T06:38:36.390Z,793579,prishnee.bissessur1@gmail.com,164687937,included,-1
2025-03-04T06:38:48.947Z,793579,prishnee.bissessur1@gmail.com,164687983,"""__EXR__Not about conservation""",1
2025-03-04T06:38:48.959Z,793579,prishnee.bissessur1@gmail.com,164687983,included,-1
2025-03-04T06:39:16.143Z,793579,prishnee.bissessur1@gmail.com,164688076,"""__EXR__Not about factors that influence evidence use""",1
2025-03-04T06:39:16.155Z,793579,prishnee.bissessur1@gmail.com,164688076,included,-1
2025-03-04T06:39:34.541Z,793579,prishnee.bissessur1@gmail.com,164688226,"""__EXR__Not about factors that influence evidence use""",1
2025-03-04T06:39:34.558Z,793579,prishnee.bissessur1@gmail.com,164688226,included,-1
2025-03-04T06:40:21.242Z,793579,prishnee.bissessur1@gmail.com,164688305,included,1
2025-03-04T06:42:53.401Z,793579,prishnee.bissessur1@gmail.com,164688334,included,1
2025-03-04T06:43:53.864Z,793579,prishnee.bissessur1@gmail.com,164688374,"""__EXR__Not about evidence use""",1
2025-03-04T06:43:53.879Z,793579,prishnee.bissessur1@gmail.com,164688374,included,-1
2025-03-04T06:43:53.892Z,793579,prishnee.bissessur1@gmail.com,164688374,"""__EXR__Not about conservation""",1
2025-03-04T06:43:53.903Z,793579,prishnee.bissessur1@gmail.com,164688374,included,-1
2025-03-04T06:44:12.287Z,793579,prishnee.bissessur1@gmail.com,164688478,"""__EXR__Not about factors that influence evidence use""",1
2025-03-04T06:44:12.301Z,793579,prishnee.bissessur1@gmail.com,164688478,included,-1
2025-03-04T06:44:33.527Z,793579,prishnee.bissessur1@gmail.com,164688510,"""__EXR__Not about conservation""",1
2025-03-04T06:44:33.545Z,793579,prishnee.bissessur1@gmail.com,164688510,included,-1
2025-03-04T06:45:02.335Z,793579,prishnee.bissessur1@gmail.com,164688555,included,0
2025-03-04T06:45:31.593Z,793579,prishnee.bissessur1@gmail.com,164688562,"""__EXR__Not about factors that influence evidence use""",1
2025-03-04T06:45:31.607Z,793579,prishnee.bissessur1@gmail.com,164688562,included,-1
2025-03-04T06:46:03.246Z,793579,prishnee.bissessur1@gmail.com,164688585,included,1
2025-03-04T06:46:30.755Z,793579,prishnee.bissessur1@gmail.com,164688696,included,1
2025-03-04T06:46:39.692Z,793579,prishnee.bissessur1@gmail.com,164688720,"""__EXR__Not about factors that influence evidence use""",1
2025-03-04T06:46:39.707Z,793579,prishnee.bissessur1@gmail.com,164688720,included,-1
2025-03-04T06:47:09.078Z,793579,prishnee.bissessur1@gmail.com,164688731,included,0
2025-03-04T06:47:14.903Z,793579,prishnee.bissessur1@gmail.com,164690917,"""__EXR__Not about conservation""",1
2025-03-04T06:47:14.915Z,793579,prishnee.bissessur1@gmail.com,164690917,included,-1
2025-03-04T06:47:41.049Z,793579,prishnee.bissessur1@gmail.com,164690926,"""__EXR__Not about policy or practice""",1
2025-03-04T06:47:41.063Z,793579,prishnee.bissessur1@gmail.com,164690926,included,-1
2025-03-04T06:47:56.983Z,793579,prishnee.bissessur1@gmail.com,164690957,included,1
2025-03-04T06:48:03.026Z,793579,prishnee.bissessur1@gmail.com,164690997,"""__EXR__Not about conservation""",1
2025-03-04T06:48:03.041Z,793579,prishnee.bissessur1@gmail.com,164690997,included,-1
2025-03-04T06:48:28.347Z,793579,prishnee.bissessur1@gmail.com,164691032,"""__EXR__Not about conservation""",1
2025-03-04T06:48:28.391Z,793579,prishnee.bissessur1@gmail.com,164691032,included,-1
2025-03-04T06:48:28.405Z,793579,prishnee.bissessur1@gmail.com,164691032,"""__EXR__Not about policy or practice""",1
2025-03-04T06:48:28.416Z,793579,prishnee.bissessur1@gmail.com,164691032,included,-1
2025-03-04T06:48:55.970Z,793579,prishnee.bissessur1@gmail.com,164691053,included,0
2025-03-04T06:50:01.770Z,793579,prishnee.bissessur1@gmail.com,164691110,"""__EXR__Not about policy or practice""",1
2025-03-04T06:50:01.783Z,793579,prishnee.bissessur1@gmail.com,164691110,included,-1
2025-03-04T06:50:13.242Z,793579,prishnee.bissessur1@gmail.com,164691119,"""__EXR__Not about conservation""",1
2025-03-04T06:50:13.252Z,793579,prishnee.bissessur1@gmail.com,164691119,included,-1
2025-03-04T06:50:46.145Z,793579,prishnee.bissessur1@gmail.com,164691198,"""__EXR__Not about factors that influence evidence use""",1
2025-03-04T06:50:46.160Z,793579,prishnee.bissessur1@gmail.com,164691198,included,-1
2025-03-04T06:50:52.562Z,793579,prishnee.bissessur1@gmail.com,164691250,"""__EXR__Not about evidence use""",1
2025-03-04T06:50:52.579Z,793579,prishnee.bissessur1@gmail.com,164691250,included,-1
2025-03-04T06:51:01.751Z,793579,prishnee.bissessur1@gmail.com,164691300,"""__EXR__Not about conservation""",1
2025-03-04T06:51:01.767Z,793579,prishnee.bissessur1@gmail.com,164691300,included,-1
2025-03-04T06:51:35.526Z,793579,prishnee.bissessur1@gmail.com,164691336,"""__EXR__Not about evidence use""",1
2025-03-04T06:51:35.538Z,793579,prishnee.bissessur1@gmail.com,164691336,included,-1
2025-03-04T06:51:47.503Z,793579,prishnee.bissessur1@gmail.com,164691425,"""__EXR__Not about conservation""",1
2025-03-04T06:51:47.514Z,793579,prishnee.bissessur1@gmail.com,164691425,included,-1
2025-03-04T06:52:05.251Z,793579,prishnee.bissessur1@gmail.com,164691451,"""__EXR__Not about conservation""",1
2025-03-04T06:52:05.266Z,793579,prishnee.bissessur1@gmail.com,164691451,included,-1
2025-03-04T06:52:35.576Z,793579,prishnee.bissessur1@gmail.com,164691467,included,1
2025-03-04T06:52:53.960Z,793579,prishnee.bissessur1@gmail.com,164691499,"""__EXR__Not about evidence use""",1
2025-03-04T06:52:53.972Z,793579,prishnee.bissessur1@gmail.com,164691499,included,-1
2025-03-04T06:53:23.729Z,793579,prishnee.bissessur1@gmail.com,164691517,included,1
2025-03-04T06:53:47.073Z,793579,prishnee.bissessur1@gmail.com,164691534,"""__EXR__Not about policy or practice""",1
2025-03-04T06:53:47.088Z,793579,prishnee.bissessur1@gmail.com,164691534,included,-1
2025-03-04T06:53:47.103Z,793579,prishnee.bissessur1@gmail.com,164691534,"""__EXR__Not research study""",deleted
2025-03-04T06:54:34.506Z,793579,prishnee.bissessur1@gmail.com,164691648,"""__EXR__Not about factors that influence evidence use""",1
2025-03-04T06:54:34.527Z,793579,prishnee.bissessur1@gmail.com,164691648,included,-1
2025-03-04T06:54:45.975Z,793579,prishnee.bissessur1@gmail.com,164691684,"""__EXR__Not about factors that influence evidence use""",1
2025-03-04T06:54:45.988Z,793579,prishnee.bissessur1@gmail.com,164691684,included,-1
2025-03-04T06:55:02.164Z,793579,prishnee.bissessur1@gmail.com,164691712,included,0
2025-03-04T06:55:20.406Z,793579,prishnee.bissessur1@gmail.com,164691719,"""__EXR__Not about conservation""",1
2025-03-04T06:55:20.417Z,793579,prishnee.bissessur1@gmail.com,164691719,included,-1
2025-03-04T06:55:29.835Z,793579,prishnee.bissessur1@gmail.com,164691749,"""__EXR__Not about conservation""",1
2025-03-04T06:55:29.849Z,793579,prishnee.bissessur1@gmail.com,164691749,included,-1
2025-03-04T06:55:45.921Z,793579,prishnee.bissessur1@gmail.com,164692036,included,0
2025-03-04T06:55:52.105Z,793579,prishnee.bissessur1@gmail.com,164692090,"""__EXR__Not about conservation""",1
2025-03-04T06:55:52.119Z,793579,prishnee.bissessur1@gmail.com,164692090,included,-1
2025-03-04T06:56:09.331Z,793579,prishnee.bissessur1@gmail.com,164692214,"""__EXR__Not about evidence use""",1
2025-03-04T06:56:09.347Z,793579,prishnee.bissessur1@gmail.com,164692214,included,-1
2025-03-04T06:56:16.337Z,793579,prishnee.bissessur1@gmail.com,164692267,"""__EXR__Not about conservation""",1
2025-03-04T06:56:16.354Z,793579,prishnee.bissessur1@gmail.com,164692267,included,-1
2025-03-04T06:56:21.881Z,793579,prishnee.bissessur1@gmail.com,164692298,"""__EXR__Not about conservation""",1
2025-03-04T06:56:21.894Z,793579,prishnee.bissessur1@gmail.com,164692298,included,-1
2025-03-04T06:56:27.363Z,793579,prishnee.bissessur1@gmail.com,164692332,"""__EXR__Not about conservation""",1
2025-03-04T06:56:27.375Z,793579,prishnee.bissessur1@gmail.com,164692332,included,-1
2025-03-04T06:56:33.140Z,793579,prishnee.bissessur1@gmail.com,164692363,"""__EXR__Not about evidence use""",1
2025-03-04T06:56:33.153Z,793579,prishnee.bissessur1@gmail.com,164692363,included,-1
2025-03-04T06:56:49.978Z,793579,prishnee.bissessur1@gmail.com,164692437,included,0
2025-03-04T06:57:04.228Z,793579,prishnee.bissessur1@gmail.com,164692479,"""__EXR__Not about factors that influence evidence use""",1
2025-03-04T06:57:04.238Z,793579,prishnee.bissessur1@gmail.com,164692479,included,-1
2025-03-04T06:57:13.166Z,793579,prishnee.bissessur1@gmail.com,164692518,"""__EXR__Not about factors that influence evidence use""",1
2025-03-04T06:57:13.180Z,793579,prishnee.bissessur1@gmail.com,164692518,included,-1
2025-03-04T06:57:19.176Z,793579,prishnee.bissessur1@gmail.com,164692578,"""__EXR__Not about conservation""",1
2025-03-04T06:57:19.191Z,793579,prishnee.bissessur1@gmail.com,164692578,included,-1
2025-03-04T06:57:25.035Z,793579,prishnee.bissessur1@gmail.com,164692626,"""__EXR__Not about conservation""",1
2025-03-04T06:57:25.047Z,793579,prishnee.bissessur1@gmail.com,164692626,included,-1
2025-03-04T06:57:49.085Z,793579,prishnee.bissessur1@gmail.com,164692651,"""__EXR__Not about conservation""",1
2025-03-04T06:57:49.094Z,793579,prishnee.bissessur1@gmail.com,164692651,included,-1
2025-03-04T06:58:08.004Z,793579,prishnee.bissessur1@gmail.com,164692716,included,1
2025-03-04T06:58:17.751Z,793579,prishnee.bissessur1@gmail.com,164692732,"""__EXR__Not about conservation""",1
2025-03-04T06:58:17.764Z,793579,prishnee.bissessur1@gmail.com,164692732,included,-1
2025-03-04T06:58:46.076Z,793579,prishnee.bissessur1@gmail.com,164692867,included,0
2025-03-04T06:58:50.783Z,793579,prishnee.bissessur1@gmail.com,164694874,"""__EXR__Not about conservation""",1
2025-03-04T06:58:50.793Z,793579,prishnee.bissessur1@gmail.com,164694874,included,-1
2025-03-04T06:59:04.981Z,793579,prishnee.bissessur1@gmail.com,164694930,included,0
2025-03-04T06:59:34.461Z,793579,prishnee.bissessur1@gmail.com,164694954,"""__EXR__Not about factors that influence evidence use""",1
2025-03-04T06:59:34.475Z,793579,prishnee.bissessur1@gmail.com,164694954,included,-1
2025-03-04T06:59:48.873Z,793579,prishnee.bissessur1@gmail.com,164695010,included,1
2025-03-04T06:59:54.341Z,793579,prishnee.bissessur1@gmail.com,164695066,"""__EXR__Not about conservation""",1
2025-03-04T06:59:54.356Z,793579,prishnee.bissessur1@gmail.com,164695066,included,-1
2025-03-04T13:16:36.623Z,793579,prishnee.bissessur1@gmail.com,153490255,included,-1
2025-03-04T15:57:39.397Z,0,rayyan@rayyan.ai,164706843,"""__SYSTEM__SAMPLE__4fbb6f49552ccf5dd0764daf91fb8599_15384""",1
2025-03-04T15:57:39.565Z,0,rayyan@rayyan.ai,164705315,"""__SYSTEM__SAMPLE__4fbb6f49552ccf5dd0764daf91fb8599_15384""",1
2025-03-04T15:57:40.352Z,0,rayyan@rayyan.ai,164703462,"""__SYSTEM__SAMPLE__4fbb6f49552ccf5dd0764daf91fb8599_15384""",1
2025-03-04T16:19:17.577Z,448594,phil.martin.research@gmail.com,153485874,included,1
2025-03-04T16:19:39.444Z,448594,phil.martin.research@gmail.com,153485983,"""__EXR__Not about Evidence use""",1
2025-03-04T16:19:39.467Z,448594,phil.martin.research@gmail.com,153485983,included,-1
2025-03-04T16:20:11.852Z,448594,phil.martin.research@gmail.com,153486174,"""__EXR__Not about Evidence use""",1
2025-03-04T16:20:11.872Z,448594,phil.martin.research@gmail.com,153486174,included,-1
2025-03-04T16:20:31.277Z,448594,phil.martin.research@gmail.com,153486208,"""__EXR__Not about Evidence use""",1
2025-03-04T16:20:31.308Z,448594,phil.martin.research@gmail.com,153486208,included,-1
2025-03-04T16:21:01.274Z,448594,phil.martin.research@gmail.com,153486292,"""__EXR__Not about conservation""",1
2025-03-04T16:21:01.300Z,448594,phil.martin.research@gmail.com,153486292,included,-1
2025-03-04T16:22:07.871Z,448594,phil.martin.research@gmail.com,153486381,"""__EXR__Not about conservation""",1
2025-03-04T16:22:07.901Z,448594,phil.martin.research@gmail.com,153486381,included,-1
2025-03-04T16:22:42.812Z,448594,phil.martin.research@gmail.com,153486659,"""__EXR__Not about Evidence use""",1
2025-03-04T16:22:42.836Z,448594,phil.martin.research@gmail.com,153486659,included,-1
2025-03-04T16:23:15.982Z,448594,phil.martin.research@gmail.com,153486960,"""__EXR__Not about conservation""",1
2025-03-04T16:23:16.019Z,448594,phil.martin.research@gmail.com,153486960,included,-1
2025-03-04T16:23:35.532Z,448594,phil.martin.research@gmail.com,153486960,"""__EXR__Not about Evidence use""",1
2025-03-04T16:23:35.547Z,448594,phil.martin.research@gmail.com,153486960,included,-1
2025-03-04T16:23:35.634Z,448594,phil.martin.research@gmail.com,153486960,"""__EXR__Not about conservation""",deleted
2025-03-04T16:24:12.086Z,448594,phil.martin.research@gmail.com,153486980,"""__EXR__Not about Evidence use""",1
2025-03-04T16:24:12.113Z,448594,phil.martin.research@gmail.com,153486980,included,-1
2025-03-04T16:24:12.341Z,448594,phil.martin.research@gmail.com,153487281,"""__EXR__Not about Evidence use""",1
2025-03-04T16:24:12.438Z,448594,phil.martin.research@gmail.com,153487281,included,-1
2025-03-04T16:25:12.899Z,448594,phil.martin.research@gmail.com,153487399,included,1
2025-03-04T16:25:35.437Z,448594,phil.martin.research@gmail.com,153487491,"""__EXR__Not about Evidence use""",1
2025-03-04T16:25:35.461Z,448594,phil.martin.research@gmail.com,153487491,included,-1
2025-03-04T16:26:26.440Z,448594,phil.martin.research@gmail.com,153487536,"""__EXR__Not about Evidence use""",1
2025-03-04T16:26:26.539Z,448594,phil.martin.research@gmail.com,153487536,included,-1
2025-03-04T16:26:26.587Z,448594,phil.martin.research@gmail.com,153487616,"""__EXR__Not about Evidence use""",1
2025-03-04T16:26:26.616Z,448594,phil.martin.research@gmail.com,153487616,included,-1
2025-03-04T16:26:27.022Z,448594,phil.martin.research@gmail.com,153487665,"""__EXR__Not about Evidence use""",1
2025-03-04T16:26:27.056Z,448594,phil.martin.research@gmail.com,153487665,included,-1
2025-03-04T16:26:27.124Z,448594,phil.martin.research@gmail.com,153487850,"""__EXR__Not about Evidence use""",1
2025-03-04T16:26:27.143Z,448594,phil.martin.research@gmail.com,153488200,"""__EXR__Not about Evidence use""",1
2025-03-04T16:26:27.151Z,448594,phil.martin.research@gmail.com,153487850,included,-1
2025-03-04T16:26:27.165Z,448594,phil.martin.research@gmail.com,153488200,included,-1
2025-03-04T16:26:27.458Z,448594,phil.martin.research@gmail.com,153488236,"""__EXR__Not about Evidence use""",1
2025-03-04T16:26:27.480Z,448594,phil.martin.research@gmail.com,153488236,included,-1
2025-03-04T16:26:27.733Z,448594,phil.martin.research@gmail.com,153488237,"""__EXR__Not about Evidence use""",1
2025-03-04T16:26:27.755Z,448594,phil.martin.research@gmail.com,153488237,included,-1
2025-03-04T16:26:27.831Z,448594,phil.martin.research@gmail.com,153488454,"""__EXR__Not about Evidence use""",1
2025-03-04T16:26:27.858Z,448594,phil.martin.research@gmail.com,153488454,included,-1
2025-03-04T16:26:28.299Z,448594,phil.martin.research@gmail.com,153488454,"""__EXR__Not about Evidence use""",1
2025-03-04T16:26:28.334Z,448594,phil.martin.research@gmail.com,153488454,included,-1
2025-03-04T16:30:35.081Z,448594,phil.martin.research@gmail.com,153488236,included,1
2025-03-04T16:30:46.431Z,448594,phil.martin.research@gmail.com,153488236,"""__EXR__Not about Evidence use""",deleted
2025-03-04T16:31:37.654Z,448594,phil.martin.research@gmail.com,153492183,"""__EXR__Not about Evidence use""",1
2025-03-04T16:31:37.690Z,448594,phil.martin.research@gmail.com,153492183,included,-1
2025-03-04T16:31:57.637Z,448594,phil.martin.research@gmail.com,153492718,"""__EXR__Not about Evidence use""",1
2025-03-04T16:31:57.661Z,448594,phil.martin.research@gmail.com,153492718,included,-1
2025-03-04T16:32:40.131Z,448594,phil.martin.research@gmail.com,153492836,"""__EXR__Not about Evidence use""",1
2025-03-04T16:32:40.162Z,448594,phil.martin.research@gmail.com,153492836,included,-1
2025-03-04T16:33:04.032Z,448594,phil.martin.research@gmail.com,153493598,"""__EXR__Not about conservation""",1
2025-03-04T16:33:04.061Z,448594,phil.martin.research@gmail.com,153493598,included,-1
2025-03-04T16:33:52.999Z,448594,phil.martin.research@gmail.com,153494311,"""__EXR__Not about conservation""",1
2025-03-04T16:33:53.027Z,448594,phil.martin.research@gmail.com,153494311,included,-1
2025-03-04T16:37:26.808Z,448594,phil.martin.research@gmail.com,153494943,"""__EXR__Not about conservation""",1
2025-03-04T16:37:26.834Z,448594,phil.martin.research@gmail.com,153494943,included,-1
2025-03-04T16:37:36.947Z,448594,phil.martin.research@gmail.com,153491699,"""__EXR__Not about conservation""",1
2025-03-04T16:37:36.971Z,448594,phil.martin.research@gmail.com,153491699,included,-1
2025-03-04T16:37:46.478Z,448594,phil.martin.research@gmail.com,164688510,"""__EXR__Not about conservation""",1
2025-03-04T16:37:46.501Z,448594,phil.martin.research@gmail.com,164688510,included,-1
2025-03-04T16:38:27.043Z,448594,phil.martin.research@gmail.com,153486563,"""__EXR__Not about Evidence use""",1
2025-03-04T16:38:27.075Z,448594,phil.martin.research@gmail.com,153486563,included,-1
2025-03-04T16:38:32.013Z,448594,phil.martin.research@gmail.com,153485324,"""__EXR__Not about conservation""",1
2025-03-04T16:38:32.044Z,448594,phil.martin.research@gmail.com,153485324,included,-1
2025-03-04T16:38:35.884Z,448594,phil.martin.research@gmail.com,164705109,"""__EXR__Not about conservation""",1
2025-03-04T16:38:35.934Z,448594,phil.martin.research@gmail.com,164705109,included,-1
2025-03-04T16:38:47.386Z,448594,phil.martin.research@gmail.com,153491576,"""__EXR__Not about Evidence use""",1
2025-03-04T16:38:47.411Z,448594,phil.martin.research@gmail.com,153491576,included,-1
2025-03-04T16:39:40.451Z,448594,phil.martin.research@gmail.com,153495697,"""__EXR__Not about conservation""",1
2025-03-04T16:39:40.486Z,448594,phil.martin.research@gmail.com,153495697,included,-1
2025-03-04T16:39:43.285Z,448594,phil.martin.research@gmail.com,164684664,"""__EXR__Not about conservation""",1
2025-03-04T16:39:43.313Z,448594,phil.martin.research@gmail.com,164684664,included,-1
2025-03-04T16:39:52.082Z,448594,phil.martin.research@gmail.com,153496459,"""__EXR__Not about conservation""",1
2025-03-04T16:39:52.105Z,448594,phil.martin.research@gmail.com,153496459,included,-1
2025-03-04T16:39:56.462Z,448594,phil.martin.research@gmail.com,164685056,"""__EXR__Not about conservation""",1
2025-03-04T16:39:56.488Z,448594,phil.martin.research@gmail.com,164685056,included,-1
2025-03-04T16:39:58.530Z,448594,phil.martin.research@gmail.com,153498461,"""__EXR__Not about conservation""",1
2025-03-04T16:39:58.553Z,448594,phil.martin.research@gmail.com,153498461,included,-1
2025-03-04T16:40:16.145Z,448594,phil.martin.research@gmail.com,153493780,"""__EXR__Not about conservation""",1
2025-03-04T16:40:16.168Z,448594,phil.martin.research@gmail.com,153493780,included,-1
2025-03-04T16:40:38.304Z,448594,phil.martin.research@gmail.com,153498276,"""__EXR__Not about conservation""",1
2025-03-04T16:40:38.327Z,448594,phil.martin.research@gmail.com,153498276,included,-1
2025-03-04T16:40:43.496Z,448594,phil.martin.research@gmail.com,153492425,"""__EXR__Not about conservation""",1
2025-03-04T16:40:43.517Z,448594,phil.martin.research@gmail.com,153492425,included,-1
2025-03-04T16:40:55.649Z,448594,phil.martin.research@gmail.com,164687334,"""__EXR__Not about conservation""",1
2025-03-04T16:40:55.680Z,448594,phil.martin.research@gmail.com,164687334,included,-1
2025-03-04T16:41:05.430Z,448594,phil.martin.research@gmail.com,153489995,"""__EXR__Not about conservation""",1
2025-03-04T16:41:05.454Z,448594,phil.martin.research@gmail.com,153489995,included,-1
2025-03-04T16:41:24.315Z,448594,phil.martin.research@gmail.com,153499081,"""__EXR__Not about conservation""",1
2025-03-04T16:41:24.341Z,448594,phil.martin.research@gmail.com,153499081,included,-1
2025-03-04T16:41:46.963Z,448594,phil.martin.research@gmail.com,164686729,"""__EXR__Not about factors that influence evidence use""",1
2025-03-04T16:41:46.986Z,448594,phil.martin.research@gmail.com,164686729,included,-1
2025-03-04T16:41:52.789Z,448594,phil.martin.research@gmail.com,153490183,"""__EXR__Not about conservation""",1
2025-03-04T16:41:52.809Z,448594,phil.martin.research@gmail.com,153490183,included,-1
2025-03-04T16:42:38.179Z,448594,phil.martin.research@gmail.com,153485869,"""__EXR__Not about conservation""",1
2025-03-04T16:42:38.199Z,448594,phil.martin.research@gmail.com,153485869,included,-1
2025-03-04T16:43:36.054Z,448594,phil.martin.research@gmail.com,153496032,"""__EXR__Not about conservation""",1
2025-03-04T16:43:36.117Z,448594,phil.martin.research@gmail.com,153496032,included,-1
2025-03-04T16:43:39.209Z,448594,phil.martin.research@gmail.com,153492230,"""__EXR__Not about conservation""",1
2025-03-04T16:43:39.232Z,448594,phil.martin.research@gmail.com,153492230,included,-1
2025-03-04T16:43:53.715Z,448594,phil.martin.research@gmail.com,153494070,"""__EXR__Not about conservation""",1
2025-03-04T16:43:53.741Z,448594,phil.martin.research@gmail.com,153494070,included,-1
2025-03-04T16:44:14.484Z,448594,phil.martin.research@gmail.com,153493761,"""__EXR__Not about conservation""",1
2025-03-04T16:44:14.507Z,448594,phil.martin.research@gmail.com,153493761,included,-1
2025-03-04T16:44:25.961Z,448594,phil.martin.research@gmail.com,153496643,"""__EXR__Not about conservation""",1
2025-03-04T16:44:25.991Z,448594,phil.martin.research@gmail.com,153496643,included,-1
2025-03-04T20:57:27.499Z,448594,phil.martin.research@gmail.com,83177632,"""__EXR__Not about conservation""",1
2025-03-04T20:57:27.520Z,448594,phil.martin.research@gmail.com,83177632,included,-1
2025-03-04T20:57:41.664Z,448594,phil.martin.research@gmail.com,83177992,"""__EXR__Not about conservation""",1
2025-03-04T20:57:41.689Z,448594,phil.martin.research@gmail.com,83177992,included,-1
2025-03-04T20:58:08.047Z,448594,phil.martin.research@gmail.com,153485273,"""__EXR__Not about conservation""",1
2025-03-04T20:58:08.071Z,448594,phil.martin.research@gmail.com,153485273,included,-1
2025-03-04T20:58:25.092Z,448594,phil.martin.research@gmail.com,153485282,"""__EXR__Not about conservation""",1
2025-03-04T20:58:25.110Z,448594,phil.martin.research@gmail.com,153485282,included,-1
2025-03-05T10:19:49.237Z,0,rayyan@rayyan.ai,164696026,"""__SYSTEM__SAMPLE__00e701356f3d8e857720c39c6706410e_15405""",1
2025-03-05T10:19:49.237Z,0,rayyan@rayyan.ai,164701787,"""__SYSTEM__SAMPLE__00e701356f3d8e857720c39c6706410e_15405""",1
2025-03-05T10:19:49.579Z,0,rayyan@rayyan.ai,164700540,"""__SYSTEM__SAMPLE__00e701356f3d8e857720c39c6706410e_15405""",1
2025-03-05T10:19:50.596Z,0,rayyan@rayyan.ai,164696217,"""__SYSTEM__SAMPLE__00e701356f3d8e857720c39c6706410e_15405""",1
2025-03-05T10:19:50.596Z,0,rayyan@rayyan.ai,164689636,"""__SYSTEM__SAMPLE__00e701356f3d8e857720c39c6706410e_15405""",1
2025-03-05T10:19:50.787Z,0,rayyan@rayyan.ai,164694441,"""__SYSTEM__SAMPLE__00e701356f3d8e857720c39c6706410e_15405""",1
2025-03-05T10:19:50.787Z,0,rayyan@rayyan.ai,164693963,"""__SYSTEM__SAMPLE__00e701356f3d8e857720c39c6706410e_15405""",1
2025-03-05T10:19:50.931Z,0,rayyan@rayyan.ai,164698977,"""__SYSTEM__SAMPLE__00e701356f3d8e857720c39c6706410e_15405""",1
2025-03-06T12:19:58.210Z,448594,phil.martin.research@gmail.com,164705315,"""__EXR__Not about conservation""",1
2025-03-06T12:19:58.225Z,448594,phil.martin.research@gmail.com,164705315,included,-1
2025-03-06T12:29:13.121Z,0,rayyan@rayyan.ai,164701940,"""__SYSTEM__SAMPLE__6162b2583ac27b37ac06dfc5672321e9_15498""",1
2025-03-06T12:29:13.121Z,0,rayyan@rayyan.ai,153498648,"""__SYSTEM__SAMPLE__6162b2583ac27b37ac06dfc5672321e9_15498""",1
2025-03-06T12:29:13.121Z,0,rayyan@rayyan.ai,153496315,"""__SYSTEM__SAMPLE__6162b2583ac27b37ac06dfc5672321e9_15498""",1
2025-03-06T12:29:13.305Z,0,rayyan@rayyan.ai,153490003,"""__SYSTEM__SAMPLE__6162b2583ac27b37ac06dfc5672321e9_15498""",1
2025-03-06T12:29:13.305Z,0,rayyan@rayyan.ai,164694285,"""__SYSTEM__SAMPLE__6162b2583ac27b37ac06dfc5672321e9_15498""",1
2025-03-06T12:29:13.305Z,0,rayyan@rayyan.ai,153497104,"""__SYSTEM__SAMPLE__6162b2583ac27b37ac06dfc5672321e9_15498""",1
2025-03-06T12:29:13.449Z,0,rayyan@rayyan.ai,153492951,"""__SYSTEM__SAMPLE__6162b2583ac27b37ac06dfc5672321e9_15498""",1
2025-03-06T12:29:13.449Z,0,rayyan@rayyan.ai,164696970,"""__SYSTEM__SAMPLE__6162b2583ac27b37ac06dfc5672321e9_15498""",1
2025-03-06T12:29:13.449Z,0,rayyan@rayyan.ai,164703696,"""__SYSTEM__SAMPLE__6162b2583ac27b37ac06dfc5672321e9_15498""",1
2025-03-06T12:29:13.449Z,0,rayyan@rayyan.ai,153496909,"""__SYSTEM__SAMPLE__6162b2583ac27b37ac06dfc5672321e9_15498""",1
2025-03-06T12:29:13.593Z,0,rayyan@rayyan.ai,153499084,"""__SYSTEM__SAMPLE__6162b2583ac27b37ac06dfc5672321e9_15498""",1
2025-03-06T12:29:13.593Z,0,rayyan@rayyan.ai,164695832,"""__SYSTEM__SAMPLE__6162b2583ac27b37ac06dfc5672321e9_15498""",1
2025-03-06T12:29:13.593Z,0,rayyan@rayyan.ai,153492710,"""__SYSTEM__SAMPLE__6162b2583ac27b37ac06dfc5672321e9_15498""",1
2025-03-06T12:29:13.593Z,0,rayyan@rayyan.ai,153498051,"""__SYSTEM__SAMPLE__6162b2583ac27b37ac06dfc5672321e9_15498""",1
2025-03-06T12:29:13.593Z,0,rayyan@rayyan.ai,153489059,"""__SYSTEM__SAMPLE__6162b2583ac27b37ac06dfc5672321e9_15498""",1
2025-03-06T12:29:13.705Z,0,rayyan@rayyan.ai,153489962,"""__SYSTEM__SAMPLE__6162b2583ac27b37ac06dfc5672321e9_15498""",1
2025-03-06T12:29:14.439Z,0,rayyan@rayyan.ai,164697427,"""__SYSTEM__SAMPLE__6162b2583ac27b37ac06dfc5672321e9_15498""",1
2025-03-06T12:29:14.439Z,0,rayyan@rayyan.ai,153487148,"""__SYSTEM__SAMPLE__6162b2583ac27b37ac06dfc5672321e9_15498""",1
2025-03-06T12:29:14.527Z,0,rayyan@rayyan.ai,153493780,"""__SYSTEM__SAMPLE__6162b2583ac27b37ac06dfc5672321e9_15498""",1
2025-03-06T12:29:14.527Z,0,rayyan@rayyan.ai,153492836,"""__SYSTEM__SAMPLE__6162b2583ac27b37ac06dfc5672321e9_15498""",1
2025-03-06T12:29:14.527Z,0,rayyan@rayyan.ai,153494893,"""__SYSTEM__SAMPLE__6162b2583ac27b37ac06dfc5672321e9_15498""",1
2025-03-06T12:29:14.605Z,0,rayyan@rayyan.ai,153486012,"""__SYSTEM__SAMPLE__6162b2583ac27b37ac06dfc5672321e9_15498""",1
2025-03-06T12:29:14.605Z,0,rayyan@rayyan.ai,164688076,"""__SYSTEM__SAMPLE__6162b2583ac27b37ac06dfc5672321e9_15498""",1
2025-03-06T12:29:14.605Z,0,rayyan@rayyan.ai,164691534,"""__SYSTEM__SAMPLE__6162b2583ac27b37ac06dfc5672321e9_15498""",1
2025-03-06T12:29:14.605Z,0,rayyan@rayyan.ai,153493854,"""__SYSTEM__SAMPLE__6162b2583ac27b37ac06dfc5672321e9_15498""",1
2025-03-06T12:29:14.679Z,0,rayyan@rayyan.ai,153497006,"""__SYSTEM__SAMPLE__6162b2583ac27b37ac06dfc5672321e9_15498""",1
2025-03-06T12:29:14.679Z,0,rayyan@rayyan.ai,153491138,"""__SYSTEM__SAMPLE__6162b2583ac27b37ac06dfc5672321e9_15498""",1
2025-03-06T12:29:14.679Z,0,rayyan@rayyan.ai,153495050,"""__SYSTEM__SAMPLE__6162b2583ac27b37ac06dfc5672321e9_15498""",1
2025-03-06T12:29:14.679Z,0,rayyan@rayyan.ai,153485370,"""__SYSTEM__SAMPLE__6162b2583ac27b37ac06dfc5672321e9_15498""",1
2025-03-06T12:29:14.746Z,0,rayyan@rayyan.ai,153493794,"""__SYSTEM__SAMPLE__6162b2583ac27b37ac06dfc5672321e9_15498""",1
2025-03-06T12:29:14.746Z,0,rayyan@rayyan.ai,153485345,"""__SYSTEM__SAMPLE__6162b2583ac27b37ac06dfc5672321e9_15498""",1
2025-03-06T12:29:14.746Z,0,rayyan@rayyan.ai,153499228,"""__SYSTEM__SAMPLE__6162b2583ac27b37ac06dfc5672321e9_15498""",1
2025-03-06T12:29:14.746Z,0,rayyan@rayyan.ai,164691425,"""__SYSTEM__SAMPLE__6162b2583ac27b37ac06dfc5672321e9_15498""",1
2025-03-06T12:29:14.803Z,0,rayyan@rayyan.ai,153495454,"""__SYSTEM__SAMPLE__6162b2583ac27b37ac06dfc5672321e9_15498""",1
2025-03-06T12:29:14.862Z,0,rayyan@rayyan.ai,164688968,"""__SYSTEM__SAMPLE__6162b2583ac27b37ac06dfc5672321e9_15498""",1
2025-03-06T12:29:14.862Z,0,rayyan@rayyan.ai,164687334,"""__SYSTEM__SAMPLE__6162b2583ac27b37ac06dfc5672321e9_15498""",1
2025-03-06T12:29:14.862Z,0,rayyan@rayyan.ai,153486904,"""__SYSTEM__SAMPLE__6162b2583ac27b37ac06dfc5672321e9_15498""",1
2025-03-06T12:29:14.922Z,0,rayyan@rayyan.ai,164686873,"""__SYSTEM__SAMPLE__6162b2583ac27b37ac06dfc5672321e9_15498""",1
2025-03-06T12:29:14.922Z,0,rayyan@rayyan.ai,153496479,"""__SYSTEM__SAMPLE__6162b2583ac27b37ac06dfc5672321e9_15498""",1
2025-03-06T12:29:15.388Z,0,rayyan@rayyan.ai,153498419,"""__SYSTEM__SAMPLE__6162b2583ac27b37ac06dfc5672321e9_15498""",1
2025-03-06T12:29:15.388Z,0,rayyan@rayyan.ai,153489520,"""__SYSTEM__SAMPLE__6162b2583ac27b37ac06dfc5672321e9_15498""",1
2025-03-06T12:29:15.388Z,0,rayyan@rayyan.ai,153498182,"""__SYSTEM__SAMPLE__6162b2583ac27b37ac06dfc5672321e9_15498""",1
2025-03-06T12:29:15.442Z,0,rayyan@rayyan.ai,153491982,"""__SYSTEM__SAMPLE__6162b2583ac27b37ac06dfc5672321e9_15498""",1
2025-03-06T12:29:15.442Z,0,rayyan@rayyan.ai,153494850,"""__SYSTEM__SAMPLE__6162b2583ac27b37ac06dfc5672321e9_15498""",1
2025-03-06T12:29:15.442Z,0,rayyan@rayyan.ai,164687687,"""__SYSTEM__SAMPLE__6162b2583ac27b37ac06dfc5672321e9_15498""",1
2025-03-06T12:29:15.442Z,0,rayyan@rayyan.ai,164692036,"""__SYSTEM__SAMPLE__6162b2583ac27b37ac06dfc5672321e9_15498""",1
2025-03-06T12:29:15.494Z,0,rayyan@rayyan.ai,153490031,"""__SYSTEM__SAMPLE__6162b2583ac27b37ac06dfc5672321e9_15498""",1
2025-03-06T12:29:15.494Z,0,rayyan@rayyan.ai,153492348,"""__SYSTEM__SAMPLE__6162b2583ac27b37ac06dfc5672321e9_15498""",1
2025-03-06T12:29:15.494Z,0,rayyan@rayyan.ai,153494188,"""__SYSTEM__SAMPLE__6162b2583ac27b37ac06dfc5672321e9_15498""",1
2025-03-06T12:29:15.494Z,0,rayyan@rayyan.ai,164697473,"""__SYSTEM__SAMPLE__6162b2583ac27b37ac06dfc5672321e9_15498""",1
2025-03-06T12:29:15.494Z,0,rayyan@rayyan.ai,153493700,"""__SYSTEM__SAMPLE__6162b2583ac27b37ac06dfc5672321e9_15498""",1
2025-03-06T12:29:15.494Z,0,rayyan@rayyan.ai,153485823,"""__SYSTEM__SAMPLE__6162b2583ac27b37ac06dfc5672321e9_15498""",1
2025-03-06T12:29:15.494Z,0,rayyan@rayyan.ai,153492718,"""__SYSTEM__SAMPLE__6162b2583ac27b37ac06dfc5672321e9_15498""",1
2025-03-06T12:29:15.548Z,0,rayyan@rayyan.ai,164691517,"""__SYSTEM__SAMPLE__6162b2583ac27b37ac06dfc5672321e9_15498""",1
2025-03-06T12:29:15.548Z,0,rayyan@rayyan.ai,164702061,"""__SYSTEM__SAMPLE__6162b2583ac27b37ac06dfc5672321e9_15498""",1
2025-03-06T12:29:15.548Z,0,rayyan@rayyan.ai,153486292,"""__SYSTEM__SAMPLE__6162b2583ac27b37ac06dfc5672321e9_15498""",1
2025-03-06T12:29:15.589Z,0,rayyan@rayyan.ai,164692867,"""__SYSTEM__SAMPLE__6162b2583ac27b37ac06dfc5672321e9_15498""",1
2025-03-06T12:29:15.589Z,0,rayyan@rayyan.ai,153487562,"""__SYSTEM__SAMPLE__6162b2583ac27b37ac06dfc5672321e9_15498""",1
2025-03-06T12:29:15.589Z,0,rayyan@rayyan.ai,153491122,"""__SYSTEM__SAMPLE__6162b2583ac27b37ac06dfc5672321e9_15498""",1
2025-03-06T12:29:15.631Z,0,rayyan@rayyan.ai,153498401,"""__SYSTEM__SAMPLE__6162b2583ac27b37ac06dfc5672321e9_15498""",1
2025-03-06T12:29:15.631Z,0,rayyan@rayyan.ai,153487317,"""__SYSTEM__SAMPLE__6162b2583ac27b37ac06dfc5672321e9_15498""",1
2025-03-06T12:29:15.631Z,0,rayyan@rayyan.ai,153495442,"""__SYSTEM__SAMPLE__6162b2583ac27b37ac06dfc5672321e9_15498""",1
2025-03-06T12:29:15.631Z,0,rayyan@rayyan.ai,164697457,"""__SYSTEM__SAMPLE__6162b2583ac27b37ac06dfc5672321e9_15498""",1
2025-03-06T12:29:15.631Z,0,rayyan@rayyan.ai,153490669,"""__SYSTEM__SAMPLE__6162b2583ac27b37ac06dfc5672321e9_15498""",1
2025-03-06T12:29:15.678Z,0,rayyan@rayyan.ai,164699981,"""__SYSTEM__SAMPLE__6162b2583ac27b37ac06dfc5672321e9_15498""",1
2025-03-06T12:29:15.678Z,0,rayyan@rayyan.ai,153494873,"""__SYSTEM__SAMPLE__6162b2583ac27b37ac06dfc5672321e9_15498""",1
2025-03-06T12:29:15.678Z,0,rayyan@rayyan.ai,153492183,"""__SYSTEM__SAMPLE__6162b2583ac27b37ac06dfc5672321e9_15498""",1
2025-03-06T12:29:15.678Z,0,rayyan@rayyan.ai,153490972,"""__SYSTEM__SAMPLE__6162b2583ac27b37ac06dfc5672321e9_15498""",1
2025-03-06T12:29:15.678Z,0,rayyan@rayyan.ai,164700033,"""__SYSTEM__SAMPLE__6162b2583ac27b37ac06dfc5672321e9_15498""",1
2025-03-06T12:29:15.731Z,0,rayyan@rayyan.ai,153493799,"""__SYSTEM__SAMPLE__6162b2583ac27b37ac06dfc5672321e9_15499""",1
2025-03-06T12:29:15.731Z,0,rayyan@rayyan.ai,153487214,"""__SYSTEM__SAMPLE__6162b2583ac27b37ac06dfc5672321e9_15499""",1
2025-03-06T12:29:15.776Z,0,rayyan@rayyan.ai,153491322,"""__SYSTEM__SAMPLE__6162b2583ac27b37ac06dfc5672321e9_15499""",1
2025-03-06T12:29:15.824Z,0,rayyan@rayyan.ai,153496683,"""__SYSTEM__SAMPLE__6162b2583ac27b37ac06dfc5672321e9_15499""",1
2025-03-06T12:29:15.824Z,0,rayyan@rayyan.ai,164686759,"""__SYSTEM__SAMPLE__6162b2583ac27b37ac06dfc5672321e9_15499""",1
2025-03-06T12:29:15.824Z,0,rayyan@rayyan.ai,164689246,"""__SYSTEM__SAMPLE__6162b2583ac27b37ac06dfc5672321e9_15499""",1
2025-03-06T12:29:15.824Z,0,rayyan@rayyan.ai,153491851,"""__SYSTEM__SAMPLE__6162b2583ac27b37ac06dfc5672321e9_15499""",1
2025-03-06T12:29:15.824Z,0,rayyan@rayyan.ai,164695609,"""__SYSTEM__SAMPLE__6162b2583ac27b37ac06dfc5672321e9_15499""",1
2025-03-06T12:29:15.824Z,0,rayyan@rayyan.ai,164687904,"""__SYSTEM__SAMPLE__6162b2583ac27b37ac06dfc5672321e9_15499""",1
2025-03-06T12:29:15.870Z,0,rayyan@rayyan.ai,153495593,"""__SYSTEM__SAMPLE__6162b2583ac27b37ac06dfc5672321e9_15499""",1
2025-03-06T12:29:15.870Z,0,rayyan@rayyan.ai,153496736,"""__SYSTEM__SAMPLE__6162b2583ac27b37ac06dfc5672321e9_15499""",1
2025-03-06T12:29:15.870Z,0,rayyan@rayyan.ai,164685134,"""__SYSTEM__SAMPLE__6162b2583ac27b37ac06dfc5672321e9_15499""",1
2025-03-06T12:29:15.913Z,0,rayyan@rayyan.ai,164690779,"""__SYSTEM__SAMPLE__6162b2583ac27b37ac06dfc5672321e9_15499""",1
2025-03-06T12:29:15.913Z,0,rayyan@rayyan.ai,164689054,"""__SYSTEM__SAMPLE__6162b2583ac27b37ac06dfc5672321e9_15499""",1
2025-03-06T12:29:15.958Z,0,rayyan@rayyan.ai,164695066,"""__SYSTEM__SAMPLE__6162b2583ac27b37ac06dfc5672321e9_15499""",1
2025-03-06T12:29:15.995Z,0,rayyan@rayyan.ai,153496942,"""__SYSTEM__SAMPLE__6162b2583ac27b37ac06dfc5672321e9_15499""",1
2025-03-06T12:29:15.995Z,0,rayyan@rayyan.ai,153489341,"""__SYSTEM__SAMPLE__6162b2583ac27b37ac06dfc5672321e9_15499""",1
2025-03-06T12:29:16.038Z,0,rayyan@rayyan.ai,153498617,"""__SYSTEM__SAMPLE__6162b2583ac27b37ac06dfc5672321e9_15499""",1
2025-03-06T12:29:16.038Z,0,rayyan@rayyan.ai,153496140,"""__SYSTEM__SAMPLE__6162b2583ac27b37ac06dfc5672321e9_15499""",1
2025-03-06T12:29:16.038Z,0,rayyan@rayyan.ai,164702715,"""__SYSTEM__SAMPLE__6162b2583ac27b37ac06dfc5672321e9_15499""",1
2025-03-06T12:29:16.038Z,0,rayyan@rayyan.ai,164700966,"""__SYSTEM__SAMPLE__6162b2583ac27b37ac06dfc5672321e9_15499""",1
2025-03-06T12:29:16.038Z,0,rayyan@rayyan.ai,153490759,"""__SYSTEM__SAMPLE__6162b2583ac27b37ac06dfc5672321e9_15499""",1
2025-03-06T12:29:16.088Z,0,rayyan@rayyan.ai,164687451,"""__SYSTEM__SAMPLE__6162b2583ac27b37ac06dfc5672321e9_15499""",1
2025-03-06T12:29:16.088Z,0,rayyan@rayyan.ai,153489888,"""__SYSTEM__SAMPLE__6162b2583ac27b37ac06dfc5672321e9_15499""",1
2025-03-06T12:29:16.088Z,0,rayyan@rayyan.ai,164694599,"""__SYSTEM__SAMPLE__6162b2583ac27b37ac06dfc5672321e9_15499""",1
2025-03-06T12:29:16.088Z,0,rayyan@rayyan.ai,153491008,"""__SYSTEM__SAMPLE__6162b2583ac27b37ac06dfc5672321e9_15499""",1
2025-03-06T12:29:16.088Z,0,rayyan@rayyan.ai,164696558,"""__SYSTEM__SAMPLE__6162b2583ac27b37ac06dfc5672321e9_15499""",1
2025-03-06T12:29:16.088Z,0,rayyan@rayyan.ai,153494950,"""__SYSTEM__SAMPLE__6162b2583ac27b37ac06dfc5672321e9_15499""",1
2025-03-06T12:29:16.133Z,0,rayyan@rayyan.ai,164704108,"""__SYSTEM__SAMPLE__6162b2583ac27b37ac06dfc5672321e9_15499""",1
2025-03-06T12:29:16.133Z,0,rayyan@rayyan.ai,153485874,"""__SYSTEM__SAMPLE__6162b2583ac27b37ac06dfc5672321e9_15499""",1
2025-03-06T12:29:16.133Z,0,rayyan@rayyan.ai,164687108,"""__SYSTEM__SAMPLE__6162b2583ac27b37ac06dfc5672321e9_15499""",1
2025-03-06T12:29:16.133Z,0,rayyan@rayyan.ai,153486960,"""__SYSTEM__SAMPLE__6162b2583ac27b37ac06dfc5672321e9_15499""",1
2025-03-06T12:29:16.507Z,0,rayyan@rayyan.ai,153491222,"""__SYSTEM__SAMPLE__6162b2583ac27b37ac06dfc5672321e9_15499""",1
2025-03-06T12:29:16.507Z,0,rayyan@rayyan.ai,153485502,"""__SYSTEM__SAMPLE__6162b2583ac27b37ac06dfc5672321e9_15499""",1
2025-03-06T12:29:16.507Z,0,rayyan@rayyan.ai,164705303,"""__SYSTEM__SAMPLE__6162b2583ac27b37ac06dfc5672321e9_15499""",1
2025-03-06T12:29:16.550Z,0,rayyan@rayyan.ai,164688696,"""__SYSTEM__SAMPLE__6162b2583ac27b37ac06dfc5672321e9_15499""",1
2025-03-06T12:29:16.550Z,0,rayyan@rayyan.ai,164692479,"""__SYSTEM__SAMPLE__6162b2583ac27b37ac06dfc5672321e9_15499""",1
2025-03-06T12:29:16.591Z,0,rayyan@rayyan.ai,153491604,"""__SYSTEM__SAMPLE__6162b2583ac27b37ac06dfc5672321e9_15499""",1
2025-03-06T12:29:16.591Z,0,rayyan@rayyan.ai,153493911,"""__SYSTEM__SAMPLE__6162b2583ac27b37ac06dfc5672321e9_15499""",1
2025-03-06T12:29:16.591Z,0,rayyan@rayyan.ai,153494561,"""__SYSTEM__SAMPLE__6162b2583ac27b37ac06dfc5672321e9_15499""",1
2025-03-06T12:29:16.591Z,0,rayyan@rayyan.ai,164687892,"""__SYSTEM__SAMPLE__6162b2583ac27b37ac06dfc5672321e9_15499""",1
2025-03-06T12:29:16.591Z,0,rayyan@rayyan.ai,153488236,"""__SYSTEM__SAMPLE__6162b2583ac27b37ac06dfc5672321e9_15499""",1
2025-03-06T12:29:16.629Z,0,rayyan@rayyan.ai,164695863,"""__SYSTEM__SAMPLE__6162b2583ac27b37ac06dfc5672321e9_15499""",1
2025-03-06T12:29:16.629Z,0,rayyan@rayyan.ai,153491937,"""__SYSTEM__SAMPLE__6162b2583ac27b37ac06dfc5672321e9_15499""",1
2025-03-06T12:29:16.629Z,0,rayyan@rayyan.ai,153496925,"""__SYSTEM__SAMPLE__6162b2583ac27b37ac06dfc5672321e9_15499""",1
2025-03-06T12:29:16.670Z,0,rayyan@rayyan.ai,153495508,"""__SYSTEM__SAMPLE__6162b2583ac27b37ac06dfc5672321e9_15499""",1
2025-03-06T12:29:16.709Z,0,rayyan@rayyan.ai,153494218,"""__SYSTEM__SAMPLE__6162b2583ac27b37ac06dfc5672321e9_15499""",1
2025-03-06T12:29:16.709Z,0,rayyan@rayyan.ai,153496226,"""__SYSTEM__SAMPLE__6162b2583ac27b37ac06dfc5672321e9_15499""",1
2025-03-06T12:29:16.709Z,0,rayyan@rayyan.ai,153493910,"""__SYSTEM__SAMPLE__6162b2583ac27b37ac06dfc5672321e9_15499""",1
2025-03-06T12:29:16.742Z,0,rayyan@rayyan.ai,153490770,"""__SYSTEM__SAMPLE__6162b2583ac27b37ac06dfc5672321e9_15499""",1
2025-03-06T12:29:16.742Z,0,rayyan@rayyan.ai,153489236,"""__SYSTEM__SAMPLE__6162b2583ac27b37ac06dfc5672321e9_15499""",1
2025-03-06T12:29:16.742Z,0,rayyan@rayyan.ai,164686729,"""__SYSTEM__SAMPLE__6162b2583ac27b37ac06dfc5672321e9_15499""",1
2025-03-06T12:29:16.742Z,0,rayyan@rayyan.ai,153486748,"""__SYSTEM__SAMPLE__6162b2583ac27b37ac06dfc5672321e9_15499""",1
2025-03-06T12:29:16.784Z,0,rayyan@rayyan.ai,153496043,"""__SYSTEM__SAMPLE__6162b2583ac27b37ac06dfc5672321e9_15499""",1
2025-03-06T12:29:16.822Z,0,rayyan@rayyan.ai,153498132,"""__SYSTEM__SAMPLE__6162b2583ac27b37ac06dfc5672321e9_15499""",1
2025-03-06T12:29:16.822Z,0,rayyan@rayyan.ai,153498039,"""__SYSTEM__SAMPLE__6162b2583ac27b37ac06dfc5672321e9_15499""",1
2025-03-06T12:29:16.822Z,0,rayyan@rayyan.ai,153489416,"""__SYSTEM__SAMPLE__6162b2583ac27b37ac06dfc5672321e9_15499""",1
2025-03-06T12:29:16.822Z,0,rayyan@rayyan.ai,164699617,"""__SYSTEM__SAMPLE__6162b2583ac27b37ac06dfc5672321e9_15499""",1
2025-03-06T12:29:16.822Z,0,rayyan@rayyan.ai,164694874,"""__SYSTEM__SAMPLE__6162b2583ac27b37ac06dfc5672321e9_15499""",1
2025-03-06T12:29:16.859Z,0,rayyan@rayyan.ai,153491833,"""__SYSTEM__SAMPLE__6162b2583ac27b37ac06dfc5672321e9_15499""",1
2025-03-06T12:29:16.859Z,0,rayyan@rayyan.ai,153491699,"""__SYSTEM__SAMPLE__6162b2583ac27b37ac06dfc5672321e9_15499""",1
2025-03-06T12:29:16.859Z,0,rayyan@rayyan.ai,153495489,"""__SYSTEM__SAMPLE__6162b2583ac27b37ac06dfc5672321e9_15499""",1
2025-03-06T12:29:16.902Z,0,rayyan@rayyan.ai,153487665,"""__SYSTEM__SAMPLE__6162b2583ac27b37ac06dfc5672321e9_15500""",1
2025-03-06T12:29:16.902Z,0,rayyan@rayyan.ai,153494943,"""__SYSTEM__SAMPLE__6162b2583ac27b37ac06dfc5672321e9_15500""",1
2025-03-06T12:29:16.902Z,0,rayyan@rayyan.ai,153493093,"""__SYSTEM__SAMPLE__6162b2583ac27b37ac06dfc5672321e9_15500""",1
2025-03-06T12:29:16.902Z,0,rayyan@rayyan.ai,153495150,"""__SYSTEM__SAMPLE__6162b2583ac27b37ac06dfc5672321e9_15500""",1
2025-03-06T12:29:16.902Z,0,rayyan@rayyan.ai,164687594,"""__SYSTEM__SAMPLE__6162b2583ac27b37ac06dfc5672321e9_15500""",1
2025-03-06T12:29:16.939Z,0,rayyan@rayyan.ai,164688305,"""__SYSTEM__SAMPLE__6162b2583ac27b37ac06dfc5672321e9_15500""",1
2025-03-06T12:29:16.939Z,0,rayyan@rayyan.ai,153490923,"""__SYSTEM__SAMPLE__6162b2583ac27b37ac06dfc5672321e9_15500""",1
2025-03-06T12:29:16.939Z,0,rayyan@rayyan.ai,153494319,"""__SYSTEM__SAMPLE__6162b2583ac27b37ac06dfc5672321e9_15500""",1
2025-03-06T12:29:16.939Z,0,rayyan@rayyan.ai,153490991,"""__SYSTEM__SAMPLE__6162b2583ac27b37ac06dfc5672321e9_15500""",1
2025-03-06T12:29:16.976Z,0,rayyan@rayyan.ai,153497959,"""__SYSTEM__SAMPLE__6162b2583ac27b37ac06dfc5672321e9_15500""",1
2025-03-06T12:29:17.041Z,0,rayyan@rayyan.ai,153497215,"""__SYSTEM__SAMPLE__6162b2583ac27b37ac06dfc5672321e9_15500""",1
2025-03-06T12:29:17.041Z,0,rayyan@rayyan.ai,164703263,"""__SYSTEM__SAMPLE__6162b2583ac27b37ac06dfc5672321e9_15500""",1
2025-03-06T12:29:17.041Z,0,rayyan@rayyan.ai,153495697,"""__SYSTEM__SAMPLE__6162b2583ac27b37ac06dfc5672321e9_15500""",1
2025-03-06T12:29:17.041Z,0,rayyan@rayyan.ai,153495822,"""__SYSTEM__SAMPLE__6162b2583ac27b37ac06dfc5672321e9_15500""",1
2025-03-06T12:29:17.041Z,0,rayyan@rayyan.ai,164691684,"""__SYSTEM__SAMPLE__6162b2583ac27b37ac06dfc5672321e9_15500""",1
2025-03-06T12:29:17.129Z,0,rayyan@rayyan.ai,153489980,"""__SYSTEM__SAMPLE__6162b2583ac27b37ac06dfc5672321e9_15500""",1
2025-03-06T12:29:17.129Z,0,rayyan@rayyan.ai,153494190,"""__SYSTEM__SAMPLE__6162b2583ac27b37ac06dfc5672321e9_15500""",1
2025-03-06T12:29:17.169Z,0,rayyan@rayyan.ai,164693446,"""__SYSTEM__SAMPLE__6162b2583ac27b37ac06dfc5672321e9_15500""",1
2025-03-06T12:29:17.169Z,0,rayyan@rayyan.ai,153487281,"""__SYSTEM__SAMPLE__6162b2583ac27b37ac06dfc5672321e9_15500""",1
2025-03-06T12:29:17.169Z,0,rayyan@rayyan.ai,153493857,"""__SYSTEM__SAMPLE__6162b2583ac27b37ac06dfc5672321e9_15500""",1
2025-03-06T12:29:17.169Z,0,rayyan@rayyan.ai,153485798,"""__SYSTEM__SAMPLE__6162b2583ac27b37ac06dfc5672321e9_15500""",1
2025-03-06T12:29:17.365Z,0,rayyan@rayyan.ai,164685395,"""__SYSTEM__SAMPLE__6162b2583ac27b37ac06dfc5672321e9_15500""",1
2025-03-06T12:29:17.365Z,0,rayyan@rayyan.ai,164688334,"""__SYSTEM__SAMPLE__6162b2583ac27b37ac06dfc5672321e9_15500""",1
2025-03-06T12:29:17.402Z,0,rayyan@rayyan.ai,164687621,"""__SYSTEM__SAMPLE__6162b2583ac27b37ac06dfc5672321e9_15500""",1
2025-03-06T12:29:17.402Z,0,rayyan@rayyan.ai,164699446,"""__SYSTEM__SAMPLE__6162b2583ac27b37ac06dfc5672321e9_15500""",1
2025-03-06T12:29:17.402Z,0,rayyan@rayyan.ai,83177992,"""__SYSTEM__SAMPLE__6162b2583ac27b37ac06dfc5672321e9_15500""",1
2025-03-06T12:29:17.402Z,0,rayyan@rayyan.ai,164706955,"""__SYSTEM__SAMPLE__6162b2583ac27b37ac06dfc5672321e9_15500""",1
2025-03-06T12:29:17.402Z,0,rayyan@rayyan.ai,164706411,"""__SYSTEM__SAMPLE__6162b2583ac27b37ac06dfc5672321e9_15500""",1
2025-03-06T12:29:17.402Z,0,rayyan@rayyan.ai,164691451,"""__SYSTEM__SAMPLE__6162b2583ac27b37ac06dfc5672321e9_15500""",1
2025-03-06T12:29:17.439Z,0,rayyan@rayyan.ai,164704659,"""__SYSTEM__SAMPLE__6162b2583ac27b37ac06dfc5672321e9_15500""",1
2025-03-06T12:29:17.439Z,0,rayyan@rayyan.ai,153493313,"""__SYSTEM__SAMPLE__6162b2583ac27b37ac06dfc5672321e9_15500""",1
2025-03-06T12:29:17.439Z,0,rayyan@rayyan.ai,164689211,"""__SYSTEM__SAMPLE__6162b2583ac27b37ac06dfc5672321e9_15500""",1
2025-03-06T12:29:17.439Z,0,rayyan@rayyan.ai,153497461,"""__SYSTEM__SAMPLE__6162b2583ac27b37ac06dfc5672321e9_15500""",1
2025-03-06T12:29:17.475Z,0,rayyan@rayyan.ai,153485765,"""__SYSTEM__SAMPLE__6162b2583ac27b37ac06dfc5672321e9_15500""",1
2025-03-06T12:29:17.475Z,0,rayyan@rayyan.ai,153488504,"""__SYSTEM__SAMPLE__6162b2583ac27b37ac06dfc5672321e9_15500""",1
2025-03-06T12:29:17.475Z,0,rayyan@rayyan.ai,153496612,"""__SYSTEM__SAMPLE__6162b2583ac27b37ac06dfc5672321e9_15500""",1
2025-03-06T12:29:17.475Z,0,rayyan@rayyan.ai,164693814,"""__SYSTEM__SAMPLE__6162b2583ac27b37ac06dfc5672321e9_15500""",1
2025-03-06T12:29:17.475Z,0,rayyan@rayyan.ai,164692578,"""__SYSTEM__SAMPLE__6162b2583ac27b37ac06dfc5672321e9_15500""",1
2025-03-06T12:29:17.546Z,0,rayyan@rayyan.ai,164695545,"""__SYSTEM__SAMPLE__6162b2583ac27b37ac06dfc5672321e9_15500""",1
2025-03-06T12:29:17.546Z,0,rayyan@rayyan.ai,153490166,"""__SYSTEM__SAMPLE__6162b2583ac27b37ac06dfc5672321e9_15500""",1
2025-03-06T12:29:17.546Z,0,rayyan@rayyan.ai,153489065,"""__SYSTEM__SAMPLE__6162b2583ac27b37ac06dfc5672321e9_15500""",1
2025-03-06T12:29:17.580Z,0,rayyan@rayyan.ai,153491632,"""__SYSTEM__SAMPLE__6162b2583ac27b37ac06dfc5672321e9_15500""",1
2025-03-06T12:29:17.580Z,0,rayyan@rayyan.ai,153485328,"""__SYSTEM__SAMPLE__6162b2583ac27b37ac06dfc5672321e9_15500""",1
2025-03-06T12:29:17.617Z,0,rayyan@rayyan.ai,153492584,"""__SYSTEM__SAMPLE__6162b2583ac27b37ac06dfc5672321e9_15500""",1
2025-03-06T12:29:17.617Z,0,rayyan@rayyan.ai,153490183,"""__SYSTEM__SAMPLE__6162b2583ac27b37ac06dfc5672321e9_15500""",1
2025-03-06T12:29:17.652Z,0,rayyan@rayyan.ai,153488028,"""__SYSTEM__SAMPLE__6162b2583ac27b37ac06dfc5672321e9_15500""",1
2025-03-06T12:29:17.652Z,0,rayyan@rayyan.ai,153487399,"""__SYSTEM__SAMPLE__6162b2583ac27b37ac06dfc5672321e9_15500""",1
2025-03-06T12:29:17.652Z,0,rayyan@rayyan.ai,153487536,"""__SYSTEM__SAMPLE__6162b2583ac27b37ac06dfc5672321e9_15500""",1
2025-03-06T12:29:17.652Z,0,rayyan@rayyan.ai,164696300,"""__SYSTEM__SAMPLE__6162b2583ac27b37ac06dfc5672321e9_15500""",1
2025-03-06T12:29:17.846Z,0,rayyan@rayyan.ai,164704771,"""__SYSTEM__SAMPLE__6162b2583ac27b37ac06dfc5672321e9_15500""",1
2025-03-06T12:29:17.846Z,0,rayyan@rayyan.ai,153490830,"""__SYSTEM__SAMPLE__6162b2583ac27b37ac06dfc5672321e9_15500""",1
2025-03-06T12:29:17.846Z,0,rayyan@rayyan.ai,153495214,"""__SYSTEM__SAMPLE__6162b2583ac27b37ac06dfc5672321e9_15500""",1
2025-03-06T12:29:17.846Z,0,rayyan@rayyan.ai,164687237,"""__SYSTEM__SAMPLE__6162b2583ac27b37ac06dfc5672321e9_15500""",1
2025-03-06T12:29:17.846Z,0,rayyan@rayyan.ai,164691499,"""__SYSTEM__SAMPLE__6162b2583ac27b37ac06dfc5672321e9_15500""",1
2025-03-06T12:29:17.889Z,0,rayyan@rayyan.ai,153495597,"""__SYSTEM__SAMPLE__6162b2583ac27b37ac06dfc5672321e9_15500""",1
2025-03-06T12:29:17.889Z,0,rayyan@rayyan.ai,153487850,"""__SYSTEM__SAMPLE__6162b2583ac27b37ac06dfc5672321e9_15500""",1
2025-03-06T12:29:17.957Z,0,rayyan@rayyan.ai,153494856,"""__SYSTEM__SAMPLE__6162b2583ac27b37ac06dfc5672321e9_15500""",1
2025-03-06T12:29:17.957Z,0,rayyan@rayyan.ai,153496091,"""__SYSTEM__SAMPLE__6162b2583ac27b37ac06dfc5672321e9_15500""",1
2025-03-06T12:29:17.991Z,0,rayyan@rayyan.ai,153488585,"""__SYSTEM__SAMPLE__6162b2583ac27b37ac06dfc5672321e9_15500""",1
2025-03-06T12:29:17.991Z,0,rayyan@rayyan.ai,164691032,"""__SYSTEM__SAMPLE__6162b2583ac27b37ac06dfc5672321e9_15500""",1
2025-03-06T12:29:17.991Z,0,rayyan@rayyan.ai,164687728,"""__SYSTEM__SAMPLE__6162b2583ac27b37ac06dfc5672321e9_15500""",1
2025-03-06T12:29:17.991Z,0,rayyan@rayyan.ai,153496722,"""__SYSTEM__SAMPLE__6162b2583ac27b37ac06dfc5672321e9_15500""",1
2025-03-06T12:29:17.991Z,0,rayyan@rayyan.ai,153498276,"""__SYSTEM__SAMPLE__6162b2583ac27b37ac06dfc5672321e9_15500""",1
2025-03-06T12:29:17.991Z,0,rayyan@rayyan.ai,164691648,"""__SYSTEM__SAMPLE__6162b2583ac27b37ac06dfc5672321e9_15500""",1
2025-03-06T12:29:18.052Z,0,rayyan@rayyan.ai,153498291,"""__SYSTEM__SAMPLE__6162b2583ac27b37ac06dfc5672321e9_15501""",1
2025-03-06T12:29:18.052Z,0,rayyan@rayyan.ai,153489794,"""__SYSTEM__SAMPLE__6162b2583ac27b37ac06dfc5672321e9_15501""",1
2025-03-06T12:29:18.052Z,0,rayyan@rayyan.ai,153489193,"""__SYSTEM__SAMPLE__6162b2583ac27b37ac06dfc5672321e9_15501""",1
2025-03-06T12:29:18.052Z,0,rayyan@rayyan.ai,153497854,"""__SYSTEM__SAMPLE__6162b2583ac27b37ac06dfc5672321e9_15501""",1
2025-03-06T12:29:18.052Z,0,rayyan@rayyan.ai,164689859,"""__SYSTEM__SAMPLE__6162b2583ac27b37ac06dfc5672321e9_15501""",1
2025-03-06T12:29:18.105Z,0,rayyan@rayyan.ai,164705756,"""__SYSTEM__SAMPLE__6162b2583ac27b37ac06dfc5672321e9_15501""",1
2025-03-06T12:29:18.105Z,0,rayyan@rayyan.ai,153488978,"""__SYSTEM__SAMPLE__6162b2583ac27b37ac06dfc5672321e9_15501""",1
2025-03-06T12:29:18.105Z,0,rayyan@rayyan.ai,164694118,"""__SYSTEM__SAMPLE__6162b2583ac27b37ac06dfc5672321e9_15501""",1
2025-03-06T12:29:18.105Z,0,rayyan@rayyan.ai,153493099,"""__SYSTEM__SAMPLE__6162b2583ac27b37ac06dfc5672321e9_15501""",1
2025-03-06T12:29:18.105Z,0,rayyan@rayyan.ai,164683841,"""__SYSTEM__SAMPLE__6162b2583ac27b37ac06dfc5672321e9_15501""",1
2025-03-06T12:29:18.139Z,0,rayyan@rayyan.ai,164702633,"""__SYSTEM__SAMPLE__6162b2583ac27b37ac06dfc5672321e9_15501""",1
2025-03-06T12:29:18.139Z,0,rayyan@rayyan.ai,153485888,"""__SYSTEM__SAMPLE__6162b2583ac27b37ac06dfc5672321e9_15501""",1
2025-03-06T12:29:18.173Z,0,rayyan@rayyan.ai,153493970,"""__SYSTEM__SAMPLE__6162b2583ac27b37ac06dfc5672321e9_15501""",1
2025-03-06T12:29:18.173Z,0,rayyan@rayyan.ai,164699561,"""__SYSTEM__SAMPLE__6162b2583ac27b37ac06dfc5672321e9_15501""",1
2025-03-06T12:29:18.173Z,0,rayyan@rayyan.ai,164697299,"""__SYSTEM__SAMPLE__6162b2583ac27b37ac06dfc5672321e9_15501""",1
2025-03-06T12:29:18.173Z,0,rayyan@rayyan.ai,153498568,"""__SYSTEM__SAMPLE__6162b2583ac27b37ac06dfc5672321e9_15501""",1
2025-03-06T12:29:18.363Z,0,rayyan@rayyan.ai,153494310,"""__SYSTEM__SAMPLE__6162b2583ac27b37ac06dfc5672321e9_15501""",1
2025-03-06T12:29:18.363Z,0,rayyan@rayyan.ai,164684808,"""__SYSTEM__SAMPLE__6162b2583ac27b37ac06dfc5672321e9_15501""",1
2025-03-06T12:29:18.397Z,0,rayyan@rayyan.ai,153490193,"""__SYSTEM__SAMPLE__6162b2583ac27b37ac06dfc5672321e9_15501""",1
2025-03-06T12:29:18.397Z,0,rayyan@rayyan.ai,153496828,"""__SYSTEM__SAMPLE__6162b2583ac27b37ac06dfc5672321e9_15501""",1
2025-03-06T12:29:18.429Z,0,rayyan@rayyan.ai,164707073,"""__SYSTEM__SAMPLE__6162b2583ac27b37ac06dfc5672321e9_15501""",1
2025-03-06T12:29:18.429Z,0,rayyan@rayyan.ai,164699307,"""__SYSTEM__SAMPLE__6162b2583ac27b37ac06dfc5672321e9_15501""",1
2025-03-06T12:29:18.429Z,0,rayyan@rayyan.ai,153495361,"""__SYSTEM__SAMPLE__6162b2583ac27b37ac06dfc5672321e9_15501""",1
2025-03-06T12:29:18.429Z,0,rayyan@rayyan.ai,164706020,"""__SYSTEM__SAMPLE__6162b2583ac27b37ac06dfc5672321e9_15501""",1
2025-03-06T12:29:18.429Z,0,rayyan@rayyan.ai,153490622,"""__SYSTEM__SAMPLE__6162b2583ac27b37ac06dfc5672321e9_15501""",1
2025-03-06T12:29:18.467Z,0,rayyan@rayyan.ai,153498122,"""__SYSTEM__SAMPLE__6162b2583ac27b37ac06dfc5672321e9_15501""",1
2025-03-06T12:29:18.527Z,0,rayyan@rayyan.ai,153486206,"""__SYSTEM__SAMPLE__6162b2583ac27b37ac06dfc5672321e9_15501""",1
2025-03-06T12:29:18.527Z,0,rayyan@rayyan.ai,164700070,"""__SYSTEM__SAMPLE__6162b2583ac27b37ac06dfc5672321e9_15501""",1
2025-03-06T12:29:18.527Z,0,rayyan@rayyan.ai,164685056,"""__SYSTEM__SAMPLE__6162b2583ac27b37ac06dfc5672321e9_15501""",1
2025-03-06T12:29:18.527Z,0,rayyan@rayyan.ai,153489995,"""__SYSTEM__SAMPLE__6162b2583ac27b37ac06dfc5672321e9_15501""",1
2025-03-06T12:29:18.558Z,0,rayyan@rayyan.ai,153496682,"""__SYSTEM__SAMPLE__6162b2583ac27b37ac06dfc5672321e9_15501""",1
2025-03-06T12:29:18.558Z,0,rayyan@rayyan.ai,164685820,"""__SYSTEM__SAMPLE__6162b2583ac27b37ac06dfc5672321e9_15501""",1
2025-03-06T12:29:18.591Z,0,rayyan@rayyan.ai,153494802,"""__SYSTEM__SAMPLE__6162b2583ac27b37ac06dfc5672321e9_15501""",1
2025-03-06T12:29:18.591Z,0,rayyan@rayyan.ai,153487125,"""__SYSTEM__SAMPLE__6162b2583ac27b37ac06dfc5672321e9_15501""",1
2025-03-06T12:29:18.591Z,0,rayyan@rayyan.ai,164684690,"""__SYSTEM__SAMPLE__6162b2583ac27b37ac06dfc5672321e9_15501""",1
2025-03-06T12:29:18.625Z,0,rayyan@rayyan.ai,153491472,"""__SYSTEM__SAMPLE__6162b2583ac27b37ac06dfc5672321e9_15501""",1
2025-03-06T12:29:18.625Z,0,rayyan@rayyan.ai,153494216,"""__SYSTEM__SAMPLE__6162b2583ac27b37ac06dfc5672321e9_15501""",1
2025-03-06T12:29:18.659Z,0,rayyan@rayyan.ai,153496133,"""__SYSTEM__SAMPLE__6162b2583ac27b37ac06dfc5672321e9_15501""",1
2025-03-06T12:29:18.659Z,0,rayyan@rayyan.ai,164697823,"""__SYSTEM__SAMPLE__6162b2583ac27b37ac06dfc5672321e9_15501""",1
2025-03-06T12:29:18.690Z,0,rayyan@rayyan.ai,164693867,"""__SYSTEM__SAMPLE__6162b2583ac27b37ac06dfc5672321e9_15501""",1
2025-03-06T12:29:18.690Z,0,rayyan@rayyan.ai,153493634,"""__SYSTEM__SAMPLE__6162b2583ac27b37ac06dfc5672321e9_15501""",1
2025-03-06T12:29:18.690Z,0,rayyan@rayyan.ai,164693305,"""__SYSTEM__SAMPLE__6162b2583ac27b37ac06dfc5672321e9_15501""",1
2025-03-06T12:29:18.723Z,0,rayyan@rayyan.ai,153493885,"""__SYSTEM__SAMPLE__6162b2583ac27b37ac06dfc5672321e9_15501""",1
2025-03-06T12:29:18.754Z,0,rayyan@rayyan.ai,153497197,"""__SYSTEM__SAMPLE__6162b2583ac27b37ac06dfc5672321e9_15501""",1
2025-03-06T12:29:18.754Z,0,rayyan@rayyan.ai,153492115,"""__SYSTEM__SAMPLE__6162b2583ac27b37ac06dfc5672321e9_15501""",1
2025-03-06T12:29:18.754Z,0,rayyan@rayyan.ai,164693880,"""__SYSTEM__SAMPLE__6162b2583ac27b37ac06dfc5672321e9_15501""",1
2025-03-06T12:29:18.788Z,0,rayyan@rayyan.ai,164690997,"""__SYSTEM__SAMPLE__6162b2583ac27b37ac06dfc5672321e9_15501""",1
2025-03-06T12:29:18.820Z,0,rayyan@rayyan.ai,164692518,"""__SYSTEM__SAMPLE__6162b2583ac27b37ac06dfc5672321e9_15501""",1
2025-03-06T12:29:18.820Z,0,rayyan@rayyan.ai,153485688,"""__SYSTEM__SAMPLE__6162b2583ac27b37ac06dfc5672321e9_15501""",1
2025-03-06T12:29:18.820Z,0,rayyan@rayyan.ai,164686573,"""__SYSTEM__SAMPLE__6162b2583ac27b37ac06dfc5672321e9_15501""",1
2025-03-06T12:29:18.820Z,0,rayyan@rayyan.ai,153493605,"""__SYSTEM__SAMPLE__6162b2583ac27b37ac06dfc5672321e9_15501""",1
2025-03-06T12:29:18.820Z,0,rayyan@rayyan.ai,153492891,"""__SYSTEM__SAMPLE__6162b2583ac27b37ac06dfc5672321e9_15501""",1
2025-03-06T12:29:18.856Z,0,rayyan@rayyan.ai,153487940,"""__SYSTEM__SAMPLE__6162b2583ac27b37ac06dfc5672321e9_15501""",1
2025-03-06T12:29:18.856Z,0,rayyan@rayyan.ai,153493704,"""__SYSTEM__SAMPLE__6162b2583ac27b37ac06dfc5672321e9_15501""",1
2025-03-06T12:29:18.856Z,0,rayyan@rayyan.ai,164692090,"""__SYSTEM__SAMPLE__6162b2583ac27b37ac06dfc5672321e9_15501""",1
2025-03-06T12:29:18.856Z,0,rayyan@rayyan.ai,164695732,"""__SYSTEM__SAMPLE__6162b2583ac27b37ac06dfc5672321e9_15501""",1
2025-03-06T12:29:19.096Z,0,rayyan@rayyan.ai,164702073,"""__SYSTEM__SAMPLE__6162b2583ac27b37ac06dfc5672321e9_15502""",1
2025-03-06T12:29:19.096Z,0,rayyan@rayyan.ai,153492230,"""__SYSTEM__SAMPLE__6162b2583ac27b37ac06dfc5672321e9_15502""",1
2025-03-06T12:29:19.096Z,0,rayyan@rayyan.ai,164700477,"""__SYSTEM__SAMPLE__6162b2583ac27b37ac06dfc5672321e9_15502""",1
2025-03-06T12:29:19.096Z,0,rayyan@rayyan.ai,164692651,"""__SYSTEM__SAMPLE__6162b2583ac27b37ac06dfc5672321e9_15502""",1
2025-03-06T12:29:19.096Z,0,rayyan@rayyan.ai,153487567,"""__SYSTEM__SAMPLE__6162b2583ac27b37ac06dfc5672321e9_15502""",1
2025-03-06T12:29:19.096Z,0,rayyan@rayyan.ai,153496643,"""__SYSTEM__SAMPLE__6162b2583ac27b37ac06dfc5672321e9_15502""",1
2025-03-06T12:29:19.096Z,0,rayyan@rayyan.ai,164698926,"""__SYSTEM__SAMPLE__6162b2583ac27b37ac06dfc5672321e9_15502""",1
2025-03-06T12:29:19.286Z,0,rayyan@rayyan.ai,153491064,"""__SYSTEM__SAMPLE__6162b2583ac27b37ac06dfc5672321e9_15502""",1
2025-03-06T12:29:19.286Z,0,rayyan@rayyan.ai,153497157,"""__SYSTEM__SAMPLE__6162b2583ac27b37ac06dfc5672321e9_15502""",1
2025-03-06T12:29:19.286Z,0,rayyan@rayyan.ai,164706477,"""__SYSTEM__SAMPLE__6162b2583ac27b37ac06dfc5672321e9_15502""",1
2025-03-06T12:29:19.286Z,0,rayyan@rayyan.ai,153489593,"""__SYSTEM__SAMPLE__6162b2583ac27b37ac06dfc5672321e9_15502""",1
2025-03-06T12:29:19.286Z,0,rayyan@rayyan.ai,164703307,"""__SYSTEM__SAMPLE__6162b2583ac27b37ac06dfc5672321e9_15502""",1
2025-03-06T12:29:19.286Z,0,rayyan@rayyan.ai,153486058,"""__SYSTEM__SAMPLE__6162b2583ac27b37ac06dfc5672321e9_15502""",1
2025-03-06T12:29:19.322Z,0,rayyan@rayyan.ai,153490034,"""__SYSTEM__SAMPLE__6162b2583ac27b37ac06dfc5672321e9_15502""",1
2025-03-06T12:29:19.322Z,0,rayyan@rayyan.ai,153492436,"""__SYSTEM__SAMPLE__6162b2583ac27b37ac06dfc5672321e9_15502""",1
2025-03-06T12:29:19.356Z,0,rayyan@rayyan.ai,164706101,"""__SYSTEM__SAMPLE__6162b2583ac27b37ac06dfc5672321e9_15502""",1
2025-03-06T12:29:19.389Z,0,rayyan@rayyan.ai,153492251,"""__SYSTEM__SAMPLE__6162b2583ac27b37ac06dfc5672321e9_15502""",1
2025-03-06T12:29:19.389Z,0,rayyan@rayyan.ai,153496336,"""__SYSTEM__SAMPLE__6162b2583ac27b37ac06dfc5672321e9_15502""",1
2025-03-06T12:29:19.424Z,0,rayyan@rayyan.ai,153491490,"""__SYSTEM__SAMPLE__6162b2583ac27b37ac06dfc5672321e9_15502""",1
2025-03-06T12:29:19.424Z,0,rayyan@rayyan.ai,153491275,"""__SYSTEM__SAMPLE__6162b2583ac27b37ac06dfc5672321e9_15502""",1
2025-03-06T12:29:19.424Z,0,rayyan@rayyan.ai,164689163,"""__SYSTEM__SAMPLE__6162b2583ac27b37ac06dfc5672321e9_15502""",1
2025-03-06T12:29:19.457Z,0,rayyan@rayyan.ai,153488237,"""__SYSTEM__SAMPLE__6162b2583ac27b37ac06dfc5672321e9_15502""",1
2025-03-06T12:29:19.457Z,0,rayyan@rayyan.ai,164704716,"""__SYSTEM__SAMPLE__6162b2583ac27b37ac06dfc5672321e9_15502""",1
2025-03-06T12:29:19.457Z,0,rayyan@rayyan.ai,153490573,"""__SYSTEM__SAMPLE__6162b2583ac27b37ac06dfc5672321e9_15502""",1
2025-03-06T12:29:19.491Z,0,rayyan@rayyan.ai,164704897,"""__SYSTEM__SAMPLE__6162b2583ac27b37ac06dfc5672321e9_15502""",1
2025-03-06T12:29:19.491Z,0,rayyan@rayyan.ai,153495996,"""__SYSTEM__SAMPLE__6162b2583ac27b37ac06dfc5672321e9_15502""",1
2025-03-06T12:29:19.524Z,0,rayyan@rayyan.ai,164703675,"""__SYSTEM__SAMPLE__6162b2583ac27b37ac06dfc5672321e9_15502""",1
2025-03-06T12:29:19.524Z,0,rayyan@rayyan.ai,153485282,"""__SYSTEM__SAMPLE__6162b2583ac27b37ac06dfc5672321e9_15502""",1
2025-03-06T12:29:19.524Z,0,rayyan@rayyan.ai,153493598,"""__SYSTEM__SAMPLE__6162b2583ac27b37ac06dfc5672321e9_15502""",1
2025-03-06T12:29:19.524Z,0,rayyan@rayyan.ai,164696775,"""__SYSTEM__SAMPLE__6162b2583ac27b37ac06dfc5672321e9_15502""",1
2025-03-06T12:29:19.524Z,0,rayyan@rayyan.ai,164698289,"""__SYSTEM__SAMPLE__6162b2583ac27b37ac06dfc5672321e9_15502""",1
2025-03-06T12:29:19.524Z,0,rayyan@rayyan.ai,153488077,"""__SYSTEM__SAMPLE__6162b2583ac27b37ac06dfc5672321e9_15502""",1
2025-03-06T12:29:19.558Z,0,rayyan@rayyan.ai,153491688,"""__SYSTEM__SAMPLE__6162b2583ac27b37ac06dfc5672321e9_15502""",1
2025-03-06T12:29:19.558Z,0,rayyan@rayyan.ai,153494425,"""__SYSTEM__SAMPLE__6162b2583ac27b37ac06dfc5672321e9_15502""",1
2025-03-06T12:29:19.595Z,0,rayyan@rayyan.ai,153496293,"""__SYSTEM__SAMPLE__6162b2583ac27b37ac06dfc5672321e9_15502""",1
2025-03-06T12:29:19.595Z,0,rayyan@rayyan.ai,153498231,"""__SYSTEM__SAMPLE__6162b2583ac27b37ac06dfc5672321e9_15502""",1
2025-03-06T12:29:19.595Z,0,rayyan@rayyan.ai,153494500,"""__SYSTEM__SAMPLE__6162b2583ac27b37ac06dfc5672321e9_15502""",1
2025-03-06T12:29:19.629Z,0,rayyan@rayyan.ai,164701883,"""__SYSTEM__SAMPLE__6162b2583ac27b37ac06dfc5672321e9_15502""",1
2025-03-06T12:29:19.629Z,0,rayyan@rayyan.ai,153491033,"""__SYSTEM__SAMPLE__6162b2583ac27b37ac06dfc5672321e9_15502""",1
2025-03-06T12:29:19.629Z,0,rayyan@rayyan.ai,153492261,"""__SYSTEM__SAMPLE__6162b2583ac27b37ac06dfc5672321e9_15502""",1
2025-03-06T12:29:19.629Z,0,rayyan@rayyan.ai,153493961,"""__SYSTEM__SAMPLE__6162b2583ac27b37ac06dfc5672321e9_15502""",1
2025-03-06T12:29:19.629Z,0,rayyan@rayyan.ai,164694637,"""__SYSTEM__SAMPLE__6162b2583ac27b37ac06dfc5672321e9_15502""",1
2025-03-06T12:29:19.629Z,0,rayyan@rayyan.ai,153496366,"""__SYSTEM__SAMPLE__6162b2583ac27b37ac06dfc5672321e9_15502""",1
2025-03-06T12:29:19.629Z,0,rayyan@rayyan.ai,153494852,"""__SYSTEM__SAMPLE__6162b2583ac27b37ac06dfc5672321e9_15502""",1
2025-03-06T12:29:19.665Z,0,rayyan@rayyan.ai,153497172,"""__SYSTEM__SAMPLE__6162b2583ac27b37ac06dfc5672321e9_15502""",1
2025-03-06T12:29:19.665Z,0,rayyan@rayyan.ai,164688720,"""__SYSTEM__SAMPLE__6162b2583ac27b37ac06dfc5672321e9_15502""",1
2025-03-06T12:29:19.710Z,0,rayyan@rayyan.ai,164701168,"""__SYSTEM__SAMPLE__6162b2583ac27b37ac06dfc5672321e9_15502""",1
2025-03-06T12:29:19.710Z,0,rayyan@rayyan.ai,153493902,"""__SYSTEM__SAMPLE__6162b2583ac27b37ac06dfc5672321e9_15502""",1
2025-03-06T12:29:19.741Z,0,rayyan@rayyan.ai,164687489,"""__SYSTEM__SAMPLE__6162b2583ac27b37ac06dfc5672321e9_15502""",1
2025-03-06T12:29:19.771Z,0,rayyan@rayyan.ai,164703291,"""__SYSTEM__SAMPLE__6162b2583ac27b37ac06dfc5672321e9_15502""",1
2025-03-06T12:29:19.771Z,0,rayyan@rayyan.ai,153491473,"""__SYSTEM__SAMPLE__6162b2583ac27b37ac06dfc5672321e9_15502""",1
2025-03-06T12:29:19.771Z,0,rayyan@rayyan.ai,164700183,"""__SYSTEM__SAMPLE__6162b2583ac27b37ac06dfc5672321e9_15502""",1
2025-03-06T12:29:19.771Z,0,rayyan@rayyan.ai,153494778,"""__SYSTEM__SAMPLE__6162b2583ac27b37ac06dfc5672321e9_15502""",1
2025-03-06T12:29:19.771Z,0,rayyan@rayyan.ai,153492491,"""__SYSTEM__SAMPLE__6162b2583ac27b37ac06dfc5672321e9_15502""",1
2025-03-06T12:29:19.803Z,0,rayyan@rayyan.ai,153497099,"""__SYSTEM__SAMPLE__6162b2583ac27b37ac06dfc5672321e9_15502""",1
2025-03-06T12:29:19.803Z,0,rayyan@rayyan.ai,153486381,"""__SYSTEM__SAMPLE__6162b2583ac27b37ac06dfc5672321e9_15502""",1
2025-03-06T12:29:19.803Z,0,rayyan@rayyan.ai,164701831,"""__SYSTEM__SAMPLE__6162b2583ac27b37ac06dfc5672321e9_15502""",1
2025-03-06T12:29:19.996Z,0,rayyan@rayyan.ai,153493339,"""__SYSTEM__SAMPLE__6162b2583ac27b37ac06dfc5672321e9_15502""",1
2025-03-06T12:29:19.996Z,0,rayyan@rayyan.ai,153498229,"""__SYSTEM__SAMPLE__6162b2583ac27b37ac06dfc5672321e9_15502""",1
2025-03-06T12:29:19.996Z,0,rayyan@rayyan.ai,153499042,"""__SYSTEM__SAMPLE__6162b2583ac27b37ac06dfc5672321e9_15502""",1
2025-03-06T12:29:19.996Z,0,rayyan@rayyan.ai,164690957,"""__SYSTEM__SAMPLE__6162b2583ac27b37ac06dfc5672321e9_15502""",1
2025-03-06T12:29:20.030Z,0,rayyan@rayyan.ai,153493906,"""__SYSTEM__SAMPLE__6162b2583ac27b37ac06dfc5672321e9_15502""",1
2025-03-06T12:29:20.030Z,0,rayyan@rayyan.ai,153489333,"""__SYSTEM__SAMPLE__6162b2583ac27b37ac06dfc5672321e9_15502""",1
2025-03-06T12:29:20.030Z,0,rayyan@rayyan.ai,153493402,"""__SYSTEM__SAMPLE__6162b2583ac27b37ac06dfc5672321e9_15502""",1
2025-03-06T12:29:20.030Z,0,rayyan@rayyan.ai,153488553,"""__SYSTEM__SAMPLE__6162b2583ac27b37ac06dfc5672321e9_15502""",1
2025-03-06T12:29:20.030Z,0,rayyan@rayyan.ai,164688226,"""__SYSTEM__SAMPLE__6162b2583ac27b37ac06dfc5672321e9_15502""",1
2025-03-06T12:29:20.061Z,0,rayyan@rayyan.ai,153498665,"""__SYSTEM__SAMPLE__6162b2583ac27b37ac06dfc5672321e9_15502""",1
2025-03-06T12:29:20.061Z,0,rayyan@rayyan.ai,153493992,"""__SYSTEM__SAMPLE__6162b2583ac27b37ac06dfc5672321e9_15502""",1
2025-03-06T12:29:20.095Z,0,rayyan@rayyan.ai,153492560,"""__SYSTEM__SAMPLE__6162b2583ac27b37ac06dfc5672321e9_15503""",1
2025-03-06T12:29:20.095Z,0,rayyan@rayyan.ai,164706241,"""__SYSTEM__SAMPLE__6162b2583ac27b37ac06dfc5672321e9_15503""",1
2025-03-06T12:29:20.095Z,0,rayyan@rayyan.ai,153487134,"""__SYSTEM__SAMPLE__6162b2583ac27b37ac06dfc5672321e9_15503""",1
2025-03-06T12:29:20.126Z,0,rayyan@rayyan.ai,153497130,"""__SYSTEM__SAMPLE__6162b2583ac27b37ac06dfc5672321e9_15503""",1
2025-03-06T12:29:20.126Z,0,rayyan@rayyan.ai,164692298,"""__SYSTEM__SAMPLE__6162b2583ac27b37ac06dfc5672321e9_15503""",1
2025-03-06T12:29:20.126Z,0,rayyan@rayyan.ai,164698387,"""__SYSTEM__SAMPLE__6162b2583ac27b37ac06dfc5672321e9_15503""",1
2025-03-06T12:29:20.155Z,0,rayyan@rayyan.ai,153489266,"""__SYSTEM__SAMPLE__6162b2583ac27b37ac06dfc5672321e9_15503""",1
2025-03-06T12:29:20.155Z,0,rayyan@rayyan.ai,164693930,"""__SYSTEM__SAMPLE__6162b2583ac27b37ac06dfc5672321e9_15503""",1
2025-03-06T12:29:20.155Z,0,rayyan@rayyan.ai,164686140,"""__SYSTEM__SAMPLE__6162b2583ac27b37ac06dfc5672321e9_15503""",1
2025-03-06T12:29:20.155Z,0,rayyan@rayyan.ai,153498599,"""__SYSTEM__SAMPLE__6162b2583ac27b37ac06dfc5672321e9_15503""",1
2025-03-06T12:29:20.155Z,0,rayyan@rayyan.ai,153497475,"""__SYSTEM__SAMPLE__6162b2583ac27b37ac06dfc5672321e9_15503""",1
2025-03-06T12:29:20.185Z,0,rayyan@rayyan.ai,153494246,"""__SYSTEM__SAMPLE__6162b2583ac27b37ac06dfc5672321e9_15503""",1
2025-03-06T12:29:20.185Z,0,rayyan@rayyan.ai,153488821,"""__SYSTEM__SAMPLE__6162b2583ac27b37ac06dfc5672321e9_15503""",1
2025-03-06T12:29:20.232Z,0,rayyan@rayyan.ai,153487794,"""__SYSTEM__SAMPLE__6162b2583ac27b37ac06dfc5672321e9_15503""",1
2025-03-06T12:29:20.232Z,0,rayyan@rayyan.ai,164687885,"""__SYSTEM__SAMPLE__6162b2583ac27b37ac06dfc5672321e9_15503""",1
2025-03-06T12:29:20.232Z,0,rayyan@rayyan.ai,153496823,"""__SYSTEM__SAMPLE__6162b2583ac27b37ac06dfc5672321e9_15503""",1
2025-03-06T12:29:20.232Z,0,rayyan@rayyan.ai,153490255,"""__SYSTEM__SAMPLE__6162b2583ac27b37ac06dfc5672321e9_15503""",1
2025-03-06T12:29:20.232Z,0,rayyan@rayyan.ai,153496978,"""__SYSTEM__SAMPLE__6162b2583ac27b37ac06dfc5672321e9_15503""",1
2025-03-06T12:29:20.265Z,0,rayyan@rayyan.ai,164702347,"""__SYSTEM__SAMPLE__6162b2583ac27b37ac06dfc5672321e9_15503""",1
2025-03-06T12:29:20.265Z,0,rayyan@rayyan.ai,164704981,"""__SYSTEM__SAMPLE__6162b2583ac27b37ac06dfc5672321e9_15503""",1
2025-03-06T12:29:20.265Z,0,rayyan@rayyan.ai,164687752,"""__SYSTEM__SAMPLE__6162b2583ac27b37ac06dfc5672321e9_15503""",1
2025-03-06T12:29:20.265Z,0,rayyan@rayyan.ai,153488658,"""__SYSTEM__SAMPLE__6162b2583ac27b37ac06dfc5672321e9_15503""",1
2025-03-06T12:29:20.265Z,0,rayyan@rayyan.ai,153489503,"""__SYSTEM__SAMPLE__6162b2583ac27b37ac06dfc5672321e9_15503""",1
2025-03-06T12:29:20.294Z,0,rayyan@rayyan.ai,164696262,"""__SYSTEM__SAMPLE__6162b2583ac27b37ac06dfc5672321e9_15503""",1
2025-03-06T12:29:20.294Z,0,rayyan@rayyan.ai,164692716,"""__SYSTEM__SAMPLE__6162b2583ac27b37ac06dfc5672321e9_15503""",1
2025-03-06T12:29:20.294Z,0,rayyan@rayyan.ai,164690105,"""__SYSTEM__SAMPLE__6162b2583ac27b37ac06dfc5672321e9_15503""",1
2025-03-06T12:29:20.294Z,0,rayyan@rayyan.ai,164691250,"""__SYSTEM__SAMPLE__6162b2583ac27b37ac06dfc5672321e9_15503""",1
2025-03-06T12:29:20.530Z,0,rayyan@rayyan.ai,164705356,"""__SYSTEM__SAMPLE__6162b2583ac27b37ac06dfc5672321e9_15503""",1
2025-03-06T12:29:20.530Z,0,rayyan@rayyan.ai,153492357,"""__SYSTEM__SAMPLE__6162b2583ac27b37ac06dfc5672321e9_15503""",1
2025-03-06T12:29:20.530Z,0,rayyan@rayyan.ai,153488960,"""__SYSTEM__SAMPLE__6162b2583ac27b37ac06dfc5672321e9_15503""",1
2025-03-06T12:29:20.530Z,0,rayyan@rayyan.ai,164686050,"""__SYSTEM__SAMPLE__6162b2583ac27b37ac06dfc5672321e9_15503""",1
2025-03-06T12:29:20.631Z,0,rayyan@rayyan.ai,153495438,"""__SYSTEM__SAMPLE__6162b2583ac27b37ac06dfc5672321e9_15503""",1
2025-03-06T12:29:20.631Z,0,rayyan@rayyan.ai,164692363,"""__SYSTEM__SAMPLE__6162b2583ac27b37ac06dfc5672321e9_15503""",1
2025-03-06T12:29:20.631Z,0,rayyan@rayyan.ai,153493837,"""__SYSTEM__SAMPLE__6162b2583ac27b37ac06dfc5672321e9_15503""",1
2025-03-06T12:29:20.631Z,0,rayyan@rayyan.ai,164696516,"""__SYSTEM__SAMPLE__6162b2583ac27b37ac06dfc5672321e9_15503""",1
2025-03-06T12:29:20.662Z,0,rayyan@rayyan.ai,164704341,"""__SYSTEM__SAMPLE__6162b2583ac27b37ac06dfc5672321e9_15503""",1
2025-03-06T12:29:20.662Z,0,rayyan@rayyan.ai,153498098,"""__SYSTEM__SAMPLE__6162b2583ac27b37ac06dfc5672321e9_15503""",1
2025-03-06T12:29:20.662Z,0,rayyan@rayyan.ai,153494826,"""__SYSTEM__SAMPLE__6162b2583ac27b37ac06dfc5672321e9_15503""",1
2025-03-06T12:29:20.730Z,0,rayyan@rayyan.ai,164705576,"""__SYSTEM__SAMPLE__6162b2583ac27b37ac06dfc5672321e9_15503""",1
2025-03-06T12:29:20.730Z,0,rayyan@rayyan.ai,153496879,"""__SYSTEM__SAMPLE__6162b2583ac27b37ac06dfc5672321e9_15503""",1
2025-03-06T12:29:20.759Z,0,rayyan@rayyan.ai,153489802,"""__SYSTEM__SAMPLE__6162b2583ac27b37ac06dfc5672321e9_15503""",1
2025-03-06T12:29:20.759Z,0,rayyan@rayyan.ai,164703501,"""__SYSTEM__SAMPLE__6162b2583ac27b37ac06dfc5672321e9_15503""",1
2025-03-06T12:29:20.759Z,0,rayyan@rayyan.ai,164687073,"""__SYSTEM__SAMPLE__6162b2583ac27b37ac06dfc5672321e9_15503""",1
2025-03-06T12:29:20.759Z,0,rayyan@rayyan.ai,153485698,"""__SYSTEM__SAMPLE__6162b2583ac27b37ac06dfc5672321e9_15503""",1
2025-03-06T12:29:20.963Z,0,rayyan@rayyan.ai,153488591,"""__SYSTEM__SAMPLE__6162b2583ac27b37ac06dfc5672321e9_15503""",1
2025-03-06T12:29:20.963Z,0,rayyan@rayyan.ai,153491855,"""__SYSTEM__SAMPLE__6162b2583ac27b37ac06dfc5672321e9_15503""",1
2025-03-06T12:29:20.963Z,0,rayyan@rayyan.ai,153496699,"""__SYSTEM__SAMPLE__6162b2583ac27b37ac06dfc5672321e9_15503""",1
2025-03-06T12:29:20.963Z,0,rayyan@rayyan.ai,153488865,"""__SYSTEM__SAMPLE__6162b2583ac27b37ac06dfc5672321e9_15503""",1
2025-03-06T12:29:20.963Z,0,rayyan@rayyan.ai,153485983,"""__SYSTEM__SAMPLE__6162b2583ac27b37ac06dfc5672321e9_15503""",1
2025-03-06T12:29:20.963Z,0,rayyan@rayyan.ai,164701798,"""__SYSTEM__SAMPLE__6162b2583ac27b37ac06dfc5672321e9_15503""",1
2025-03-06T12:29:20.963Z,0,rayyan@rayyan.ai,164691336,"""__SYSTEM__SAMPLE__6162b2583ac27b37ac06dfc5672321e9_15503""",1
2025-03-06T12:29:21.009Z,0,rayyan@rayyan.ai,164688374,"""__SYSTEM__SAMPLE__6162b2583ac27b37ac06dfc5672321e9_15503""",1
2025-03-06T12:29:21.113Z,0,rayyan@rayyan.ai,153491145,"""__SYSTEM__SAMPLE__6162b2583ac27b37ac06dfc5672321e9_15503""",1
2025-03-06T12:29:21.113Z,0,rayyan@rayyan.ai,153490662,"""__SYSTEM__SAMPLE__6162b2583ac27b37ac06dfc5672321e9_15503""",1
2025-03-06T12:29:21.113Z,0,rayyan@rayyan.ai,164700659,"""__SYSTEM__SAMPLE__6162b2583ac27b37ac06dfc5672321e9_15503""",1
2025-03-06T12:29:21.113Z,0,rayyan@rayyan.ai,153494700,"""__SYSTEM__SAMPLE__6162b2583ac27b37ac06dfc5672321e9_15503""",1
2025-03-06T12:29:21.113Z,0,rayyan@rayyan.ai,164686105,"""__SYSTEM__SAMPLE__6162b2583ac27b37ac06dfc5672321e9_15503""",1
2025-03-06T12:29:21.150Z,0,rayyan@rayyan.ai,164686571,"""__SYSTEM__SAMPLE__6162b2583ac27b37ac06dfc5672321e9_15503""",1
2025-03-06T12:29:21.150Z,0,rayyan@rayyan.ai,153487757,"""__SYSTEM__SAMPLE__6162b2583ac27b37ac06dfc5672321e9_15503""",1
2025-03-06T12:29:21.181Z,0,rayyan@rayyan.ai,153490260,"""__SYSTEM__SAMPLE__6162b2583ac27b37ac06dfc5672321e9_15503""",1
2025-03-06T12:29:21.211Z,0,rayyan@rayyan.ai,164685682,"""__SYSTEM__SAMPLE__6162b2583ac27b37ac06dfc5672321e9_15503""",1
2025-03-06T12:29:21.211Z,0,rayyan@rayyan.ai,164691198,"""__SYSTEM__SAMPLE__6162b2583ac27b37ac06dfc5672321e9_15503""",1
2025-03-06T12:29:21.211Z,0,rayyan@rayyan.ai,164700273,"""__SYSTEM__SAMPLE__6162b2583ac27b37ac06dfc5672321e9_15503""",1
2025-03-06T12:29:21.211Z,0,rayyan@rayyan.ai,153493061,"""__SYSTEM__SAMPLE__6162b2583ac27b37ac06dfc5672321e9_15503""",1
2025-03-06T12:29:21.242Z,0,rayyan@rayyan.ai,153485991,"""__SYSTEM__SAMPLE__6162b2583ac27b37ac06dfc5672321e9_15503""",1
2025-03-06T12:29:21.242Z,0,rayyan@rayyan.ai,153486208,"""__SYSTEM__SAMPLE__6162b2583ac27b37ac06dfc5672321e9_15503""",1
2025-03-06T12:29:21.284Z,0,rayyan@rayyan.ai,164685146,"""__SYSTEM__SAMPLE__6162b2583ac27b37ac06dfc5672321e9_15504""",1
2025-03-06T12:29:21.284Z,0,rayyan@rayyan.ai,164693127,"""__SYSTEM__SAMPLE__6162b2583ac27b37ac06dfc5672321e9_15504""",1
2025-03-06T12:29:21.284Z,0,rayyan@rayyan.ai,164687602,"""__SYSTEM__SAMPLE__6162b2583ac27b37ac06dfc5672321e9_15504""",1
2025-03-06T12:29:21.284Z,0,rayyan@rayyan.ai,164706525,"""__SYSTEM__SAMPLE__6162b2583ac27b37ac06dfc5672321e9_15504""",1
2025-03-06T12:29:21.284Z,0,rayyan@rayyan.ai,153497405,"""__SYSTEM__SAMPLE__6162b2583ac27b37ac06dfc5672321e9_15504""",1
2025-03-06T12:29:21.284Z,0,rayyan@rayyan.ai,164704862,"""__SYSTEM__SAMPLE__6162b2583ac27b37ac06dfc5672321e9_15504""",1
2025-03-06T12:29:21.318Z,0,rayyan@rayyan.ai,164690926,"""__SYSTEM__SAMPLE__6162b2583ac27b37ac06dfc5672321e9_15504""",1
2025-03-06T12:29:21.318Z,0,rayyan@rayyan.ai,164695314,"""__SYSTEM__SAMPLE__6162b2583ac27b37ac06dfc5672321e9_15504""",1
2025-03-06T12:29:21.318Z,0,rayyan@rayyan.ai,164693566,"""__SYSTEM__SAMPLE__6162b2583ac27b37ac06dfc5672321e9_15504""",1
2025-03-06T12:29:21.384Z,0,rayyan@rayyan.ai,164686064,"""__SYSTEM__SAMPLE__6162b2583ac27b37ac06dfc5672321e9_15504""",1
2025-03-06T12:29:21.384Z,0,rayyan@rayyan.ai,164694930,"""__SYSTEM__SAMPLE__6162b2583ac27b37ac06dfc5672321e9_15504""",1
2025-03-06T12:29:21.455Z,0,rayyan@rayyan.ai,164686977,"""__SYSTEM__SAMPLE__6162b2583ac27b37ac06dfc5672321e9_15504""",1
2025-03-06T12:29:21.455Z,0,rayyan@rayyan.ai,153496512,"""__SYSTEM__SAMPLE__6162b2583ac27b37ac06dfc5672321e9_15504""",1
2025-03-06T12:29:21.455Z,0,rayyan@rayyan.ai,153487074,"""__SYSTEM__SAMPLE__6162b2583ac27b37ac06dfc5672321e9_15504""",1
2025-03-06T12:29:21.491Z,0,rayyan@rayyan.ai,164705631,"""__SYSTEM__SAMPLE__6162b2583ac27b37ac06dfc5672321e9_15504""",1
2025-03-06T12:29:21.491Z,0,rayyan@rayyan.ai,153496921,"""__SYSTEM__SAMPLE__6162b2583ac27b37ac06dfc5672321e9_15504""",1
2025-03-06T12:29:21.525Z,0,rayyan@rayyan.ai,153490065,"""__SYSTEM__SAMPLE__6162b2583ac27b37ac06dfc5672321e9_15504""",1
2025-03-06T12:29:21.525Z,0,rayyan@rayyan.ai,153496993,"""__SYSTEM__SAMPLE__6162b2583ac27b37ac06dfc5672321e9_15504""",1
2025-03-06T12:29:21.525Z,0,rayyan@rayyan.ai,164700930,"""__SYSTEM__SAMPLE__6162b2583ac27b37ac06dfc5672321e9_15504""",1
2025-03-06T12:29:21.559Z,0,rayyan@rayyan.ai,164703776,"""__SYSTEM__SAMPLE__6162b2583ac27b37ac06dfc5672321e9_15504""",1
2025-03-06T12:29:21.559Z,0,rayyan@rayyan.ai,153497229,"""__SYSTEM__SAMPLE__6162b2583ac27b37ac06dfc5672321e9_15504""",1
2025-03-06T12:29:21.559Z,0,rayyan@rayyan.ai,153495900,"""__SYSTEM__SAMPLE__6162b2583ac27b37ac06dfc5672321e9_15504""",1
2025-03-06T12:29:21.938Z,0,rayyan@rayyan.ai,153496084,"""__SYSTEM__SAMPLE__6162b2583ac27b37ac06dfc5672321e9_15504""",1
2025-03-06T12:29:21.938Z,0,rayyan@rayyan.ai,164683860,"""__SYSTEM__SAMPLE__6162b2583ac27b37ac06dfc5672321e9_15504""",1
2025-03-06T12:29:22.178Z,0,rayyan@rayyan.ai,164684832,"""__SYSTEM__SAMPLE__6162b2583ac27b37ac06dfc5672321e9_15504""",1
2025-03-06T12:29:22.361Z,0,rayyan@rayyan.ai,153495527,"""__SYSTEM__SAMPLE__6162b2583ac27b37ac06dfc5672321e9_15504""",1
2025-03-06T12:29:22.361Z,0,rayyan@rayyan.ai,164695010,"""__SYSTEM__SAMPLE__6162b2583ac27b37ac06dfc5672321e9_15504""",1
2025-03-06T12:29:22.361Z,0,rayyan@rayyan.ai,153490006,"""__SYSTEM__SAMPLE__6162b2583ac27b37ac06dfc5672321e9_15504""",1
2025-03-06T12:29:22.391Z,0,rayyan@rayyan.ai,164704363,"""__SYSTEM__SAMPLE__6162b2583ac27b37ac06dfc5672321e9_15504""",1
2025-03-06T12:29:22.391Z,0,rayyan@rayyan.ai,153492461,"""__SYSTEM__SAMPLE__6162b2583ac27b37ac06dfc5672321e9_15504""",1
2025-03-06T12:29:22.391Z,0,rayyan@rayyan.ai,153488192,"""__SYSTEM__SAMPLE__6162b2583ac27b37ac06dfc5672321e9_15504""",1
2025-03-06T12:29:22.391Z,0,rayyan@rayyan.ai,153498264,"""__SYSTEM__SAMPLE__6162b2583ac27b37ac06dfc5672321e9_15504""",1
2025-03-06T12:29:22.420Z,0,rayyan@rayyan.ai,164684664,"""__SYSTEM__SAMPLE__6162b2583ac27b37ac06dfc5672321e9_15504""",1
2025-03-06T12:29:22.420Z,0,rayyan@rayyan.ai,153496721,"""__SYSTEM__SAMPLE__6162b2583ac27b37ac06dfc5672321e9_15504""",1
2025-03-06T12:29:22.420Z,0,rayyan@rayyan.ai,153491229,"""__SYSTEM__SAMPLE__6162b2583ac27b37ac06dfc5672321e9_15504""",1
2025-03-06T12:29:22.420Z,0,rayyan@rayyan.ai,153490806,"""__SYSTEM__SAMPLE__6162b2583ac27b37ac06dfc5672321e9_15504""",1
2025-03-06T12:29:22.450Z,0,rayyan@rayyan.ai,153491202,"""__SYSTEM__SAMPLE__6162b2583ac27b37ac06dfc5672321e9_15504""",1
2025-03-06T12:29:22.450Z,0,rayyan@rayyan.ai,153485783,"""__SYSTEM__SAMPLE__6162b2583ac27b37ac06dfc5672321e9_15504""",1
2025-03-06T12:29:22.480Z,0,rayyan@rayyan.ai,153493294,"""__SYSTEM__SAMPLE__6162b2583ac27b37ac06dfc5672321e9_15504""",1
2025-03-06T12:29:22.480Z,0,rayyan@rayyan.ai,153496543,"""__SYSTEM__SAMPLE__6162b2583ac27b37ac06dfc5672321e9_15504""",1
2025-03-06T12:29:22.480Z,0,rayyan@rayyan.ai,153488942,"""__SYSTEM__SAMPLE__6162b2583ac27b37ac06dfc5672321e9_15504""",1
2025-03-06T12:29:22.509Z,0,rayyan@rayyan.ai,164685930,"""__SYSTEM__SAMPLE__6162b2583ac27b37ac06dfc5672321e9_15504""",1
2025-03-06T12:29:22.538Z,0,rayyan@rayyan.ai,164690622,"""__SYSTEM__SAMPLE__6162b2583ac27b37ac06dfc5672321e9_15504""",1
2025-03-06T12:29:22.538Z,0,rayyan@rayyan.ai,164698414,"""__SYSTEM__SAMPLE__6162b2583ac27b37ac06dfc5672321e9_15504""",1
2025-03-06T12:29:22.538Z,0,rayyan@rayyan.ai,164692214,"""__SYSTEM__SAMPLE__6162b2583ac27b37ac06dfc5672321e9_15504""",1
2025-03-06T12:29:22.538Z,0,rayyan@rayyan.ai,153498461,"""__SYSTEM__SAMPLE__6162b2583ac27b37ac06dfc5672321e9_15504""",1
2025-03-06T12:29:22.566Z,0,rayyan@rayyan.ai,164696001,"""__SYSTEM__SAMPLE__6162b2583ac27b37ac06dfc5672321e9_15504""",1
2025-03-06T12:29:22.566Z,0,rayyan@rayyan.ai,153486363,"""__SYSTEM__SAMPLE__6162b2583ac27b37ac06dfc5672321e9_15504""",1
2025-03-06T12:29:22.566Z,0,rayyan@rayyan.ai,153499261,"""__SYSTEM__SAMPLE__6162b2583ac27b37ac06dfc5672321e9_15504""",1
2025-03-06T12:29:22.566Z,0,rayyan@rayyan.ai,164691467,"""__SYSTEM__SAMPLE__6162b2583ac27b37ac06dfc5672321e9_15504""",1
2025-03-06T12:29:22.566Z,0,rayyan@rayyan.ai,153493788,"""__SYSTEM__SAMPLE__6162b2583ac27b37ac06dfc5672321e9_15504""",1
2025-03-06T12:29:22.600Z,0,rayyan@rayyan.ai,153497219,"""__SYSTEM__SAMPLE__6162b2583ac27b37ac06dfc5672321e9_15505""",1
2025-03-06T12:29:22.600Z,0,rayyan@rayyan.ai,164686112,"""__SYSTEM__SAMPLE__6162b2583ac27b37ac06dfc5672321e9_15505""",1
2025-03-06T12:29:22.630Z,0,rayyan@rayyan.ai,153492747,"""__SYSTEM__SAMPLE__6162b2583ac27b37ac06dfc5672321e9_15505""",1
2025-03-06T12:29:22.630Z,0,rayyan@rayyan.ai,153490925,"""__SYSTEM__SAMPLE__6162b2583ac27b37ac06dfc5672321e9_15505""",1
2025-03-06T12:29:22.661Z,0,rayyan@rayyan.ai,153499268,"""__SYSTEM__SAMPLE__6162b2583ac27b37ac06dfc5672321e9_15505""",1
2025-03-06T12:29:22.661Z,0,rayyan@rayyan.ai,153488432,"""__SYSTEM__SAMPLE__6162b2583ac27b37ac06dfc5672321e9_15505""",1
2025-03-06T12:29:22.690Z,0,rayyan@rayyan.ai,153487842,"""__SYSTEM__SAMPLE__6162b2583ac27b37ac06dfc5672321e9_15505""",1
2025-03-06T12:29:22.720Z,0,rayyan@rayyan.ai,153488280,"""__SYSTEM__SAMPLE__6162b2583ac27b37ac06dfc5672321e9_15505""",1
2025-03-06T12:29:22.720Z,0,rayyan@rayyan.ai,153493705,"""__SYSTEM__SAMPLE__6162b2583ac27b37ac06dfc5672321e9_15505""",1
2025-03-06T12:29:22.720Z,0,rayyan@rayyan.ai,164696151,"""__SYSTEM__SAMPLE__6162b2583ac27b37ac06dfc5672321e9_15505""",1
2025-03-06T12:29:22.720Z,0,rayyan@rayyan.ai,153490150,"""__SYSTEM__SAMPLE__6162b2583ac27b37ac06dfc5672321e9_15505""",1
2025-03-06T12:29:22.720Z,0,rayyan@rayyan.ai,164694954,"""__SYSTEM__SAMPLE__6162b2583ac27b37ac06dfc5672321e9_15505""",1
2025-03-06T12:29:22.752Z,0,rayyan@rayyan.ai,153486030,"""__SYSTEM__SAMPLE__6162b2583ac27b37ac06dfc5672321e9_15505""",1
2025-03-06T12:29:22.752Z,0,rayyan@rayyan.ai,153485324,"""__SYSTEM__SAMPLE__6162b2583ac27b37ac06dfc5672321e9_15505""",1
2025-03-06T12:29:22.752Z,0,rayyan@rayyan.ai,153497290,"""__SYSTEM__SAMPLE__6162b2583ac27b37ac06dfc5672321e9_15505""",1
2025-03-06T12:29:22.752Z,0,rayyan@rayyan.ai,164688585,"""__SYSTEM__SAMPLE__6162b2583ac27b37ac06dfc5672321e9_15505""",1
2025-03-06T12:29:22.752Z,0,rayyan@rayyan.ai,153488277,"""__SYSTEM__SAMPLE__6162b2583ac27b37ac06dfc5672321e9_15505""",1
2025-03-06T12:29:22.784Z,0,rayyan@rayyan.ai,153489205,"""__SYSTEM__SAMPLE__6162b2583ac27b37ac06dfc5672321e9_15505""",1
2025-03-06T12:29:22.784Z,0,rayyan@rayyan.ai,153494401,"""__SYSTEM__SAMPLE__6162b2583ac27b37ac06dfc5672321e9_15505""",1
2025-03-06T12:29:22.784Z,0,rayyan@rayyan.ai,153497945,"""__SYSTEM__SAMPLE__6162b2583ac27b37ac06dfc5672321e9_15505""",1
2025-03-06T12:29:22.784Z,0,rayyan@rayyan.ai,153496229,"""__SYSTEM__SAMPLE__6162b2583ac27b37ac06dfc5672321e9_15505""",1
2025-03-06T12:29:22.784Z,0,rayyan@rayyan.ai,153494408,"""__SYSTEM__SAMPLE__6162b2583ac27b37ac06dfc5672321e9_15505""",1
2025-03-06T12:29:22.978Z,0,rayyan@rayyan.ai,153498981,"""__SYSTEM__SAMPLE__6162b2583ac27b37ac06dfc5672321e9_15505""",1
2025-03-06T12:29:23.024Z,0,rayyan@rayyan.ai,164686188,"""__SYSTEM__SAMPLE__6162b2583ac27b37ac06dfc5672321e9_15505""",1
2025-03-06T12:29:23.024Z,0,rayyan@rayyan.ai,153497558,"""__SYSTEM__SAMPLE__6162b2583ac27b37ac06dfc5672321e9_15505""",1
2025-03-06T12:29:23.057Z,0,rayyan@rayyan.ai,153492209,"""__SYSTEM__SAMPLE__6162b2583ac27b37ac06dfc5672321e9_15505""",1
2025-03-06T12:29:23.057Z,0,rayyan@rayyan.ai,153487974,"""__SYSTEM__SAMPLE__6162b2583ac27b37ac06dfc5672321e9_15505""",1
2025-03-06T12:29:23.057Z,0,rayyan@rayyan.ai,153495721,"""__SYSTEM__SAMPLE__6162b2583ac27b37ac06dfc5672321e9_15505""",1
2025-03-06T12:29:23.085Z,0,rayyan@rayyan.ai,153493116,"""__SYSTEM__SAMPLE__6162b2583ac27b37ac06dfc5672321e9_15505""",1
2025-03-06T12:29:23.085Z,0,rayyan@rayyan.ai,153490534,"""__SYSTEM__SAMPLE__6162b2583ac27b37ac06dfc5672321e9_15505""",1
2025-03-06T12:29:23.085Z,0,rayyan@rayyan.ai,153489109,"""__SYSTEM__SAMPLE__6162b2583ac27b37ac06dfc5672321e9_15505""",1
2025-03-06T12:29:23.085Z,0,rayyan@rayyan.ai,153495676,"""__SYSTEM__SAMPLE__6162b2583ac27b37ac06dfc5672321e9_15505""",1
2025-03-06T12:29:23.118Z,0,rayyan@rayyan.ai,153489049,"""__SYSTEM__SAMPLE__6162b2583ac27b37ac06dfc5672321e9_15505""",1
2025-03-06T12:29:23.118Z,0,rayyan@rayyan.ai,153495212,"""__SYSTEM__SAMPLE__6162b2583ac27b37ac06dfc5672321e9_15505""",1
2025-03-06T12:29:23.118Z,0,rayyan@rayyan.ai,153493589,"""__SYSTEM__SAMPLE__6162b2583ac27b37ac06dfc5672321e9_15505""",1
2025-03-06T12:29:23.157Z,0,rayyan@rayyan.ai,153492425,"""__SYSTEM__SAMPLE__6162b2583ac27b37ac06dfc5672321e9_15505""",1
2025-03-06T12:29:23.157Z,0,rayyan@rayyan.ai,164688555,"""__SYSTEM__SAMPLE__6162b2583ac27b37ac06dfc5672321e9_15505""",1
2025-03-06T12:29:23.157Z,0,rayyan@rayyan.ai,164704231,"""__SYSTEM__SAMPLE__6162b2583ac27b37ac06dfc5672321e9_15505""",1
2025-03-06T12:29:23.189Z,0,rayyan@rayyan.ai,153488405,"""__SYSTEM__SAMPLE__6162b2583ac27b37ac06dfc5672321e9_15505""",1
2025-03-06T12:29:23.189Z,0,rayyan@rayyan.ai,164705539,"""__SYSTEM__SAMPLE__6162b2583ac27b37ac06dfc5672321e9_15505""",1
2025-03-06T12:29:23.189Z,0,rayyan@rayyan.ai,153489611,"""__SYSTEM__SAMPLE__6162b2583ac27b37ac06dfc5672321e9_15505""",1
2025-03-06T12:29:23.189Z,0,rayyan@rayyan.ai,164700871,"""__SYSTEM__SAMPLE__6162b2583ac27b37ac06dfc5672321e9_15505""",1
2025-03-06T12:29:23.189Z,0,rayyan@rayyan.ai,164706021,"""__SYSTEM__SAMPLE__6162b2583ac27b37ac06dfc5672321e9_15505""",1
2025-03-06T12:29:23.189Z,0,rayyan@rayyan.ai,164689315,"""__SYSTEM__SAMPLE__6162b2583ac27b37ac06dfc5672321e9_15505""",1
2025-03-06T12:29:23.221Z,0,rayyan@rayyan.ai,153496660,"""__SYSTEM__SAMPLE__6162b2583ac27b37ac06dfc5672321e9_15505""",1
2025-03-06T12:29:23.221Z,0,rayyan@rayyan.ai,164702813,"""__SYSTEM__SAMPLE__6162b2583ac27b37ac06dfc5672321e9_15505""",1
2025-03-06T12:29:23.263Z,0,rayyan@rayyan.ai,153485586,"""__SYSTEM__SAMPLE__6162b2583ac27b37ac06dfc5672321e9_15505""",1
2025-03-06T12:29:23.263Z,0,rayyan@rayyan.ai,164689097,"""__SYSTEM__SAMPLE__6162b2583ac27b37ac06dfc5672321e9_15505""",1
2025-03-06T12:29:23.263Z,0,rayyan@rayyan.ai,164694177,"""__SYSTEM__SAMPLE__6162b2583ac27b37ac06dfc5672321e9_15505""",1
2025-03-06T12:29:23.263Z,0,rayyan@rayyan.ai,153485869,"""__SYSTEM__SAMPLE__6162b2583ac27b37ac06dfc5672321e9_15505""",1
2025-03-06T12:29:23.263Z,0,rayyan@rayyan.ai,153497007,"""__SYSTEM__SAMPLE__6162b2583ac27b37ac06dfc5672321e9_15505""",1
2025-03-06T12:29:23.263Z,0,rayyan@rayyan.ai,164691119,"""__SYSTEM__SAMPLE__6162b2583ac27b37ac06dfc5672321e9_15505""",1
2025-03-06T12:29:23.324Z,0,rayyan@rayyan.ai,153491334,"""__SYSTEM__SAMPLE__6162b2583ac27b37ac06dfc5672321e9_15505""",1
2025-03-06T12:29:23.324Z,0,rayyan@rayyan.ai,153488645,"""__SYSTEM__SAMPLE__6162b2583ac27b37ac06dfc5672321e9_15505""",1
2025-03-06T12:29:23.570Z,0,rayyan@rayyan.ai,164687730,"""__SYSTEM__SAMPLE__6162b2583ac27b37ac06dfc5672321e9_15505""",1
2025-03-06T12:29:23.570Z,0,rayyan@rayyan.ai,153494214,"""__SYSTEM__SAMPLE__6162b2583ac27b37ac06dfc5672321e9_15505""",1
2025-03-06T12:29:23.600Z,0,rayyan@rayyan.ai,164697020,"""__SYSTEM__SAMPLE__6162b2583ac27b37ac06dfc5672321e9_15505""",1
2025-03-06T12:29:23.600Z,0,rayyan@rayyan.ai,153493932,"""__SYSTEM__SAMPLE__6162b2583ac27b37ac06dfc5672321e9_15505""",1
2025-03-06T12:29:23.630Z,0,rayyan@rayyan.ai,164697847,"""__SYSTEM__SAMPLE__6162b2583ac27b37ac06dfc5672321e9_15505""",1
2025-03-06T12:29:23.630Z,0,rayyan@rayyan.ai,153491345,"""__SYSTEM__SAMPLE__6162b2583ac27b37ac06dfc5672321e9_15505""",1
2025-03-06T12:29:23.630Z,0,rayyan@rayyan.ai,153498156,"""__SYSTEM__SAMPLE__6162b2583ac27b37ac06dfc5672321e9_15505""",1
2025-03-06T12:29:23.630Z,0,rayyan@rayyan.ai,164706007,"""__SYSTEM__SAMPLE__6162b2583ac27b37ac06dfc5672321e9_15505""",1
2025-03-06T12:29:23.630Z,0,rayyan@rayyan.ai,153485563,"""__SYSTEM__SAMPLE__6162b2583ac27b37ac06dfc5672321e9_15505""",1
2025-03-06T15:02:34.482Z,793584,amirmohammadif@gmail.com,83177472,included,-1
2025-03-06T16:15:21.972Z,793584,amirmohammadif@gmail.com,83177632,included,1
2025-03-06T16:43:07.978Z,448594,phil.martin.research@gmail.com,164703462,"""__EXR__Not about Evidence use""",1
2025-03-06T16:43:07.996Z,448594,phil.martin.research@gmail.com,164703462,included,-1
2025-03-06T16:52:52.477Z,448594,phil.martin.research@gmail.com,164706843,"""__EXR__Not about Evidence use""",1
2025-03-06T16:52:52.496Z,448594,phil.martin.research@gmail.com,164706843,included,-1
2025-03-06T16:55:36.847Z,448594,phil.martin.research@gmail.com,153497609,included,-1
2025-03-06T16:55:37.357Z,448594,phil.martin.research@gmail.com,153497875,included,-1
2025-03-06T16:55:37.357Z,448594,phil.martin.research@gmail.com,153497881,included,-1
2025-03-06T16:55:37.405Z,448594,phil.martin.research@gmail.com,153498012,included,-1
2025-03-06T16:55:37.662Z,448594,phil.martin.research@gmail.com,153498479,included,-1
2025-03-06T16:55:38.672Z,448594,phil.martin.research@gmail.com,164689130,included,-1
2025-03-06T16:55:38.672Z,448594,phil.martin.research@gmail.com,164689341,included,-1
2025-03-06T16:55:39.102Z,448594,phil.martin.research@gmail.com,164690628,included,-1
2025-03-06T16:55:39.594Z,448594,phil.martin.research@gmail.com,164693077,included,-1
2025-03-06T16:55:39.639Z,448594,phil.martin.research@gmail.com,164693237,included,-1
2025-03-06T16:55:39.682Z,448594,phil.martin.research@gmail.com,164693459,included,-1
2025-03-06T16:55:39.682Z,448594,phil.martin.research@gmail.com,164693488,included,-1
2025-03-06T16:55:39.735Z,448594,phil.martin.research@gmail.com,164693681,included,-1
2025-03-06T16:55:40.272Z,448594,phil.martin.research@gmail.com,164694609,included,-1
2025-03-06T16:55:40.448Z,448594,phil.martin.research@gmail.com,164695301,included,-1
2025-03-06T16:55:40.574Z,448594,phil.martin.research@gmail.com,164695704,included,-1
2025-03-06T16:55:40.709Z,448594,phil.martin.research@gmail.com,164696327,included,-1
2025-03-06T16:55:40.796Z,448594,phil.martin.research@gmail.com,164696715,included,-1
2025-03-06T16:55:40.892Z,448594,phil.martin.research@gmail.com,164696841,included,-1
2025-03-06T16:55:40.939Z,448594,phil.martin.research@gmail.com,164697123,included,-1
2025-03-06T16:55:40.981Z,448594,phil.martin.research@gmail.com,164697197,included,-1
2025-03-06T16:55:41.037Z,448594,phil.martin.research@gmail.com,164697274,included,-1
2025-03-06T16:55:41.076Z,448594,phil.martin.research@gmail.com,164697386,included,-1
2025-03-06T16:55:41.076Z,448594,phil.martin.research@gmail.com,164697448,included,-1
2025-03-06T16:55:41.270Z,448594,phil.martin.research@gmail.com,164697599,included,-1
2025-03-06T16:55:41.395Z,448594,phil.martin.research@gmail.com,164698001,included,-1
2025-03-06T16:55:41.567Z,448594,phil.martin.research@gmail.com,164698572,included,-1
2025-03-06T16:55:41.611Z,448594,phil.martin.research@gmail.com,164698803,included,-1
2025-03-06T16:55:41.820Z,448594,phil.martin.research@gmail.com,164698865,included,-1
2025-03-06T16:55:41.820Z,448594,phil.martin.research@gmail.com,164699006,included,-1
2025-03-06T16:55:41.902Z,448594,phil.martin.research@gmail.com,164699199,included,-1
2025-03-06T16:55:41.947Z,448594,phil.martin.research@gmail.com,164699295,included,-1
2025-03-06T16:55:41.947Z,448594,phil.martin.research@gmail.com,164699347,included,-1
2025-03-06T16:55:41.993Z,448594,phil.martin.research@gmail.com,164699531,included,-1
2025-03-06T16:55:42.141Z,448594,phil.martin.research@gmail.com,164699794,included,-1
2025-03-06T16:55:42.219Z,448594,phil.martin.research@gmail.com,164699916,included,-1
2025-03-06T16:55:42.219Z,448594,phil.martin.research@gmail.com,164699974,included,-1
2025-03-06T16:55:42.524Z,448594,phil.martin.research@gmail.com,164700234,included,-1
2025-03-06T16:55:42.656Z,448594,phil.martin.research@gmail.com,164700714,included,-1
2025-03-06T16:55:42.822Z,448594,phil.martin.research@gmail.com,164701293,included,-1
2025-03-06T16:55:42.924Z,448594,phil.martin.research@gmail.com,164701624,included,-1
2025-03-06T16:55:42.971Z,448594,phil.martin.research@gmail.com,164701664,included,-1
2025-03-06T16:55:43.116Z,448594,phil.martin.research@gmail.com,164702281,included,-1
2025-03-06T16:55:43.172Z,448594,phil.martin.research@gmail.com,164702380,included,-1
2025-03-06T16:55:43.628Z,448594,phil.martin.research@gmail.com,164702787,included,-1
2025-03-06T16:55:43.724Z,448594,phil.martin.research@gmail.com,164703121,included,-1
2025-03-06T16:55:43.774Z,448594,phil.martin.research@gmail.com,164703193,included,-1
2025-03-06T16:55:43.865Z,448594,phil.martin.research@gmail.com,164703462,included,-1
2025-03-06T16:55:43.998Z,448594,phil.martin.research@gmail.com,164703741,included,-1
2025-03-06T16:55:44.212Z,448594,phil.martin.research@gmail.com,164704358,included,-1
2025-03-06T16:55:44.538Z,448594,phil.martin.research@gmail.com,164704851,included,-1
2025-03-06T16:55:44.538Z,448594,phil.martin.research@gmail.com,164704898,included,-1
2025-03-06T16:55:44.623Z,448594,phil.martin.research@gmail.com,164705058,included,-1
2025-03-06T16:55:44.665Z,448594,phil.martin.research@gmail.com,164705153,included,-1
2025-03-06T16:55:44.750Z,448594,phil.martin.research@gmail.com,164705315,included,-1
2025-03-06T16:55:44.750Z,448594,phil.martin.research@gmail.com,164705337,included,-1
2025-03-06T16:55:44.750Z,448594,phil.martin.research@gmail.com,164705383,included,-1
2025-03-06T16:55:44.790Z,448594,phil.martin.research@gmail.com,164705509,included,-1
2025-03-06T16:55:45.095Z,448594,phil.martin.research@gmail.com,164705761,included,-1
2025-03-06T16:55:45.598Z,448594,phil.martin.research@gmail.com,164706457,included,-1
2025-03-06T16:55:45.598Z,448594,phil.martin.research@gmail.com,164706486,included,-1
2025-03-06T16:55:45.640Z,448594,phil.martin.research@gmail.com,164706518,included,-1
2025-03-06T16:55:45.681Z,448594,phil.martin.research@gmail.com,164706672,included,-1
2025-03-06T16:55:45.766Z,448594,phil.martin.research@gmail.com,164706760,included,-1
2025-03-06T16:55:45.766Z,448594,phil.martin.research@gmail.com,164706793,included,-1
2025-03-06T16:55:45.807Z,448594,phil.martin.research@gmail.com,164706843,included,-1
2025-03-06T16:55:45.929Z,448594,phil.martin.research@gmail.com,164707068,included,-1
2025-03-06T20:58:42.544Z,448594,phil.martin.research@gmail.com,153497609,included,-1
2025-03-06T20:58:43.618Z,448594,phil.martin.research@gmail.com,153497875,included,-1
2025-03-06T20:58:43.618Z,448594,phil.martin.research@gmail.com,153497881,included,-1
2025-03-06T20:58:43.671Z,448594,phil.martin.research@gmail.com,153498012,included,-1
2025-03-06T20:58:43.932Z,448594,phil.martin.research@gmail.com,153498479,included,-1
2025-03-06T20:58:44.507Z,448594,phil.martin.research@gmail.com,164689130,included,-1
2025-03-06T20:58:44.507Z,448594,phil.martin.research@gmail.com,164689341,included,-1
2025-03-06T20:58:44.712Z,448594,phil.martin.research@gmail.com,164690628,included,-1
2025-03-06T20:58:45.127Z,448594,phil.martin.research@gmail.com,164693077,included,-1
2025-03-06T20:58:45.127Z,448594,phil.martin.research@gmail.com,164693226,included,-1
2025-03-06T20:58:45.127Z,448594,phil.martin.research@gmail.com,164693237,included,-1
2025-03-06T20:58:45.176Z,448594,phil.martin.research@gmail.com,164693459,included,-1
2025-03-06T20:58:45.232Z,448594,phil.martin.research@gmail.com,164693488,included,-1
2025-03-06T20:58:45.279Z,448594,phil.martin.research@gmail.com,164693681,included,-1
2025-03-06T20:58:45.509Z,448594,phil.martin.research@gmail.com,164694609,included,-1
2025-03-06T20:58:46.347Z,448594,phil.martin.research@gmail.com,164695301,included,-1
2025-03-06T20:58:46.438Z,448594,phil.martin.research@gmail.com,164695704,included,-1
2025-03-06T20:58:46.627Z,448594,phil.martin.research@gmail.com,164696327,included,-1
2025-03-06T20:58:46.717Z,448594,phil.martin.research@gmail.com,164696715,included,-1
2025-03-06T20:58:46.762Z,448594,phil.martin.research@gmail.com,164696841,included,-1
2025-03-06T20:58:46.866Z,448594,phil.martin.research@gmail.com,164697123,included,-1
2025-03-06T20:58:46.866Z,448594,phil.martin.research@gmail.com,164697197,included,-1
2025-03-06T20:58:46.911Z,448594,phil.martin.research@gmail.com,164697274,included,-1
2025-03-06T20:58:46.952Z,448594,phil.martin.research@gmail.com,164697386,included,-1
2025-03-06T20:58:46.995Z,448594,phil.martin.research@gmail.com,164697448,included,-1
2025-03-06T20:58:47.041Z,448594,phil.martin.research@gmail.com,164697599,included,-1
2025-03-06T20:58:47.288Z,448594,phil.martin.research@gmail.com,164698001,included,-1
2025-03-06T20:58:47.462Z,448594,phil.martin.research@gmail.com,164698572,included,-1
2025-03-06T20:58:47.546Z,448594,phil.martin.research@gmail.com,164698803,included,-1
2025-03-06T20:58:47.546Z,448594,phil.martin.research@gmail.com,164698865,included,-1
2025-03-06T20:58:47.588Z,448594,phil.martin.research@gmail.com,164699006,included,-1
2025-03-06T20:58:47.630Z,448594,phil.martin.research@gmail.com,164699199,included,-1
2025-03-06T20:58:47.670Z,448594,phil.martin.research@gmail.com,164699295,included,-1
2025-03-06T20:58:47.710Z,448594,phil.martin.research@gmail.com,164699347,included,-1
2025-03-06T20:58:47.710Z,448594,phil.martin.research@gmail.com,164699531,included,-1
2025-03-06T20:58:47.831Z,448594,phil.martin.research@gmail.com,164699794,included,-1
2025-03-06T20:58:47.831Z,448594,phil.martin.research@gmail.com,164699916,included,-1
2025-03-06T20:58:47.866Z,448594,phil.martin.research@gmail.com,164699974,included,-1
2025-03-06T20:58:47.951Z,448594,phil.martin.research@gmail.com,164700234,included,-1
2025-03-06T20:58:48.074Z,448594,phil.martin.research@gmail.com,164700714,included,-1
2025-03-06T20:58:48.219Z,448594,phil.martin.research@gmail.com,164701293,included,-1
2025-03-06T20:58:48.296Z,448594,phil.martin.research@gmail.com,164701624,included,-1
2025-03-06T20:58:48.296Z,448594,phil.martin.research@gmail.com,164701664,included,-1
2025-03-06T20:58:48.446Z,448594,phil.martin.research@gmail.com,164702281,included,-1
2025-03-06T20:58:48.446Z,448594,phil.martin.research@gmail.com,164702380,included,-1
2025-03-06T20:58:48.552Z,448594,phil.martin.research@gmail.com,164702787,included,-1
2025-03-06T20:58:48.628Z,448594,phil.martin.research@gmail.com,164703121,included,-1
2025-03-06T20:58:48.663Z,448594,phil.martin.research@gmail.com,164703193,included,-1
2025-03-06T20:58:48.730Z,448594,phil.martin.research@gmail.com,164703462,included,-1
2025-03-06T20:58:48.803Z,448594,phil.martin.research@gmail.com,164703741,included,-1
2025-03-06T20:58:48.996Z,448594,phil.martin.research@gmail.com,164704358,included,-1
2025-03-06T20:58:49.050Z,448594,phil.martin.research@gmail.com,164704471,included,-1
2025-03-06T20:58:49.209Z,448594,phil.martin.research@gmail.com,164704851,included,-1
2025-03-06T20:58:49.209Z,448594,phil.martin.research@gmail.com,164704898,included,-1
2025-03-06T20:58:49.282Z,448594,phil.martin.research@gmail.com,164705058,included,-1
2025-03-06T20:58:49.317Z,448594,phil.martin.research@gmail.com,164705153,included,-1
2025-03-06T20:58:49.351Z,448594,phil.martin.research@gmail.com,164705315,included,-1
2025-03-06T20:58:49.385Z,448594,phil.martin.research@gmail.com,164705337,included,-1
2025-03-06T20:58:49.385Z,448594,phil.martin.research@gmail.com,164705383,included,-1
2025-03-06T20:58:49.421Z,448594,phil.martin.research@gmail.com,164705509,included,-1
2025-03-06T20:58:49.530Z,448594,phil.martin.research@gmail.com,164705761,included,-1
2025-03-06T20:58:49.858Z,448594,phil.martin.research@gmail.com,164706457,included,-1
2025-03-06T20:58:49.858Z,448594,phil.martin.research@gmail.com,164706486,included,-1
2025-03-06T20:58:49.858Z,448594,phil.martin.research@gmail.com,164706518,included,-1
2025-03-06T20:58:49.950Z,448594,phil.martin.research@gmail.com,164706672,included,-1
2025-03-06T20:58:50.168Z,448594,phil.martin.research@gmail.com,164706760,included,-1
2025-03-06T20:58:50.168Z,448594,phil.martin.research@gmail.com,164706793,included,-1
2025-03-06T20:58:50.208Z,448594,phil.martin.research@gmail.com,164706843,included,-1
2025-03-06T20:58:50.491Z,448594,phil.martin.research@gmail.com,164707068,included,-1
2025-03-07T06:26:30.126Z,793581,santip1320@gmail.com,83177472,included,-1
2025-03-07T11:25:36.092Z,448594,phil.martin.research@gmail.com,164696026,"""__EXR__Not about Evidence use""",1
2025-03-07T11:25:36.107Z,448594,phil.martin.research@gmail.com,164696026,included,-1
2025-03-07T11:26:17.753Z,448594,phil.martin.research@gmail.com,164696217,"""__EXR__Not about conservation""",1
2025-03-07T11:26:17.778Z,448594,phil.martin.research@gmail.com,164696217,included,-1
2025-03-07T11:30:24.210Z,448594,phil.martin.research@gmail.com,164698977,"""__EXR__Not about conservation""",1
2025-03-07T11:30:24.225Z,448594,phil.martin.research@gmail.com,164698977,included,-1
2025-03-07T11:31:11.366Z,448594,phil.martin.research@gmail.com,164700540,"""__EXR__Not about conservation""",1
2025-03-07T11:31:11.379Z,448594,phil.martin.research@gmail.com,164700540,included,-1
2025-03-07T11:32:01.926Z,448594,phil.martin.research@gmail.com,164701787,"""__EXR__Not about Evidence use""",1
2025-03-07T11:32:01.939Z,448594,phil.martin.research@gmail.com,164701787,included,-1
2025-03-07T11:59:54.938Z,448594,phil.martin.research@gmail.com,164693963,"""__EXR__Not about conservation""",1
2025-03-07T11:59:54.951Z,448594,phil.martin.research@gmail.com,164693963,included,-1
2025-03-07T12:00:16.113Z,448594,phil.martin.research@gmail.com,164694441,"""__EXR__Not about conservation""",1
2025-03-07T12:00:16.139Z,448594,phil.martin.research@gmail.com,164694441,included,-1
2025-03-07T12:08:09.238Z,448594,phil.martin.research@gmail.com,164689636,"""__EXR__Not about conservation""",1
2025-03-07T12:08:09.252Z,448594,phil.martin.research@gmail.com,164689636,included,-1
2025-03-07T12:14:24.759Z,448594,phil.martin.research@gmail.com,164686313,included,-1
2025-03-07T12:14:24.859Z,448594,phil.martin.research@gmail.com,164689539,included,-1
2025-03-07T12:14:24.859Z,448594,phil.martin.research@gmail.com,164689636,included,-1
2025-03-07T12:14:24.938Z,448594,phil.martin.research@gmail.com,164690852,included,-1
2025-03-07T12:14:24.938Z,448594,phil.martin.research@gmail.com,164692970,included,-1
2025-03-07T12:14:25.037Z,448594,phil.martin.research@gmail.com,164694183,included,-1
2025-03-07T12:14:25.037Z,448594,phil.martin.research@gmail.com,164695278,included,-1
2025-03-07T12:14:25.037Z,448594,phil.martin.research@gmail.com,164695306,included,-1
2025-03-07T12:14:25.037Z,448594,phil.martin.research@gmail.com,164695694,included,-1
2025-03-07T12:14:25.037Z,448594,phil.martin.research@gmail.com,164695897,included,-1
2025-03-07T12:14:25.114Z,448594,phil.martin.research@gmail.com,164697339,included,-1
2025-03-07T12:14:25.114Z,448594,phil.martin.research@gmail.com,164698502,included,-1
2025-03-07T12:14:25.188Z,448594,phil.martin.research@gmail.com,164700184,included,-1
2025-03-07T12:14:25.188Z,448594,phil.martin.research@gmail.com,164700540,included,-1
2025-03-07T12:14:25.260Z,448594,phil.martin.research@gmail.com,164701580,included,-1
2025-03-07T12:14:25.260Z,448594,phil.martin.research@gmail.com,164702022,included,-1
2025-03-07T12:14:25.347Z,448594,phil.martin.research@gmail.com,164703172,included,-1
2025-03-07T12:14:25.347Z,448594,phil.martin.research@gmail.com,164703739,included,-1
2025-03-07T12:14:25.347Z,448594,phil.martin.research@gmail.com,164704152,included,-1
2025-03-07T12:14:25.347Z,448594,phil.martin.research@gmail.com,164704242,included,-1
2025-03-07T12:14:25.416Z,448594,phil.martin.research@gmail.com,164704469,included,-1
2025-03-07T12:14:25.416Z,448594,phil.martin.research@gmail.com,164704946,included,-1
2025-03-07T12:14:25.416Z,448594,phil.martin.research@gmail.com,164705190,included,-1
2025-03-07T12:14:25.548Z,448594,phil.martin.research@gmail.com,164706929,included,-1
2025-03-07T12:14:25.548Z,448594,phil.martin.research@gmail.com,164706931,included,-1
2025-03-09T09:21:48.237Z,563832,alice.m.oswald@durham.ac.uk,153485324,"""__EXR__Not about conservation""",1
2025-03-09T09:21:48.252Z,563832,alice.m.oswald@durham.ac.uk,153485324,included,-1
2025-03-10T17:16:53.870Z,809822,tltk2@cam.ac.uk,153485823,"""__EXR__Not about conservation""",1
2025-03-10T17:16:53.889Z,809822,tltk2@cam.ac.uk,153485823,included,-1
2025-03-10T17:17:08.270Z,809822,tltk2@cam.ac.uk,153486012,"""__EXR__Not about policy or practice""",1
2025-03-10T17:17:08.286Z,809822,tltk2@cam.ac.uk,153486012,included,-1
2025-03-10T17:17:45.530Z,809822,tltk2@cam.ac.uk,153486292,"""__EXR__Not about conservation""",1
2025-03-10T17:17:45.552Z,809822,tltk2@cam.ac.uk,153486292,included,-1
2025-03-10T19:53:08.473Z,809822,tltk2@cam.ac.uk,153485345,"""__EXR__Not about conservation""",1
2025-03-10T19:53:08.495Z,809822,tltk2@cam.ac.uk,153485345,included,-1
2025-03-10T19:55:15.195Z,809822,tltk2@cam.ac.uk,153485370,"""__EXR__Not about Evidence use""",1
2025-03-10T19:55:15.211Z,809822,tltk2@cam.ac.uk,153485370,included,-1
2025-03-11T10:08:14.623Z,793583,elina.takola@ufz.de,153485983,included,1
2025-03-11T12:32:35.271Z,793579,prishnee.bissessur1@gmail.com,153488821,included,-1
2025-03-11T12:35:02.018Z,793579,prishnee.bissessur1@gmail.com,153489324,"""__EXR__Not about evidence use""",1
2025-03-11T12:35:02.035Z,793579,prishnee.bissessur1@gmail.com,153489324,included,-1
2025-03-11T12:35:07.706Z,793579,prishnee.bissessur1@gmail.com,153488821,included,-1
2025-03-11T12:35:16.492Z,793579,prishnee.bissessur1@gmail.com,153488821,"""__EXR__Not about evidence use""",1
2025-03-11T12:35:16.507Z,793579,prishnee.bissessur1@gmail.com,153488821,included,-1
2025-03-11T12:41:10.471Z,793579,prishnee.bissessur1@gmail.com,153489684,"""__EXR__Not about factors that influence evidence use""",1
2025-03-11T12:41:10.497Z,793579,prishnee.bissessur1@gmail.com,153489684,included,-1
2025-03-11T12:46:04.760Z,793579,prishnee.bissessur1@gmail.com,153490118,included,-1
2025-03-11T12:46:09.918Z,793579,prishnee.bissessur1@gmail.com,153490118,"""__EXR__Not about factors that influence evidence use""",1
2025-03-11T12:46:09.931Z,793579,prishnee.bissessur1@gmail.com,153490118,included,-1
2025-03-11T12:46:33.606Z,793579,prishnee.bissessur1@gmail.com,153490166,"""__EXR__Not about evidence use""",1
2025-03-11T12:46:33.626Z,793579,prishnee.bissessur1@gmail.com,153490166,included,-1
2025-03-11T12:48:23.309Z,793579,prishnee.bissessur1@gmail.com,153490972,"""__EXR__Not about factors that influence evidence use""",1
2025-03-11T12:48:23.326Z,793579,prishnee.bissessur1@gmail.com,153490972,included,-1
2025-03-11T12:49:43.384Z,793579,prishnee.bissessur1@gmail.com,153498264,"""__EXR__Not about factors that influence evidence use""",1
2025-03-11T12:49:43.404Z,793579,prishnee.bissessur1@gmail.com,153498264,included,-1
2025-03-11T12:49:43.419Z,793579,prishnee.bissessur1@gmail.com,153498264,"""__EXR__Not about evidence use""",deleted
2025-03-11T12:55:04.154Z,793579,prishnee.bissessur1@gmail.com,164686484,"""__EXR__Not about factors that influence evidence use""",1
2025-03-11T12:55:04.172Z,793579,prishnee.bissessur1@gmail.com,164686484,included,-1
2025-03-11T12:56:39.259Z,793579,prishnee.bissessur1@gmail.com,164687594,note-11179159,1
2025-03-11T12:57:42.350Z,793579,prishnee.bissessur1@gmail.com,164688305,"""__EXR__Not about factors that influence evidence use""",1
2025-03-11T12:57:42.371Z,793579,prishnee.bissessur1@gmail.com,164688305,included,-1
2025-03-11T12:57:51.771Z,793579,prishnee.bissessur1@gmail.com,164688305,included,0
2025-03-11T12:58:01.099Z,793579,prishnee.bissessur1@gmail.com,164688305,included,-1
2025-03-11T12:59:09.128Z,793579,prishnee.bissessur1@gmail.com,164688305,note-11179203,1
2025-03-11T12:59:57.613Z,793579,prishnee.bissessur1@gmail.com,164688305,note-11179203,edited
2025-03-11T13:00:45.854Z,793579,prishnee.bissessur1@gmail.com,164691467,"""__EXR__Not about factors that influence evidence use""",1
2025-03-11T13:00:45.871Z,793579,prishnee.bissessur1@gmail.com,164691467,included,-1
2025-03-11T13:01:07.877Z,793579,prishnee.bissessur1@gmail.com,164691517,"""__EXR__Not about factors that influence evidence use""",1
2025-03-11T13:01:07.904Z,793579,prishnee.bissessur1@gmail.com,164691517,included,-1
2025-03-11T13:01:26.709Z,793579,prishnee.bissessur1@gmail.com,164692716,"""__EXR__Not about factors that influence evidence use""",1
2025-03-11T13:01:26.731Z,793579,prishnee.bissessur1@gmail.com,164692716,included,-1
2025-03-11T13:02:45.659Z,793579,prishnee.bissessur1@gmail.com,164695010,note-11179289,1
2025-03-11T13:07:50.999Z,793579,prishnee.bissessur1@gmail.com,83177472,included,1
2025-03-11T13:08:13.515Z,793579,prishnee.bissessur1@gmail.com,153485983,"""__EXR__Not about Evidence use""",1
2025-03-11T13:08:13.534Z,793579,prishnee.bissessur1@gmail.com,153485983,included,-1
2025-03-11T13:09:45.986Z,793579,prishnee.bissessur1@gmail.com,153486174,"""__EXR__Not about factors that influence evidence use""",1
2025-03-11T13:09:46.008Z,793579,prishnee.bissessur1@gmail.com,153486174,included,-1
2025-03-11T13:09:46.022Z,793579,prishnee.bissessur1@gmail.com,153486174,"""__EXR__Not about Evidence use""",deleted
2025-03-11T13:10:25.588Z,793579,prishnee.bissessur1@gmail.com,153486208,"""__EXR__Not about policy or practice""",1
2025-03-11T13:10:25.602Z,793579,prishnee.bissessur1@gmail.com,153486208,included,-1
2025-03-11T13:12:41.524Z,793579,prishnee.bissessur1@gmail.com,153486292,note-11179555,1
2025-03-11T13:15:16.858Z,793579,prishnee.bissessur1@gmail.com,153486381,"""__EXR__Not about factors that influence evidence use""",1
2025-03-11T13:15:16.882Z,793579,prishnee.bissessur1@gmail.com,153486381,included,-1
2025-03-11T13:15:27.569Z,793579,prishnee.bissessur1@gmail.com,153486659,"""__EXR__Not about factors that influence evidence use""",1
2025-03-11T13:15:27.590Z,793579,prishnee.bissessur1@gmail.com,153486659,included,-1
2025-03-11T13:15:46.044Z,793579,prishnee.bissessur1@gmail.com,153486960,"""__EXR__Not about evidence use""",1
2025-03-11T13:15:46.066Z,793579,prishnee.bissessur1@gmail.com,153486960,included,-1
2025-03-11T13:16:33.391Z,793579,prishnee.bissessur1@gmail.com,153486980,"""__EXR__Not about evidence use""",1
2025-03-11T13:16:33.408Z,793579,prishnee.bissessur1@gmail.com,153486980,included,-1
2025-03-11T13:16:40.491Z,793579,prishnee.bissessur1@gmail.com,153487281,"""__EXR__Not about evidence use""",1
2025-03-11T13:16:40.509Z,793579,prishnee.bissessur1@gmail.com,153487281,included,-1
2025-03-11T13:16:51.544Z,793579,prishnee.bissessur1@gmail.com,153487491,"""__EXR__Not about evidence use""",1
2025-03-11T13:16:51.562Z,793579,prishnee.bissessur1@gmail.com,153487491,included,-1
2025-03-11T13:17:01.865Z,793579,prishnee.bissessur1@gmail.com,153487536,"""__EXR__Not about evidence use""",1
2025-03-11T13:17:01.888Z,793579,prishnee.bissessur1@gmail.com,153487536,included,-1
2025-03-11T13:17:09.738Z,793579,prishnee.bissessur1@gmail.com,153487616,"""__EXR__Not about conservation""",1
2025-03-11T13:17:09.759Z,793579,prishnee.bissessur1@gmail.com,153487616,included,-1
2025-03-11T13:18:10.793Z,793579,prishnee.bissessur1@gmail.com,153487665,"""__EXR__Not about evidence use""",1
2025-03-11T13:18:10.806Z,793579,prishnee.bissessur1@gmail.com,153487665,included,-1
2025-03-11T13:18:30.925Z,793579,prishnee.bissessur1@gmail.com,153487850,"""__EXR__Not about evidence use""",1
2025-03-11T13:18:30.940Z,793579,prishnee.bissessur1@gmail.com,153487850,included,-1
2025-03-11T13:18:49.369Z,793579,prishnee.bissessur1@gmail.com,153488200,"""__EXR__Not about evidence use""",1
2025-03-11T13:18:49.383Z,793579,prishnee.bissessur1@gmail.com,153488200,included,-1
2025-03-11T13:19:23.628Z,793579,prishnee.bissessur1@gmail.com,153488237,"""__EXR__Not about evidence use""",1
2025-03-11T13:19:23.643Z,793579,prishnee.bissessur1@gmail.com,153488237,included,-1
2025-03-11T13:19:39.149Z,793579,prishnee.bissessur1@gmail.com,153488454,"""__EXR__Not about policy or practice""",1
2025-03-11T13:19:39.162Z,793579,prishnee.bissessur1@gmail.com,153488454,included,-1
2025-03-11T13:19:54.013Z,793579,prishnee.bissessur1@gmail.com,153492183,"""__EXR__Not about evidence use""",1
2025-03-11T13:19:54.037Z,793579,prishnee.bissessur1@gmail.com,153492183,included,-1
2025-03-11T13:21:42.787Z,793579,prishnee.bissessur1@gmail.com,153492718,"""__EXR__Not about factors that influence evidence use""",1
2025-03-11T13:21:42.807Z,793579,prishnee.bissessur1@gmail.com,153492718,included,-1
2025-03-11T13:22:19.797Z,793579,prishnee.bissessur1@gmail.com,153492836,"""__EXR__not about conservation""",1
2025-03-11T13:22:19.826Z,793579,prishnee.bissessur1@gmail.com,153492836,included,-1
2025-03-11T13:25:17.480Z,793579,prishnee.bissessur1@gmail.com,153494311,"""__EXR__Not about evidence use""",1
2025-03-11T13:25:17.498Z,793579,prishnee.bissessur1@gmail.com,153494311,included,-1
2025-03-11T13:27:06.134Z,793579,prishnee.bissessur1@gmail.com,153486292,"""__EXR__Not about factors that influence evidence use""",1
2025-03-11T13:27:06.151Z,793579,prishnee.bissessur1@gmail.com,153486292,included,-1
2025-03-11T13:28:57.919Z,793579,prishnee.bissessur1@gmail.com,153493598,"""__EXR__Not about factors that influence evidence use""",1
2025-03-11T13:28:57.934Z,793579,prishnee.bissessur1@gmail.com,153493598,included,-1
2025-03-11T13:32:59.575Z,793579,prishnee.bissessur1@gmail.com,164692036,"""__EXR__Not about evidence use""",1
2025-03-11T13:32:59.596Z,793579,prishnee.bissessur1@gmail.com,164692036,included,-1
2025-03-11T13:33:21.713Z,793579,prishnee.bissessur1@gmail.com,153486206,included,-1
2025-03-11T13:33:45.662Z,793579,prishnee.bissessur1@gmail.com,153487134,"""__EXR__Not about evidence use""",1
2025-03-11T13:33:45.681Z,793579,prishnee.bissessur1@gmail.com,153487134,included,-1
2025-03-11T13:34:02.307Z,793579,prishnee.bissessur1@gmail.com,153486206,"""__EXR__Not about evidence use""",1
2025-03-11T13:34:02.319Z,793579,prishnee.bissessur1@gmail.com,153486206,included,-1
2025-03-11T13:34:18.659Z,793579,prishnee.bissessur1@gmail.com,153487214,"""__EXR__Not about evidence use""",1
2025-03-11T13:34:18.675Z,793579,prishnee.bissessur1@gmail.com,153487214,included,-1
2025-03-11T13:34:18.692Z,793579,prishnee.bissessur1@gmail.com,153487214,"""__EXR__Not about factors that influence evidence use""",1
2025-03-11T13:34:18.705Z,793579,prishnee.bissessur1@gmail.com,153487214,included,-1
2025-03-11T13:35:05.608Z,793579,prishnee.bissessur1@gmail.com,153487562,included,1
2025-03-11T13:35:16.902Z,793579,prishnee.bissessur1@gmail.com,153487567,"""__EXR__Not about evidence use""",1
2025-03-11T13:35:16.923Z,793579,prishnee.bissessur1@gmail.com,153487567,included,-1
2025-03-11T13:35:16.937Z,793579,prishnee.bissessur1@gmail.com,153487567,"""__EXR__Not about factors that influence evidence use""",1
2025-03-11T13:35:16.949Z,793579,prishnee.bissessur1@gmail.com,153487567,included,-1
2025-03-11T13:36:29.778Z,793579,prishnee.bissessur1@gmail.com,153487873,"""__EXR__Not about evidence use""",1
2025-03-11T13:36:29.794Z,793579,prishnee.bissessur1@gmail.com,153487873,included,-1
2025-03-11T13:36:44.316Z,793579,prishnee.bissessur1@gmail.com,153488250,"""__EXR__Not about factors that influence evidence use""",1
2025-03-11T13:36:44.331Z,793579,prishnee.bissessur1@gmail.com,153488250,included,-1
2025-03-11T13:37:13.335Z,793579,prishnee.bissessur1@gmail.com,153489254,"""__EXR__Not about evidence use""",1
2025-03-11T13:37:13.349Z,793579,prishnee.bissessur1@gmail.com,153489254,included,-1
2025-03-11T13:37:13.364Z,793579,prishnee.bissessur1@gmail.com,153489254,"""__EXR__Not about factors that influence evidence use""",1
2025-03-11T13:37:13.376Z,793579,prishnee.bissessur1@gmail.com,153489254,included,-1
2025-03-11T13:37:19.738Z,793579,prishnee.bissessur1@gmail.com,153489802,"""__EXR__Not about factors that influence evidence use""",1
2025-03-11T13:37:19.752Z,793579,prishnee.bissessur1@gmail.com,153489802,included,-1
2025-03-11T13:37:33.036Z,793579,prishnee.bissessur1@gmail.com,153490006,"""__EXR__Not about evidence use""",1
2025-03-11T13:37:33.058Z,793579,prishnee.bissessur1@gmail.com,153490006,included,-1
2025-03-11T13:37:33.070Z,793579,prishnee.bissessur1@gmail.com,153490006,"""__EXR__Not about factors that influence evidence use""",1
2025-03-11T13:37:33.079Z,793579,prishnee.bissessur1@gmail.com,153490006,included,-1
2025-03-11T13:37:43.619Z,793579,prishnee.bissessur1@gmail.com,153490098,"""__EXR__Not about evidence use""",1
2025-03-11T13:37:43.637Z,793579,prishnee.bissessur1@gmail.com,153490098,included,-1
2025-03-11T13:37:43.653Z,793579,prishnee.bissessur1@gmail.com,153490098,"""__EXR__Not about factors that influence evidence use""",1
2025-03-11T13:37:43.668Z,793579,prishnee.bissessur1@gmail.com,153490098,included,-1
2025-03-11T13:37:54.384Z,793579,prishnee.bissessur1@gmail.com,153490586,"""__EXR__Not about factors that influence evidence use""",1
2025-03-11T13:37:54.402Z,793579,prishnee.bissessur1@gmail.com,153490586,included,-1
2025-03-11T13:37:54.418Z,793579,prishnee.bissessur1@gmail.com,153490586,"""__EXR__Not about evidence use""",1
2025-03-11T13:37:54.430Z,793579,prishnee.bissessur1@gmail.com,153490586,included,-1
2025-03-11T13:38:29.574Z,793579,prishnee.bissessur1@gmail.com,153490661,"""__EXR__Not about Evidence use""",1
2025-03-11T13:38:29.589Z,793579,prishnee.bissessur1@gmail.com,153490661,included,-1
2025-03-11T13:38:29.604Z,793579,prishnee.bissessur1@gmail.com,153490661,"""__EXR__not about conservation""",deleted
2025-03-11T13:38:48.503Z,793579,prishnee.bissessur1@gmail.com,153490770,included,1
2025-03-11T13:39:09.689Z,793579,prishnee.bissessur1@gmail.com,153491138,"""__EXR__Not about factors that influence evidence use""",1
2025-03-11T13:39:09.703Z,793579,prishnee.bissessur1@gmail.com,153491138,included,-1
2025-03-11T13:39:25.461Z,793579,prishnee.bissessur1@gmail.com,153491345,"""__EXR__Not about factors that influence evidence use""",1
2025-03-11T13:39:25.478Z,793579,prishnee.bissessur1@gmail.com,153491345,included,-1
2025-03-11T13:39:38.817Z,793579,prishnee.bissessur1@gmail.com,153491473,"""__EXR__Not about evidence use""",1
2025-03-11T13:39:38.835Z,793579,prishnee.bissessur1@gmail.com,153491473,included,-1
2025-03-11T13:39:38.848Z,793579,prishnee.bissessur1@gmail.com,153491473,"""__EXR__Not about factors that influence evidence use""",1
2025-03-11T13:39:38.857Z,793579,prishnee.bissessur1@gmail.com,153491473,included,-1
2025-03-11T13:39:48.255Z,793579,prishnee.bissessur1@gmail.com,153491525,"""__EXR__Not about evidence use""",1
2025-03-11T13:39:48.274Z,793579,prishnee.bissessur1@gmail.com,153491525,included,-1
2025-03-11T13:39:59.507Z,793579,prishnee.bissessur1@gmail.com,153491833,"""__EXR__Not about factors that influence evidence use""",1
2025-03-11T13:39:59.523Z,793579,prishnee.bissessur1@gmail.com,153491833,included,-1
2025-03-11T13:39:59.533Z,793579,prishnee.bissessur1@gmail.com,153491833,"""__EXR__Not about Evidence use""",1
2025-03-11T13:39:59.541Z,793579,prishnee.bissessur1@gmail.com,153491833,included,-1
2025-03-11T13:40:14.296Z,793579,prishnee.bissessur1@gmail.com,153492251,"""__EXR__Not about factors that influence evidence use""",1
2025-03-11T13:40:14.312Z,793579,prishnee.bissessur1@gmail.com,153492251,included,-1
2025-03-11T13:40:22.343Z,793579,prishnee.bissessur1@gmail.com,153492722,"""__EXR__Not about factors that influence evidence use""",1
2025-03-11T13:40:22.362Z,793579,prishnee.bissessur1@gmail.com,153492722,included,-1
2025-03-11T13:40:36.885Z,793579,prishnee.bissessur1@gmail.com,153493857,"""__EXR__Not about factors that influence evidence use""",1
2025-03-11T13:40:36.909Z,793579,prishnee.bissessur1@gmail.com,153493857,included,-1
2025-03-11T13:40:43.916Z,793579,prishnee.bissessur1@gmail.com,153494073,"""__EXR__Not about factors that influence evidence use""",1
2025-03-11T13:40:43.934Z,793579,prishnee.bissessur1@gmail.com,153494073,included,-1
2025-03-11T13:42:07.805Z,793579,prishnee.bissessur1@gmail.com,153494425,"""__EXR__Not about factors that influence evidence use""",1
2025-03-11T13:42:07.824Z,793579,prishnee.bissessur1@gmail.com,153494425,included,-1
2025-03-11T13:42:14.070Z,793579,prishnee.bissessur1@gmail.com,153494778,"""__EXR__Not about factors that influence evidence use""",1
2025-03-11T13:42:14.087Z,793579,prishnee.bissessur1@gmail.com,153494778,included,-1
2025-03-11T13:42:28.920Z,793579,prishnee.bissessur1@gmail.com,153494852,"""__EXR__Not about conservation""",1
2025-03-11T13:42:28.935Z,793579,prishnee.bissessur1@gmail.com,153494852,included,-1
2025-03-11T13:43:29.507Z,793579,prishnee.bissessur1@gmail.com,153495996,included,1
2025-03-11T13:43:49.968Z,793579,prishnee.bissessur1@gmail.com,153496660,"""__EXR__Not about conservation""",1
2025-03-11T13:43:49.984Z,793579,prishnee.bissessur1@gmail.com,153496660,included,-1
2025-03-11T13:44:05.320Z,793579,prishnee.bissessur1@gmail.com,153498018,"""__EXR__Not about factors that influence evidence use""",1
2025-03-11T13:44:05.337Z,793579,prishnee.bissessur1@gmail.com,153498018,included,-1
2025-03-11T13:44:15.717Z,793579,prishnee.bissessur1@gmail.com,153498981,"""__EXR__Not about factors that influence evidence use""",1
2025-03-11T13:44:15.735Z,793579,prishnee.bissessur1@gmail.com,153498981,included,-1
2025-03-11T13:44:33.502Z,793579,prishnee.bissessur1@gmail.com,164684690,"""__EXR__Not about evidence use""",1
2025-03-11T13:44:33.516Z,793579,prishnee.bissessur1@gmail.com,164684690,included,-1
2025-03-11T13:44:33.531Z,793579,prishnee.bissessur1@gmail.com,164684690,"""__EXR__Not about factors that influence evidence use""",1
2025-03-11T13:44:33.546Z,793579,prishnee.bissessur1@gmail.com,164684690,included,-1
2025-03-11T13:44:47.093Z,793579,prishnee.bissessur1@gmail.com,164686571,"""__EXR__Not about factors that influence evidence use""",1
2025-03-11T13:44:47.108Z,793579,prishnee.bissessur1@gmail.com,164686571,included,-1
2025-03-11T13:45:06.840Z,793579,prishnee.bissessur1@gmail.com,164686573,"""__EXR__Not about evidence use""",1
2025-03-11T13:45:06.857Z,793579,prishnee.bissessur1@gmail.com,164686573,included,-1
2025-03-11T13:45:06.872Z,793579,prishnee.bissessur1@gmail.com,164686573,"""__EXR__Not about factors that influence evidence use""",1
2025-03-11T13:45:06.895Z,793579,prishnee.bissessur1@gmail.com,164686573,included,-1
2025-03-11T13:45:57.088Z,793579,prishnee.bissessur1@gmail.com,164686977,included,1
2025-03-11T13:46:52.731Z,793579,prishnee.bissessur1@gmail.com,164687602,"""__EXR__Not about evidence use""",1
2025-03-11T13:46:52.747Z,793579,prishnee.bissessur1@gmail.com,164687602,included,-1
2025-03-11T13:47:05.884Z,793579,prishnee.bissessur1@gmail.com,164687621,"""__EXR__Not about evidence use""",1
2025-03-11T13:47:05.902Z,793579,prishnee.bissessur1@gmail.com,164687621,included,-1
2025-03-11T13:47:22.533Z,793579,prishnee.bissessur1@gmail.com,164687728,"""__EXR__Not about evidence use""",1
2025-03-11T13:47:22.549Z,793579,prishnee.bissessur1@gmail.com,164687728,included,-1
2025-03-11T13:47:37.146Z,793579,prishnee.bissessur1@gmail.com,164688555,"""__EXR__Not about evidence use""",1
2025-03-11T13:47:37.162Z,793579,prishnee.bissessur1@gmail.com,164688555,included,-1
2025-03-11T13:47:49.458Z,793579,prishnee.bissessur1@gmail.com,164688731,"""__EXR__Not about factors that influence evidence use""",1
2025-03-11T13:47:49.476Z,793579,prishnee.bissessur1@gmail.com,164688731,included,-1
2025-03-11T13:48:12.348Z,793579,prishnee.bissessur1@gmail.com,164691053,"""__EXR__Not about factors that influence evidence use""",1
2025-03-11T13:48:12.379Z,793579,prishnee.bissessur1@gmail.com,164691053,included,-1
2025-03-11T13:48:20.674Z,793579,prishnee.bissessur1@gmail.com,164691712,"""__EXR__Not about evidence use""",1
2025-03-11T13:48:20.691Z,793579,prishnee.bissessur1@gmail.com,164691712,included,-1
2025-03-11T13:48:33.188Z,793579,prishnee.bissessur1@gmail.com,164692437,"""__EXR__Not about evidence use""",1
2025-03-11T13:48:33.202Z,793579,prishnee.bissessur1@gmail.com,164692437,included,-1
2025-03-11T13:48:51.224Z,793579,prishnee.bissessur1@gmail.com,164692867,"""__EXR__Not about conservation""",1
2025-03-11T13:48:51.242Z,793579,prishnee.bissessur1@gmail.com,164692867,included,-1
2025-03-11T13:49:32.549Z,793579,prishnee.bissessur1@gmail.com,164694930,"""__EXR__Not about evidence use""",1
2025-03-11T13:49:32.568Z,793579,prishnee.bissessur1@gmail.com,164694930,included,-1
2025-03-11T13:55:18.294Z,793579,prishnee.bissessur1@gmail.com,153488553,"""__EXR__Not about factors that influence evidence use""",1
2025-03-11T13:55:18.309Z,793579,prishnee.bissessur1@gmail.com,153488553,included,-1
2025-03-11T13:55:18.325Z,793579,prishnee.bissessur1@gmail.com,153488553,"""__EXR__Not about evidence use""",1
2025-03-11T13:55:18.336Z,793579,prishnee.bissessur1@gmail.com,153488553,included,-1
2025-03-11T13:57:15.789Z,793579,prishnee.bissessur1@gmail.com,153494561,"""__EXR__Not about evidence use""",1
2025-03-11T13:57:15.807Z,793579,prishnee.bissessur1@gmail.com,153494561,included,-1
2025-03-11T13:57:15.820Z,793579,prishnee.bissessur1@gmail.com,153494561,"""__EXR__Not about factors that influence evidence use""",1
2025-03-11T13:57:15.830Z,793579,prishnee.bissessur1@gmail.com,153494561,included,-1
2025-03-11T13:58:49.037Z,793579,prishnee.bissessur1@gmail.com,164683841,"""__EXR__Not about evidence use""",1
2025-03-11T13:58:49.053Z,793579,prishnee.bissessur1@gmail.com,164683841,included,-1
2025-03-11T13:58:49.069Z,793579,prishnee.bissessur1@gmail.com,164683841,"""__EXR__Not about factors that influence evidence use""",1
2025-03-11T13:58:49.078Z,793579,prishnee.bissessur1@gmail.com,164683841,included,-1
2025-03-11T13:59:55.093Z,793579,prishnee.bissessur1@gmail.com,164684316,"""__EXR__Not about Evidence use""",1
2025-03-11T13:59:55.114Z,793579,prishnee.bissessur1@gmail.com,164684316,included,-1
2025-03-11T13:59:55.128Z,793579,prishnee.bissessur1@gmail.com,164684316,"""__EXR__Not about factors that influence evidence use""",1
2025-03-11T13:59:55.138Z,793579,prishnee.bissessur1@gmail.com,164684316,included,-1
2025-03-11T16:41:36.796Z,448594,phil.martin.research@gmail.com,164695010,included,-1
2025-03-11T16:42:20.194Z,448594,phil.martin.research@gmail.com,153487562,"""__EXR__Not about Evidence use""",1
2025-03-11T16:42:20.217Z,448594,phil.martin.research@gmail.com,153487562,included,-1
2025-03-11T16:43:09.694Z,448594,phil.martin.research@gmail.com,153488504,"""__EXR__Not about Evidence use""",1
2025-03-11T16:43:09.717Z,448594,phil.martin.research@gmail.com,153488504,included,-1
2025-03-11T16:44:22.940Z,448594,phil.martin.research@gmail.com,153489467,"""__EXR__Not about factors that influence evidence use""",1
2025-03-11T16:44:22.969Z,448594,phil.martin.research@gmail.com,153489467,included,-1
2025-03-11T16:46:11.486Z,448594,phil.martin.research@gmail.com,153489512,"""__EXR__Not about factors that influence evidence use""",1
2025-03-11T16:46:11.510Z,448594,phil.martin.research@gmail.com,153489512,included,-1
2025-03-11T16:48:42.154Z,448594,phil.martin.research@gmail.com,153489720,"""__EXR__Not about Evidence use""",1
2025-03-11T16:48:42.193Z,448594,phil.martin.research@gmail.com,153489720,included,-1
2025-03-11T16:49:38.895Z,448594,phil.martin.research@gmail.com,153489731,included,1
2025-03-11T16:51:21.136Z,448594,phil.martin.research@gmail.com,153490031,"""__EXR__Not about Evidence use""",1
2025-03-11T16:51:21.155Z,448594,phil.martin.research@gmail.com,153490031,included,-1
2025-03-11T16:51:53.968Z,448594,phil.martin.research@gmail.com,153490176,"""__EXR__Not about Evidence use""",1
2025-03-11T16:51:53.985Z,448594,phil.martin.research@gmail.com,153490176,included,-1
2025-03-11T16:52:45.923Z,448594,phil.martin.research@gmail.com,153490759,"""__EXR__Not about Evidence use""",1
2025-03-11T16:52:45.942Z,448594,phil.martin.research@gmail.com,153490759,included,-1
2025-03-11T16:53:19.464Z,448594,phil.martin.research@gmail.com,153490770,"""__EXR__Not about Evidence use""",1
2025-03-11T16:53:19.481Z,448594,phil.martin.research@gmail.com,153490770,included,-1
2025-03-11T16:54:38.162Z,448594,phil.martin.research@gmail.com,153490925,"""__EXR__Not about Evidence use""",1
2025-03-11T16:54:38.181Z,448594,phil.martin.research@gmail.com,153490925,included,-1
2025-03-11T16:55:41.524Z,448594,phil.martin.research@gmail.com,153491229,"""__EXR__Not about Evidence use""",1
2025-03-11T16:55:41.542Z,448594,phil.martin.research@gmail.com,153491229,included,-1
2025-03-11T16:56:19.169Z,448594,phil.martin.research@gmail.com,153491982,"""__EXR__Not about Evidence use""",1
2025-03-11T16:56:19.185Z,448594,phil.martin.research@gmail.com,153491982,included,-1
2025-03-11T16:57:14.467Z,448594,phil.martin.research@gmail.com,153494809,"""__EXR__Not about Evidence use""",1
2025-03-11T16:57:14.487Z,448594,phil.martin.research@gmail.com,153494809,included,-1
2025-03-11T16:57:55.539Z,448594,phil.martin.research@gmail.com,153494856,"""__EXR__Not about Evidence use""",1
2025-03-11T16:57:55.562Z,448594,phil.martin.research@gmail.com,153494856,included,-1
2025-03-11T16:58:25.791Z,448594,phil.martin.research@gmail.com,153495996,"""__EXR__Not about Evidence use""",1
2025-03-11T16:58:25.813Z,448594,phil.martin.research@gmail.com,153495996,included,-1
2025-03-11T20:15:39.252Z,793583,elina.takola@ufz.de,164685682,included,-1
2025-03-13T16:32:40.871Z,809822,tltk2@cam.ac.uk,153485370,included,-1
2025-03-13T16:32:53.668Z,809822,tltk2@cam.ac.uk,153485370,included,-1
2025-03-13T16:32:59.686Z,809822,tltk2@cam.ac.uk,153485370,"""__EXR__Not about Evidence use""",deleted
2025-03-13T17:11:31.035Z,809822,tltk2@cam.ac.uk,153486904,included,-1
2025-03-13T17:12:05.996Z,809822,tltk2@cam.ac.uk,153487148,included,-1
2025-03-13T17:29:22.147Z,809822,tltk2@cam.ac.uk,153487317,included,-1
2025-03-13T17:50:41.779Z,809822,tltk2@cam.ac.uk,153489059,included,-1
2025-03-13T17:50:55.509Z,809822,tltk2@cam.ac.uk,153489520,included,-1
2025-03-13T17:51:21.796Z,809822,tltk2@cam.ac.uk,153489962,included,-1
2025-03-13T17:52:10.928Z,809822,tltk2@cam.ac.uk,153490003,included,-1
2025-03-13T17:52:19.118Z,809822,tltk2@cam.ac.uk,153490669,included,-1
2025-03-13T17:52:47.738Z,809822,tltk2@cam.ac.uk,153490972,included,-1
2025-03-13T17:53:49.875Z,809822,tltk2@cam.ac.uk,153491122,included,-1
2025-03-13T17:54:25.619Z,809822,tltk2@cam.ac.uk,153491138,included,-1
2025-03-13T17:54:58.798Z,809822,tltk2@cam.ac.uk,153492183,"""__EXR__Not about evidence use""",deleted
2025-03-13T17:55:14.300Z,809822,tltk2@cam.ac.uk,153492183,included,-1
2025-03-13T17:55:17.347Z,809822,tltk2@cam.ac.uk,153492348,included,-1
2025-03-13T17:55:19.785Z,809822,tltk2@cam.ac.uk,153492710,included,-1
2025-03-13T17:56:03.158Z,809822,tltk2@cam.ac.uk,153492718,included,-1
2025-03-13T17:56:40.753Z,809822,tltk2@cam.ac.uk,153492836,included,-1
2025-03-13T17:57:05.751Z,809822,tltk2@cam.ac.uk,153492951,included,-1
2025-03-13T17:57:28.239Z,809822,tltk2@cam.ac.uk,153493700,included,-1
2025-03-13T17:57:46.247Z,809822,tltk2@cam.ac.uk,153493780,included,-1
2025-03-13T17:57:55.405Z,809822,tltk2@cam.ac.uk,153493794,included,-1
2025-03-13T17:58:00.198Z,809822,tltk2@cam.ac.uk,153493854,included,-1
2025-03-13T17:58:08.107Z,809822,tltk2@cam.ac.uk,153494188,included,-1
2025-03-13T17:59:01.289Z,809822,tltk2@cam.ac.uk,153494850,included,-1
2025-03-13T17:59:18.520Z,809822,tltk2@cam.ac.uk,153494873,included,-1
2025-03-13T17:59:32.719Z,809822,tltk2@cam.ac.uk,153494893,included,-1
2025-03-13T17:59:34.271Z,809822,tltk2@cam.ac.uk,153495050,included,-1
2025-03-13T18:00:01.756Z,809822,tltk2@cam.ac.uk,153495442,"""__EXR__Not about Evidence use""",1
2025-03-13T18:00:01.775Z,809822,tltk2@cam.ac.uk,153495442,included,-1
2025-03-13T18:00:17.098Z,809822,tltk2@cam.ac.uk,153495454,included,-1
2025-03-13T18:00:44.418Z,809822,tltk2@cam.ac.uk,153496315,included,-1
2025-03-13T18:00:52.245Z,809822,tltk2@cam.ac.uk,153496479,included,-1
2025-03-13T18:01:14.006Z,809822,tltk2@cam.ac.uk,153496909,included,-1
2025-03-13T18:01:37.889Z,809822,tltk2@cam.ac.uk,153497006,included,-1
2025-03-13T18:01:55.063Z,809822,tltk2@cam.ac.uk,153497104,included,-1
2025-03-13T18:02:00.054Z,809822,tltk2@cam.ac.uk,153498051,included,-1
2025-03-13T18:02:26.573Z,809822,tltk2@cam.ac.uk,153498182,included,-1
2025-03-13T18:02:56.520Z,809822,tltk2@cam.ac.uk,153498401,"""__EXR__Not about Evidence use""",1
2025-03-13T18:02:56.539Z,809822,tltk2@cam.ac.uk,153498401,included,-1
2025-03-13T18:03:12.593Z,809822,tltk2@cam.ac.uk,153498419,included,-1
2025-03-13T18:03:28.169Z,809822,tltk2@cam.ac.uk,153498648,included,-1
2025-03-13T18:03:51.547Z,809822,tltk2@cam.ac.uk,153499084,included,-1
2025-03-13T18:04:14.833Z,809822,tltk2@cam.ac.uk,153499228,included,-1
2025-03-13T18:04:35.667Z,809822,tltk2@cam.ac.uk,164686873,included,-1
2025-03-13T18:04:47.067Z,809822,tltk2@cam.ac.uk,164686873,"""__EXR__Not about conservation""",1
2025-03-13T18:04:47.083Z,809822,tltk2@cam.ac.uk,164686873,included,-1
2025-03-13T18:05:21.727Z,809822,tltk2@cam.ac.uk,164687334,included,-1
2025-03-13T18:05:58.618Z,809822,tltk2@cam.ac.uk,164687687,included,-1
2025-03-13T18:06:17.894Z,809822,tltk2@cam.ac.uk,164688076,included,-1
2025-03-13T18:07:08.335Z,809822,tltk2@cam.ac.uk,164691425,included,-1
2025-03-13T18:07:37.302Z,809822,tltk2@cam.ac.uk,164691517,included,-1
2025-03-13T18:07:52.201Z,809822,tltk2@cam.ac.uk,164691534,included,-1
2025-03-13T18:08:44.603Z,809822,tltk2@cam.ac.uk,164692036,included,-1
2025-03-13T18:09:29.341Z,809822,tltk2@cam.ac.uk,164692867,included,-1
2025-03-14T09:11:20.364Z,448594,phil.martin.research@gmail.com,153485345,"""__EXR__Not about conservation""",1
2025-03-14T09:11:20.374Z,448594,phil.martin.research@gmail.com,153485345,included,-1
2025-03-14T09:11:40.206Z,448594,phil.martin.research@gmail.com,153485370,"""__EXR__Not about conservation""",1
2025-03-14T09:11:40.218Z,448594,phil.martin.research@gmail.com,153485370,included,-1
2025-03-14T09:13:14.048Z,448594,phil.martin.research@gmail.com,153485823,"""__EXR__Not about conservation""",1
2025-03-14T09:13:14.061Z,448594,phil.martin.research@gmail.com,153485823,included,-1
2025-03-14T09:28:31.796Z,448594,phil.martin.research@gmail.com,153486012,"""__EXR__Not about Evidence use""",1
2025-03-14T09:28:31.808Z,448594,phil.martin.research@gmail.com,153486012,included,-1
2025-03-14T09:42:28.248Z,448594,phil.martin.research@gmail.com,153486904,"""__EXR__Not about conservation""",1
2025-03-14T09:42:28.263Z,448594,phil.martin.research@gmail.com,153486904,included,-1
2025-03-14T09:42:31.791Z,448594,phil.martin.research@gmail.com,153487148,"""__EXR__Not about conservation""",1
2025-03-14T09:42:31.806Z,448594,phil.martin.research@gmail.com,153487148,included,-1
2025-03-14T11:01:58.338Z,448594,phil.martin.research@gmail.com,153485328,"""__EXR__Not about conservation""",1
2025-03-14T11:01:58.377Z,448594,phil.martin.research@gmail.com,153485328,included,-1
2025-03-14T11:02:11.021Z,448594,phil.martin.research@gmail.com,153485352,"""__EXR__Not about Evidence use""",1
2025-03-14T11:02:11.040Z,448594,phil.martin.research@gmail.com,153485352,included,-1
2025-03-14T11:02:15.738Z,448594,phil.martin.research@gmail.com,153485383,"""__EXR__Not about Evidence use""",1
2025-03-14T11:02:15.758Z,448594,phil.martin.research@gmail.com,153485383,included,-1
2025-03-14T11:03:04.599Z,448594,phil.martin.research@gmail.com,153485502,"""__EXR__Not about conservation""",1
2025-03-14T11:03:04.621Z,448594,phil.martin.research@gmail.com,153485502,included,-1
2025-03-14T11:03:45.715Z,448594,phil.martin.research@gmail.com,153485563,"""__EXR__Not about Evidence use""",1
2025-03-14T11:03:45.731Z,448594,phil.martin.research@gmail.com,153485563,included,-1
2025-03-14T11:04:01.045Z,448594,phil.martin.research@gmail.com,153485586,"""__EXR__Not about conservation""",1
2025-03-14T11:04:01.059Z,448594,phil.martin.research@gmail.com,153485586,included,-1
2025-03-14T11:04:07.100Z,448594,phil.martin.research@gmail.com,153485688,"""__EXR__Not about conservation""",1
2025-03-14T11:04:07.129Z,448594,phil.martin.research@gmail.com,153485688,included,-1
2025-03-14T11:04:20.503Z,448594,phil.martin.research@gmail.com,153485698,"""__EXR__Not about conservation""",1
2025-03-14T11:04:20.524Z,448594,phil.martin.research@gmail.com,153485698,included,-1
2025-03-14T11:04:24.598Z,448594,phil.martin.research@gmail.com,153485765,"""__EXR__Not about conservation""",1
2025-03-14T11:04:24.616Z,448594,phil.martin.research@gmail.com,153485765,included,-1
2025-03-14T11:04:36.282Z,448594,phil.martin.research@gmail.com,153485783,"""__EXR__Not about Evidence use""",1
2025-03-14T11:04:36.296Z,448594,phil.martin.research@gmail.com,153485783,included,-1
2025-03-14T11:04:45.266Z,448594,phil.martin.research@gmail.com,153485798,"""__EXR__Not about conservation""",1
2025-03-14T11:04:45.282Z,448594,phil.martin.research@gmail.com,153485798,included,-1
2025-03-14T11:05:00.616Z,448594,phil.martin.research@gmail.com,153485854,"""__EXR__Not about conservation""",1
2025-03-14T11:05:00.633Z,448594,phil.martin.research@gmail.com,153485854,included,-1
2025-03-14T11:05:21.993Z,448594,phil.martin.research@gmail.com,153485888,"""__EXR__Not about conservation""",1
2025-03-14T11:05:22.011Z,448594,phil.martin.research@gmail.com,153485888,included,-1
2025-03-14T11:06:29.209Z,448594,phil.martin.research@gmail.com,153485991,"""__EXR__Not about Evidence use""",1
2025-03-14T11:06:29.227Z,448594,phil.martin.research@gmail.com,153485991,included,-1
2025-03-14T11:41:29.995Z,448594,phil.martin.research@gmail.com,153486030,"""__EXR__Not about conservation""",1
2025-03-14T11:41:30.096Z,448594,phil.martin.research@gmail.com,153486030,included,-1
2025-03-14T11:41:52.948Z,448594,phil.martin.research@gmail.com,153486058,"""__EXR__Not about conservation""",1
2025-03-14T11:41:52.972Z,448594,phil.martin.research@gmail.com,153486058,included,-1
2025-03-14T11:42:50.616Z,448594,phil.martin.research@gmail.com,153486129,"""__EXR__Not about Evidence use""",1
2025-03-14T11:42:50.635Z,448594,phil.martin.research@gmail.com,153486129,included,-1
2025-03-14T11:43:32.874Z,448594,phil.martin.research@gmail.com,153486206,"""__EXR__Not about conservation""",1
2025-03-14T11:43:32.893Z,448594,phil.martin.research@gmail.com,153486206,included,-1
2025-03-14T11:43:38.756Z,448594,phil.martin.research@gmail.com,153486269,"""__EXR__Not about conservation""",1
2025-03-14T11:43:38.776Z,448594,phil.martin.research@gmail.com,153486269,included,-1
2025-03-14T11:43:47.188Z,448594,phil.martin.research@gmail.com,153486277,"""__EXR__Not about conservation""",1
2025-03-14T11:43:47.205Z,448594,phil.martin.research@gmail.com,153486277,included,-1
2025-03-14T11:44:14.468Z,448594,phil.martin.research@gmail.com,153487427,"""__EXR__Not about conservation""",1
2025-03-14T11:44:14.483Z,448594,phil.martin.research@gmail.com,153487427,included,-1
2025-03-14T11:44:56.669Z,448594,phil.martin.research@gmail.com,153487567,"""__EXR__Not about Evidence use""",1
2025-03-14T11:44:56.687Z,448594,phil.martin.research@gmail.com,153487567,included,-1
2025-03-14T11:45:00.495Z,448594,phil.martin.research@gmail.com,153487600,"""__EXR__Not about conservation""",1
2025-03-14T11:45:00.580Z,448594,phil.martin.research@gmail.com,153487600,included,-1
2025-03-14T11:45:12.479Z,448594,phil.martin.research@gmail.com,153487757,"""__EXR__Not about Evidence use""",1
2025-03-14T11:45:12.494Z,448594,phil.martin.research@gmail.com,153487757,included,-1
2025-03-14T11:45:53.358Z,448594,phil.martin.research@gmail.com,153487794,"""__EXR__Not about conservation""",1
2025-03-14T11:45:53.378Z,448594,phil.martin.research@gmail.com,153487794,included,-1
2025-03-14T11:46:03.892Z,448594,phil.martin.research@gmail.com,153487842,"""__EXR__Not about Evidence use""",1
2025-03-14T11:46:03.908Z,448594,phil.martin.research@gmail.com,153487842,included,-1
2025-03-14T11:47:08.911Z,448594,phil.martin.research@gmail.com,153487873,"""__EXR__Not about Evidence use""",1
2025-03-14T11:47:08.928Z,448594,phil.martin.research@gmail.com,153487873,included,-1
2025-03-14T11:47:48.081Z,448594,phil.martin.research@gmail.com,153487940,"""__EXR__Not about conservation""",1
2025-03-14T11:47:48.099Z,448594,phil.martin.research@gmail.com,153487940,included,-1
2025-03-14T11:47:53.669Z,448594,phil.martin.research@gmail.com,153487974,"""__EXR__Not about conservation""",1
2025-03-14T11:47:53.685Z,448594,phil.martin.research@gmail.com,153487974,included,-1
2025-03-14T11:47:55.746Z,448594,phil.martin.research@gmail.com,153488028,"""__EXR__Not about conservation""",1
2025-03-14T11:47:55.766Z,448594,phil.martin.research@gmail.com,153488028,included,-1
2025-03-14T11:48:13.135Z,448594,phil.martin.research@gmail.com,153488077,"""__EXR__Not about Evidence use""",1
2025-03-14T11:48:13.153Z,448594,phil.martin.research@gmail.com,153488077,included,-1
2025-03-14T11:49:50.158Z,448594,phil.martin.research@gmail.com,153488192,"""__EXR__Not about conservation""",1
2025-03-14T11:49:50.176Z,448594,phil.martin.research@gmail.com,153488192,included,-1
2025-03-14T11:50:13.780Z,448594,phil.martin.research@gmail.com,153488250,"""__EXR__Not about Evidence use""",1
2025-03-14T11:50:13.797Z,448594,phil.martin.research@gmail.com,153488250,included,-1
2025-03-14T11:50:36.148Z,448594,phil.martin.research@gmail.com,153488277,"""__EXR__Not about Evidence use""",1
2025-03-14T11:50:36.161Z,448594,phil.martin.research@gmail.com,153488277,included,-1
2025-03-14T11:50:44.441Z,448594,phil.martin.research@gmail.com,153488280,"""__EXR__Not about Evidence use""",1
2025-03-14T11:50:44.455Z,448594,phil.martin.research@gmail.com,153488280,included,-1
2025-03-14T11:51:15.775Z,448594,phil.martin.research@gmail.com,153488405,"""__EXR__Not about conservation""",1
2025-03-14T11:51:15.792Z,448594,phil.martin.research@gmail.com,153488405,included,-1
2025-03-14T11:51:22.495Z,448594,phil.martin.research@gmail.com,153488432,"""__EXR__Not about conservation""",1
2025-03-14T11:51:22.509Z,448594,phil.martin.research@gmail.com,153488432,included,-1
2025-03-14T11:51:53.434Z,448594,phil.martin.research@gmail.com,153488553,"""__EXR__Not about conservation""",1
2025-03-14T11:51:53.449Z,448594,phil.martin.research@gmail.com,153488553,included,-1
2025-03-14T11:52:15.060Z,448594,phil.martin.research@gmail.com,153488585,"""__EXR__Not about Evidence use""",1
2025-03-14T11:52:15.077Z,448594,phil.martin.research@gmail.com,153488585,included,-1
2025-03-14T11:54:33.869Z,448594,phil.martin.research@gmail.com,153488591,"""__EXR__Not about conservation""",1
2025-03-14T11:54:33.890Z,448594,phil.martin.research@gmail.com,153488591,included,-1
2025-03-14T11:54:50.950Z,448594,phil.martin.research@gmail.com,153488641,"""__EXR__Not about Evidence use""",1
2025-03-14T11:54:50.966Z,448594,phil.martin.research@gmail.com,153488641,included,-1
2025-03-14T11:57:32.628Z,448594,phil.martin.research@gmail.com,153488645,"""__EXR__Not about conservation""",1
2025-03-14T11:57:32.646Z,448594,phil.martin.research@gmail.com,153488645,included,-1
2025-03-14T11:57:37.814Z,448594,phil.martin.research@gmail.com,153488658,"""__EXR__Not about conservation""",1
2025-03-14T11:57:37.833Z,448594,phil.martin.research@gmail.com,153488658,included,-1
2025-03-14T11:57:46.430Z,448594,phil.martin.research@gmail.com,153488821,"""__EXR__Not about Evidence use""",1
2025-03-14T11:57:46.445Z,448594,phil.martin.research@gmail.com,153488821,included,-1
2025-03-14T11:57:52.310Z,448594,phil.martin.research@gmail.com,153488827,"""__EXR__Not about conservation""",1
2025-03-14T11:57:52.324Z,448594,phil.martin.research@gmail.com,153488827,included,-1
2025-03-14T11:58:16.180Z,448594,phil.martin.research@gmail.com,153488865,"""__EXR__Not about Evidence use""",1
2025-03-14T11:58:16.196Z,448594,phil.martin.research@gmail.com,153488865,included,-1
2025-03-14T11:58:43.612Z,448594,phil.martin.research@gmail.com,153488899,"""__EXR__Not about conservation""",1
2025-03-14T11:58:43.626Z,448594,phil.martin.research@gmail.com,153488899,included,-1
2025-03-14T11:58:59.708Z,448594,phil.martin.research@gmail.com,153488911,"""__EXR__Not about conservation""",1
2025-03-14T11:58:59.721Z,448594,phil.martin.research@gmail.com,153488911,included,-1
2025-03-14T11:59:24.903Z,448594,phil.martin.research@gmail.com,153488942,"""__EXR__Not about conservation""",1
2025-03-14T11:59:24.916Z,448594,phil.martin.research@gmail.com,153488942,included,-1
2025-03-14T12:00:29.097Z,448594,phil.martin.research@gmail.com,153488960,"""__EXR__Not about conservation""",1
2025-03-14T12:00:29.110Z,448594,phil.martin.research@gmail.com,153488960,included,-1
2025-03-14T12:00:38.793Z,448594,phil.martin.research@gmail.com,153488978,"""__EXR__Not about conservation""",1
2025-03-14T12:00:38.807Z,448594,phil.martin.research@gmail.com,153488978,included,-1
2025-03-14T12:00:46.777Z,448594,phil.martin.research@gmail.com,153489049,"""__EXR__Not about conservation""",1
2025-03-14T12:00:46.793Z,448594,phil.martin.research@gmail.com,153489049,included,-1
2025-03-14T12:00:55.442Z,448594,phil.martin.research@gmail.com,153489065,"""__EXR__Not about conservation""",1
2025-03-14T12:00:55.457Z,448594,phil.martin.research@gmail.com,153489065,included,-1
2025-03-14T12:01:50.204Z,448594,phil.martin.research@gmail.com,153489109,"""__EXR__Not about Evidence use""",1
2025-03-14T12:01:50.220Z,448594,phil.martin.research@gmail.com,153489109,included,-1
2025-03-14T12:02:06.178Z,448594,phil.martin.research@gmail.com,153489193,"""__EXR__Not about conservation""",1
2025-03-14T12:02:06.193Z,448594,phil.martin.research@gmail.com,153489193,included,-1
2025-03-14T12:02:53.811Z,448594,phil.martin.research@gmail.com,153489205,"""__EXR__Not about conservation""",1
2025-03-14T12:02:53.827Z,448594,phil.martin.research@gmail.com,153489205,included,-1
2025-03-14T12:03:02.536Z,448594,phil.martin.research@gmail.com,153489236,"""__EXR__Not about Evidence use""",1
2025-03-14T12:03:02.575Z,448594,phil.martin.research@gmail.com,153489236,included,-1
2025-03-14T12:03:07.691Z,448594,phil.martin.research@gmail.com,153489254,"""__EXR__Not about Evidence use""",1
2025-03-14T12:03:07.709Z,448594,phil.martin.research@gmail.com,153489254,included,-1
2025-03-14T12:03:16.373Z,448594,phil.martin.research@gmail.com,153489255,"""__EXR__Not about Evidence use""",1
2025-03-14T12:03:16.391Z,448594,phil.martin.research@gmail.com,153489255,included,-1
2025-03-14T12:03:49.033Z,448594,phil.martin.research@gmail.com,153489266,"""__EXR__Not about Evidence use""",1
2025-03-14T12:03:49.055Z,448594,phil.martin.research@gmail.com,153489266,included,-1
2025-03-14T12:04:09.157Z,448594,phil.martin.research@gmail.com,153489288,"""__EXR__Not about Evidence use""",1
2025-03-14T12:04:09.178Z,448594,phil.martin.research@gmail.com,153489288,included,-1
2025-03-14T12:04:25.544Z,448594,phil.martin.research@gmail.com,153489306,"""__EXR__Not about conservation""",1
2025-03-14T12:04:25.563Z,448594,phil.martin.research@gmail.com,153489306,included,-1
2025-03-14T12:52:09.970Z,448594,phil.martin.research@gmail.com,153496709,"""__EXR__Not about Evidence use""",1
2025-03-14T12:52:10.022Z,448594,phil.martin.research@gmail.com,153496709,included,-1
2025-03-14T12:53:07.660Z,448594,phil.martin.research@gmail.com,164683860,"""__EXR__Not about Evidence use""",1
2025-03-14T12:53:07.680Z,448594,phil.martin.research@gmail.com,164683860,included,-1
2025-03-14T12:53:40.769Z,448594,phil.martin.research@gmail.com,164683981,"""__EXR__Not about conservation""",1
2025-03-14T12:53:40.788Z,448594,phil.martin.research@gmail.com,164683981,included,-1
2025-03-14T12:53:49.742Z,448594,phil.martin.research@gmail.com,164683981,"""__EXR__Not about Evidence use""",1
2025-03-14T12:53:49.751Z,448594,phil.martin.research@gmail.com,164683981,included,-1
2025-03-14T12:53:49.765Z,448594,phil.martin.research@gmail.com,164683981,"""__EXR__Not about conservation""",deleted
2025-03-14T12:53:49.775Z,448594,phil.martin.research@gmail.com,164683981,"""__EXR__Not about evidence use""",deleted
2025-03-14T12:55:07.774Z,448594,phil.martin.research@gmail.com,164684084,"""__EXR__Not about factors that influence evidence use""",1
2025-03-14T12:55:07.788Z,448594,phil.martin.research@gmail.com,164684084,included,-1
2025-03-14T12:55:36.164Z,448594,phil.martin.research@gmail.com,164684691,"""__EXR__Not about Evidence use""",1
2025-03-14T12:55:36.186Z,448594,phil.martin.research@gmail.com,164684691,included,-1
2025-03-14T12:56:10.017Z,448594,phil.martin.research@gmail.com,164684751,"""__EXR__Not about Evidence use""",1
2025-03-14T12:56:10.036Z,448594,phil.martin.research@gmail.com,164684751,included,-1
2025-03-14T12:57:14.784Z,448594,phil.martin.research@gmail.com,164684832,"""__EXR__Not about Evidence use""",1
2025-03-14T12:57:14.804Z,448594,phil.martin.research@gmail.com,164684832,included,-1
2025-03-14T12:58:14.449Z,448594,phil.martin.research@gmail.com,164684999,"""__EXR__Not about Evidence use""",1
2025-03-14T12:58:14.468Z,448594,phil.martin.research@gmail.com,164684999,included,-1
2025-03-14T12:58:28.548Z,448594,phil.martin.research@gmail.com,164685134,"""__EXR__Not about Evidence use""",1
2025-03-14T12:58:28.569Z,448594,phil.martin.research@gmail.com,164685134,included,-1
2025-03-14T13:17:31.503Z,448594,phil.martin.research@gmail.com,164685326,included,1
2025-03-14T13:19:37.575Z,448594,phil.martin.research@gmail.com,164685395,"""__EXR__Not about Evidence use""",1
2025-03-14T13:19:37.604Z,448594,phil.martin.research@gmail.com,164685395,included,-1
2025-03-14T13:20:50.402Z,448594,phil.martin.research@gmail.com,164686712,"""__EXR__Not about conservation""",1
2025-03-14T13:20:50.421Z,448594,phil.martin.research@gmail.com,164686712,included,-1
2025-03-14T13:21:02.051Z,448594,phil.martin.research@gmail.com,164686712,"""__EXR__Not about Evidence use""",1
2025-03-14T13:21:02.065Z,448594,phil.martin.research@gmail.com,164686712,included,-1
2025-03-14T13:21:02.080Z,448594,phil.martin.research@gmail.com,164686712,"""__EXR__Not about conservation""",deleted
2025-03-14T13:21:02.090Z,448594,phil.martin.research@gmail.com,164686712,"""__EXR__Not about evidence use""",deleted
2025-03-14T13:21:28.116Z,448594,phil.martin.research@gmail.com,164686977,"""__EXR__Not about Evidence use""",1
2025-03-14T13:21:28.212Z,448594,phil.martin.research@gmail.com,164686977,included,-1
2025-03-14T13:21:47.007Z,448594,phil.martin.research@gmail.com,164687181,"""__EXR__Not about Evidence use""",1
2025-03-14T13:21:47.029Z,448594,phil.martin.research@gmail.com,164687181,included,-1
2025-03-14T13:22:19.892Z,448594,phil.martin.research@gmail.com,164687237,"""__EXR__Not about Evidence use""",1
2025-03-14T13:22:19.912Z,448594,phil.martin.research@gmail.com,164687237,included,-1
2025-03-14T13:22:58.558Z,448594,phil.martin.research@gmail.com,164687594,"""__EXR__Not about Evidence use""",1
2025-03-14T13:22:58.579Z,448594,phil.martin.research@gmail.com,164687594,included,-1
2025-03-14T13:23:37.853Z,448594,phil.martin.research@gmail.com,164687752,"""__EXR__Not about Evidence use""",1
2025-03-14T13:23:37.871Z,448594,phil.martin.research@gmail.com,164687752,included,-1
2025-03-14T13:23:47.249Z,448594,phil.martin.research@gmail.com,164688334,"""__EXR__Not about Evidence use""",1
2025-03-14T13:23:47.271Z,448594,phil.martin.research@gmail.com,164688334,included,-1
2025-03-14T13:24:24.995Z,448594,phil.martin.research@gmail.com,164688585,"""__EXR__Not about Evidence use""",1
2025-03-14T13:24:25.017Z,448594,phil.martin.research@gmail.com,164688585,included,-1
2025-03-14T13:24:56.756Z,448594,phil.martin.research@gmail.com,164688696,"""__EXR__Not about conservation""",1
2025-03-14T13:24:56.778Z,448594,phil.martin.research@gmail.com,164688696,included,-1
2025-03-14T13:25:16.959Z,448594,phil.martin.research@gmail.com,164690957,"""__EXR__Not about conservation""",1
2025-03-14T13:25:16.978Z,448594,phil.martin.research@gmail.com,164690957,included,-1
2025-03-14T13:25:37.741Z,448594,phil.martin.research@gmail.com,164695010,"""__EXR__Not about conservation""",1
2025-03-14T13:25:37.762Z,448594,phil.martin.research@gmail.com,164695010,included,-1
2025-03-16T03:42:33.779Z,793579,prishnee.bissessur1@gmail.com,153497609,"""__EXR__Not about factors that influence evidence use""",1
2025-03-16T03:42:33.824Z,793579,prishnee.bissessur1@gmail.com,153497609,included,-1
2025-03-16T03:46:22.905Z,793579,prishnee.bissessur1@gmail.com,83177472,included,-1
2025-03-16T03:46:46.173Z,793579,prishnee.bissessur1@gmail.com,153485874,"""__EXR__Not about factors that influence evidence use""",1
2025-03-16T03:46:46.199Z,793579,prishnee.bissessur1@gmail.com,153485874,included,-1
2025-03-16T03:48:26.344Z,793579,prishnee.bissessur1@gmail.com,153488236,"""__EXR__Not about factors that influence evidence use""",1
2025-03-16T03:48:26.361Z,793579,prishnee.bissessur1@gmail.com,153488236,included,-1
2025-03-17T13:53:40.997Z,793579,prishnee.bissessur1@gmail.com,153488236,included,1
2025-03-17T13:54:01.846Z,793579,prishnee.bissessur1@gmail.com,153487562,included,-1
2025-03-17T13:59:25.250Z,793579,prishnee.bissessur1@gmail.com,153488504,included,-1
2025-03-17T13:59:33.108Z,793579,prishnee.bissessur1@gmail.com,153489467,included,-1
2025-03-17T13:59:37.855Z,793579,prishnee.bissessur1@gmail.com,153489512,included,-1
2025-03-17T13:59:47.702Z,793579,prishnee.bissessur1@gmail.com,153489720,included,-1
2025-03-17T13:59:55.599Z,793579,prishnee.bissessur1@gmail.com,153490031,included,-1
2025-03-17T13:59:59.414Z,793579,prishnee.bissessur1@gmail.com,153490176,included,-1
2025-03-17T14:00:02.303Z,793579,prishnee.bissessur1@gmail.com,153490759,included,-1
2025-03-17T14:00:06.352Z,793579,prishnee.bissessur1@gmail.com,153490770,included,-1
2025-03-17T14:00:10.565Z,793579,prishnee.bissessur1@gmail.com,153490925,included,-1
2025-03-17T14:00:14.218Z,793579,prishnee.bissessur1@gmail.com,153491229,included,-1
2025-03-17T14:00:17.968Z,793579,prishnee.bissessur1@gmail.com,153491982,included,-1
2025-03-17T15:41:20.486Z,793579,prishnee.bissessur1@gmail.com,164695010,included,-1
2025-03-17T15:44:04.482Z,793579,prishnee.bissessur1@gmail.com,164688585,included,-1
2025-03-17T15:44:07.987Z,793579,prishnee.bissessur1@gmail.com,164688696,included,-1
2025-03-17T15:44:25.069Z,793579,prishnee.bissessur1@gmail.com,164688585,included,1
2025-03-17T15:46:43.336Z,793579,prishnee.bissessur1@gmail.com,164688334,"""__EXR__Not about factors that influence evidence use""",1
2025-03-17T15:46:43.357Z,793579,prishnee.bissessur1@gmail.com,164688334,included,-1
2025-03-17T16:40:03.035Z,793579,prishnee.bissessur1@gmail.com,153494809,"""__EXR__Not about factors that influence evidence use""",1
2025-03-17T16:40:03.084Z,793579,prishnee.bissessur1@gmail.com,153494809,included,-1
2025-03-17T16:41:44.599Z,793579,prishnee.bissessur1@gmail.com,164683860,"""__EXR__Not about factors that influence evidence use""",1
2025-03-17T16:41:44.622Z,793579,prishnee.bissessur1@gmail.com,164683860,included,-1
2025-03-17T16:42:57.094Z,793579,prishnee.bissessur1@gmail.com,164683981,"""__EXR__Not about factors that influence evidence use""",1
2025-03-17T16:42:57.121Z,793579,prishnee.bissessur1@gmail.com,164683981,included,-1
2025-03-17T16:46:40.257Z,793579,prishnee.bissessur1@gmail.com,153496709,"""__EXR__Not about conservation""",1
2025-03-17T16:46:40.279Z,793579,prishnee.bissessur1@gmail.com,153496709,included,-1
2025-03-17T16:51:14.155Z,793579,prishnee.bissessur1@gmail.com,164685326,"""__EXR__Not about factors that influence evidence use""",1
2025-03-17T16:51:14.175Z,793579,prishnee.bissessur1@gmail.com,164685326,included,-1
2025-03-17T16:52:20.432Z,793579,prishnee.bissessur1@gmail.com,164685395,"""__EXR__Not about factors that influence evidence use""",1
2025-03-17T16:52:20.459Z,793579,prishnee.bissessur1@gmail.com,164685395,included,-1
2025-03-17T16:55:09.335Z,793579,prishnee.bissessur1@gmail.com,164687594,"""__EXR__Not about factors that influence evidence use""",1
2025-03-17T16:55:09.354Z,793579,prishnee.bissessur1@gmail.com,164687594,included,-1
2025-03-17T16:57:39.780Z,793579,prishnee.bissessur1@gmail.com,83177472,included,1
2025-03-17T16:58:29.281Z,793579,prishnee.bissessur1@gmail.com,83177472,included,-1
2025-03-17T17:00:38.546Z,793579,prishnee.bissessur1@gmail.com,153488236,included,-1
2025-03-17T17:01:00.632Z,793579,prishnee.bissessur1@gmail.com,153488236,included,1
2025-03-17T17:01:13.287Z,793579,prishnee.bissessur1@gmail.com,153489731,"""__EXR__Not about factors that influence evidence use""",1
2025-03-17T17:01:13.307Z,793579,prishnee.bissessur1@gmail.com,153489731,included,-1
2025-03-17T17:01:18.584Z,793579,prishnee.bissessur1@gmail.com,153494856,"""__EXR__Not about factors that influence evidence use""",1
2025-03-17T17:01:18.602Z,793579,prishnee.bissessur1@gmail.com,153494856,included,-1
2025-03-17T17:01:18.618Z,793579,prishnee.bissessur1@gmail.com,153494856,"""__EXR__Not about Evidence use""",deleted
2025-03-18T14:02:20.630Z,793579,prishnee.bissessur1@gmail.com,164687237,"""__EXR__Not about factors that influence evidence use""",1
2025-03-18T14:02:20.683Z,793579,prishnee.bissessur1@gmail.com,164687237,included,-1
2025-03-18T14:03:12.374Z,793579,prishnee.bissessur1@gmail.com,164687181,"""__EXR__Not about factors that influence evidence use""",1
2025-03-18T14:03:12.390Z,793579,prishnee.bissessur1@gmail.com,164687181,included,-1
2025-03-18T14:04:40.112Z,793579,prishnee.bissessur1@gmail.com,164684999,"""__EXR__Not about factors that influence evidence use""",1
2025-03-18T14:04:40.172Z,793579,prishnee.bissessur1@gmail.com,164684999,included,-1
2025-03-18T14:06:21.300Z,793579,prishnee.bissessur1@gmail.com,164686712,"""__EXR__Not about factors that influence evidence use""",1
2025-03-18T14:06:21.319Z,793579,prishnee.bissessur1@gmail.com,164686712,included,-1
2025-03-18T14:07:45.149Z,793579,prishnee.bissessur1@gmail.com,153487399,"""__EXR__Not about factors that influence evidence use""",1
2025-03-18T14:07:45.169Z,793579,prishnee.bissessur1@gmail.com,153487399,included,-1
2025-03-18T14:08:09.950Z,793579,prishnee.bissessur1@gmail.com,153495996,"""__EXR__Not about factors that influence evidence use""",1
2025-03-18T14:08:09.971Z,793579,prishnee.bissessur1@gmail.com,153495996,included,-1
2025-03-18T14:08:39.722Z,793579,prishnee.bissessur1@gmail.com,153495996,included,1
2025-03-18T14:09:28.739Z,793579,prishnee.bissessur1@gmail.com,164684751,"""__EXR__Not about factors that influence evidence use""",1
2025-03-18T14:09:28.755Z,793579,prishnee.bissessur1@gmail.com,164684751,included,-1
2025-03-18T14:10:09.164Z,793579,prishnee.bissessur1@gmail.com,153488236,included,-1
2025-03-18T14:10:12.553Z,793579,prishnee.bissessur1@gmail.com,153495996,included,-1
2025-03-18T14:10:14.358Z,793579,prishnee.bissessur1@gmail.com,164684084,included,-1
2025-03-18T14:10:16.273Z,793579,prishnee.bissessur1@gmail.com,164684691,included,-1
2025-03-18T14:10:18.646Z,793579,prishnee.bissessur1@gmail.com,164684832,included,-1
2025-03-18T14:10:21.599Z,793579,prishnee.bissessur1@gmail.com,164685134,included,-1
2025-03-18T14:10:23.906Z,793579,prishnee.bissessur1@gmail.com,164686977,included,-1
2025-03-18T14:11:09.051Z,793579,prishnee.bissessur1@gmail.com,153488236,included,1
2025-03-18T14:11:30.377Z,793579,prishnee.bissessur1@gmail.com,153495996,included,1
2025-03-18T14:12:34.939Z,793579,prishnee.bissessur1@gmail.com,164687752,included,-1
2025-03-18T14:13:09.351Z,793579,prishnee.bissessur1@gmail.com,164687752,included,1
2025-03-18T14:14:28.498Z,793579,prishnee.bissessur1@gmail.com,164687752,included,-1
2025-03-18T14:14:33.707Z,793579,prishnee.bissessur1@gmail.com,164688585,included,-1
2025-03-18T14:14:37.422Z,793579,prishnee.bissessur1@gmail.com,164690957,included,-1
2025-03-18T14:15:21.624Z,793579,prishnee.bissessur1@gmail.com,153495996,included,-1
2025-03-18T14:18:36.453Z,793579,prishnee.bissessur1@gmail.com,153488236,included,-1
2025-03-18T14:19:18.957Z,793579,prishnee.bissessur1@gmail.com,153488236,included,1
2025-03-18T14:20:22.360Z,793579,prishnee.bissessur1@gmail.com,83177472,included,1
2025-03-18T14:22:29.592Z,793579,prishnee.bissessur1@gmail.com,153485502,included,1
2025-03-18T14:22:48.847Z,793579,prishnee.bissessur1@gmail.com,153485502,included,-1
2025-03-18T14:26:53.632Z,793579,prishnee.bissessur1@gmail.com,153486436,included,1
2025-03-18T14:27:01.570Z,793579,prishnee.bissessur1@gmail.com,153486436,included,-1
2025-03-18T14:27:45.872Z,793579,prishnee.bissessur1@gmail.com,153486535,included,1
2025-03-18T14:28:43.627Z,793579,prishnee.bissessur1@gmail.com,153486535,included,-1
2025-03-18T14:32:49.602Z,793579,prishnee.bissessur1@gmail.com,153486980,included,1
2025-03-18T14:33:09.016Z,793579,prishnee.bissessur1@gmail.com,153486980,included,-1
2025-03-18T14:36:25.766Z,793579,prishnee.bissessur1@gmail.com,164684084,included,1
2025-03-18T14:36:49.135Z,793579,prishnee.bissessur1@gmail.com,164684084,included,-1
2025-03-19T11:25:25.733Z,793583,elina.takola@ufz.de,153485698,included,-1
2025-03-19T11:25:46.140Z,793583,elina.takola@ufz.de,153485991,included,-1
2025-03-19T16:48:10.659Z,793579,prishnee.bissessur1@gmail.com,153485874,included,1
2025-03-19T16:48:25.342Z,793579,prishnee.bissessur1@gmail.com,153487399,included,1
2025-03-19T16:48:36.228Z,793579,prishnee.bissessur1@gmail.com,153489731,included,1
2025-03-19T16:48:39.995Z,793579,prishnee.bissessur1@gmail.com,164685326,included,1
2025-03-20T12:09:21.848Z,793578,tabitha.taberer@jesus.ox.ac.uk,83177992,"""__EXR__Not about conservation""",1
2025-03-20T12:09:21.864Z,793578,tabitha.taberer@jesus.ox.ac.uk,83177992,included,-1
2025-03-20T13:45:59.683Z,793578,tabitha.taberer@jesus.ox.ac.uk,153485328,"""__EXR__Not about conservation""",1
2025-03-20T13:45:59.697Z,793578,tabitha.taberer@jesus.ox.ac.uk,153485328,included,-1
2025-03-20T14:43:18.169Z,563832,alice.m.oswald@durham.ac.uk,153485563,included,1
2025-03-20T14:43:28.937Z,563832,alice.m.oswald@durham.ac.uk,153485563,note-11408228,1
2025-03-20T14:43:31.267Z,563832,alice.m.oswald@durham.ac.uk,153485563,included,0
2025-03-20T14:43:44.347Z,563832,alice.m.oswald@durham.ac.uk,153485586,"""__EXR__Not about conservation""",1
2025-03-20T14:43:44.358Z,563832,alice.m.oswald@durham.ac.uk,153485586,included,-1
2025-03-20T17:19:47.454Z,793578,tabitha.taberer@jesus.ox.ac.uk,153485765,"""__EXR__Not about conservation""",1
2025-03-20T17:19:47.612Z,793578,tabitha.taberer@jesus.ox.ac.uk,153485765,included,-1
2025-03-20T21:09:32.918Z,563832,alice.m.oswald@durham.ac.uk,153485869,"""__EXR__Not about Evidence use""",1
2025-03-20T21:09:32.935Z,563832,alice.m.oswald@durham.ac.uk,153485869,included,-1
2025-03-20T21:14:13.482Z,563832,alice.m.oswald@durham.ac.uk,153486030,"""__EXR__Not about conservation""",1
2025-03-20T21:14:13.499Z,563832,alice.m.oswald@durham.ac.uk,153486030,included,-1
2025-03-21T11:27:12.785Z,0,rayyan@rayyan.ai,153493885,"""__SYSTEM__SAMPLE__60b2ea219c59992ffd761532d50e40f8_16471""",1
2025-03-21T11:27:13.313Z,0,rayyan@rayyan.ai,164690805,"""__SYSTEM__SAMPLE__60b2ea219c59992ffd761532d50e40f8_16471""",1
2025-03-21T11:27:13.313Z,0,rayyan@rayyan.ai,164701585,"""__SYSTEM__SAMPLE__60b2ea219c59992ffd761532d50e40f8_16471""",1
2025-03-21T11:27:13.477Z,0,rayyan@rayyan.ai,164698645,"""__SYSTEM__SAMPLE__60b2ea219c59992ffd761532d50e40f8_16471""",1
2025-03-21T11:27:13.477Z,0,rayyan@rayyan.ai,153497131,"""__SYSTEM__SAMPLE__60b2ea219c59992ffd761532d50e40f8_16471""",1
2025-03-21T11:27:13.477Z,0,rayyan@rayyan.ai,164703136,"""__SYSTEM__SAMPLE__60b2ea219c59992ffd761532d50e40f8_16471""",1
2025-03-21T11:27:13.477Z,0,rayyan@rayyan.ai,164700871,"""__SYSTEM__SAMPLE__60b2ea219c59992ffd761532d50e40f8_16471""",1
2025-03-21T11:27:13.863Z,0,rayyan@rayyan.ai,164685765,"""__SYSTEM__SAMPLE__60b2ea219c59992ffd761532d50e40f8_16471""",1
2025-03-21T11:27:14.002Z,0,rayyan@rayyan.ai,164702813,"""__SYSTEM__SAMPLE__60b2ea219c59992ffd761532d50e40f8_16471""",1
2025-03-21T11:27:14.002Z,0,rayyan@rayyan.ai,153490260,"""__SYSTEM__SAMPLE__60b2ea219c59992ffd761532d50e40f8_16471""",1
2025-03-21T11:27:14.102Z,0,rayyan@rayyan.ai,153486748,"""__SYSTEM__SAMPLE__60b2ea219c59992ffd761532d50e40f8_16471""",1
2025-03-21T11:27:14.102Z,0,rayyan@rayyan.ai,164694285,"""__SYSTEM__SAMPLE__60b2ea219c59992ffd761532d50e40f8_16471""",1
2025-03-21T11:27:14.197Z,0,rayyan@rayyan.ai,164690489,"""__SYSTEM__SAMPLE__60b2ea219c59992ffd761532d50e40f8_16471""",1
2025-03-21T11:27:14.197Z,0,rayyan@rayyan.ai,153494587,"""__SYSTEM__SAMPLE__60b2ea219c59992ffd761532d50e40f8_16471""",1
2025-03-21T11:27:14.197Z,0,rayyan@rayyan.ai,153491252,"""__SYSTEM__SAMPLE__60b2ea219c59992ffd761532d50e40f8_16471""",1
2025-03-21T11:27:14.271Z,0,rayyan@rayyan.ai,164689151,"""__SYSTEM__SAMPLE__60b2ea219c59992ffd761532d50e40f8_16471""",1
2025-03-21T11:27:14.355Z,0,rayyan@rayyan.ai,164700465,"""__SYSTEM__SAMPLE__60b2ea219c59992ffd761532d50e40f8_16471""",1
2025-03-21T11:27:14.355Z,0,rayyan@rayyan.ai,164704560,"""__SYSTEM__SAMPLE__60b2ea219c59992ffd761532d50e40f8_16471""",1
2025-03-21T11:27:14.355Z,0,rayyan@rayyan.ai,153496802,"""__SYSTEM__SAMPLE__60b2ea219c59992ffd761532d50e40f8_16471""",1
2025-03-21T11:27:14.500Z,0,rayyan@rayyan.ai,153489416,"""__SYSTEM__SAMPLE__60b2ea219c59992ffd761532d50e40f8_16471""",1
2025-03-21T11:27:14.500Z,0,rayyan@rayyan.ai,164705777,"""__SYSTEM__SAMPLE__60b2ea219c59992ffd761532d50e40f8_16471""",1
2025-03-21T11:27:14.566Z,0,rayyan@rayyan.ai,164697974,"""__SYSTEM__SAMPLE__60b2ea219c59992ffd761532d50e40f8_16471""",1
2025-03-21T11:27:14.566Z,0,rayyan@rayyan.ai,164685563,"""__SYSTEM__SAMPLE__60b2ea219c59992ffd761532d50e40f8_16471""",1
2025-03-21T11:27:14.656Z,0,rayyan@rayyan.ai,164687721,"""__SYSTEM__SAMPLE__60b2ea219c59992ffd761532d50e40f8_16471""",1
2025-03-21T11:27:14.656Z,0,rayyan@rayyan.ai,153496920,"""__SYSTEM__SAMPLE__60b2ea219c59992ffd761532d50e40f8_16471""",1
2025-03-21T11:27:15.529Z,0,rayyan@rayyan.ai,153496122,"""__SYSTEM__SAMPLE__60b2ea219c59992ffd761532d50e40f8_16471""",1
2025-03-21T11:27:15.529Z,0,rayyan@rayyan.ai,164701798,"""__SYSTEM__SAMPLE__60b2ea219c59992ffd761532d50e40f8_16471""",1
2025-03-21T11:27:15.529Z,0,rayyan@rayyan.ai,164697792,"""__SYSTEM__SAMPLE__60b2ea219c59992ffd761532d50e40f8_16471""",1
2025-03-21T11:27:15.529Z,0,rayyan@rayyan.ai,164702061,"""__SYSTEM__SAMPLE__60b2ea219c59992ffd761532d50e40f8_16471""",1
2025-03-21T11:27:15.639Z,0,rayyan@rayyan.ai,164686188,"""__SYSTEM__SAMPLE__60b2ea219c59992ffd761532d50e40f8_16471""",1
2025-03-21T11:27:15.639Z,0,rayyan@rayyan.ai,153491688,"""__SYSTEM__SAMPLE__60b2ea219c59992ffd761532d50e40f8_16471""",1
2025-03-21T11:27:15.639Z,0,rayyan@rayyan.ai,153495212,"""__SYSTEM__SAMPLE__60b2ea219c59992ffd761532d50e40f8_16471""",1
2025-03-21T11:27:15.639Z,0,rayyan@rayyan.ai,164700659,"""__SYSTEM__SAMPLE__60b2ea219c59992ffd761532d50e40f8_16471""",1
2025-03-21T11:27:15.639Z,0,rayyan@rayyan.ai,164695962,"""__SYSTEM__SAMPLE__60b2ea219c59992ffd761532d50e40f8_16471""",1
