rayyan_key,title,year,month,day,journal,issn,volume,issue,pages,authors,url,language,publisher,location,abstract,notes,doi,keywords,pubmed_id,pmc_id
rayyan-83177405,Collaborative Adaptive Rangeland Management Fosters Management-Science Partnerships,2018,,,Rangeland Ecology & Management,1550-7424,71,5,646-657,Wilmer H and Derner J D and Fernandez-Gimenez M E and Briske D D and Augustine D J and Porensky L M and Grp Carm Stakeholder,<Go to ISI>://WOS:000446859300014,,,,,"Wilmer, Hailey Derner, Justin D. Fernandez-Gimenez, Maria E. Briske, David D. Augustine, David J. Porensky, Lauren M. Augustine, David/0000-0003-3144-0466; Derner, Justin/0000-0001-8076-0736; Fernandez-Gimenez, Maria/0000-0001-9641-1434 1551-5028 | RAYYAN-INCLUSION: {""Philip""=>""Excluded"", ""fereshteh""=>""Excluded"", ""Iris""=>""Included"", ""Sarah""=>""Included"", ""Nibedita""=>""Maybe"", ""Alec""=>""Included"", ""Alvaro""=>""Included""}",10.1016/j.rama.2017.07.008,eppi-reviewer,,
rayyan-83177406,Entomological Society of America and Science Policy Engagement,2019,,,Annals of the Entomological Society of America,,112,2,62-70,Wiedenmann Robert N and Zalom Frank G and Cadwalader Erin L and Alleyne Marianne and Stelzig Chris J,http://0-search.ebscohost.com.catalogue.libraries.london.ac.uk/login.aspx?direct=true&db=a9h&AN=135201611&site=ehost-live,,,,,"Wiedenmann, Robert N 1; Email Address: rwieden@uark.edu Zalom, Frank G 2 Cadwalader, Erin L 3 Alleyne, Marianne 4 Stelzig, Chris J 5; Affiliation: 1: Department of Entomology, University of Arkansas, Fayetteville, AR 2: Department of Entomology and Nematology, University of California, Davis, CA 3: Lewis-Burke Associates LLC, Washington, DC 4: Department of Entomology, University of Illinois, Urbana, IL 5: Entomological Society of America, Annapolis, MD; Source Info: Mar2019, Vol. 112 Issue 2, p62; Subject Term: ENTOMOLOGISTS; Subject Term: ENTOMOLOGY; Subject Term: SCIENCE &amp; state; Author-Supplied Keyword: Grand Challenges; Author-Supplied Keyword: policy fellows; Author-Supplied Keyword: science advocacy; Company/Entity: ENTOMOLOGICAL Society of America Company/Entity: UNITED States. Environmental Protection Agency; NAICS/Industry Codes: 541690 Other Scientific and Technical Consulting Services; NAICS/Industry Codes: 924110 Administration of Air and Water Resource and Solid Waste Management Programs; Number of Pages: 9p; Document Type: Article; Full Text Word Count: 8597 | RAYYAN-INCLUSION: {""Philip""=>""Excluded"", ""Nibedita""=>""Excluded"", ""Alec""=>""Excluded"", ""Alvaro""=>""Excluded""}",10.1093/aesa/say060,eppi-reviewer;ENTOMOLOGISTS ENTOMOLOGY SCIENCE &;tate Grand Challenge;policy fellow;cience advocacy ENTOMOLOGICAL Society of America UNITED State;Environmental Protection Agency,,
rayyan-83177407,The need for transformative changes in the use of Indigenous knowledge along with science for environmental decision-making in the Arctic,2020,,,People and Nature,,2,3,544-556,Wheeler H C and Danielsen F and Fidel M and Hausner V and Horstkotte T and Johnson N and Lee O and Mukherjee N and Amos A and Ashthorn H and Ballari O and Behe C and Breton-Honeyman K and Retter G B and Buschman V and Jakobsen P and Johnson F and Lyberth B and Parrott J A and Pogodaev M and Sulyandziga R and Vronski N,<Go to ISI>://WOS:000647696100003,,,,,"Wheeler, Helen C. Danielsen, Finn Fidel, Maryann Hausner, Vera Horstkotte, Tim Johnson, Noor Lee, Olivia Mukherjee, Nibedita Amos, Amy Ashthorn, Heather Ballari, Oystein Behe, Carolina Breton-Honeyman, Kaitlin Retter, Gunn-Britt Buschman, Victoria Jakobsen, Paviarak Johnson, Frank Lyberth, Bjarne Parrott, Jennifer A. Pogodaev, Mikhail Sulyandziga, Rodion Vronski, Nikita Mukherjee, Nibedita/B-2531-2010 Mukherjee, Nibedita/0000-0002-2970-1498; Behe, Carolina/0000-0002-8141-8550; Hausner, Vera Helene/0000-0001-9825-0419; Wheeler, Helen/0000-0002-9820-5818 2575-8314 | RAYYAN-INCLUSION: {""Matthew""=>""Excluded"", ""Philip""=>""Excluded"", ""fereshteh""=>""Excluded"", ""Aidan""=>""Excluded"", ""Nibedita""=>""Included"", ""Alec""=>""Included"", ""Alvaro""=>""Excluded""}",10.1002/pan3.10131,eppi-reviewer,,
rayyan-83177408,Increasing the uptake of ecological model results in policy decisions to improve biodiversity outcomes,2022,,,Environmental Modelling & Software,1364-8152,149,,,Weiskopf S R and Harmackova Z V and Johnson C G and Londono-Murcia M C and Miller B W and Myers B J. E and Pereira L and Arce-Plata M I and Blanchard J L and Ferrier S and Fulton E A and Harfoot M and Isbell F and Johnson J A and Mori A S and Weng E S and Rosa I M. D,<Go to ISI>://WOS:000787109500005,,,,,"Weiskopf, Sarah R. Harmackova, Zuzana, V Johnson, Ciara G. Londono-Murcia, Maria Cecilia Miller, Brian W. Myers, Bonnie J. E. Pereira, Laura Arce-Plata, Maria Isabel Blanchard, Julia L. Ferrier, Simon Fulton, Elizabeth A. Harfoot, Mike Isbell, Forest Johnson, Justin A. Mori, Akira S. Weng, Ensheng Rosa, Isabel M. D. Miller, Brian/0000-0003-1716-1161; Isbell, Forest/0000-0001-9689-769X; Weiskopf, Sarah/0000-0002-5933-8191 1873-6726 | RAYYAN-INCLUSION: {""Matthew""=>""Excluded"", ""Philip""=>""Included"", ""Alice""=>""Excluded"", ""Carlos""=>""Excluded"", ""Tabitha""=>""Included"", ""Prishnee""=>""Included"", ""Valentin""=>""Excluded"", ""Elina""=>""Included"", ""fereshteh""=>""Excluded"", ""Aidan""=>""Included"", ""Tiff""=>""Excluded"", ""Iris""=>""Included"", ""Sarah""=>""Excluded"", ""Nibedita""=>""Included"", ""Alec""=>""Excluded"", ""Alvaro""=>""Excluded"", ""Isobel""=>""Included""}",10.1016/j.envsoft.2022.105318,eppi-reviewer,,
rayyan-83177409,Blueprints of Effective Biodiversity and Conservation Knowledge Products That Support Marine Policy,2017,,,Frontiers in Marine Science,,4,,,Weatherdon L V and Appeltans W and Bowles-Newark N and Brooks T M and Davis F E and Despot-Belmonte K and Fletcher S and Garilao C and Hilton-Taylor C and Hirsch T and Juffe-Bignoli D and Kaschner K and Kingston N and Malsch K and Regan E C and Kesner-Reyes K and Rose D C and Wetzel F T and Wilkinson T and Martin C S,<Go to ISI>://WOS:000457690600096,,,,,"Weatherdon, Lauren V. Appeltans, Ward Bowles-Newark, Nadine Brooks, Thomas M. Davis, Frances E. Despot-Belmonte, Katherine Fletcher, Stephen Garilao, Cristina Hilton-Taylor, Craig Hirsch, Tim Juffe-Bignoli, Diego Kaschner, Kristin Kingston, Naomi Malsch, Kelly Regan, Eugenie C. Kesner-Reyes, Kathleen Rose, David C. Wetzel, Florian T. Wilkinson, Tim Martin, Corinne S. ; Martin, Corinne/G-9041-2011 Weatherdon, Lauren V./0000-0002-3989-027X; Rose, David/0000-0002-5249-9021; Hirsch, Tim/0000-0002-5015-5807; Fletcher, Stephen/0000-0003-1180-9844; Martin, Corinne/0000-0002-5428-2766; Kaschner, Kristin/0000-0002-4061-626X 2296-7745 | RAYYAN-INCLUSION: {""Matthew""=>""Excluded"", ""Philip""=>""Excluded"", ""Alice""=>""Excluded"", ""Carlos""=>""Excluded"", ""Tabitha""=>""Excluded"", ""Prishnee""=>""Excluded"", ""Valentin""=>""Excluded"", ""Elina""=>""Excluded"", ""fereshteh""=>""Included"", ""Aidan""=>""Excluded"", ""Tiff""=>""Included"", ""Iris""=>""Excluded"", ""Sarah""=>""Excluded"", ""Nibedita""=>""Excluded"", ""Alec""=>""Excluded"", ""Isobel""=>""Excluded""}",10.3389/fmars.2017.00096,eppi-reviewer,,
rayyan-83177410,EKLIPSE: engaging knowledge holders and networks for evidence-informed European policy on biodiversity and ecosystem services,2019,,,Evidence & Policy,1744-2648,15,2,253-264,Watt A and Ainsworth G and Balian E and Cojocaru G and Darbi M and Dicks L and Eggermont H and Furman E and Goudeseune L and Huybrecht P and Kelemen E and Koch F and Konstantinou Z and Livoreil B and Locher K and Lux A and Mehring M and Nesshoever C and Paloniemi R and Saarikoski H and Pinto I S and Vandewalle M and Varjopuro R and Varumo L and Wittmer H and Young J,<Go to ISI>://WOS:000471772800006,,,,,"Watt, Allan Ainsworth, Gill Balian, Estelle Cojocaru, George Darbi, Marianne Dicks, Lynn Eggermont, Hilde Furman, Eeva Goudeseune, Lise Huybrecht, Pierre Kelemen, Eszter Koch, Florian Konstantinou, Zoi Livoreil, Barbara Locher, Karla Lux, Alexandra Mehring, Marion Nesshoever, Carsten Paloniemi, Riikka Saarikoski, Heti Pinto, Isabel Sousa Vandewalle, Marie Varjopuro, Riku Varumo, Liisa Wittmer, Heidi Young, Juliette Pinto, Isabel Sousa/W-1591-2019; Wittmer, Heidi/H-7264-2012; Dicks, Lynn/AFH-5289-2022; Young, Juliette/B-4225-2012; Koch, Florian/F-2504-2015; Ainsworth, Gill/P-3013-2019 Pinto, Isabel Sousa/0000-0002-9231-0553; Wittmer, Heidi/0000-0001-6966-7258; Young, Juliette/0000-0002-8522-0883; Koch, Florian/0000-0002-0343-0730; Ainsworth, Gill/0000-0003-0460-6563; Goudeseune, Lise/0000-0002-4239-3338; Lux, Alexandra/0000-0002-6626-7977; Vandewalle, Marie/0000-0003-3619-9763; Cojocaru, George/0000-0002-1432-364X; Dicks, Lynn/0000-0002-8304-4468 1744-2656 | RAYYAN-INCLUSION: {""Matthew""=>""Excluded"", ""Philip""=>""Excluded"", ""Alice""=>""Excluded"", ""Carlos""=>""Excluded"", ""Tabitha""=>""Excluded"", ""Prishnee""=>""Excluded"", ""Valentin""=>""Excluded"", ""Elina""=>""Excluded"", ""fereshteh""=>""Included"", ""Aidan""=>""Excluded"", ""Tiff""=>""Excluded"", ""Iris""=>""Excluded"", ""Sarah""=>""Excluded"", ""Nibedita""=>""Excluded"", ""Alec""=>""Excluded"", ""Isobel""=>""Excluded""}",10.1332/174426418x15314036194114,eppi-reviewer,,
rayyan-83177411,Characteristics of participatory monitoring projects and their relationship to decision-making in biological resource management: a review,2016,,,Biodiversity and Conservation,0960-3115,25,11,2001-2019,Villasenor E and Porter-Bolland L and Escobar F and Guariguata M R and Moreno-Casasola P,<Go to ISI>://WOS:000382014400001,,,,,"Villasenor, Emma Porter-Bolland, Luciana Escobar, Federico Guariguata, Manuel R. Moreno-Casasola, Patricia VILLASEÑOR, EMMA/AAR-7143-2021; Escobar, Federico/C-1396-2011; Porter-Bolland, Luciana/C-1398-2016; Moreno-Casasola, Patricia/R-8562-2018; Bolland, Luciana Porter/AAH-4895-2020 Escobar, Federico/0000-0003-0179-7528; Porter-Bolland, Luciana/0000-0001-8586-3267; Moreno-Casasola, Patricia/0000-0003-0468-0851; Bolland, Luciana Porter/0000-0001-8586-3267 1572-9710 | RAYYAN-INCLUSION: {""Philip""=>""Excluded"", ""fereshteh""=>""Excluded"", ""Sarah""=>""Excluded"", ""Nibedita""=>""Excluded"", ""Alec""=>""Excluded""}",10.1007/s10531-016-1184-9,eppi-reviewer,,
rayyan-83177413,What do scientists and managers know about soil biodiversity? Comparative knowledge mapping for sustainable forest management,2020,,,Forest Policy and Economics,1389-9341,119,,,Vanermen I and Muys B and Verheyen K and Vanwindekens F and Bouriaud L and Kardol P and Vranken L,<Go to ISI>://WOS:000568682900010,,,,,"Vanermen, Iris Muys, Bart Verheyen, Kris Vanwindekens, Frederic Bouriaud, Laura Kardol, Paul Vranken, Liesbet Kardol, Paul/N-8383-2015; Vranken, Liesbet/Q-1710-2018; BITOUN, RACHEL/AAC-9538-2021; Muys, Bart/A-3194-2015 Kardol, Paul/0000-0001-7065-3435; Vranken, Liesbet/0000-0003-1170-1139; Muys, Bart/0000-0001-9421-527X; Vanwindekens, Frederic/0000-0002-9117-7543 1872-7050 | RAYYAN-INCLUSION: {""Philip""=>""Excluded"", ""Alice""=>""Excluded"", ""fereshteh""=>""Excluded"", ""Nibedita""=>""Excluded"", ""Alec""=>""Excluded""}",10.1016/j.forpol.2020.102264,eppi-reviewer,,
rayyan-83177414,A question of dissemination: Assessing the practices and implications of research in tropical landscapes,2019,,,AMBIO - A Journal of the Human Environment,,48,1,35-47,Toomey Anne H and Alvaro María Eugenia Copa and Aiello-Lammens Matthew and Loayza Cossio and Oscar and Barlow Jos,http://0-search.ebscohost.com.catalogue.libraries.london.ac.uk/login.aspx?direct=true&db=a9h&AN=133611999&site=ehost-live,,,,,"Toomey, Anne H. 1; Email Address: atoomey@pace.edu Alvaro, María Eugenia Copa 2 Aiello-Lammens, Matthew 1 Loayza Cossio, Oscar 3 Barlow, Jos 4; Affiliation: 1: Department of Environmental Studies and Science, Pace University, 41 Park Row, #721B, 10038, New York, NY, USA 2: Colección Boliviana de Fauna, Calle 26 de Cota Cota (Ovidio Suárez) Casilla Nº 8706, La Paz, Bolivia 3: Madidi-Tambopata Landscape Conservation Program, Wildlife Conservation Society, Casilla 3-35 181 SM, La Paz, Bolivia 4: Lancaster Environment Centre, Lancaster University, LA1 4YQ, Bailrigg, Lancashire, UK; Source Info: Jan2019, Vol. 48 Issue 1, p35; Subject Term: SCIENTIFIC knowledge; Subject Term: CONSERVATIONISTS; Subject Term: ENVIRONMENTAL management; Subject Term: UNIVERSITIES &amp; colleges; Subject Term: PARQUE Nacional Madidi (Bolivia); Author-Supplied Keyword: Conservation management; Author-Supplied Keyword: Knowledge exchange; Author-Supplied Keyword: Local perceptions; Author-Supplied Keyword: Research ethics; Author-Supplied Keyword: Research-action; Author-Supplied Keyword: Research-implementation; NAICS/Industry Codes: 611310 Colleges, Universities, and Professional Schools; Number of Pages: 13p; Document Type: Article; Full Text Word Count: 7345 | RAYYAN-INCLUSION: {""Philip""=>""Included"", ""Tabitha""=>""Included"", ""fereshteh""=>""Excluded"", ""Iris""=>""Included"", ""Alec""=>""Included""}",10.1007/s13280-018-1056-5,eppi-reviewer;SCIENTIFIC knowledge CONSERVATIONISTS ENVIRONMENTAL management UNIVERSITIES & college;PARQUE Nacional Madidi (Bolivia) Con;ervation management Knowledge exchange Local perception;Re;earch ethic;earch-action Re;earch-implementation,,
rayyan-83177415,lEvaluating the outcomes and processes of a research-action partnership: The need for continuous reflective evaluation,2016,,,Bothalia,0006-8241,46,2,,Taylor C and Cockburn J and Rouget M and Ray-Mukherjee J and Mukherjee S and Slotow R and Roberts D and Boon R and O'Donoghue S and Douwes E,<Go to ISI>://WOS:000389715000011,,,,,"Taylor, Chantal Cockburn, Jessica Rouget, Mathieu Ray-Mukherjee, Jayanti Mukherjee, Shomen Slotow, Rob Roberts, Debra Boon, Richard O'Donoghue, Sean Douwes, Errol Slotow, Rob/AAM-9053-2020 2311-9284 Si | RAYYAN-INCLUSION: {""Philip""=>""Included"", ""Tabitha""=>""Included"", ""fereshteh""=>""Excluded"", ""Alec""=>""Excluded""}",10.4102/abc.v46i2.2154,eppi-reviewer,,
rayyan-83177416,Research–management partnerships: An opportunity to integrate genetics in conservation actions,2020,,,Conservation Science & Practice,,2,9,01-Aug,Taft Heather R and McCoskey Dana N and Miller Joshua M and Pearson Sarah K and Coleman Melinda A and Fletcher Nicholas K and Mittan Cinnamon S and Meek Mariah H and Barbosa Soraia,http://0-search.ebscohost.com.catalogue.libraries.london.ac.uk/login.aspx?direct=true&db=a9h&AN=145430044&site=ehost-live,,,,,"Taft, Heather R. 1 McCoskey, Dana N. 2 Miller, Joshua M. 3 Pearson, Sarah K. 4 Coleman, Melinda A. 5,6 Fletcher, Nicholas K. 7 Mittan, Cinnamon S. 7 Meek, Mariah H. 8 Barbosa, Soraia 9; Email Address: soraia.barbosa02@gmail.com; Affiliation: 1: Colorado State University Global, Aurora Colorado, USA 2: DC Audubon Society, Washington District of Columbia, USA 3: Department of Biological Sciences, University of Alberta, Edmonton Alberta,, Canada 4: College of Science and Engineering, Flinders University of South Australia, Adelaide South Australia,, Australia 5: Department of Primary Industries NSW Fisheries, National Marine Science Centre, Coffs Harbour New South Wales,, Australia 6: National Marine Science Centre, Southern Cross University, Coffs Harbour New South Wales,, Australia 7: Department of Ecology and Evolutionary Biology, Cornell University, Corson Hall, Ithaca New York, USA 8: Department of Integrative Biology, Michigan State University, East Lansing Michigan, USA 9: Department of Fish and Wildlife Sciences, University of Idaho, Moscow Idaho, USA; Source Info: Sep2020, Vol. 2 Issue 9, p1; Subject Term: CONSERVATION genetics; Subject Term: CONSERVATION biology; Subject Term: BUSINESS partnerships; Subject Term: DATA analysis; Subject Term: STRATEGIC planning; Author-Supplied Keyword: conservation genetics; Author-Supplied Keyword: management; Author-Supplied Keyword: partnerships; Author-Supplied Keyword: research‐implementation gap; Number of Pages: 8p; Document Type: Article; Full Text Word Count: 5054 | RAYYAN-INCLUSION: {""Matthew""=>""Included"", ""Philip""=>""Included"", ""Alice""=>""Excluded"", ""Carlos""=>""Included"", ""Tabitha""=>""Included"", ""Prishnee""=>""Included"", ""Valentin""=>""Included"", ""Elina""=>""Included"", ""fereshteh""=>""Excluded"", ""Aidan""=>""Included"", ""Tiff""=>""Included"", ""Iris""=>""Included"", ""Sarah""=>""Included"", ""Nibedita""=>""Included"", ""Alec""=>""Included"", ""Isobel""=>""Included""}",10.1111/csp2.218,eppi-reviewer;CONSERVATION genetic;CONSERVATION biology BUSINESS partner;hip;DATA analy;i;STRATEGIC planning management partner;re;earch‐implementation gap,,
rayyan-83177418,Challenges and opportunities of engaging biodiversity-related citizen science data in environmental decision-making: Practitioners' perceptions and a database analysis from Estonia,2021,,,Journal for Nature Conservation,1617-1381,64,,,Suskevics M and Raadom T and Vanem B and Kana S and Roasto R and Runnel V and Kulvik M,<Go to ISI>://WOS:000709046700010,,,,,"Suskevics, Monika Raadom, Terje Vanem, Brenda Kana, Silja Roasto, Reigo Runnel, Veljo Kulvik, Mart Suškevičs, Monika/H-3666-2017 Suškevičs, Monika/0000-0002-5666-2623 1618-1093 | RAYYAN-INCLUSION: {""Matthew""=>""Included"", ""Philip""=>""Included"", ""Alice""=>""Included"", ""Carlos""=>""Included"", ""Tabitha""=>""Included"", ""Prishnee""=>""Included"", ""Valentin""=>""Included"", ""Elina""=>""Included"", ""fereshteh""=>""Excluded"", ""Aidan""=>""Included"", ""Tiff""=>""Included"", ""Iris""=>""Included"", ""Sarah""=>""Included"", ""Nibedita""=>""Maybe"", ""Alec""=>""Included"", ""Isobel""=>""Included""}",10.1016/j.jnc.2021.126068,eppi-reviewer,,
rayyan-83177420,Experiences from a National Landscape Monitoring ProgrammeMaintaining Continuity Whilst Meeting Changing Demands and Opportunities,2019,,,Land,,8,5,,Stokstad G and Fjellstad W,<Go to ISI>://WOS:000472659100005,,,,,"Stokstad, Grete Fjellstad, Wendy Fjellstad, Wendy/AAF-6257-2020 Fjellstad, Wendy Jane/0000-0002-2849-9785 2073-445x | RAYYAN-INCLUSION: {""Philip""=>""Excluded"", ""fereshteh""=>""Excluded"", ""Iris""=>""Included"", ""Alec""=>""Excluded""}",10.3390/land8050077,eppi-reviewer,,
rayyan-83177421,Unblocking the flow of biodiversity data for decision-making in Africa,2017,,,Biological Conservation,,213,,335-340,Stephenson P J and Bowles-Newark Nadine and Regan Eugenie and Stanwell-Smith Damon and Diagana Mallé and Höft Robert and Abarchi Harouna and Abrahamse Tanya and Akello Christine and Allison Hilary and Banki Olaf and Batieno Barthelemy and Dieme Samuel and Domingos Arthur and Galt Russell and Githaiga Cicilia W and Guindo Abdoulaye Bine and Hafashimana David L N and Hirsch Tim and Hobern Donald,http://0-search.ebscohost.com.catalogue.libraries.london.ac.uk/login.aspx?direct=true&db=a9h&AN=124610497&site=ehost-live,,,,,"Stephenson, P.J. 1; Email Address: StephensonPJ@gmail.com Bowles-Newark, Nadine 2; Email Address: Nadine.Bowles-Newark@unep-wcmc.org Regan, Eugenie 2; Email Address: eugenie.regan@gmail.com Stanwell-Smith, Damon 2; Email Address: stanwellsmith@gmail.com Diagana, Mallé 3; Email Address: malle.diagana@iucn.org Höft, Robert 4; Email Address: robert.hoft@cbd.int Abarchi, Harouna 5; Email Address: ab_harou@yahoo.fr Abrahamse, Tanya 6; Email Address: abrahamse@sanbi.org Akello, Christine 7; Email Address: cakelloechookit@yahoo.com Allison, Hilary 2; Email Address: Hilary.Allison@unep-wcmc.org Banki, Olaf 8; Email Address: Olaf@Banki.nl Batieno, Barthelemy 9; Email Address: barthelemy.batieno@iucn.org Dieme, Samuel 10; Email Address: sam_casa@yahoo.fr Domingos, Arthur 11; Email Address: aristofanesp@yahoo.com.br Galt, Russell 6; Email Address: R.Galt@sanbi.org.za Githaiga, Cicilia W. 12; Email Address: cgithaiga@nema.go.ke Guindo, Abdoulaye Bine 13; Email Address: abdoulayebine@yahoo.fr Hafashimana, David L.N. 7; Email Address: davidhaf2000@yahoo.com Hirsch, Tim 8; Email Address: thirsch@gbif.org Hobern, Donald 8; Email Address: dhobern@gbif.org; Affiliation: 1: WWF International, Gland, Switzerland 2: United Nations Environment Programme World Conservation Monitoring Centre (UNEP-WCMC), Cambridge, UK 3: WWF West Africa Marine Programme Office, Dakar, Senegal 4: Secretariat of the Convention on Biological Diversity, Montreal, Canada 5: Commission Technique sur la Diversité Biologique, Niamey, Niger 6: South African National Biodiversity Institute (SANBI), Pretoria, South Africa 7: National Environment Management Authority, Kampala, Uganda 8: Global Biodiversity Information Facility (GBIF), Copenhagen, Denmark 9: IUCN, Nouakchott, Mauritania 10: Ministère de l'Environnement et de la Protection de la Nature, Dakar, Senegal 11: Ministry of Environment, Luanda, Angola 12: National Environment Management Authority, Nairobi, Kenya 13: Ministère de l'Environnement, de l'Eau et de l'Assainissement, Bamako, Mali; Source Info: Sep2017 Part B, Vol. 213, p335; Subject Term: BIODIVERSITY conservation; Subject Term: DECISION making in environmental policy; Subject Term: ENVIRONMENTAL degradation; Subject Term: SUSTAINABLE development; Subject Term: GOVERNMENT agencies; Author-Supplied Keyword: Africa; Author-Supplied Keyword: Biodiversity; Author-Supplied Keyword: Data management; Author-Supplied Keyword: Environmental decision-making; NAICS/Industry Codes: 913910 Other local, municipal and regional public administration; NAICS/Industry Codes: 911910 Other federal government public administration; NAICS/Industry Codes: 912910 Other provincial and territorial public administration; NAICS/Industry Codes: 921190 Other General Government Support; NAICS/Industry Codes: 926110 Administration of General Economic Programs; Number of Pages: 6p; Document Type: Article | RAYYAN-INCLUSION: {""Matthew""=>""Included"", ""Philip""=>""Included"", ""Alice""=>""Included"", ""Carlos""=>""Included"", ""Tabitha""=>""Included"", ""Prishnee""=>""Included"", ""Valentin""=>""Included"", ""Elina""=>""Included"", ""fereshteh""=>""Excluded"", ""Aidan""=>""Included"", ""Tiff""=>""Included"", ""Iris""=>""Included"", ""Sarah""=>""Included"", ""Nibedita""=>""Included"", ""Alec""=>""Included"", ""Isobel""=>""Included""}",10.1016/j.biocon.2016.09.003,eppi-reviewer;BIODIVERSITY con;ervation DECISION making in environmental policy ENVIRONMENTAL degradation SUSTAINABLE developmen...;Africa Biodiver;ity Data management Environmental deci;ion-making,,
rayyan-83177422,Exploring the usefulness of scenario archetypes in science-policy processes: experience across IPBES assessments,2019,,,Ecology and Society,1708-3087,24,3,,Sitas N and Harmackova Z V and Anticamara J A and Arneth A and Badola R and Biggs R and Blanchard R and Brotons L and Cantele M and Coetzer K and DasGupta R and den Belder E and Ghosh S and Guisan A and Gundimeda H and Hamann M and Harrison P A and Hashimoto S and Hauck J and Klatt B J and Kok K and Krug R M and Niamir A and O'Farrell P J and Okayasu S and Palomo I and Pereira L M and Riordan P and Santos-Martin F and Selomane O and Shin Y J and Valle M,<Go to ISI>://WOS:000490942000017,,,,,"Sitas, Nadia Harmackova, Zuzana V. Anticamara, Jonathan A. Arneth, Almut Badola, Ruchi Biggs, Reinette Blanchard, Ryan Brotons, Lluis Cantele, Matthew Coetzer, Kaera DasGupta, Rajarshi den Belder, Eefje Ghosh, Sonali Guisan, Antoine Gundimeda, Haripriya Hamann, Maike Harrison, Paula A. Hashimoto, Shizuka Hauck, Jennifer Klatt, Brian J. Kok, Kasper Krug, Rainer M. Niamir, Aidin O'Farrell, Patrick J. Okayasu, Sana Palomo, Ignacio Pereira, Laura M. Riordan, Philip Santos-Martin, Fernando Selomane, Odirilwe Shin, Yunne-Jai Valle, Mireia blanchard, ryan/B-8856-2017; Shin, Yunne-Jai/A-7575-2012; Guisan, Antoine/A-1057-2011; Dasgupta, Rajarshi/AAF-7822-2021; Niamir, Aidin/G-5779-2011; HASHIMOTO, Shizuka/P-5317-2019; Riordan, Philip/AAY-6420-2020; Arneth, Almut/B-2702-2013; DasGupta, Rajarshi/AAX-2695-2021; Pereira, Laura M./L-7258-2013; Biggs, Reinette/A-5155-2010; O'Farrell, Patrick/AAQ-7728-2021; Hauck, Jennifer/P-4115-2017; Selomane, Odirilwe/L-8068-2019; PALOMO, IGNACIO/D-4398-2014; Harmáčková, Zuzana V./G-1886-2014; Valle, Mireia/G-5783-2011 blanchard, ryan/0000-0002-3560-4133; Shin, Yunne-Jai/0000-0002-7259-9265; Guisan, Antoine/0000-0002-3998-4815; Niamir, Aidin/0000-0003-4511-3407; HASHIMOTO, Shizuka/0000-0003-4423-9374; Arneth, Almut/0000-0001-6616-0822; DasGupta, Rajarshi/0000-0003-0051-5090; Pereira, Laura M./0000-0002-4996-7234; Biggs, Reinette/0000-0003-0300-4149; O'Farrell, Patrick/0000-0002-9538-8831; Hauck, Jennifer/0000-0002-1614-9657; Selomane, Odirilwe/0000-0002-6892-4221; PALOMO, IGNACIO/0000-0002-4573-5989; Harmáčková, Zuzana V./0000-0001-7711-4135; Okayasu, Sana/0000-0002-6534-0458; Santos Martin, Fernando/0000-0002-2301-5876; Sitas, Nadia/0000-0003-0888-8617; Kok, Kasper/0000-0002-6319-9227; Riordan, Philip/0000-0001-6285-8596; Valle, Mireia/0000-0001-8517-8518 | RAYYAN-INCLUSION: {""Philip""=>""Included"", ""Alice""=>""Included"", ""fereshteh""=>""Included"", ""Alec""=>""Excluded""}",10.5751/es-11039-240335,eppi-reviewer,,
rayyan-83177423,The role and value of science in shark conservation advocacy,2021,,,Scientific Reports,,11,1,16626-16626,Shiffman D S and Macdonald C C and Wallace S S and Dulvy N K,https://ovidsp.ovid.com/ovidweb.cgi?T=JS&CSC=Y&NEWS=N&PAGE=fulltext&D=med19&AN=34404844 https://discover.lshtm.ac.uk/openurl/44HYG/44HYG_services_page?sid=OVID:medline&id=doi:10.1038%2Fs41598-021-96020-4&id=pmid34404844&issn=2045-2322&isbn=&volume=11&issue=1&spage=16626&pages=16626&date=2021&title=Scientific+Reports&atitle=The+role+and+value+of+science+in+shark+conservation+advocacy.&aulast=Shiffman&pid=%3Cauthor%3EShiffman+DS%3BMacdonald+CC%3BWallace+SS%3BDulvy+NK%3C%2Fauthor%3E%3CAN%3E34404844,,,"Shiffman, David S. Earth to Oceans Group, Department of Biological Sciences, Simon Fraser University",,"Shiffman, David S Macdonald, Catherine C Wallace, S Scott Dulvy, Nicholas K | RAYYAN-INCLUSION: {""Matthew""=>""Included"", ""Philip""=>""Included"", ""Alice""=>""Included"", ""Carlos""=>""Excluded"", ""Tabitha""=>""Excluded"", ""Prishnee""=>""Excluded"", ""Valentin""=>""Included"", ""Elina""=>""Excluded"", ""fereshteh""=>""Included"", ""Aidan""=>""Included"", ""Tiff""=>""Excluded"", ""Iris""=>""Excluded"", ""Sarah""=>""Included"", ""Nibedita""=>""Included"", ""Alec""=>""Included"", ""Isobel""=>""Included""}",,eppi-reviewer,,
rayyan-83177424,Harnessing the Power of Community Science to Address Data Gaps in Arctic Observing: Invasive Species in Alaska as Case Examples,2021,,,Arctic Journal,,74,,Jan-14,Schwoerer Tobias and Spellman Katie V and Davis Tammy J and Lee Olivia and Martin Aaron and Mulder Christa P H and Swenson Nicole Y and Taylor Audrey and Winter Genelle,http://0-search.ebscohost.com.catalogue.libraries.london.ac.uk/login.aspx?direct=true&db=a9h&AN=153358032&site=ehost-live,,,,,"Schwoerer, Tobias 1; Email Address: tschwoerer@alaska.edu Spellman, Katie V. 1 Davis, Tammy J. 2 Lee, Olivia 1 Martin, Aaron 3 Mulder, Christa P. H. 4 Swenson, Nicole Y. 5 Taylor, Audrey 6 Winter, Genelle 7; Affiliation: 1: International Arctic Research Center, University of Alaska Fairbanks, 2160 North Koyukuk Drive, Fairbanks, Alaska 99775, USA 2: Alaska Department of Fish and Game, 1255 West 8th Street, Juneau, Alaska 99801, USA 3: U.S. Fish and Wildlife Service, 1011 East Tudor Road, Anchorage, Alaska 99503, USA 4: Institute of Arctic Biology and Department of Biology and Wildlife, University of Alaska Fairbanks, 2140 North Koyukuk Drive, Fairbanks, Alaska 99775, USA 5: Tyonek Tribal Conservation District, 1689 C Street, Suite 219, Anchorage, Alaska 99501, USA 6: Department of Biological Sciences, University of Alaska Anchorage, 3211 Providence Drive, Anchorage, Alaska 99508, USA 7: Metlakatla Indian Community, PO Box 8, Metlakatla, Alaska 99926, USA; Source Info: 2021 Supplement, Vol. 74, p1; Subject Term: INTRODUCED organisms; Subject Term: DATA science; Subject Term: COMMUNITY-based programs; Subject Term: CITIZEN science; Subject Term: BIOLOGICAL invasions; Subject Term: FOOD security; Subject Term: ECOSYSTEMS; Subject Term: ARCTIC regions; Subject Term: ALASKA; Author-Supplied Keyword: alien species; Author-Supplied Keyword: Arctic observing; Author-Supplied Keyword: citizen science; Author-Supplied Keyword: community science; Author-Supplied Keyword: early detection; Author-Supplied Keyword: evidence-based policy; Author-Supplied Keyword: monitoring; Author-Supplied Keyword: détection précoce; Author-Supplied Keyword: espèces étrangères; Author-Supplied Keyword: observation de l'Arctique; Author-Supplied Keyword: politique fondée sur des données probantes; Author-Supplied Keyword: science citoyenne; Author-Supplied Keyword: science communautaire; Author-Supplied Keyword: surveillance; Language of Keywords: English; Language of Keywords: French; Number of Pages: 14p; Document Type: Article | RAYYAN-INCLUSION: {""Philip""=>""Excluded"", ""fereshteh""=>""Included"", ""Aidan""=>""Excluded"", ""Alec""=>""Excluded""}",10.14430/arctic73773,eppi-reviewer;INTRODUCED organi;m;DATA;cience COMMUNITY-ba;ed program;CITIZEN;cience BIOLOGICAL inva;ion;FOOD;ecurity ECOSYSTEMS ARCTIC region;ALASKA alien;pecie;Arctic ob;erving community;cience early detection evidence-ba;ed policy monitoring détection précoce e;pèce;étrangère;ob;ervation de l'Arctique politique fondée;ur de;donnée;probante;cience citoyenne;cience communautaire;urveillance,,
rayyan-83177427,Adopting Citizen Science as a Tool to Enhance Monitoring for an Environment Agency,2019,,,Citizen Science: Theory & Practice,,6,1,01-Sep,Roger Erin and Turak Eren and Tegart Patrick,http://0-search.ebscohost.com.catalogue.libraries.london.ac.uk/login.aspx?direct=true&db=a9h&AN=140757826&site=ehost-live,,,,,"Roger, Erin 1; Email Address: erin.roger@csiro.au Turak, Eren 1 Tegart, Patrick 1; Affiliation: 1: NSW Office of Environment and Heritage, AU; Source Info: 2019, Vol. 6 Issue 1, p1; Subject Term: CITIZEN science; Subject Term: ACQUISITION of data; Subject Term: DECISION making; Subject Term: PILOT projects; Subject Term: COMMUNITY involvement; Author-Supplied Keyword: barriers; Author-Supplied Keyword: citizen science; Author-Supplied Keyword: decision-making; Author-Supplied Keyword: government; Author-Supplied Keyword: strategy; Number of Pages: 9p; Document Type: Article | RAYYAN-INCLUSION: {""Philip""=>""Excluded"", ""Elina""=>""Excluded"", ""fereshteh""=>""Included"", ""Alec""=>""Excluded""}",10.5334/cstp.231,eppi-reviewer;CITIZEN;cience ACQUISITION of data DECISION making PILOT project;COMMUNITY involvement barrier;deci;ion-making government;trategy,,
rayyan-83177428,Boundary Work: Engaging Knowledge Systems in Co-management of Feral Animals on Indigenous Lands,2012,,,Ecology & Society,,17,2,387-399,Robinson Catherine J and Wallington Tabatha J,http://0-search.ebscohost.com.catalogue.libraries.london.ac.uk/login.aspx?direct=true&db=a9h&AN=77928781&site=ehost-live,,,,,"Robinson, Catherine J. 1 Wallington, Tabatha J. 1; Affiliation: 1: CSIRO Ecosystem Sciences; Source Info: 2012, Vol. 17 Issue 2, p387; Subject Term: FERAL animals; Subject Term: WILDLIFE conservation; Subject Term: TRADITIONAL ecological knowledge; Subject Term: ENVIRONMENTAL management; Subject Term: ENVIRONMENTAL protection; Subject Term: AUSTRALIA; Author-Supplied Keyword: co-benefits; Author-Supplied Keyword: co-managed boundary work; Author-Supplied Keyword: collaboration; Author-Supplied Keyword: environmental governance; Author-Supplied Keyword: feral animal management; Author-Supplied Keyword: Indigenous knowledge; Author-Supplied Keyword: knowledge-action systems; Number of Pages: 12p; Document Type: Article | RAYYAN-INCLUSION: {""Philip""=>""Excluded"", ""fereshteh""=>""Excluded"", ""Iris""=>""Included"", ""Alec""=>""Included""}",10.5751/ES-04836-170216,eppi-reviewer;FERAL animal;WILDLIFE con;ervation TRADITIONAL ecological knowledge ENVIRONMENTAL management ENVIRONMENTAL protection AUSTR...;co-managed boundary work collaboration environmental governance feral animal management Indigenou;knowledge knowledge-action;y;tem,,
rayyan-83177429,Social process in grizzly bear management: lessons for collaborative governance and natural resource policy,2012,,,Policy Sciences,322687,45,3,265-291,Richie Lauren and Oppenheimer J Daniel and Clark Susan G,https://www.proquest.com/scholarly-journals/social-process-grizzly-bear-management-lessons/docview/1030728772/se-2?accountid=14511 https://ucl-new-primo.hosted.exlibrisgroup.com/openurl/UCL/UCL_VU2?url_ver=Z39.88-2004&rft_val_fmt=info:ofi/fmt:kev:mtx:journal&genre=article&sid=ProQ:ProQ%3Aibss&atitle=Social+process+in+grizzly+bear+management%3A+lessons+for+collaborative+governance+and+natural+resource+policy&title=Policy+Sciences&issn=00322687&date=2012-09-01&volume=45&issue=3&spage=265&au=Richi,,,,,"Copyright - Springer Science+Business Media, LLC. 2012 CODEN - PLSCBZ SubjectsTermNotLitGenreText - Canada | RAYYAN-INCLUSION: {""Philip""=>""Excluded"", ""fereshteh""=>""Excluded"", ""Sarah""=>""Included"", ""Alec""=>""Included""}",https://doi.org/10.1007/s11077-012-9160-z,eppi-reviewer;Political Science;Natural resource management;Bears;Public policy;Analysis;Studies;Collaboration;National parks;Decision making;Canada;71219:Nature Parks and Other Similar Institutions;2600:Management science/operations research;9130:Experimental/theoretical;9172:Canada;1200:Social policy;1530:Natural resources,,
rayyan-83177433,Evidence-informed policy and practice: The role and potential of civil society,2020,,,African Evaluation Journal,,8,1,01-Nov,Pabari Mine and Amisi Matodzi M and David-Gnahoui Emmanuel and Bedu-Addo Dede and Goldman Ian,http://0-search.ebscohost.com.catalogue.libraries.london.ac.uk/login.aspx?direct=true&db=a9h&AN=148228034&site=ehost-live,,,,,"Pabari, Mine 1; Email Address: mine.pabari@athariadvisory.co.ke Amisi, Matodzi M. 1 David-Gnahoui, Emmanuel 2 Bedu-Addo, Dede 3 Goldman, Ian 1; Affiliation: 1: CLEAR Anglophone Africa (CLEAR AA), Faculty of Commerce, Law and Management, University of the Witwatersrand, Johannesburg, South Africa 2: Faculty of Human and Social Sciences, University of Abomey-Calavi, Cotonou, Benin 3: Ghana Monitoring and Evaluation Forum (GMEF), Accra, Ghana; Source Info: 2020, Vol. 8 Issue 1, p1; Subject Term: CIVIL society; Subject Term: VIOLENCE against women; Subject Term: BEHAVIOR; Subject Term: CASE studies; Subject Term: BENIN; Subject Term: GHANA; Subject Term: KENYA; Author-Supplied Keyword: Citizen engagement; Author-Supplied Keyword: Civil society; Author-Supplied Keyword: Evidence use; Author-Supplied Keyword: Evidence-informed policymaking; Author-Supplied Keyword: Sustainable development; Number of Pages: 11p; Document Type: Article | RAYYAN-INCLUSION: {""Philip""=>""Excluded"", ""fereshteh""=>""Excluded"", ""Aidan""=>""Excluded"", ""Alec""=>""Included""}",10.4102/aej.v8i1.470,eppi-reviewer;CIVIL;ociety VIOLENCE again;t women BEHAVIOR CASE;tudie;BENIN GHANA KENYA Citizen engagement Evidence u;e Evidence-informed policymaking Su;tainable development,,
rayyan-83177435,Pathways to impact for aquatic conservation science via multi-modal communication and stakeholder engagement,2020,,,Aquatic Conservation-Marine and Freshwater Ecosystems,1052-7613,30,9,1791-1797,Noble M M and Fulton C J,<Go to ISI>://WOS:000570237100014,,,,,"Noble, Mae M. Fulton, Christopher J. Fulton, Christopher J/A-5971-2008 Fulton, Christopher J/0000-0002-1140-1999 1099-0755 Si | RAYYAN-INCLUSION: {""Matthew""=>""Included"", ""Philip""=>""Included"", ""Alice""=>""Included"", ""Carlos""=>""Maybe"", ""Tabitha""=>""Included"", ""Prishnee""=>""Excluded"", ""Valentin""=>""Excluded"", ""Elina""=>""Included"", ""fereshteh""=>""Excluded"", ""Aidan""=>""Included"", ""Tiff""=>""Included"", ""Iris""=>""Included"", ""Sarah""=>""Included"", ""Nibedita""=>""Included"", ""Alec""=>""Included"", ""Isobel""=>""Included""}",10.1002/aqc.3380,eppi-reviewer,,
rayyan-83177440,Use of web-based species occurrence information systems by academics and government professionals,2020,,,PLoS ONE [Electronic Resource],,15,7,e0236556-e0236556,Martin-Mora E and Ellis S and Page L M,https://ovidsp.ovid.com/ovidweb.cgi?T=JS&CSC=Y&NEWS=N&PAGE=fulltext&D=med18&AN=32735594 https://discover.lshtm.ac.uk/openurl/44HYG/44HYG_services_page?sid=OVID:medline&id=doi:10.1371%2Fjournal.pone.0236556&id=pmid32735594&issn=1932-6203&isbn=&volume=15&issue=7&spage=e0236556&pages=e0236556&date=2020&title=PLoS+ONE+%5BElectronic+Resource%5D&atitle=Use+of+web-based+species+occurrence+information+systems+by+academics+and+government+professionals.&aulast=Martin-Mora&pid=%3Cauthor%3EMartin-Mora+E%3BE,,,"Martin-Mora, Elizabeth. School of Natural Resources and Environment, University of Florida, Gainesvi",,"Martin-Mora, Elizabeth Ellis, Shari Page, Lawrence M | RAYYAN-INCLUSION: {""Matthew""=>""Included"", ""Philip""=>""Included"", ""Alice""=>""Included"", ""Carlos""=>""Excluded"", ""Tabitha""=>""Excluded"", ""Prishnee""=>""Excluded"", ""Valentin""=>""Included"", ""Elina""=>""Excluded"", ""fereshteh""=>""Excluded"", ""Aidan""=>""Included"", ""Tiff""=>""Excluded"", ""Iris""=>""Included"", ""Sarah""=>""Excluded"", ""Nibedita""=>""Excluded"", ""Alec""=>""Included"", ""Isobel""=>""Included""}",,eppi-reviewer,,
rayyan-83177445,Stakeholder participation in IPBES: connecting local environmental work with global decision making,2020,,,Ecosystems and People,,16,1,197-211,"Krug Cornelia B and Sterling Eleanor and Cadman Timothy and Geschke Jonas and Drummond de Castro, Paula F and Schliep Rainer and Osemwegie Isimemen and Muller-Karger Frank E and Maraseni Tek",https://ovidsp.ovid.com/ovidweb.cgi?T=JS&CSC=Y&NEWS=N&PAGE=fulltext&D=pmnm5&AN=32984823 https://discover.lshtm.ac.uk/openurl/44HYG/44HYG_services_page?sid=OVID:medline&id=doi:10.1080%2F26395916.2020.1788643&id=pmid32984823&issn=2639-5908&isbn=&volume=16&issue=1&spage=197&pages=197-211&date=2020&title=Ecosystems+and+People&atitle=Stakeholder+participation+in+IPBES%3A+connecting+local+environmental+work+with+global+decision+making.&aulast=Krug&pid=%3Cauthor%3EKrug+CB%3BSterling+E%3BCadman+T%3BGesc,,,"Krug, Cornelia B. bioDISCOVERY, Department of Geography, University of Zurich, Zurich, Switzerland.",,"Krug CB Sterling E Cadman T Geschke J Drummond de Castro PF Schliep R Osemwegie I Muller-Karger FE Maraseni T | RAYYAN-INCLUSION: {""Philip""=>""Excluded"", ""Carlos""=>""Included"", ""Elina""=>""Excluded"", ""fereshteh""=>""Included""}",,eppi-reviewer,,
rayyan-83177449,Improving technical information use: what can be learnt from a manager's perspective?,2013,,,Environmental Management,,52,1,221-233,Jacobson C and Lisle A and Carter R W and Hockings M T,https://ovidsp.ovid.com/ovidweb.cgi?T=JS&CSC=Y&NEWS=N&PAGE=fulltext&D=med10&AN=23728487 https://discover.lshtm.ac.uk/openurl/44HYG/44HYG_services_page?sid=OVID:medline&id=doi:10.1007%2Fs00267-013-0084-y&id=pmid23728487&issn=0364-152X&isbn=&volume=52&issue=1&spage=221&pages=221-33&date=2013&title=Environmental+Management&atitle=Improving+technical+information+use%3A+what+can+be+learnt+from+a+manager%27s+perspective%3F.&aulast=Jacobson&pid=%3Cauthor%3EJacobson+C%3BLisle+A%3BCarter+RW%3BHockings+MT,,,"Jacobson, C. Sustainability Research Centre, University of the Sunshine Coast, Maroochydore DC, Lock",,"Jacobson, C Lisle, A Carter, R W Hockings, M T | RAYYAN-INCLUSION: {""Matthew""=>""Included"", ""Philip""=>""Included"", ""Alice""=>""Included"", ""Carlos""=>""Included"", ""Tabitha""=>""Included"", ""Prishnee""=>""Included"", ""Valentin""=>""Excluded"", ""Elina""=>""Included"", ""fereshteh""=>""Excluded"", ""Aidan""=>""Included"", ""Tiff""=>""Included"", ""Iris""=>""Included"", ""Sarah""=>""Included"", ""Nibedita""=>""Excluded"", ""Alec""=>""Included"", ""Isobel""=>""Included""}",,eppi-reviewer,,
rayyan-83177453,Science Collaboration for Capacity Building: Advancing Technology Transfer Through a Treaty for Biodiversity Beyond National Jurisdiction,2020,,,Frontiers in Marine Science,,7,,,Harden-Davies H and Snelgrove P,<Go to ISI>://WOS:000517576400001,,,,,"Harden-Davies, Harriet Snelgrove, Paul Harden-Davies, Harriet/0000-0002-8214-5187 2296-7745 | RAYYAN-INCLUSION: {""Philip""=>""Excluded"", ""Carlos""=>""Excluded"", ""Elina""=>""Excluded"", ""fereshteh""=>""Included""}",10.3389/fmars.2020.00040,eppi-reviewer,,
rayyan-83177455,The ecosystem approach as a framework for understanding knowledge utilisation,2014,,,ENVIRONMENT AND PLANNING C-GOVERNMENT AND POLICY,,32,2,301-319,Haines-Young Roy and Potschin Marion,,,SAGE PUBLICATIONS LTD,"1 OLIVERS YARD, 55 CITY ROAD, LONDON EC1Y 1SP, ENGLAND",,"RAYYAN-INCLUSION: {""Philip""=>""Excluded"", ""Carlos""=>""Excluded"", ""fereshteh""=>""Excluded""}",10.1068/c1329j,eppi-reviewer;eco;y;tem approach;knowledge utili;ation and inno,,
rayyan-83177457,The role of boundary organizations in co-management: examining the politics of knowledge integration in a marine protected area in Belize,2016,,,International Journal of the Commons,1875-0281,10,2,1013-1034,Gray N J,<Go to ISI>://WOS:000388648200025,,,,,"Gray, Noella J. Annual Conference of the American-Anthropological-Association 2013 Chicago, IL Amer Anthropol Assoc | RAYYAN-INCLUSION: {""Matthew""=>""Included"", ""Philip""=>""Included"", ""fereshteh""=>""Included""}",10.18352/ijc.643,eppi-reviewer,,
rayyan-83177458,Data selection for making biodiversity management decisions: Best available science and institutionalized agency norms,2013,,,Administration & Society,,45,2,213-241,Gerlach John David and Williams Laron K and Forcina Colleen E,https://ovidsp.ovid.com/ovidweb.cgi?T=JS&CSC=Y&NEWS=N&PAGE=fulltext&D=psyc10&AN=2013-15898-005 https://discover.lshtm.ac.uk/openurl/44HYG/44HYG_services_page?sid=OVID:psycdb&id=doi:10.1177%2F0095399712451886&id=pmid&issn=0095-3997&isbn=&volume=45&issue=2&spage=213&pages=213-241&date=2013&title=Administration+%26+Society&atitle=Data+selection+for+making+biodiversity+management+decisions%3A+Best+available+science+and+institutionalized+agency+norms.&aulast=Gerlach&pid=%3Cauthor%3EGerlach%2C+John+D,,,,,"RAYYAN-INCLUSION: {""Philip""=>""Included"", ""Alice""=>""Included"", ""fereshteh""=>""Included""}",,eppi-reviewer,,
rayyan-83177461,Exploring connections among the multiple outputs and outcomes emerging from 25 years of sea turtle conservation in Northern Cyprus,2020,,,Journal for Nature Conservation,1617-1381,55,,,Edwards R C and Godley B J and Nuno A,<Go to ISI>://WOS:000536928400016,,,,,"Edwards, Rachael C. Godley, Brendan J. Nuno, Ana Nuno, Ana/H-9497-2019 Nuno, Ana/0000-0003-4680-2378; Edwards, Rachael Catherine/0000-0003-4717-7615 1618-1093 | RAYYAN-INCLUSION: {""Matthew""=>""Included"", ""Philip""=>""Excluded"", ""fereshteh""=>""Included""}",10.1016/j.jnc.2020.125816,eppi-reviewer,,
rayyan-83177462,Red lists in conservation science-policy interfaces: A case study from Vietnam,2018,,,Biological Conservation,,226,,101-110,Do Thi Huong and Krott Max and Juerges Nataly and Böcher Michael,http://0-search.ebscohost.com.catalogue.libraries.london.ac.uk/login.aspx?direct=true&db=a9h&AN=131628516&site=ehost-live,,,,,"Do, Thi Huong 1; Email Address: dohuongnlkh@gmail.com Krott, Max 1 Juerges, Nataly 1 Böcher, Michael 1; Affiliation: 1: Chair Group of Forest and Nature Conservation Policy, George-August University of Göttingen, Büsgenweg 3, 37077 Göttingen, Germany; Source Info: Oct2018, Vol. 226, p101; Subject Term: ENDANGERED species; Subject Term: BIODIVERSITY conservation; Subject Term: KNOWLEDGE transfer; Subject Term: CONSERVATION biology; Author-Supplied Keyword: Biodiversity conservation; Author-Supplied Keyword: Red lists; Author-Supplied Keyword: RIU model; Author-Supplied Keyword: Science–policy interface; Author-Supplied Keyword: Science-based policy advice; Author-Supplied Keyword: Vietnamese Red Data Book; Reviews &amp; Products: RED data book; Number of Pages: 10p; Document Type: Article | RAYYAN-INCLUSION: {""Philip""=>""Included"", ""fereshteh""=>""Included"", ""Nibedita""=>""Included""}",10.1016/j.biocon.2018.07.016,eppi-reviewer;ENDANGERED;pecie;BIODIVERSITY con;ervation KNOWLEDGE tran;fer CONSERVATION biology Red li;t;RIU model Science–policy interface Science-ba;ed policy advice Vietname;e Red Data Book RED data book,,
rayyan-83177463,Toward successful implementation of conservation research: A case study from Vietnam,2018,,,Ambio,,47,5,608-621,Do Thi and H and Krott M and Bocher M and Juerges N,https://ovidsp.ovid.com/ovidweb.cgi?T=JS&CSC=Y&NEWS=N&PAGE=fulltext&D=med15&AN=29264868 https://discover.lshtm.ac.uk/openurl/44HYG/44HYG_services_page?sid=OVID:medline&id=doi:10.1007%2Fs13280-017-0999-2&id=pmid29264868&issn=0044-7447&isbn=&volume=47&issue=5&spage=608&pages=608-621&date=2018&title=Ambio&atitle=Toward+successful+implementation+of+conservation+research%3A+A+case+study+from+Vietnam.&aulast=Do+Thi&pid=%3Cauthor%3EDo+Thi+H%3BKrott+M%3BBocher+M%3BJuerges+N%3C%2Fauthor%3E%3CAN%3E2926486,,,"Do Thi, Huong. Chair Group of Forest and Nature Conservation Policy, George-August University of Got",,"Do Thi, Huong Krott, Max Bocher, Michael Juerges, Nataly | RAYYAN-INCLUSION: {""Philip""=>""Excluded"", ""Carlos""=>""Included"", ""Elina""=>""Included"", ""fereshteh""=>""Included""}",,eppi-reviewer,,
rayyan-83177464,What works in conservation? Using expert assessment of summarised evidence to identify practices that enhance natural pest control in agriculture,2016,,,Biodiversity & Conservation,,25,7,1383-1399,Dicks Lynn V and Wright Hugh L and Ashpole Joscelyne E and Hutchison James and McCormack Caitlin G and Livoreil Barbara and Zulka Klaus Peter and Sutherland William J,https://ovidsp.ovid.com/ovidweb.cgi?T=JS&CSC=Y&NEWS=N&PAGE=fulltext&D=pmnm3&AN=32355426 https://discover.lshtm.ac.uk/openurl/44HYG/44HYG_services_page?sid=OVID:medline&id=doi:10.1007%2Fs10531-016-1133-7&id=pmid32355426&issn=0960-3115&isbn=&volume=25&issue=7&spage=1383&pages=1383-1399&date=2016&title=Biodiversity+%26+Conservation&atitle=What+works+in+conservation%3F+Using+expert+assessment+of+summarised+evidence+to+identify+practices+that+enhance+natural+pest+control+in+agriculture.&aulast=Dicks&,,,"Dicks, Lynn V. 1Department of Zoology, University of Cambridge, Cambridge, CB2 3QZ UK. Wright, Hugh",,"Dicks LV Wright HL Ashpole JE Hutchison J McCormack CG Livoreil B Zulka KP Sutherland WJ | RAYYAN-INCLUSION: {""Matthew""=>""Included"", ""Philip""=>""Excluded"", ""fereshteh""=>""Included""}",,eppi-reviewer,,
rayyan-83177466,Comparing student and professional responses toward advocacy in science,2016,,,Human Dimensions of Wildlife,,21,4,361-370,Crawford Brian A and Kramer David W and Hinton Joseph W,https://ovidsp.ovid.com/ovidweb.cgi?T=JS&CSC=Y&NEWS=N&PAGE=fulltext&D=psyc13&AN=2016-26995-007 https://discover.lshtm.ac.uk/openurl/44HYG/44HYG_services_page?sid=OVID:psycdb&id=doi:10.1080%2F10871209.2016.1149747&id=pmid&issn=1087-1209&isbn=&volume=21&issue=4&spage=361&pages=361-370&date=2016&title=Human+Dimensions+of+Wildlife&atitle=Comparing+student+and+professional+responses+toward+advocacy+in+science.&aulast=Crawford&pid=%3Cauthor%3ECrawford%2C+Brian+A%3BKramer%2C+David+W%3BHinton%2C+Joseph,,,,,"RAYYAN-INCLUSION: {""Philip""=>""Excluded"", ""fereshteh""=>""Excluded""}",,eppi-reviewer,,
rayyan-83177468,"Governance Challenges in Joint Inter-Jurisdictional Management: The Grand Teton National Park, Wyoming, Elk Case",2015,,,Environmental Management,,56,2,286-299,Clark S G and Vernon M E,https://ovidsp.ovid.com/ovidweb.cgi?T=JS&CSC=Y&NEWS=N&PAGE=fulltext&D=med12&AN=25904468 https://discover.lshtm.ac.uk/openurl/44HYG/44HYG_services_page?sid=OVID:medline&id=doi:10.1007%2Fs00267-015-0515-z&id=pmid25904468&issn=0364-152X&isbn=&volume=56&issue=2&spage=286&pages=286-99&date=2015&title=Environmental+Management&atitle=Governance+Challenges+in+Joint+Inter-Jurisdictional+Management%3A+The+Grand+Teton+National+Park%2C+Wyoming%2C+Elk+Case.&aulast=Clark&pid=%3Cauthor%3EClark+SG%3BVernon+ME%3,,,"Clark, Susan G. School of Forestry and Environmental Studies, Yale University, 195 Prospect, New Hav",,"Clark, Susan G Vernon, Marian E | RAYYAN-INCLUSION: {""Philip""=>""Excluded"", ""fereshteh""=>""Included"", ""Sarah""=>""Included""}",,eppi-reviewer,,
rayyan-83177469,Wyoming sage-grouse working groups: lessons learned,2017,,,Human-Wildlife Interactions,1934-4392,11,3,274-286,Christiansen T J and Belton L R,<Go to ISI>://WOS:000422844800012,,,,,"Christiansen, Thomas J. Belton, Lorien R. 1936-8046 | RAYYAN-INCLUSION: {""fereshteh""=>""Excluded""}",,eppi-reviewer,,
rayyan-83177470,Creating a biodiversity science community: Experiences from a European Network of Knowledge,2015,,,Environmental Science and Policy,,54,,497-504,Carmen E and Nesshover C and Saarikoski H and Vandewalle M and Watt A and Wittmer H and Young J,https://ovidsp.ovid.com/ovidweb.cgi?T=JS&CSC=Y&NEWS=N&PAGE=fulltext&D=emed16&AN=603965883 https://discover.lshtm.ac.uk/openurl/44HYG/44HYG_services_page?sid=OVID:embase&id=doi:10.1016%2Fj.envsci.2015.03.014&id=pmid&issn=1462-9011&isbn=&volume=54&issue=&spage=497&pages=497-504&date=2015&title=Environmental+Science+and+Policy&atitle=Creating+a+biodiversity+science+community%3A+Experiences+from+a+European+Network+of+Knowledge&aulast=Carmen&pid=%3Cauthor%3ECarmen+E.%3BNesshover+C.%3BSaarikoski+H.%3,,,,,"RAYYAN-INCLUSION: {""Philip""=>""Included"", ""fereshteh""=>""Included"", ""Nibedita""=>""Excluded""}",,eppi-reviewer,,
rayyan-83177471,A tenuous link: Information transfer between urban ecological research and restoration practice,2021,,,Urban Forestry & Urban Greening,1618-8667,60,,,Busbridge S and Clarkson B D and Wallace K J,<Go to ISI>://WOS:000636302300005,,,,,"Busbridge, Sarah Clarkson, Bruce D. Wallace, K. J. 1610-8167 | RAYYAN-INCLUSION: {""Philip""=>""Included"", ""fereshteh""=>""Excluded"", ""Iris""=>""Included""}",10.1016/j.ufug.2021.127019,eppi-reviewer,,
rayyan-83177472,Rural local institutions and climate change adaptation in forest communities in Cameroon,2015,,,Ecology and Society,1708-3087,20,2,,Brown H C. P and Sonwa D J,<Go to ISI>://WOS:000357622800007,,,,,"Brown, H. Carolyn Peach Sonwa, Denis J. | RAYYAN-INCLUSION: {""Tabitha""=>""Excluded"", ""fereshteh""=>""Excluded""}",10.5751/es-07327-200206,eppi-reviewer,,
rayyan-83177473,Science-based Stakeholder Dialogue for Environmental Policy Implementation,2021,,,Conservation & Society,0972-4923,19,4,225-235,Brites A D and de Mello K and Tavares P A and Metzger J P and Rodrigues R R and Molin P G and Pinto L F. G and Joly C A and Fernandes J F. A and Machado F S and Trani E and Sparovek G,<Go to ISI>://WOS:000754309300003,,,,,"Brites, Alice Dantas de Mello, Kaline Tavares, Paulo Andre Metzger, Jean Paul Rodrigues, Ricardo Riberio Molin, Paulo Guilherme Guedes Pinto, Luis Fernando Joly, Carlos Alfredo Adrien Fernandes, Joao Franciso Machado, Frederico Soares Trani, Eduardo Sparovek, Gerd Rodrigues, Ricardo Ribeiro R/D-5557-2012; Molin, Paulo Guilherme/G-9094-2012; Metzger, Jean Paul/C-2514-2012 Rodrigues, Ricardo Ribeiro R/0000-0003-4818-0736; Molin, Paulo Guilherme/0000-0002-4587-935X; Metzger, Jean Paul/0000-0002-0087-5240 0975-3133 | RAYYAN-INCLUSION: {""fereshteh""=>""Excluded""}",10.4103/cs.cs_20_134,eppi-reviewer,,
rayyan-83177475,Supporting evidence-based policy on biodiversity and ecosystem services: recommendations for effective policy briefs,2016,,,Evidence & Policy,1744-2648,12,3,431-451,Balian E V and Drius L and Eggermont H and Livoreil B and Vandewalle M and Vandewoestjine S and Wittmer H and Young J,<Go to ISI>://WOS:000383935900007,,,,,"Balian, Estelle V. Drius, Liza Eggermont, Hilde Livoreil, Barbara Vandewalle, Marie Vandewoestjine, Sofie Wittmer, Heidi Young, Juliette Young, Juliette/B-4225-2012; Wittmer, Heidi/H-7264-2012 Young, Juliette/0000-0002-8522-0883; Wittmer, Heidi/0000-0001-6966-7258; Vandewalle, Marie/0000-0003-3619-9763 1744-2656 Si | RAYYAN-INCLUSION: {""Matthew""=>""Excluded"", ""Philip""=>""Excluded"", ""fereshteh""=>""Included""}",10.1332/174426416x14700777371551,eppi-reviewer,,
rayyan-83177476,Is sharing truly caring? Environmental data value chains and policymaking in Europe and Central Asia,2020,,,Environmental Science and Policy,,114,,152-161,Aggestam F and Mangalagiu D,https://ovidsp.ovid.com/ovidweb.cgi?T=JS&CSC=Y&NEWS=N&PAGE=fulltext&D=emed21&AN=2007501625 https://discover.lshtm.ac.uk/openurl/44HYG/44HYG_services_page?sid=OVID:embase&id=doi:10.1016%2Fj.envsci.2020.07.012&id=pmid&issn=1462-9011&isbn=&volume=114&issue=&spage=152&pages=152-161&date=2020&title=Environmental+Science+and+Policy&atitle=Is+sharing+truly+caring%3F+Environmental+data+value+chains+and+policymaking+in+Europe+and+Central+Asia&aulast=Aggestam&pid=%3Cauthor%3EAggestam+F.%3BMangalagiu+D.%3,,,,,"RAYYAN-INCLUSION: {""Philip""=>""Excluded"", ""Tabitha""=>""Included"", ""Prishnee""=>""Included"", ""fereshteh""=>""Excluded""}",,eppi-reviewer,,
rayyan-83177478,The Use of Spatial Data Infrastructure in Environmental Management:an Example from the Spatial Planning Practice in Poland,2016,,,Environmental Management,,58,4,619-635,Zwirowicz-Rutkowska A and Michalik A,https://ovidsp.ovid.com/ovidweb.cgi?T=JS&CSC=Y&NEWS=N&PAGE=fulltext&D=med13&AN=27357806 https://discover.lshtm.ac.uk/openurl/44HYG/44HYG_services_page?sid=OVID:medline&id=doi:10.1007%2Fs00267-016-0732-0&id=pmid27357806&issn=0364-152X&isbn=&volume=58&issue=4&spage=619&pages=619-35&date=2016&title=Environmental+Management&atitle=The+Use+of+Spatial+Data+Infrastructure+in+Environmental+Management%3Aan+Example+from+the+Spatial+Planning+Practice+in+Poland.&aulast=Zwirowicz-Rutkowska&pid=%3Cauthor%3EZw,,,"Zwirowicz-Rutkowska, Agnieszka. Faculty of Geodesy, Geospatial and Civil Engineering, University of",,"Zwirowicz-Rutkowska, Agnieszka Michalik, Anna | RAYYAN-INCLUSION: {""Philip""=>""Included"", ""Prishnee""=>""Included"", ""Isobel""=>""Included""}",,eppi-reviewer,,
rayyan-83177480,"Knowledge management across the environment-policy interface in China: What knowledge is exchanged, why, and how is this undertaken?",2019,,,Environmental Science and Policy,,92,,66-75,Zheng Y and Naylor L A and Waldron S and Oliver D M,https://ovidsp.ovid.com/ovidweb.cgi?T=JS&CSC=Y&NEWS=N&PAGE=fulltext&D=emed20&AN=2001321380 https://discover.lshtm.ac.uk/openurl/44HYG/44HYG_services_page?sid=OVID:embase&id=doi:10.1016%2Fj.envsci.2018.09.021&id=pmid&issn=1462-9011&isbn=&volume=92&issue=&spage=66&pages=66-75&date=2019&title=Environmental+Science+and+Policy&atitle=Knowledge+management+across+the+environment-policy+interface+in+China%3A+What+knowledge+is+exchanged%2C+why%2C+and+how+is+this+undertaken%3F&aulast=Zheng&pid=%3Cauthor%,,,,,"RAYYAN-INCLUSION: {""Matthew""=>""Excluded""}",,eppi-reviewer,,
rayyan-83177488,Assessing the use of climate change information in State Wildlife Action Plans,2022,,,Conservation Science and Practice,,4,3,,Yocum H M and Sassorossi D M and Ray A J,<Go to ISI>://WOS:000746626700001,,,,,"Yocum, Heather M. Sassorossi, Deanna Metivier Ray, Andrea J. Ray, Andrea/Q-9848-2018 Ray, Andrea/0000-0001-5385-1202 2578-4854 | RAYYAN-INCLUSION: {""Philip""=>""Included"", ""fereshteh""=>""Excluded"", ""Nibedita""=>""Included""}",10.1111/csp2.608,eppi-reviewer,,
rayyan-83177493,Adaptive governance and the administrative state: knowledge management for forest planning in the western United States,2019,,,Regional Environmental Change,1436-3798,19,8,2651-2666,Wurtzebach Z and Schultz C and Waltz A E. M and Esch B E and Wasserman T N,<Go to ISI>://WOS:000511753200039,,,,,"Wurtzebach, Zachary Schultz, Courtney Waltz, Amy E. M. Esch, Bryce E. Wasserman, Tzeidle N. 1436-378x | RAYYAN-INCLUSION: {""Isobel""=>""Included""}",10.1007/s10113-019-01569-6,eppi-reviewer,,
rayyan-83177496,Science diplomacy in the Arctic: Contributions of the USGS to policy discourse and impact on governance,2022,,,Polar Record,0032-2474,58,,,Wood-Donnelly C and Bartels M P,<Go to ISI>://WOS:000809723600001,,,,,"Wood-Donnelly, Corine Bartels, Marianne Pascale 1475-3057 | RAYYAN-INCLUSION: {""Philip""=>""Excluded""}",10.1017/s0032247422000134,eppi-reviewer,,
rayyan-83177498,Is there enough water? How bearish and bullish outlooks are linked to decision maker perspectives on environmental flows,2021,,,Journal of Environmental Management,,280,,N.PAG-N.PAG,Wineland Sean M and Fovargue Rachel and York Betsey and Lynch Abigail J and Paukert Craig P and Neeson Thomas M,http://0-search.ebscohost.com.catalogue.libraries.london.ac.uk/login.aspx?direct=true&db=a9h&AN=147945436&site=ehost-live,,,,,"Wineland, Sean M. 1; Email Address: seanwineland@gmail.com Fovargue, Rachel 1 York, Betsey 2 Lynch, Abigail J. 3 Paukert, Craig P. 4 Neeson, Thomas M. 1; Affiliation: 1: Department of Geography and Environmental Sustainability, University of Oklahoma, Norman, OK, USA 2: Oklahoma Department of Wildlife Conservation, USA 3: U.S. Geological Survey, National Climate Adaptation Science Center, USA 4: U.S. Geological Survey, Missouri Cooperative Fish and Wildlife Research Unit, The School of Natural Resources, University of Missouri, USA; Source Info: Feb2021, Vol. 280, pN.PAG; Subject Term: NETWORK analysis (Communication); Subject Term: WATER supply; Subject Term: NATURAL resources; Subject Term: WATERSHEDS; Subject Term: SOCIAL network analysis; Subject Term: OKLAHOMA; Subject Term: TEXAS; Author-Supplied Keyword: Climate change; Author-Supplied Keyword: Decision making; Author-Supplied Keyword: Environmental flows; Author-Supplied Keyword: Freshwater biodiversity; Author-Supplied Keyword: Policy implementation; Author-Supplied Keyword: Water management; NAICS/Industry Codes: 221310 Water Supply and Irrigation Systems; Number of Pages: 1p; Document Type: Article | RAYYAN-INCLUSION: {""Philip""=>""Excluded"", ""Tabitha""=>""Included"", ""fereshteh""=>""Excluded""}",10.1016/j.jenvman.2020.111694,eppi-reviewer;NETWORK analy;i;(Communication) WATER;upply NATURAL re;ource;WATERSHEDS SOCIAL network analy;OKLAHOMA TEXAS Climate change Deci;ion making Environmental flow;Fre;hwater biodiver;ity Policy implementation Water management,,
rayyan-83177504,(Not So) common places: The roles of ecologists in environmental public policy,2021,,,Environmental Science and Policy,,126,,223-233,Weyland F and Von Below J,https://ovidsp.ovid.com/ovidweb.cgi?T=JS&CSC=Y&NEWS=N&PAGE=fulltext&D=emexa&AN=2015183395 https://discover.lshtm.ac.uk/openurl/44HYG/44HYG_services_page?sid=OVID:embase&id=doi:10.1016%2Fj.envsci.2021.10.015&id=pmid&issn=1462-9011&isbn=&volume=126&issue=&spage=223&pages=223-233&date=2021&title=Environmental+Science+and+Policy&atitle=%28Not+So%29+common+places%3A+The+roles+of+ecologists+in+environmental+public+policy&aulast=Weyland&pid=%3Cauthor%3EWeyland+F.%3BVon+Below+J.%3C%2Fauthor%3E%3CAN%3E2,,,,,"RAYYAN-INCLUSION: {""Isobel""=>""Included""}",,eppi-reviewer,,
rayyan-83177509,Enhancing Great Lakes coastal ecosystems research by initiating engagement between scientists and decision-makers,2021,,,Journal of Great Lakes Research,0380-1330,47,4,1235-1240,Weinstein C B and Bourgeau-Chavez L L and Martin S L and Currie W S and Grantham K and Hamlin Q F and Hyndman D W and Kowalski K P and Martina J P and Pearsall D,<Go to ISI>://WOS:000674493000008,,,,,"Weinstein, Charlotte B. Bourgeau-Chavez, Laura L. Martin, Sherry L. Currie, William S. Grantham, Katherine Hamlin, Quercus F. Hyndman, David W. Kowalski, Kurt P. Martina, Jason P. Pearsall, Doug Weinstein, Charlotte/0000-0001-9636-2919; Martina, Jason/0000-0002-3912-4911; Kowalski, Kurt/0000-0002-8424-4701; Martin, Sherry/0000-0001-7471-0476; Hamlin, Quercus/0000-0001-7093-5010 | RAYYAN-INCLUSION: {""Philip""=>""Excluded"", ""Alec""=>""Included""}",10.1016/j.jglr.2021.04.018,eppi-reviewer,,
rayyan-83177511,Policy-driven monitoring and evaluation: Does it support adaptive management of socio-ecological systems?,2019,,,Science of the Total Environment,,662,,373-384,Waylen Kerry A and Blackstock Kirsty L and van Hulst Freddy J and Damian Carmen and Horváth Ferenc and Johnson Richard K and Kanka Robert and Külvik Mart and Macleod Christopher J A and Meissner Kristian and Oprina-Pavelescu Mihaela M and Pino Joan and Primmer Eeva and Rîșnoveanu Geta and Šatalová Barbora and Silander Jari and Špulerová Jana and Suškevičs Monika and Van Uytvanck Jan,http://0-search.ebscohost.com.catalogue.libraries.london.ac.uk/login.aspx?direct=true&db=a9h&AN=134797588&site=ehost-live,,,,,"Waylen, Kerry A. 1; Email Address: Kerry.Waylen@hutton.ac.uk Blackstock, Kirsty L. 1 van Hulst, Freddy J. 1 Damian, Carmen 1 Horváth, Ferenc 1 Johnson, Richard K. 1 Kanka, Robert 1 Külvik, Mart 1 Macleod, Christopher J.A. 1 Meissner, Kristian 1 Oprina-Pavelescu, Mihaela M. 1 Pino, Joan 1 Primmer, Eeva 1 Rîșnoveanu, Geta 1 Šatalová, Barbora 1 Silander, Jari 1 Špulerová, Jana 1 Suškevičs, Monika 1 Van Uytvanck, Jan 1; Affiliation: 1: Social, Economic &amp; Geographical Sciences, The James Hutton Institute, Cragiebuckler, Scotland AB15 8QH, UK; Source Info: Apr2019, Vol. 662, p373; Author-Supplied Keyword: Adaptive management; Author-Supplied Keyword: Environmental governance; Author-Supplied Keyword: Monitoring &amp; evaluation; Author-Supplied Keyword: Policy; Author-Supplied Keyword: Socio-ecological systems; Author-Supplied Keyword: Sustainability; Number of Pages: 12p; Document Type: Article; Full Text Word Count: 12690 | RAYYAN-INCLUSION: {""Philip""=>""Excluded"", ""Aidan""=>""Excluded""}",10.1016/j.scitotenv.2018.12.462,eppi-reviewer;Adaptive management Environmental governance Monitoring & evaluation Policy Socio-ecological;y;tem;Su;tainability,,
rayyan-83177526,Not Learning from the Past: Adaptive Governance Challenges for Australian Natural Resource Management,2015,,,Geographical Research,,53,4,379-392,Vella Karen and Sipe Neil and Dale Allan and Taylor Bruce,http://0-search.ebscohost.com.catalogue.libraries.london.ac.uk/login.aspx?direct=true&db=a9h&AN=110482322&site=ehost-live,,,,,"VELLA, KAREN 1 SIPE, NEIL 2 DALE, ALLAN 3 TAYLOR, BRUCE 4; Affiliation: 1: Queensland University of Technology 2: University of Queensland 3: James Cook University 4: CSIRO; Source Info: Nov2015, Vol. 53 Issue 4, p379; Subject Term: NATURAL resources management; Subject Term: GRASSROOTS movements; Subject Term: SOCIAL movements; Subject Term: COMMUNITY support; Subject Term: DECISION making; Subject Term: AUSTRALIA; Author-Supplied Keyword: adaptive governance; Author-Supplied Keyword: Australia; Author-Supplied Keyword: evaluation; Author-Supplied Keyword: natural resource management; Author-Supplied Keyword: planning; NAICS/Industry Codes: 924110 Administration of Air and Water Resource and Solid Waste Management Programs; Number of Pages: 15p; Illustrations: 5 Charts; Document Type: Article | RAYYAN-INCLUSION: {""Tabitha""=>""Excluded""}",10.1111/1745-5871.12115,eppi-reviewer;NATURAL re;ource;management GRASSROOTS movement;SOCIAL movement;COMMUNITY;upport DECISION making AUSTRALIA adaptive governance evaluation natural re;ource management planning,,
rayyan-83177529,Enhancing interoperability to facilitate implementation of REDD+: case study of Mexico,2017,,,Carbon Management,,8,1,57-65,Vargas Rodrigo and Alcaraz-Segura Domingo and Birdsey Richard and Brunsell Nathaniel A and Cruz-Gaistardo Carlos O and de Jong Bernardus and Etchevers Jorge and Guevara Mario and Hayes Daniel J and Johnson Kristofer and Loescher Henry W and Paz Fernando and Ryu Youngryel and Sanchez-Mejia Zulia and Toledo-Gutierrez Karla P,http://0-search.ebscohost.com.catalogue.libraries.london.ac.uk/login.aspx?direct=true&db=a9h&AN=122857161&site=ehost-live,,,,,"Vargas, Rodrigo 1; Email Address: rvargas@udel.edu Alcaraz-Segura, Domingo 2,3 Birdsey, Richard 4 Brunsell, Nathaniel A. 5 Cruz-Gaistardo, Carlos O. 6 de Jong, Bernardus 7 Etchevers, Jorge 8 Guevara, Mario 1 Hayes, Daniel J. 9 Johnson, Kristofer 4 Loescher, Henry W. 10 Paz, Fernando 8 Ryu, Youngryel 11 Sanchez-Mejia, Zulia 1 Toledo-Gutierrez, Karla P. 1; Affiliation: 1: Department of Plant &amp; Soil Sciences, University of Delaware, Newark, DE, USA 19716 2: Departamento de Botánica, and Instituto Interuniversitario para la Investigación del Sistema Tierra en Andalucía (IISTA), Universidad de Granada, Granada, Spain, 18006 3: Andalusian Center for the Assessment and Monitoring of Global Change (CAESCG), Universidad de Almería, Almería, Spain, 04120 4: Northern Research Station, USDA Forest Service, Newtown Square, PA, USA 19073 5: Department of Geography and Atmospheric Science, University of Kansas, Lawrence, KS, USA 66044 6: Departamento de Suelos, Instituto Nacional de Estadística y Geografía, Aguascalientes, Mexico, 20196 7: El Colegio de la Frontera Sur 8: Colegio de Postgraduados, Montecillo, Mexico, 56230 9: School of Forest Resources, University of Maine, Orono, ME, USA, 04469 10: Battelle–National Ecological Observatory Network (NEON), Boulder, CO USA 80301, and the Institute of Alpine and Arctic Research (INSTAAR), University of Colorado, Boulder, CO USA 80301 11: Department of Landscape Architecture and Rural Systems Engineering, Seoul National University, Seoul, South Korea, 151-921; Source Info: Feb2017, Vol. 8 Issue 1, p57; Subject Term: DEFORESTATION; Subject Term: ENVIRONMENTAL policy; Subject Term: FOREST degradation; Author-Supplied Keyword: adaptive governance; Author-Supplied Keyword: developing countries; Author-Supplied Keyword: good practices; Author-Supplied Keyword: measurement, reporting and verification (MRV); NAICS/Industry Codes: 912910 Other provincial and territorial public administration; NAICS/Industry Codes: 924110 Administration of Air and Water Resource and Solid Waste Management Programs; Number of Pages: 9p; Document Type: Article | RAYYAN-INCLUSION: {""Alec""=>""Excluded""}",10.1080/17583004.2017.1285177,eppi-reviewer;DEFORESTATION ENVIRONMENTAL policy FOREST degradation adaptive governance developing countrie;good practice;mea;urement;reporting and verification (MRV),,
rayyan-83177533,Understanding socio-cultural dimensions of environmental decision-making: A knowledge governance approach,2017,,,Environmental Science and Policy,,73,,29-37,van Kerkhoff L and Pilbeam V,https://ovidsp.ovid.com/ovidweb.cgi?T=JS&CSC=Y&NEWS=N&PAGE=fulltext&D=emed18&AN=615225352 https://discover.lshtm.ac.uk/openurl/44HYG/44HYG_services_page?sid=OVID:embase&id=doi:10.1016%2Fj.envsci.2017.03.011&id=pmid&issn=1462-9011&isbn=&volume=73&issue=&spage=29&pages=29-37&date=2017&title=Environmental+Science+and+Policy&atitle=Understanding+socio-cultural+dimensions+of+environmental+decision-making%3A+A+knowledge+governance+approach&aulast=van+Kerkhoff&pid=%3Cauthor%3Evan+Kerkhoff+L.%3BPilbeam,,,,,"RAYYAN-INCLUSION: {""Isobel""=>""Included""}",,eppi-reviewer,,
rayyan-83177534,Working at the Boundary: An Empirical Study into the Goals and Strategies of Knowledge Brokers in the Field of Environmental Governance in the Netherlands,2017,,,Sustainability,,9,11,,van Enst W I and Driessen P P. J and Runhaar H A. C,<Go to ISI>://WOS:000416793400042,,,,,"van Enst, Wynanda I. Driessen, Peter P. J. Runhaar, Hens A. C. Runhaar, Hens A.C./L-5395-2013; Driessen, Peter/M-6751-2013 Runhaar, Hens A.C./0000-0001-7790-097X; Driessen, Peter/0000-0002-0724-6666 2071-1050 | RAYYAN-INCLUSION: {""Nibedita""=>""Excluded""}",10.3390/su9111962,eppi-reviewer,,
rayyan-83177537,Benefits and Limitations of Using Decision-Analytic Tools to Assess Uncertainty and Prioritize Landscape Conservation Cooperative Information Needs,2016,,,Journal of Fish and Wildlife Management,1944-687X,7,1,280-290,van der Burg M P and Thomas C C and Holcombe T and Nelson R D,<Go to ISI>://WOS:000378082600027,,,,,"van der Burg, Max Post Thomas, Catherine Cullinane Holcombe, Tracy Nelson, Richard D. Post van der Burg, Max/0000-0002-3943-4194 | RAYYAN-INCLUSION: {""Isobel""=>""Excluded""}",10.3996/032015-jfwm-023,eppi-reviewer,,
rayyan-83177540,Rhizomic learning: How environmental non-governmental organizations (ENGOs) acquire and assemble knowledge,2020,,,Social Studies of Science,,50,5,821-833,Unander T E and Sorensen K H,https://ovidsp.ovid.com/ovidweb.cgi?T=JS&CSC=Y&NEWS=N&PAGE=fulltext&D=med20&AN=32077374 https://discover.lshtm.ac.uk/openurl/44HYG/44HYG_services_page?sid=OVID:medline&id=doi:10.1177%2F0306312720908343&id=pmid32077374&issn=0306-3127&isbn=&volume=50&issue=5&spage=821&pages=821-833&date=2020&title=Social+Studies+of+Science&atitle=Rhizomic+learning%3A+How+environmental+non-governmental+organizations+%28ENGOs%29+acquire+and+assemble+knowledge.&aulast=Unander&pid=%3Cauthor%3EUnander+TE%3BSorensen+KH%,,,"Unander, Trine E. Department of Interdisciplinary Studies of Culture, Norwegian University of Scienc",,"Unander, Trine E Sorensen, Knut H | RAYYAN-INCLUSION: {""Alice""=>""Excluded"", ""fereshteh""=>""Excluded""}",,eppi-reviewer,,
rayyan-83177550,From knowledge to action: Bridging the gaps toward effective incorporation of Landscape Character Assessment approach in land-use planning and management in Israel,2017,,,Land Use Policy,0264-8377,61,,220-230,Trop T,<Go to ISI>://WOS:000392766800020,,,,,"Trop, Tamar Trop, Tamar/0000-0002-5865-5195 1873-5754 | RAYYAN-INCLUSION: {""Tabitha""=>""Included""}",10.1016/j.landusepol.2016.10.052,eppi-reviewer,,
rayyan-83177554,An optimistic outlook on the use of evidence syntheses to inform environmental decision-making,2021,,,Conservation Science and Practice,,3,6,,Thomas-Walters L and Nyboer E A and Taylor J J and Rytwinski T and Lane J F and Young N and Bennett J R and Nguyen V M and Harron N and Aitken S M and Auld G and Browne D and Jacob A L and Prior K and Smith P A and Smokorowski K E and Alexander S M and Cooke S J,<Go to ISI>://WOS:000636760900001,,,,,"Thomas-Walters, Laura Nyboer, Elizabeth A. Taylor, Jessica J. Rytwinski, Trina Lane, John F. Young, Nathan Bennett, Joseph R. Nguyen, Vivian M. Harron, Nathan Aitken, Susan M. Auld, Graeme Browne, David Jacob, Aerin L. Prior, Kent Smith, Paul A. Smokorowski, Karen E. Alexander, Steven M. Cooke, Steven J. Auld, Graeme/ABD-8264-2021; Cooke, Steven J/F-4193-2010 Cooke, Steven J/0000-0002-5407-0659; Auld, Graeme/0000-0002-4054-7284; Thomas-Walters, Laura/0000-0002-3250-2799; Browne, David/0000-0002-1821-0191 2578-4854 | RAYYAN-INCLUSION: {""Tabitha""=>""Included""}",10.1111/csp2.426,eppi-reviewer,,
rayyan-83177562,Building sustainability in the Eastern Himalaya: linking evidence to action,2020,,,Environment Development and Sustainability,1387-585X,22,6,5887-5903,Tambe S and Rawat G S and Bhutia N T and Sherpa P N and Dhakal S and Pradhan S and Kulkarni H and Arrawatia M L,<Go to ISI>://WOS:000545217400046,,,,,"Tambe, Sandeep Rawat, Gopal S. Bhutia, Nima Tashi Sherpa, Pem Norbu Dhakal, Subash Pradhan, Sarika Kulkarni, Himanshu Arrawatia, M. L. 1573-2975 | RAYYAN-INCLUSION: {""Prishnee""=>""Included"", ""fereshteh""=>""Included"", ""Nibedita""=>""Excluded""}",10.1007/s10668-019-00456-8,eppi-reviewer,,
rayyan-83177565,Crossing Science-Policy-Societal Boundaries to Reduce Scientific and Institutional Uncertainty in Small-Scale Fisheries,2016,,,Environmental Management,0364-152X,58,4,565-584,Sutton A M and Rudd M A,<Go to ISI>://WOS:000384420900001,,,,,"Sutton, Abigail M. Rudd, Murray A. Rudd, Murray/C-1244-2009 Rudd, Murray/0000-0001-9533-5070 1432-1009 | RAYYAN-INCLUSION: {""Matthew""=>""Included""}",10.1007/s00267-016-0737-8,eppi-reviewer,,
rayyan-83177571,Channelling science into policy: enabling best practices from research on land degradation and sustainable land management in dryland Africa,2013,,,Journal of Environmental Management,,114,,328-335,Stringer L C and Dougill A J,https://ovidsp.ovid.com/ovidweb.cgi?T=JS&CSC=Y&NEWS=N&PAGE=fulltext&D=med10&AN=23158525 https://discover.lshtm.ac.uk/openurl/44HYG/44HYG_services_page?sid=OVID:medline&id=doi:10.1016%2Fj.jenvman.2012.10.025&id=pmid23158525&issn=0301-4797&isbn=&volume=114&issue=&spage=328&pages=328-35&date=2013&title=Journal+of+Environmental+Management&atitle=Channelling+science+into+policy%3A+enabling+best+practices+from+research+on+land+degradation+and+sustainable+land+management+in+dryland+Africa.&aulast=Strin,,,"Stringer, Lindsay C. Sustainability Research Institute, School of Earth and Environment, University",,"Stringer, Lindsay C Dougill, Andrew J | RAYYAN-INCLUSION: {""Iris""=>""Excluded""}",,eppi-reviewer,,
rayyan-83177575,"The systems approach framework for collaborative, science-based management of complex systems",2019,,,Journal of Coastal Conservation (Springer Science & Business Media B.V.),,23,5,881-898,Støttrup Josianne G and Dinesen Grete E and Schumacher Johanna and Gillgren Christina and Inácio Miguel and Schernewski Gerald,http://0-search.ebscohost.com.catalogue.libraries.london.ac.uk/login.aspx?direct=true&db=a9h&AN=139438687&site=ehost-live,,,,,"Støttrup, Josianne G. 1; Email Address: jgs@aqua.dtu.dk Dinesen, Grete E. 1 Schumacher, Johanna 2 Gillgren, Christina 3 Inácio, Miguel 2,4 Schernewski, Gerald 2,4; Affiliation: 1: DTU Aqua, National Institute of Aquatic Resources, Technical University of Denmark, Kemitorvet, DK-2800, Kongens Lyngby, Denmark 2: Leibniz-Institute for Baltic Sea Research Warnemünde, Seestrasse 15, D-18119, Rostock, Germany 3: Gillgren and Associates, 15 Kent Street, 6157, Bicton, WA, Australia 4: Marine Science Institute, Klaipeda University, Herkus Mantas str. 84, LT-92294, Klaipeda, Lithuania; Source Info: Oct2019, Vol. 23 Issue 5, p881; Subject Term: STAKEHOLDER theory; Subject Term: INTEGRATED coastal zone management; Subject Term: COASTAL zone management; Subject Term: PROGRESS; Subject Term: SUSTAINABLE development; Author-Supplied Keyword: Integrated coastal management; Author-Supplied Keyword: Science-policy; Author-Supplied Keyword: Stakeholder engagement; Author-Supplied Keyword: System analyses; NAICS/Industry Codes: 926110 Administration of General Economic Programs; Number of Pages: 18p; Document Type: Article | RAYYAN-INCLUSION: {""Iris""=>""Excluded""}",10.1007/s11852-018-00677-5,eppi-reviewer;STAKEHOLDER theory INTEGRATED coa;tal zone management COASTAL zone management PROGRESS SUSTAINABLE development Integrated coa;tal management Science-policy Stakeholder engagement Sy;tem analy;e,,
rayyan-83177576,Role‐playing games in natural resource management and research: Lessons learned from theory and practice,2018,,,,,184,,298-309,Stoll‐Kleemann Susanne,http://0-search.ebscohost.com.catalogue.libraries.london.ac.uk/login.aspx?direct=true&db=a9h&AN=131116107&site=ehost-live,,Wiley-Blackwell,,,"Accession Number: 131116107; Wesselow, Maren 1; Email Address: maren.wesselow@uni-oldenburg.de Stoll‐Kleemann, Susanne 2; Affiliation: 1: Carl von Ossietzky Universität Oldenburg, Oldenburg, Germany 2: Ernst‐Moritz‐Arndt‐Universität Greifswald, Greifswald, Germany; Source Info: Sep2018, Vol. 184 Issue 3, p298; Subject Term: ROLEPLAYING games; Subject Term: NATURAL resources management; Subject Term: RESEARCH methodology; Subject Term: ENVIRONMENTAL research; Author-Supplied Keyword: game design; Author-Supplied Keyword: Madagascar; Author-Supplied Keyword: natural resource management; Author-Supplied Keyword: participatory methods; Author-Supplied Keyword: role‐playing games; Author-Supplied Keyword: stakeholders; NAICS/Industry Codes: 924110 Administration of Air and Water Resource and Solid Waste Management Programs; Number of Pages: 12p; Illustrations: 1 Chart; Document Type: Case Study; Full Text Word Count: 8278 | RAYYAN-INCLUSION: {""fereshteh""=>""Excluded"", ""Nibedita""=>""Excluded""}",10.1111/geoj.12248,eppi-reviewer;ROLEPLAYING game;NATURAL re;ource;management RESEARCH methodology ENVIRONMENTAL re;earch game de;ign Madaga;car natural re;ource management participatory method;role‐playing game;takeholder,,
rayyan-83177579,Improving the science–policy–practice interface: decision support system uptake and use in the forestry sector in Great Britain,2014,,,Scandinavian Journal of Forest Research,,29,,144-153,Stewart Amy and Edwards David and Lawrence Anna,http://0-search.ebscohost.com.catalogue.libraries.london.ac.uk/login.aspx?direct=true&db=a9h&AN=99712807&site=ehost-live,,,,,"Stewart, Amy 1; Email Address: amy.stewart@forestry.gsi.gov.uk Edwards, David 1 Lawrence, Anna 1; Affiliation: 1: Forest Research, Northern Research Station, Bush Estate, RoslinEH25 9SY, Scotland; Source Info: Dec2014 Supplement, Vol. 29, p144; Subject Term: DECISION support systems; Subject Term: FORESTS &amp; forestry; Subject Term: FOREST management; Subject Term: FOREST surveys; Subject Term: INFORMATION sharing; Subject Term: UNITED Kingdom; Author-Supplied Keyword: adoption; Author-Supplied Keyword: decision support systems; Author-Supplied Keyword: forestry; Author-Supplied Keyword: implementation; Author-Supplied Keyword: knowledge exchange; Author-Supplied Keyword: model; Author-Supplied Keyword: uptake; Company/Entity: INSTITUTE of Chartered Foresters (Great Britain) Company/Entity: GREAT Britain. Forestry Commission; NAICS/Industry Codes: 115310 Support Activities for Forestry; Number of Pages: 10p; Document Type: Article | RAYYAN-INCLUSION: {""Isobel""=>""Included""}",10.1080/02827581.2013.849358,eppi-reviewer;DECISION;upport;y;tem;FORESTS & fore;try FOREST management FOREST;urvey;INFORMATION;haring UNITED Kingdom adoption fore;try implementation knowledge exchange model uptake INSTITUTE of Chartered Fore;ter;(Great Britain) GREAT Britain. Fore;try Commi;ion,,
rayyan-83177582,From ecological knowledge to conservation policy: a case study on green tree retention and continuous-cover forestry in Sweden,2019,,,Biodiversity and Conservation,0960-3115,28,13,3547-3574,Stens A and Roberge J M and Lofmarck E and Lindahl K B and Felton A and Widmark C and Rist L and Johansson J and Nordin A and Nilsson U and Laudon H and Ranius T,<Go to ISI>://WOS:000488929900009,,,,,"Stens, Anna Roberge, Jean-Michel Lofmarck, Erik Lindahl, Karin Beland Felton, Adam Widmark, Camilla Rist, Lucy Johansson, Johanna Nordin, Annika Nilsson, Urban Laudon, Hjalmar Ranius, Thomas Stens, Anna/0000-0002-2739-0497; Widmark, Camila/0000-0002-1559-6471; Johansson, Johanna/0000-0001-6823-3503 1572-9710 | RAYYAN-INCLUSION: {""Matthew""=>""Included""}",10.1007/s10531-019-01836-2,eppi-reviewer,,
rayyan-83177591,"Towards better integration of environmental science in society: Lessons from BONUS, the joint Baltic Sea environmental research and development programme",2017,,,Environmental Science and Policy,,78,,193-209,Snoeijs-Leijonmalm P and Barnard S and Elliott M and Andrusaitis A and Kononen K and Sirola M,https://ovidsp.ovid.com/ovidweb.cgi?T=JS&CSC=Y&NEWS=N&PAGE=fulltext&D=emed18&AN=620912897 https://discover.lshtm.ac.uk/openurl/44HYG/44HYG_services_page?sid=OVID:embase&id=doi:10.1016%2Fj.envsci.2017.10.004&id=pmid&issn=1462-9011&isbn=&volume=78&issue=&spage=193&pages=193-209&date=2017&title=Environmental+Science+and+Policy&atitle=Towards+better+integration+of+environmental+science+in+society%3A+Lessons+from+BONUS%2C+the+joint+Baltic+Sea+environmental+research+and+development+programme&aulast=S,,,,,"RAYYAN-INCLUSION: {""Matthew""=>""Excluded""}",,eppi-reviewer,,
rayyan-83177597,Community-Based Environmental Monitoring (CBEM) for Meaningful Incorporation of Indigenous and Local Knowledge Within the Context of the Canadian Northern Corridor Program,2022,,,The School of Public Policy Publications (SPPP),25608320,15,,,Sidorova Jen and Virla Luis D,https://www.proquest.com/scholarly-journals/community-based-environmental-monitoring-cbem/docview/2673033210/se-2 https://ucl-new-primo.hosted.exlibrisgroup.com/openurl/UCL/UCL_VU2?url_ver=Z39.88-2004&rft_val_fmt=info:ofi/fmt:kev:mtx:journal&genre=article&sid=ProQ:ProQ%3Aibss&atitle=Community-Based+Environmental+Monitoring+%28CBEM%29+for+Meaningful+Incorporation+of+Indigenous+and+Local+Knowledge+Within+the+Context+of+the+Canadian+Northern+Corridor+Program&title=The+School+of+Public+Policy+Publi,,,,,"Copyright - © 2022. This work is licensed under https://creativecommons.org/licenses/by-nc/4.0/ (the “License”). Notwithstanding the ProQuest Terms and Conditions, you may use this content in accordance with the terms of the License. | RAYYAN-INCLUSION: {""Alec""=>""Excluded""}",https://doi.org/10.11575/sppp.v15i1.73981,eppi-reviewer;Social Sciences: Comprehensive Works;Environmental issues;Incorporation;Sustainable development;Emotional development;Community;Policy analysis;Development projects;Volunteers;Program implementation;Water quality;Policy making;Community based;Local knowledge;Mitigation;Leadership;Infrastructure;Conflict resolution;Pollution;Water pollution;Sustainability;Development policy;Economic development;Indigenous peoples;Case studies;Implementation;Climate change;Environmental monitoring;Technology;Caribou;Native peoples;Berries,,
rayyan-83177615,The use of knowledge in evidence-informed voluntary conservation of Finnish forests,2016,,,Forest Policy and Economics,1389-9341,73,,90-98,Salomaa A and Paloniemi R and Hujala T and Rantala S and Arponen A and Niemela J,<Go to ISI>://WOS:000388059900010,,,,,"Salomaa, Anna Paloniemi, Riikka Hujala, Teppo Rantala, Salla Arponen, Anni Niemela, Jari Arponen, Anni/AAB-8851-2022 Arponen, Anni/0000-0002-6721-7795; Salomaa, Anna/0000-0002-0509-4873; Hujala, Teppo/0000-0002-7905-7602; Paloniemi, Riikka/0000-0003-2853-535X; Rantala, Salla/0000-0002-8135-4569 1872-7050 | RAYYAN-INCLUSION: {""Alec""=>""Included""}",10.1016/j.forpol.2016.09.004,eppi-reviewer,,
rayyan-83177620,Pathways to policy impact: a new approach for planning and evidencing research impact,2018,,,Evidence and Policy,,14,3,431-458,S Reed Mark and Rosalind Bryce and Ruth Machen,http://www.scie-socialcareonline.org.uk/pathways-to-policy-impact-a-new-approach-for-planning-and-evidencing-research-impact/r/a1C0f000006iJxaEAE https://ovidsp.ovid.com/ovidweb.cgi?T=JS&CSC=Y&NEWS=N&PAGE=fulltext&D=sopp&AN=SCIEa1C0f000006iJxaEAE https://discover.lshtm.ac.uk/openurl/44HYG/44HYG_services_page?sid=OVID:soppdb&id=doi:&id=pmid&issn=1744-2656&isbn=&volume=14&issue=3&spage=431&pages=431-458&date=2018&title=Evidence+and+Policy&atitle=Pathways+to+policy+impact%3A+a+new+approach+for+pl,,,,,"Using Smart Source Parsing pp. 2018 | RAYYAN-INCLUSION: {""Elina""=>""Excluded""}",,eppi-reviewer;outcomes;research;research dissemination;research implementation;social networks;evaluation;evidence based practice;models,,
rayyan-83177623,A pathway for citizen science data to inform policy: A case study using data for defining low-risk collision areas for wind energy development,2021,,,Journal of Applied Ecology,0021-8901,58,6,1104-1111,Ruiz-Gutierrez V and Bjerre E R and Otto M C and Zimmerman G S and Millsap B A and Fink D and Stuber E F and Strimas-Mackey M and Robinson O J,<Go to ISI>://WOS:000639639700001,,,,,"Ruiz-Gutierrez, Viviana Bjerre, Emily R. Otto, Mark C. Zimmerman, Guthrie S. Millsap, Brian A. Fink, Daniel Stuber, Erica F. Strimas-Mackey, Matthew Robinson, Orin J. Stuber, Erica/0000-0002-2687-6874; Millsap, Brian/0000-0003-3969-249X; Strimas-Mackey, Matthew/0000-0001-8929-7776; Robinson, Orin/0000-0001-8935-1242; Ruiz-Gutierrez, Viviana/0000-0001-7116-1168; Otto, Mark/0000-0002-0552-7771 1365-2664 | RAYYAN-INCLUSION: {""Alec""=>""Excluded""}",10.1111/1365-2664.13870,eppi-reviewer,,
rayyan-83177627,Process matters: a framework for conducting decision-relevant assessments of ecosystem services,2015,,,"International Journal of Biodiversity Science, Ecosystem Services & Management",,11,3,190-204,Rosenthal Amy and Verutes Gregory and McKenzie Emily and Arkema Katie K and Bhagabati Nirmal and Bremer Leah L and Olwero Nasser and Vogl Adrian L,http://0-search.ebscohost.com.catalogue.libraries.london.ac.uk/login.aspx?direct=true&db=a9h&AN=108866541&site=ehost-live,,,,,"Rosenthal, Amy 1; Email Address: amy.rosenthal@wwfus.org Verutes, Gregory 1,2 McKenzie, Emily 1,3 Arkema, Katie K. 2 Bhagabati, Nirmal 1 Bremer, Leah L. 2 Olwero, Nasser 1 Vogl, Adrian L. 2; Affiliation: 1: The Natural Capital Project, World Wildlife Fund (WWF-US), Washington, DC, USA 2: The Natural Capital Project, Woods Institute for the Environment, Stanford University, Stanford, CA, USA 3: World Wide Fund for Nature (WWF-UK), Surrey, England; Source Info: Sep2015, Vol. 11 Issue 3, p190; Subject Term: ECOSYSTEM services; Subject Term: DECISION support systems; Subject Term: GUIDELINES; Subject Term: QUALITY of service; Subject Term: STAKEHOLDER analysis; Author-Supplied Keyword: capacity-building; Author-Supplied Keyword: decision support; Author-Supplied Keyword: ecosystem services; Author-Supplied Keyword: enabling conditions; Author-Supplied Keyword: iteration; Author-Supplied Keyword: monitoring; Author-Supplied Keyword: scenarios; Author-Supplied Keyword: science-policy; Number of Pages: 15p; Document Type: Article | RAYYAN-INCLUSION: {""Isobel""=>""Excluded""}",10.1080/21513732.2014.966149,eppi-reviewer;ECOSYSTEM;ervice;DECISION;upport;y;tem;GUIDELINES QUALITY of;ervice STAKEHOLDER analy;i;capacity-building deci;ion;upport enabling condition;iteration monitoring;cenario;cience-policy,,
rayyan-83177646,Achieving impact from ecosystem assessment and valuation of urban greenspace: The case of i-Tree Eco in Great Britain,2019,,,Landscape and Urban Planning,0169-2046,190,,,Raum S and Hand K L and Hall C and Edwards D M and O'Brien L and Doick K J,<Go to ISI>://WOS:000484871000011,,,,,"Raum, S. Hand, K. L. Hall, C. Edwards, D. M. O'Brien, L. Doick, K. J. Raum, Susanne/AAW-5732-2020; O'Brien, Liz/AEO-7315-2022 Raum, Susanne/0000-0003-3795-3836; O'Brien, Liz/0000-0001-7976-9987; Hand, Kathryn/0000-0003-4598-2469 1872-6062 | RAYYAN-INCLUSION: {""Sarah""=>""Included""}",10.1016/j.landurbplan.2019.103590,eppi-reviewer,,
rayyan-83177648,Adaptation by stealth: climate information use in the Great Lakes region across scales,2017,,,Climatic Change,,140,3,451-465,Rasmussen Laura and Kirchhoff Christine and Lemos Maria,http://0-search.ebscohost.com.catalogue.libraries.london.ac.uk/login.aspx?direct=true&db=a9h&AN=120947581&site=ehost-live,,,,,"Rasmussen, Laura 1; Email Address: laura_vang@yahoo.dk Kirchhoff, Christine 2 Lemos, Maria 1; Affiliation: 1: School of Natural Resources and Environment , University of Michigan , Ann Arbor USA 2: University of Connecticut , Storrs USA; Source Info: Feb2017, Vol. 140 Issue 3/4, p451; Subject Term: BIOLOGICAL adaptation; Subject Term: PUBLIC opinion on climate change; Subject Term: DECISION making in environmental policy; Subject Term: EFFECT of human beings on climate change; Subject Term: GREAT Lakes Region (North America); Number of Pages: 15p; Document Type: Article | RAYYAN-INCLUSION: {""Sarah""=>""Included""}",10.1007/s10584-016-1857-0,eppi-reviewer;BIOLOGICAL adaptation PUBLIC opinion on climate change DECISION making in environmental policy EF...;on climate change GREAT Lake;Region (North America),,
rayyan-83177649,Governance of forests and governance of forest information: Interlinkages in the age of open and digital data,2020,,,Forest Policy and Economics,1389-9341,113,,,Rantala S and Swallow B and Paloniemi R and Raitanen E,<Go to ISI>://WOS:000519530000004,,,,,"Rantala, Salla Swallow, Brent Paloniemi, Riikka Raitanen, Elina Rantala, Salla/0000-0002-8135-4569 1872-7050 | RAYYAN-INCLUSION: {""Philip""=>""Excluded"", ""Carlos""=>""Excluded"", ""Prishnee""=>""Included""}",10.1016/j.forpol.2020.102123,eppi-reviewer,,
rayyan-83177650,Understanding barriers and opportunities for diffusion of an agricultural decision-support tool: An organizational perspective,2022,,,Journal of Hydrology,,607,,N.PAG-N.PAG,Ranjan Pranay and Usher Emily M and Bates Hanna T and Zimmerman Emily K and Tyndall John C and Morris Chris J and Koontz Tomas M and Prokopy Linda S,http://0-search.ebscohost.com.catalogue.libraries.london.ac.uk/login.aspx?direct=true&db=a9h&AN=155692757&site=ehost-live,,,,,"Ranjan, Pranay 1; Email Address: ranjanp@purdue.edu Usher, Emily M. 1 Bates, Hanna T. 2 Zimmerman, Emily K. 3 Tyndall, John C. 3 Morris, Chris J. 4 Koontz, Tomas M. 5 Prokopy, Linda S. 6; Affiliation: 1: Department of Forestry &amp; Natural Resources, Purdue University, United States 2: Iowa Water Center, Iowa State University, United States 3: Natural Resource Ecology and Management, Iowa State University, United States 4: Department of Sociology and Criminal Justice, Iowa State University, United States 5: School of Interdisciplinary Arts &amp; Sciences, University of Washington Tacoma, United States 6: Department of Horticulture and Landscape Architecture, Purdue University, United States; Source Info: Apr2022, Vol. 607, pN.PAG; Subject Term: AGRICULTURAL implements; Subject Term: NONPOINT source pollution; Subject Term: CONSERVATION of natural resources; Subject Term: AGRICULTURAL conservation; Subject Term: FARM management; Subject Term: POLLUTION management; Author-Supplied Keyword: Agricultural conservation planning framework; Author-Supplied Keyword: Diffusion; Author-Supplied Keyword: Innovations; Author-Supplied Keyword: Organizational readiness; Author-Supplied Keyword: Semi-structured interviews; Author-Supplied Keyword: Watershed assessment; NAICS/Industry Codes: 417110 Farm, lawn and garden machinery and equipment merchant wholesalers; NAICS/Industry Codes: 333110 Agricultural implement manufacturing; NAICS/Industry Codes: 924120 Administration of Conservation Programs; NAICS/Industry Codes: 115116 Farm Management Services; NAICS/Industry Codes: 115110 Support activities for crop production; Number of Pages: 1p; Document Type: Article | RAYYAN-INCLUSION: {""Philip""=>""Excluded"", ""Sarah""=>""Included""}",10.1016/j.jhydrol.2022.127584,eppi-reviewer;AGRICULTURAL implement;NONPOINT;ource pollution CONSERVATION of natural re;ource;AGRICULTURAL con;ervation FARM management POLLUTION management Agricultural con;ervation planning framework Diffu;ion Innovation;Organizational readine;Semi-;tructured interview;Water;hed a;e;ment,,
rayyan-83177651,Understanding the use of decision support tools by conservation professionals and their education and training needs: An application of the Reasoned Action Approach,2020,,,Journal of Soil & Water Conservation,,75,3,387-399,Ranjan P and Duriancik L F and Moriasi D N and Carlson D and Anderson K and Prokopy L S,http://0-search.ebscohost.com.catalogue.libraries.london.ac.uk/login.aspx?direct=true&db=a9h&AN=143468930&site=ehost-live,,,,,"Ranjan, P. 1 Duriancik, L. F. 2 Moriasi, D. N. 3 Carlson, D. 4 Anderson, K. 5 Prokopy, L. S. 6; Affiliation: 1: Postdoctoral research associate, Department of Forestry and Natural Resources, Purdue University, West Lafayette, Indiana 2: Conservation Effects Assessment Project (CEAP) Watershed assessment studies component leader, USDA Natural Resources Conservation Service (NRCS) Resource Inventory and Assessment Division, Outcomes Team, Beltsville, Maryland 3: Research hydrologist, USDA Agricultural Research Service (ARS) Grazinglands Research Laboratory, El Reno, Oklahoma 4: Conservation initiative coordinator (Mississippi River Basin Initiative, National Water Quality Initiative), USDA NRCS, Washington, DC 5: National water quality and quantity team leader, USDA NRCS, Portland, Oregon 6: Professor, Department of Forestry and Natural Resources, Purdue University, West Lafayette, Indiana; Source Info: May/Jun2020, Vol. 75 Issue 3, p387; Subject Term: TRAINING needs; Subject Term: STAKEHOLDER theory; Subject Term: GOVERNMENT aid; Subject Term: KNOWLEDGE gap theory; Subject Term: WATERSHEDS; Author-Supplied Keyword: Conservation Effects Assessment Project (CEAP); Author-Supplied Keyword: conservation planning; Author-Supplied Keyword: stakeholder engagement; Author-Supplied Keyword: survey; Author-Supplied Keyword: technical roles; Author-Supplied Keyword: watershed assessment; Number of Pages: 13p; Document Type: Article | RAYYAN-INCLUSION: {""Sarah""=>""Included""}",10.2489/jswc.75.3.387,eppi-reviewer;TRAINING need;STAKEHOLDER theory GOVERNMENT aid KNOWLEDGE gap theory WATERSHEDS Con;ervation Effect;A;e;ment Project (CEAP) con;ervation planning;takeholder engagement;urvey technical role;water;hed a;ment,,
rayyan-83177652,Stakeholder perceptions of scientific knowledge in policy processes: A Peruvian case-study of forestry policy development,2019,,,Science & Public Policy (SPP),,46,4,504-517,Ramirez Luisa F and Belcher Brian M,http://0-search.ebscohost.com.catalogue.libraries.london.ac.uk/login.aspx?direct=true&db=a9h&AN=138277323&site=ehost-live,,,,,"Ramirez, Luisa F 1; Email Address: rami9920@mylaurier.ca Belcher, Brian M 1; Affiliation: 1: Sustainability Research Effectiveness Program, College of Interdisciplinary Studies, Royal Roads University, Victoria, Canada; Source Info: Aug2019, Vol. 46 Issue 4, p504; Subject Term: SCIENTIFIC knowledge; Subject Term: SENSORY perception; Subject Term: FORESTS &amp; forestry; Subject Term: DECISION making; Subject Term: DESIGN research; Subject Term: DEVELOPING countries; Author-Supplied Keyword: knowledge-policy models; Author-Supplied Keyword: reseach influence in decision-making; Author-Supplied Keyword: science-policy interface; Author-Supplied Keyword: stakeholders perceptions of research; Number of Pages: 14p; Document Type: Article | RAYYAN-INCLUSION: {""Iris""=>""Maybe""}",10.1093/scipol/scz003,eppi-reviewer;SCIENTIFIC knowledge SENSORY perception FORESTS & fore;try DECISION making DESIGN re;earch DEVELOPING countrie;knowledge-policy model;re;each influence in deci;ion-making;cience-policy interface;takeholder;perception;of re;earch,,
rayyan-83177656,Advocacy Coalitions and Knowledge Transfer within Geothermal Policy Change in Indonesian Conservation Forests,2022,,,Journal of Environment & Development,,31,2,168-195,Pratiwi Santi and Juerges Nataly,http://0-search.ebscohost.com.catalogue.libraries.london.ac.uk/login.aspx?direct=true&db=a9h&AN=156728562&site=ehost-live,,,,,"Pratiwi, Santi 1,2; Email Address: spratiw@gwdg.de Juerges, Nataly 1; Affiliation: 1: Chair Group of Forest and Nature Conservation Policy, Georg-August-University Göttingen, Göttingen, Germany 2: Central Java Nature Conservation Office, Ministry of Environment and Forestry, Indonesia; Source Info: Jun2022, Vol. 31 Issue 2, p168; Subject Term: FOREST conservation; Subject Term: GEOTHERMAL ecology; Subject Term: KNOWLEDGE transfer; Subject Term: GEOTHERMAL resources; Subject Term: FOREST management; Subject Term: FOREST policy; Author-Supplied Keyword: actor analysis; Author-Supplied Keyword: advocacy coalitions; Author-Supplied Keyword: conservation forests; Author-Supplied Keyword: geothermal project; Author-Supplied Keyword: policy change; Author-Supplied Keyword: scientific knowledge transfer; NAICS/Industry Codes: 115310 Support Activities for Forestry; NAICS/Industry Codes: 221116 Geothermal Electric Power Generation; NAICS/Industry Codes: 221330 Steam and Air-Conditioning Supply; Number of Pages: 28p; Document Type: Article | RAYYAN-INCLUSION: {""Alec""=>""Excluded""}",10.1177/10704965211070244,eppi-reviewer;FOREST con;ervation GEOTHERMAL ecology KNOWLEDGE tran;fer GEOTHERMAL re;ource;FOREST management FOREST policy actor analy;i;advocacy coalition;con;ervation fore;t;geothermal project policy change;cientific knowledge tran;fer,,
rayyan-83177658,Evaluating the impacts of boundary-spanning activities at the interface of environmental science and policy: A review of progress and future research needs,2019,,,Environmental Science and Policy,,92,,141-151,Posner S M and Cvitanovic C,https://ovidsp.ovid.com/ovidweb.cgi?T=JS&CSC=Y&NEWS=N&PAGE=fulltext&D=emed20&AN=2001358967 https://discover.lshtm.ac.uk/openurl/44HYG/44HYG_services_page?sid=OVID:embase&id=doi:10.1016%2Fj.envsci.2018.11.006&id=pmid&issn=1462-9011&isbn=&volume=92&issue=&spage=141&pages=141-151&date=2019&title=Environmental+Science+and+Policy&atitle=Evaluating+the+impacts+of+boundary-spanning+activities+at+the+interface+of+environmental+science+and+policy%3A+A+review+of+progress+and+future+research+needs&aulast=,,,,,"RAYYAN-INCLUSION: {""Philip""=>""Excluded""}",,eppi-reviewer,,
rayyan-83177663,Improving ESE policy through research-practice partnerships: Reflections and analysis from New York City,2021,,,Environmental Education Research,,27,4,595-613,Pizmony-Levy Oren and McDermott Meredith and Copeland Thaddeus T,https://ovidsp.ovid.com/ovidweb.cgi?T=JS&CSC=Y&NEWS=N&PAGE=fulltext&D=psyc18&AN=2021-42812-009 https://discover.lshtm.ac.uk/openurl/44HYG/44HYG_services_page?sid=OVID:psycdb&id=doi:10.1080%2F13504622.2021.1890696&id=pmid&issn=1350-4622&isbn=&volume=27&issue=4&spage=595&pages=595-613&date=2021&title=Environmental+Education+Research&atitle=Improving+ESE+policy+through+research-practice+partnerships%3A+Reflections+and+analysis+from+New+York+City.&aulast=Pizmony-Levy&pid=%3Cauthor%3EPizmony-Levy%2C,,,,,"RAYYAN-INCLUSION: {""Elina""=>""Excluded""}",,eppi-reviewer,,
rayyan-83177669,Using visual products derived from community research to inform natural resource management policy,2012,,,Land Use Policy,0264-8377,29,1,01-Oct,Petheram L and Stacey N and Campbell B M and High C,<Go to ISI>://WOS:000296041300001,,,,,"Petheram, Lisa Stacey, Natasha Campbell, Bruce M. High, Chris Campbell, Bruce/ABF-5579-2020; Stacey, Natasha/N-2225-2013 Stacey, Natasha/0000-0002-2262-9817 1873-5754 | RAYYAN-INCLUSION: {""Philip""=>""Included"", ""Nibedita""=>""Excluded"", ""Isobel""=>""Excluded""}",10.1016/j.landusepol.2011.04.002,eppi-reviewer,,
rayyan-83177670,"Identifying climate risk perceptions, information needs, and barriers to information exchange among public land managers",2018,,,Science of the Total Environment,,616,,245-254,Peters Casey B and Schwartz Mark W and Lubell Mark N,http://0-search.ebscohost.com.catalogue.libraries.london.ac.uk/login.aspx?direct=true&db=a9h&AN=126994073&site=ehost-live,,,,,"Peters, Casey B. 1,2 Schwartz, Mark W. 1,3; Email Address: mwschwartz@ucdavis.edu Lubell, Mark N. 1,4; Affiliation: 1: Department of Environmental Science and Policy, University of California, Davis, CA 95616, USA 2: Graduate Group in Ecology, University of California, Davis, CA 95616, USA 3: John Muir Institute of the Environment, University of California, Davis, CA 95616, USA 4: Center for Environmental Policy and Behavior, University of California, Davis, CA 95616, USA; Source Info: Mar2018, Vol. 616/617, p245; Subject Term: CLIMATE change; Subject Term: INFORMATION sharing; Subject Term: PUBLIC land management; Subject Term: ECOSYSTEM management; Subject Term: LEADERSHIP; Subject Term: ENVIRONMENTAL protection planning; Author-Supplied Keyword: Adaptation; Author-Supplied Keyword: Attitudes; Author-Supplied Keyword: Climate change; Author-Supplied Keyword: Federal agency; Author-Supplied Keyword: Resource management; Author-Supplied Keyword: Risk; NAICS/Industry Codes: 924120 Administration of Conservation Programs; Number of Pages: 10p; Document Type: Article | RAYYAN-INCLUSION: {""Prishnee""=>""Included"", ""Iris""=>""Included""}",10.1016/j.scitotenv.2017.11.015,eppi-reviewer;CLIMATE change INFORMATION;haring PUBLIC land management ECOSYSTEM management LEADERSHIP ENVIRONMENTAL protection planning A...;Federal agency Re;ource management Ri;k,,
rayyan-83177671,"Science, precaution and innovation for sustainable fisheries: The judgement by the Court of Justice of the EU regarding the electric pulse fishing ban",2022,,,Marine Policy,0308-597X,135,,,Penca J,<Go to ISI>://WOS:000744255500003,,,,,"Penca, Jerneja 1872-9460 | RAYYAN-INCLUSION: {""Tabitha""=>""Excluded""}",10.1016/j.marpol.2021.104864,eppi-reviewer,,
rayyan-83177673,Seeds of change? Seed transfer governance in British Columbia: insights from history,2021,,,Canadian Journal of Forest Research,,51,2,326-338,Pelai Ricardo and Hagerman Shannon M and Kozak Robert,http://0-search.ebscohost.com.catalogue.libraries.london.ac.uk/login.aspx?direct=true&db=a9h&AN=148820612&site=ehost-live,,,,,"Pelai, Ricardo 1; Email Address: ricardo.pelai@alumni.ubc.ca Hagerman, Shannon M. 1 Kozak, Robert 1; Affiliation: 1: Faculty of Forestry, University of British Columbia, 2424 Main Mall, Vancouver, BC V6T 1Z4, Canada.; Source Info: 2021, Vol. 51 Issue 2, p326; Subject Term: SEEDS; Subject Term: FORESTS &amp; forestry; Subject Term: FOREST productivity; Subject Term: FOREST policy; Subject Term: BRITISH Columbia; NAICS/Industry Codes: 115310 Support Activities for Forestry; NAICS/Industry Codes: 411190 Other farm product merchant wholesalers; NAICS/Industry Codes: 418320 Seed merchant wholesalers; NAICS/Industry Codes: 424910 Farm Supplies Merchant Wholesalers; Number of Pages: 13p; Document Type: Article | RAYYAN-INCLUSION: {""Alice""=>""Excluded""}",10.1139/cjfr-2020-0235,eppi-reviewer;SEEDS FORESTS & fore;try FOREST productivity FOREST policy BRITISH Columbia,,
rayyan-83177688,Principles for evaluating knowledge co-production in natural resource management: Incorporating decision-maker values,2019,,,Journal of Environmental Management,,249,,109392-109392,O'Connor R A and Nel J L and Roux D J and Lim-Camacho L and van Kerkhoff L and Leach J,https://ovidsp.ovid.com/ovidweb.cgi?T=JS&CSC=Y&NEWS=N&PAGE=fulltext&D=med16&AN=31446123 https://discover.lshtm.ac.uk/openurl/44HYG/44HYG_services_page?sid=OVID:medline&id=doi:10.1016%2Fj.jenvman.2019.109392&id=pmid31446123&issn=0301-4797&isbn=&volume=249&issue=&spage=109392&pages=109392&date=2019&title=Journal+of+Environmental+Management&atitle=Principles+for+evaluating+knowledge+co-production+in+natural+resource+management%3A+Incorporating+decision-maker+values.&aulast=O%27Connor&pid=%3Cauthor%,,,"O'Connor, Ruth A. Climate Change Institute, The Australian National University, Canberra, Australia;",,"O'Connor, Ruth A Nel, Jeanne L Roux, Dirk J Lim-Camacho, Lilly van Kerkhoff, Lorrae Leach, Joan | RAYYAN-INCLUSION: {""Alec""=>""Included""}",,eppi-reviewer,,
rayyan-83177692,What drives the use of scientific evidence in decision making? The case of the South African Working for Water program,2015,,,Biological Conservation,,184,,136-144,Ntshotsho Phumza and Prozesky Heidi E and Esler Karen J and Reyers Belinda,http://0-search.ebscohost.com.catalogue.libraries.london.ac.uk/login.aspx?direct=true&db=a9h&AN=101925211&site=ehost-live,,,,,"Ntshotsho, Phumza 1; Email Address: pntshotsho@csir.co.za Prozesky, Heidi E. 2; Email Address: hep@sun.ac.za Esler, Karen J. 3; Email Address: kje@sun.ac.za Reyers, Belinda 1; Email Address: breyers@csir.co.za; Affiliation: 1: Natural Resources and the Environment, CSIR, P.O. Box 320, Stellenbosch 7599, South Africa 2: Department of Sociology &amp; Social Anthropology and Centre for Invasion Biology, Stellenbosch University, Private Bag x1, Matieland 7602, South Africa 3: Department of Conservation Ecology &amp; Entomology and Centre for Invasion Biology, Stellenbosch University, Private Bag x1, Matieland 7602, South Africa; Source Info: Apr2015, Vol. 184, p136; Subject Term: SOCIAL context; Subject Term: INTRODUCED organisms; Subject Term: EVIDENCE-based management; Subject Term: NATURAL resources; Subject Term: DECISION making in science; Subject Term: SOUTH Africa; Author-Supplied Keyword: Invasive alien plant management; Author-Supplied Keyword: Research-implementation gap; Author-Supplied Keyword: Science-based decision making; Author-Supplied Keyword: Social context; Number of Pages: 9p; Document Type: Article | RAYYAN-INCLUSION: {""Isobel""=>""Included""}",10.1016/j.biocon.2015.01.021,eppi-reviewer;SOCIAL context INTRODUCED organi;m;EVIDENCE-ba;ed management NATURAL re;ource;DECISION making in;cience SOUTH Africa Inva;ive alien plant management Re;earch-implementation gap Science-ba;ed deci;ion making,,
rayyan-83177700,"Inclusive, Cross-Sectoral and Evidence-Based Decision-Making for Resilience Planning and Decision-Making in a Devolved Context",2021,,,European Journal of Development Research,,33,4,1115-1140,Neely C L and Bourne M and Chesterman S and Vågen T G and Lekaram V and Winowiecki L A and Prabhu R,http://0-search.ebscohost.com.catalogue.libraries.london.ac.uk/login.aspx?direct=true&db=a9h&AN=151304494&site=ehost-live,,,,,"Neely, C. L. 1; Email Address: c.neely@cgiar.org Bourne, M. 1 Chesterman, S. 1 Vågen, T.-G. 1 Lekaram, V. 2 Winowiecki, L. A. 1 Prabhu, R. 1; Affiliation: 1: World Agroforestry Centre (ICRAF), P.O. Box 30677, Gigiri, 00100, Nairobi, Kenya 2: Department of Finance and Economic Planning, Turkana County Government, P.O. Box 11-30500, Lodwar, Kenya; Source Info: Aug2021, Vol. 33 Issue 4, p1115; Subject Term: DECISION making; Subject Term: ORGANIZATIONAL learning; Subject Term: TECHNICAL assistance; Subject Term: ORGANIZATIONAL change; Subject Term: SUSTAINABILITY; Subject Term: KENYA; Author-Supplied Keyword: Collaboration; Author-Supplied Keyword: Decentralisation; Author-Supplied Keyword: Stakeholder engagement; Number of Pages: 26p; Document Type: Article; Full Text Word Count: 9993 | RAYYAN-INCLUSION: {""Isobel""=>""Excluded""}",10.1057/s41287-021-00410-3,eppi-reviewer;DECISION making ORGANIZATIONAL learning TECHNICAL a;i;tance ORGANIZATIONAL change SUSTAINABILITY KENYA Collaboration Decentrali;ation Stakeholder engagement,,
rayyan-83177702,Integrating evidence of land use and land cover change for land management policy formulation along the Kenya-Tanzania borderlands,2019,,,Anthropocene,2213-3054,28,,,Mustaphi C J. C and Capitani C and Boles O and Kariuki R and Newman R and Munishi L and Marchant R and Lane P,<Go to ISI>://WOS:000500301900005,,,,,"Mustaphi, Colin J. Courtney Capitani, Claudia Boles, Oliver Kariuki, Rebecca Newman, Rebecca Munishi, Linus Marchant, Rob Lane, Paul Lane, Paul/AAK-1995-2020 Lane, Paul/0000-0002-9936-1310; Courtney Mustaphi, Colin/0000-0002-4439-2590 | RAYYAN-INCLUSION: {""Sarah""=>""Excluded""}",10.1016/j.ancene.2019.100228,eppi-reviewer,,
rayyan-83177705,Diversifying knowledge governance for climate adaptation in protected areas in Colombia,2019,,,Environmental Science and Policy,,94,,39-48,Munera C and van Kerkhoff L,https://ovidsp.ovid.com/ovidweb.cgi?T=JS&CSC=Y&NEWS=N&PAGE=fulltext&D=emed20&AN=2001460219 https://discover.lshtm.ac.uk/openurl/44HYG/44HYG_services_page?sid=OVID:embase&id=doi:10.1016%2Fj.envsci.2019.01.004&id=pmid&issn=1462-9011&isbn=&volume=94&issue=&spage=39&pages=39-48&date=2019&title=Environmental+Science+and+Policy&atitle=Diversifying+knowledge+governance+for+climate+adaptation+in+protected+areas+in+Colombia&aulast=Munera&pid=%3Cauthor%3EMunera+C.%3Bvan+Kerkhoff+L.%3C%2Fauthor%3E%3CAN%3E,,,,,"RAYYAN-INCLUSION: {""Iris""=>""Included""}",,eppi-reviewer,,
rayyan-83177706,Champions as Influencers of Science uptake into australian coastal zone policy,2014,,,Coastal Management,0892-0753,42,6,495-511,Mumford T and Harvey N,<Go to ISI>://WOS:000343986800001,,,,,"Mumford, Taryn Harvey, Nick 1521-0421 | RAYYAN-INCLUSION: {""Philip""=>""Included"", ""Tabitha""=>""Excluded"", ""Prishnee""=>""Included"", ""Valentin""=>""Included"", ""fereshteh""=>""Excluded"", ""Aidan""=>""Maybe"", ""Nibedita""=>""Included"", ""Isobel""=>""Excluded""}",10.1080/08920753.2014.964654,eppi-reviewer,,
rayyan-83177712,Prescribed Burns in California: A Historical Case Study of the Integration of Scientific Research and Policy,2020,,,Fire-Switzerland,2571-6255,3,3,,Miller R,<Go to ISI>://WOS:000697569800019,,,,,"Miller, Rebecca | RAYYAN-INCLUSION: {""Alice""=>""Excluded""}",10.3390/fire3030044,eppi-reviewer,,
rayyan-83177713,Using systematic reviews to inform environmental policy-making,2022,,,Evaluation,,28,2,210-230,Miljand Matilda and Eckerberg Katarina,http://0-search.ebscohost.com.catalogue.libraries.london.ac.uk/login.aspx?direct=true&db=a9h&AN=156728489&site=ehost-live,,,,,"Miljand, Matilda 1; Email Address: matilda.miljand@statsvet.su.se Eckerberg, Katarina 2; Affiliation: 1: Stockholm University, Sweden 2: Umeå University, Sweden; Source Info: Apr2022, Vol. 28 Issue 2, p210; Subject Term: SYSTEMATIC reviews; Subject Term: ENVIRONMENTAL policy; Subject Term: POLICY sciences; Subject Term: SCIENTIFIC knowledge; Subject Term: EVIDENCE-based management; Subject Term: ENVIRONMENTAL management; Author-Supplied Keyword: decision making; Author-Supplied Keyword: evaluation; Author-Supplied Keyword: evidence-based environmental policy; Author-Supplied Keyword: knowledge use; Author-Supplied Keyword: stakeholder involvement; Author-Supplied Keyword: systematic review; NAICS/Industry Codes: 912910 Other provincial and territorial public administration; NAICS/Industry Codes: 924110 Administration of Air and Water Resource and Solid Waste Management Programs; Number of Pages: 21p; Document Type: Article | RAYYAN-INCLUSION: {""Philip""=>""Included"", ""Nibedita""=>""Included""}",10.1177/13563890221076540,eppi-reviewer;SYSTEMATIC review;ENVIRONMENTAL policy POLICY;cience;SCIENTIFIC knowledge EVIDENCE-ba;ed management ENVIRONMENTAL management deci;ion making evaluation evidence-ba;ed environmental policy knowledge u;e;takeholder involvement;y;tematic review,,
rayyan-83177721,Facilitating knowledge transfer between researchers and wildfire practitioners about trust: An international case study,2016,,,Forestry Chronicle,0015-7546,92,2,167-171,McGee T K and Curtis A and McFarlane B L and Shindler B and Christianson A and Olsen C and McCaffrey S,<Go to ISI>://WOS:000383983100014,,,,,"Mcgee, Tara K. Curtis, Allan McFarlane, Bonita L. Shindler, Bruce Christianson, Amy Olsen, Christine McCaffrey, Sarah McGee, Tara/0000-0003-2234-8879 1499-9315 | RAYYAN-INCLUSION: {""Iris""=>""Excluded""}",10.5558/tfc2016-035,eppi-reviewer,,
rayyan-83177726,Effective risk governance for environmental policy making: A knowledge management perspective,2014,,,Environmental Science and Policy,,41,,23-32,Mauelshagen C and Smith M and Schiller F and Denyer D and Rocks S and Pollard S,https://ovidsp.ovid.com/ovidweb.cgi?T=JS&CSC=Y&NEWS=N&PAGE=fulltext&D=emed15&AN=373163882 https://discover.lshtm.ac.uk/openurl/44HYG/44HYG_services_page?sid=OVID:embase&id=doi:10.1016%2Fj.envsci.2014.04.014&id=pmid&issn=1462-9011&isbn=&volume=41&issue=&spage=23&pages=23-32&date=2014&title=Environmental+Science+and+Policy&atitle=Effective+risk+governance+for+environmental+policy+making%3A+A+knowledge+management+perspective&aulast=Mauelshagen&pid=%3Cauthor%3EMauelshagen+C.%3BSmith+M.%3BSchiller+F,,,,,"RAYYAN-INCLUSION: {""Philip""=>""Excluded"", ""Prishnee""=>""Included""}",,eppi-reviewer,,
rayyan-83177733,Public managers as catalysts of knowledge co-production? Investigating knowledge dynamics in local environmental policy,2013,,,Environmental Science & Policy,1462-9011,27,,141-150,Maiello A and Viegas C V and Frey M and Ribeiro J L. D,<Go to ISI>://WOS:000316843500013,,,,,"Maiello, Antonella Viegas, Claudia V. Frey, Marco Ribeiro, Jose Luis D. Ribeiro, Jose Luis/AAS-9382-2021; Ribeiro, Jose Luis Duarte/I-4276-2016 Ribeiro, Jose Luis/0000-0002-5795-4468; Ribeiro, Jose Luis Duarte/0000-0002-5795-4468 1873-6416 | RAYYAN-INCLUSION: {""Iris""=>""Excluded""}",10.1016/j.envsci.2012.12.007,eppi-reviewer,,
rayyan-83177734,Scoping Science-Policy Arenas for Regional Ocean Governance in the Wider Caribbean Region,2021,,,Frontiers in Marine Science,,8,,,Mahon R and Fanning L,<Go to ISI>://WOS:000674638200001,,,,,"Mahon, Robin Fanning, Lucia 2296-7745 | RAYYAN-INCLUSION: {""Tabitha""=>""Excluded""}",10.3389/fmars.2021.685122,eppi-reviewer,,
rayyan-83177749,It Is a Balancing Act: The Interface of Scientific Evidence and Policy in Support of Effective Marine Environmental Management,2022,,,Sustainability,,14,3,,Lonsdale J A and Gill A B and Alliji K and Birchenough S N. R and Blake S and Buckley H and Clarke C and Clarke S and Edmonds N and Fonseca L and Goodsir F and Griffith A and Judd A and Mulholland R and Perry J and Randall K and Wood D,<Go to ISI>://WOS:000757381000001,,,,,"Lonsdale, Jemma-Anne Gill, Andrew B. Alliji, Khatija Birchenough, Silvana N. R. Blake, Sylvia Buckley, Holly Clarke, Charlotte Clarke, Stacey Edmonds, Nathan Fonseca, Leila Goodsir, Freya Griffith, Andrew Judd, Adrian Mulholland, Rachel Perry, Joe Randall, Karema Wood, Daniel Clarke, Stacey/0000-0003-0332-3959 2071-1050 | RAYYAN-INCLUSION: {""Elina""=>""Excluded"", ""Iris""=>""Included""}",10.3390/su14031650,eppi-reviewer,,
rayyan-83177752,25 Years of Criteria and Indicators for Sustainable Forest Management: How Intergovernmental C&I Processes Have Made a Difference,2018,,,Forests,,9,9,,Linser S and Wolfslehner B and Bridge S R. J and Gritten D and Johnson S and Payn T and Prins K and Rasi R and Robertson G,<Go to ISI>://WOS:000448398100074,,,,,"Linser, Stefanie Wolfslehner, Bernhard Bridge, Simon R. J. Gritten, David Johnson, Steven Payn, Tim Prins, Kit Rasi, Rastislav Robertson, Guy Linser, Stefanie/AAF-1589-2020 Bridge, Simon/0000-0002-0717-8579; Payn, Tim/0000-0003-2482-6379; Linser, Stefanie/0000-0002-7505-4922 1999-4907 | RAYYAN-INCLUSION: {""Alec""=>""Excluded""}",10.3390/f9090578,eppi-reviewer,,
rayyan-83177753,Establishing Priorities for Urban Green Infrastructure Research in Australia,2019,,,Urban Policy & Research,,37,1,30-44,Lin Brenda B and Meyers Jacqui A and Barnett Guy B,http://0-search.ebscohost.com.catalogue.libraries.london.ac.uk/login.aspx?direct=true&db=a9h&AN=135588035&site=ehost-live,,,,,"Lin, Brenda B. 1 Meyers, Jacqui A. 2 Barnett, Guy B. 2; Affiliation: 1: Land &amp; Water, CSIRO Land and Water, Aspendale, Australia 2: Land and Water, CSIRO Land and Water, Canberra, Australia; Source Info: Mar2019, Vol. 37 Issue 1, p30; Subject Term: SUSTAINABLE urban development; Subject Term: URBAN planning; Subject Term: INFRASTRUCTURE (Economics); Subject Term: AUSTRALIA; Author-Supplied Keyword: climate adaptation; Author-Supplied Keyword: economic valuation; Author-Supplied Keyword: ecosystem services; Author-Supplied Keyword: green space; Author-Supplied Keyword: Urban planning; Author-Supplied Keyword: urban vegetation; NAICS/Industry Codes: 237210 Land Subdivision; NAICS/Industry Codes: 925120 Administration of Urban Planning and Community and Rural Development; Number of Pages: 15p; Document Type: Article | RAYYAN-INCLUSION: {""Philip""=>""Excluded""}",10.1080/08111146.2018.1523054,eppi-reviewer;SUSTAINABLE urban development URBAN planning INFRASTRUCTURE (Economic;) AUSTRALIA climate adaptation economic valuation eco;y;tem;ervice;green;pace urban vegetation,,
rayyan-83177754,Improving Understanding and Management of Uncertainty in Science-Informed Collaborative Policy Processes,2022,,,Sustainability,,14,10,,Lilburne L and Robson-Williams M and Norton N,<Go to ISI>://WOS:000802693400001,,,,,"Lilburne, Linda Robson-Williams, Melissa Norton, Ned Robson-Williams, Melissa/0000-0003-0318-3933; Lilburne, Linda/0000-0001-8886-6754 2071-1050 | RAYYAN-INCLUSION: {""Philip""=>""Excluded"", ""Nibedita""=>""Excluded""}",10.3390/su14106041,eppi-reviewer,,
rayyan-83177764,"Scientific evidence, expert entrepreneurship, and ecosystem narratives in the UK Natural Environment White Paper",2016,,,Environmental Science and Policy,,61,,24-32,Lawton R N and Ruddb M A,https://ovidsp.ovid.com/ovidweb.cgi?T=JS&CSC=Y&NEWS=N&PAGE=fulltext&D=emed17&AN=609358602 https://discover.lshtm.ac.uk/openurl/44HYG/44HYG_services_page?sid=OVID:embase&id=doi:10.1016%2Fj.envsci.2016.03.015&id=pmid&issn=1462-9011&isbn=&volume=61&issue=&spage=24&pages=24-32&date=2016&title=Environmental+Science+and+Policy&atitle=Scientific+evidence%2C+expert+entrepreneurship%2C+and+ecosystem+narratives+in+the+UK+Natural+Environment+White+Paper&aulast=Lawton&pid=%3Cauthor%3ELawton+R.N.%3BRuddb+M.,,,,,"RAYYAN-INCLUSION: {""Philip""=>""Excluded"", ""Iris""=>""Included""}",,eppi-reviewer,,
rayyan-83177768,Strengthening the Role of Science in the Environmental Decision-Making Processes of Executive Government,2014,,,Organization & Environment,1086-0266,27,2,161-180,Lalor B M and Hickey G M,<Go to ISI>://WOS:000337575100004,,,,,"Lalor, Briony M. Hickey, Gordon M. Hickey, Gordon M/I-2200-2013 Hickey, Gordon/0000-0001-8169-5390 1552-7417 | RAYYAN-INCLUSION: {""Nibedita""=>""Included""}",10.1177/1086026614525641,eppi-reviewer,,
rayyan-83177772,The SciencePolicy Nexus in Collaborative Governance: Use of Science in Ecosystem Recovery Planning,2019,,,Review of Policy Research,1541-132X,,,,Koontz T M,<Go to ISI>://WOS:000496006100001,,,,,"Koontz, Tomas M. Koontz, Tomas/0000-0002-3607-6272 1541-1338 | RAYYAN-INCLUSION: {""Sarah""=>""Included""}",10.1111/ropr.12362,eppi-reviewer,,
rayyan-83177773,Use of science in collaborative environmental management: Evidence from local watershed partnerships in the Puget Sound,2018,,,Environmental Science and Policy,,88,,17-23,Koontz T M and Thomas C W,https://ovidsp.ovid.com/ovidweb.cgi?T=JS&CSC=Y&NEWS=N&PAGE=fulltext&D=emed19&AN=2000859366 https://discover.lshtm.ac.uk/openurl/44HYG/44HYG_services_page?sid=OVID:embase&id=doi:10.1016%2Fj.envsci.2018.06.007&id=pmid&issn=1462-9011&isbn=&volume=88&issue=&spage=17&pages=17-23&date=2018&title=Environmental+Science+and+Policy&atitle=Use+of+science+in+collaborative+environmental+management%3A+Evidence+from+local+watershed+partnerships+in+the+Puget+Sound&aulast=Koontz&pid=%3Cauthor%3EKoontz+T.M.%3BTh,,,,,"RAYYAN-INCLUSION: {""Sarah""=>""Included""}",,eppi-reviewer,,
rayyan-83177775,Guidelines for Operationalizing Policy Coherence for Development (PCD) as a Methodology for the Design and Implementation of Sustainable Development Strategies,2020,,,Sustainability,,12,10,,Koff H and Challenger A and Portillo I,<Go to ISI>://WOS:000543421400113,,,,,"Koff, Harlan Challenger, Antony Portillo, Israel Koff, Harlan/ACK-4893-2022 Koff, Harlan/0000-0002-9799-0893; Portillo-Peralta, Jorge Israel/0000-0003-2031-9548; Challenger, Antony/0000-0002-3181-5910 2071-1050 | RAYYAN-INCLUSION: {""Alec""=>""Excluded""}",10.3390/su12104055,eppi-reviewer,,
rayyan-83177780,Agencies navigating the political at the science-to-policy interface for nature-based solutions,2022,,,Environmental Science and Policy,,127,,303-310,Kirsop-Taylor N and Russel D,https://ovidsp.ovid.com/ovidweb.cgi?T=JS&CSC=Y&NEWS=N&PAGE=fulltext&D=emexa&AN=2015490612 https://discover.lshtm.ac.uk/openurl/44HYG/44HYG_services_page?sid=OVID:embase&id=doi:10.1016%2Fj.envsci.2021.10.029&id=pmid&issn=1462-9011&isbn=&volume=127&issue=&spage=303&pages=303-310&date=2022&title=Environmental+Science+and+Policy&atitle=Agencies+navigating+the+political+at+the+science-to-policy+interface+for+nature-based+solutions&aulast=Kirsop-Taylor&pid=%3Cauthor%3EKirsop-Taylor+N.%3BRussel+D.%3C%,,,,,"RAYYAN-INCLUSION: {""Tabitha""=>""Excluded""}",,eppi-reviewer,,
rayyan-83177791,Use of traditional knowledge by the United States Bureau of Ocean Energy Management to support resource management,2017,,,Czech Polar Reports,,7,2,151-163,Kendall Jr and James J and Brooks Jeffrey J and Campbell Chris and Wedemeyer Kathleen L and Coon Catherine C and Warren Sharon E and Thurston Dennis K and Mann Frances E and Randall Sharon A and Storzer Mark A and Johnston David W and Haller Michael L and Auad Guillermo and Cluck Rodney E and Meyer-Pietruszka Deanna,http://0-search.ebscohost.com.catalogue.libraries.london.ac.uk/login.aspx?direct=true&db=a9h&AN=137649665&site=ehost-live,,,,,"Kendall Jr., James J. 1 Brooks, Jeffrey J. 1 Campbell, Chris 1 Wedemeyer, Kathleen L. 1 Coon, Catherine C. 1 Warren, Sharon E. 1 Thurston, Dennis K. 1 Mann, Frances E. 1 Randall, Sharon A. 1 Storzer, Mark A. 1 Johnston, David W. 1 Haller, Michael L. 1 Auad, Guillermo 2 Cluck, Rodney E. 2 Meyer-Pietruszka, Deanna 3; Affiliation: 1: Bureau of Ocean Energy Management, Department of the Interior, Anchorage, AK, USA 2: Bureau of Ocean Energy Management, Department of the Interior, Sterling, VA, USA 3: Bureau of Ocean Energy Management, Department of the Interior, Washington DC, USA; Source Info: 2017, Vol. 7 Issue 2, p151; Subject Term: TRADITIONAL knowledge; Subject Term: RESOURCE management; Subject Term: SCIENCE; Subject Term: DECISION making; Subject Term: ALASKA; Author-Supplied Keyword: Adaptive process; Author-Supplied Keyword: consultation; Author-Supplied Keyword: decision making; Author-Supplied Keyword: environmental impact analysis; Author-Supplied Keyword: indigenous knowledge; Author-Supplied Keyword: mitigation; Author-Supplied Keyword: North Slope Borough; Author-Supplied Keyword: scientific research; Author-Supplied Keyword: subsistence; Number of Pages: 13p; Document Type: Article | RAYYAN-INCLUSION: {""Carlos""=>""Excluded""}",10.5817/CPR2017-2-15,eppi-reviewer;TRADITIONAL knowledge RESOURCE management SCIENCE DECISION making ALASKA Adaptive proce;con;ultation environmental impact analy;i;indigenou;knowledge mitigation North Slope Borough;cientific re;earch;ub;tence,,
rayyan-83177792,The MSY concept in a multi-objective fisheries environment - Lessons from the North Sea,2016,,,Marine Policy,0308-597X,69,,146-158,Kempf A and Mumford J and Levontin P and Leach A and Hoff A and Hamon K G and Bartelings H and Vinther M and Stabler M and Poos J J and Smout S and Frost H and van den Burg S and Ulrich C and Rindorf A,<Go to ISI>://WOS:000377228800016,,,,,"Kempf, Alexander Mumford, John Levontin, Polina Leach, Adrian Hoff, Ayoe Hamon, Katell G. Bartelings, Heleen Vinther, Morten Staebler, Moritz Poos, Jan Jaap Smout, Sophie Frost, Hans van den Burg, Sander Ulrich, Clara Rindorf, Anna Levontin, Polina/AAG-7070-2019; Ulrich, Clara/F-3583-2011; Rindorf, Anna/AAX-3463-2021; Hamon, Katell G/C-7206-2011 Levontin, Polina/0000-0001-8229-4054; Ulrich, Clara/0000-0001-7598-2051; Rindorf, Anna/0000-0002-4290-3983; Hamon, Katell G/0000-0002-6419-8947; Stabler, Moritz/0000-0002-9987-2532; Leach, Adrian/0000-0002-8781-2874; Vinther, Morten/0000-0002-2535-5575; Mumford, John/0000-0001-8964-1784; Bartelings, Heleen/0000-0002-4423-3717; van den Burg, Sander/0000-0003-3849-482X 1872-9460 | RAYYAN-INCLUSION: {""Philip""=>""Excluded"", ""Tabitha""=>""Excluded"", ""Prishnee""=>""Included"", ""Valentin""=>""Excluded"", ""fereshteh""=>""Included"", ""Aidan""=>""Included"", ""Nibedita""=>""Included"", ""Isobel""=>""Excluded""}",10.1016/j.marpol.2016.04.012,eppi-reviewer,,
rayyan-83177815,Do environmental systematic reviews impact policy and practice? Author perspectives on the application of their work,2022,,,Environmental Science and Policy,,129,,159-167,Jacaban E and Rytwinski T and Taylor J J and Young N and Nguyen V M and Cooke S J,https://ovidsp.ovid.com/ovidweb.cgi?T=JS&CSC=Y&NEWS=N&PAGE=fulltext&D=emexb&AN=2016451843 https://discover.lshtm.ac.uk/openurl/44HYG/44HYG_services_page?sid=OVID:embase&id=doi:10.1016%2Fj.envsci.2021.12.019&id=pmid&issn=1462-9011&isbn=&volume=129&issue=&spage=159&pages=159-167&date=2022&title=Environmental+Science+and+Policy&atitle=Do+environmental+systematic+reviews+impact+policy+and+practice%3F+Author+perspectives+on+the+application+of+their+work&aulast=Jacaban&pid=%3Cauthor%3EJacaban+E.%3BRy,,,,,"RAYYAN-INCLUSION: {""Prishnee""=>""Included""}",,eppi-reviewer,,
rayyan-83177821,The Use of Science in Wildland Fire Management: a Review of Barriers and Facilitators,2020,,,Current Forestry Reports,2198-6436,6,4,354-367,Hunter M E and Colavito M M and Wright V,<Go to ISI>://WOS:000578521900001,,,,,"Hunter, Molly E. Colavito, Melanie M. Wright, Vita | RAYYAN-INCLUSION: {""Alice""=>""Excluded""}",10.1007/s40725-020-00127-2,eppi-reviewer,,
rayyan-83177834,The integration of social science information into Great Lakes fishery management: Opportunities and challenges,2015,,,Fisheries Research,,167,,30-37,Heck Nadine and Stedman Richard C and Gaden Marc,http://0-search.ebscohost.com.catalogue.libraries.london.ac.uk/login.aspx?direct=true&db=a9h&AN=102072878&site=ehost-live,,,,,"Heck, Nadine 1; Email Address: tnm_heck@yahoo.de Stedman, Richard C. 1 Gaden, Marc 2; Affiliation: 1: Department of Natural Resources, Cornell University, Ithaca, NY, USA 2: Great Lakes Fishery Commission, Ann Arbor, MI, USA; Source Info: Jul2015, Vol. 167, p30; Subject Term: SOCIAL sciences; Subject Term: INFORMATION theory; Subject Term: FISHERY management; Subject Term: LAKE ecology; Subject Term: ENVIRONMENTAL impact analysis; Author-Supplied Keyword: Fisheries; Author-Supplied Keyword: Interdisciplinary decision-making; Author-Supplied Keyword: Social sciences; Author-Supplied Keyword: Social–ecological systems; NAICS/Industry Codes: 112511 Finfish Farming and Fish Hatcheries; NAICS/Industry Codes: 541720 Research and Development in the Social Sciences and Humanities; Number of Pages: 8p; Document Type: Article | RAYYAN-INCLUSION: {""Matthew""=>""Included"", ""Prishnee""=>""Included""}",10.1016/j.fishres.2015.01.008,eppi-reviewer;SOCIAL;cience;INFORMATION theory FISHERY management LAKE ecology ENVIRONMENTAL impact analy;i;Fi;herie;Interdi;ciplinary deci;ion-making Social–ecological;y;tem,,
rayyan-83177839,"Coastal residential waterways, science and policy-making: The Australian experience",2015,,,Estuarine Coastal & Shelf Science,,155,,A1-A13,Harvey Nick and Stocker Laura,http://0-search.ebscohost.com.catalogue.libraries.london.ac.uk/login.aspx?direct=true&db=a9h&AN=101934698&site=ehost-live,,,,,"Harvey, Nick 1; Email Address: nicholas.harvey@adelaide.edu.au Stocker, Laura 2; Affiliation: 1: The University of Adelaide, South Australia, Australia 2: Curtin University, Western Australia, Australia; Source Info: Mar2015, Vol. 155, pA1; Subject Term: ABSOLUTE sea level change; Subject Term: WATERWAYS; Subject Term: ESTUARIES; Subject Term: SCIENCE &amp; state; Subject Term: AUSTRALIA; Author-Supplied Keyword: canal estates; Author-Supplied Keyword: climate change impacts; Author-Supplied Keyword: coastal residential waterways; Author-Supplied Keyword: coastal zone management; Author-Supplied Keyword: estuaries; Author-Supplied Keyword: science in policy; NAICS/Industry Codes: 237990 Other Heavy and Civil Engineering Construction; Number of Pages: 1p; Document Type: Article | RAYYAN-INCLUSION: {""Philip""=>""Excluded""}",10.1016/j.ecss.2014.12.019,eppi-reviewer;ABSOLUTE;ea level change WATERWAYS ESTUARIES SCIENCE &;tate AUSTRALIA canal e;tate;climate change impact;coa;tal re;idential waterway;tal zone management;cience in policy,,
rayyan-83177845,Agricultural Advisors as Climate Information Intermediaries: Exploring Differences in Capacity to Communicate Climate,2015,,,Weather Climate and Society,1948-8327,7,1,83-93,Haigh T and Morton L W and Lemos M C and Knutson C and Prokopy L S and Lo Y J and Angel J,<Go to ISI>://WOS:000348973400007,,,,,"Haigh, Tonya Morton, Lois Wright Lemos, Maria Carmen Knutson, Cody Prokopy, Linda Stalker Lo, Yun Jia Angel, Jim mahsum, masot/ABC-4546-2020 Lemos, Maria Carmen/0000-0001-6686-730X; Angel, James/0000-0002-4720-9384; Haigh, Tonya/0000-0002-5240-685X 1948-8335 | RAYYAN-INCLUSION: {""Iris""=>""Excluded""}",10.1175/wcas-d-14-00015.1,eppi-reviewer,,
rayyan-83177850,Raising the voice of science in complex socio-political contexts: an assessment of contested water decisions,2022,,,Journal of Environmental Policy & Planning,1523-908X,24,2,242-260,Greenhalgh S and Muller K and Thomas S and Campbell M L and Harter T,<Go to ISI>://WOS:000723461500001,,,,,"Greenhalgh, Suzie Muller, Karin Thomas, Steve Campbell, Marsha L. Harter, Thomas Mueller, Karin/J-5871-2013; Thomas, Steve/F-2064-2013 Mueller, Karin/0000-0002-5224-0984; Harter, Thomas/0000-0001-8526-3843; Thomas, Steve/0000-0002-9202-483X; Greenhalgh, Suzie/0000-0002-4972-5059 1522-7200 | RAYYAN-INCLUSION: {""Philip""=>""Excluded"", ""Aidan""=>""Excluded""}",10.1080/1523908x.2021.2007762,eppi-reviewer,,
rayyan-83177859,Producing actionable science in conservation: Best practices for organizations and individuals,2020,,,Conservation Science & Practice,,2,12,Jan-15,Gerber Leah R and Barton Chris J and Cheng Samantha H and Anderson Derrick,http://0-search.ebscohost.com.catalogue.libraries.london.ac.uk/login.aspx?direct=true&db=a9h&AN=147379750&site=ehost-live,,,,,"Gerber, Leah R. 1 Barton, Chris J. 1,2; Email Address: cjbarton@tbird.asu.edu Cheng, Samantha H. 1,3 Anderson, Derrick 1,4,5; Affiliation: 1: Center for Biodiversity Outcomes, Tempe Arizona, USA 2: School for the Future of Innovation in Society, Arizona State University, Tempe Arizona, USA 3: American Museum of Natural History, New York City New York, USA 4: School of Public Affairs, Arizona State University, Tempe Arizona, USA 5: Center for Organizational Research and Design, Arizona State University, Tempe Arizona, USA; Source Info: Dec2020, Vol. 2 Issue 12, p1; Subject Term: BIODIVERSITY conservation; Subject Term: SCIENCE education; Subject Term: ORGANIZATIONAL change; Subject Term: CAREER development; Subject Term: GOVERNMENT policy; Author-Supplied Keyword: actionable science; Author-Supplied Keyword: best practices; Author-Supplied Keyword: co‐production; Author-Supplied Keyword: conservation; Author-Supplied Keyword: evidence informed decision‐making; NAICS/Industry Codes: 624310 Vocational Rehabilitation Services; NAICS/Industry Codes: 611430 Professional and Management Development Training; Number of Pages: 15p; Document Type: Article; Full Text Word Count: 9750 | RAYYAN-INCLUSION: {""Isobel""=>""Included""}",10.1111/csp2.295,eppi-reviewer;BIODIVERSITY con;ervation SCIENCE education ORGANIZATIONAL change CAREER development GOVERNMENT policy actionable;cience be;t practice;co‐production con;ervation evidence informed deci;ion‐making,,
rayyan-83177868,Tools and methods to support adaptive policy making in marine areas: Review and implementation of the Adaptive Marine Policy Toolbox,2018,,,Ocean & Coastal Management,0964-5691,151,,25-35,Furlan E and Torresan S and Ronco P and Critto A and Breil M and Kontogianni A and Garmendia M and Pascual M and Sauzade D and Skourtos M and Marcomini A,<Go to ISI>://WOS:000418973100003,,,,,"Furlan, E. Torresan, S. Ronco, P. Critto, A. Breil, M. Kontogianni, A. Garmendia, M. Pascual, M. Sauzade, D. Skourtos, M. Marcomini, A. Furlan, Elisa/AAA-4247-2021 Kontogianni, Areti/0000-0002-9183-6211; FURLAN, ELISA/0000-0001-6105-7447; TORRESAN, Silvia/0000-0002-9758-7084 1873-524x | RAYYAN-INCLUSION: {""Matthew""=>""Excluded""}",10.1016/j.ocecoaman.2017.10.029,eppi-reviewer,,
rayyan-83177869,Promoting uptake and use of conservation science in South Africa by government,2012,,,,3784738,38,,105-113,Funke N and Nienaber S,"https://search.ebscohost.com/login.aspx?direct=true&AuthType=cookie,ip,shib&db=awn&AN=wsa-73316&site=ehost-live",,,,,"Database Contributor: AFRICAN JOURNALS ONLINE [AJOL]. Database Contributor ID: wsa-73316. Language: English. Publication Type: Peer-reviewed Article. Accession Number: wsa-73316. | RAYYAN-INCLUSION: {""Carlos""=>""Included""}",,eppi-reviewer;Science uptake;implementation;scientific research products;conservation science;South Africa,,
rayyan-83177874,Reviewers' perceptions of the volume of information provided in environmental impact statements: The case for refocusing attention on what is relevant,2020,,,Journal of Cleaner Production,0959-6526,251,,,Fonseca A and Fernandez G M. R,<Go to ISI>://WOS:000510823700100,,,,,"Fonseca, Alberto Rivera Fernandez, German Marino 1879-1786 | RAYYAN-INCLUSION: {""Nibedita""=>""Excluded""}",10.1016/j.jclepro.2019.119757,eppi-reviewer,,
rayyan-83177892,To what extent are land resource managers preparing for high-end climate change in Scotland?,2017,,,Climatic Change,,141,2,181-195,Dunn Miriam and Rounsevell Mark and Carlsen Henrik and Dzebo Adis and Lourenço Tiago and Hagg Joseph,http://0-search.ebscohost.com.catalogue.libraries.london.ac.uk/login.aspx?direct=true&db=a9h&AN=121548733&site=ehost-live,,,,,"Dunn, Miriam 1; Email Address: miriam.dunn@ed.ac.uk Rounsevell, Mark 1; Email Address: mark.rounsevell@ed.ac.uk Carlsen, Henrik 2; Email Address: henrik.carlsen@sei-international.org Dzebo, Adis 2; Email Address: adis.dzebo@sei-international.org Lourenço, Tiago 3; Email Address: tcapela@fc.ul.pt Hagg, Joseph 4; Email Address: joseph@sniffer.org.uk; Affiliation: 1: Institute of Geography, School of Geosciences , University of Edinburgh , Drummond street Edinburgh EH8 9XP Scotland 2: Stockholm Environment Institute , Stockholm Sweden 3: Faculty of Sciences , University of Lisbon , Lisboa Portugal 4: Adaptation Scotland/SNIFFER , Edinburgh Scotland; Source Info: Mar2017, Vol. 141 Issue 2, p181; Subject Term: CLIMATE change; Subject Term: LAND resource; Subject Term: DECISION making; Subject Term: STAKEHOLDERS; Subject Term: ADAPTABILITY (Personality); Subject Term: MANAGEMENT; Subject Term: UNITED Kingdom; Number of Pages: 15p; Document Type: Article | RAYYAN-INCLUSION: {""Alice""=>""Excluded""}",10.1007/s10584-016-1881-0,eppi-reviewer;CLIMATE change LAND re;ource DECISION making STAKEHOLDERS ADAPTABILITY (Per;onality) MANAGEMENT UNITED Kingdom,,
rayyan-83177898,When evidence does not matter: The barriers to learning from science in two cases of environmental policy change in Brazil,2020,,,Science & Public Policy (SPP),,47,3,313-321,Donadelli Flavia,http://0-search.ebscohost.com.catalogue.libraries.london.ac.uk/login.aspx?direct=true&db=a9h&AN=144287609&site=ehost-live,,,,,"Donadelli, Flavia 1; Email Address: flavia.donadelli@vuw.ac.nz; Affiliation: 1: School of Government, Victoria University of Wellington , Level 8 Rutherford House, 23 Lambton Quay, Pipitea Campus, Wellington 6011, New Zealand; Source Info: Jun2020, Vol. 47 Issue 3, p313; Subject Term: ENVIRONMENTAL policy; Subject Term: SCIENTIFIC community; Subject Term: GOVERNMENT policy; Subject Term: SCIENTISTS; Subject Term: DEBATE; Subject Term: POLICY sciences; Subject Term: BRAZIL; NAICS/Industry Codes: 924110 Administration of Air and Water Resource and Solid Waste Management Programs; NAICS/Industry Codes: 912910 Other provincial and territorial public administration; Number of Pages: 9p; Document Type: Article; Full Text Word Count: 8992 | RAYYAN-INCLUSION: {""Nibedita""=>""Excluded""}",10.1093/scipol/scaa006,eppi-reviewer;ENVIRONMENTAL policy SCIENTIFIC community GOVERNMENT policy SCIENTISTS DEBATE POLICY;cience;BRAZIL,,
rayyan-83177910,Grizzly Bear Management in the Kananaskis Valley: Forty Years of Figuring It Out,2020,,,Land,,9,12,,Den Hoed D C and Murphy M N and Halpenny E A and Mucha D,<Go to ISI>://WOS:000602002900001,,,,,"Carruthers Den Hoed, Don Murphy, Michelle N. Halpenny, Elizabeth A. Mucha, Debbie Carruthers Den Hoed, Don/0000-0002-7402-9119; Murphy, Michelle/0000-0002-9004-1409 2073-445x | RAYYAN-INCLUSION: {""Alec""=>""Included""}",10.3390/land9120501,eppi-reviewer,,
rayyan-83177918,"A conceptual model to improve links between science, policy and practice in coastal management",2019,,,Marine Policy,0308-597X,103,,42-49,Dale P and Sporne I and Knight J and Sheaves M and Eslami-Andergoli L and Dwyer P,<Go to ISI>://WOS:000463125700006,,,,,"Dale, Pat Sporne, Ilva Knight, Jon Sheaves, Marcus Eslami-Andergoli, Leila Dwyer, Patrick Dwyer, Patrick G/Z-4074-2019; Knight, Jonathan/G-3015-2011 Dwyer, Patrick G/0000-0001-6099-7138; SPORNE, Ilva/0000-0003-0629-2449; Knight, Jonathan/0000-0002-9009-0980 1872-9460 | RAYYAN-INCLUSION: {""Sarah""=>""Excluded""}",10.1016/j.marpol.2019.02.029,eppi-reviewer,,
rayyan-83177919,Strategies for building and managing 'trust' to enable knowledge exchange at the interface of environmental science and policy,2021,,,Environmental Science and Policy,,123,,179-189,Cvitanovic C and Shellock R J and Mackay M and van Putten E I and Karcher D B and Dickey-Collas M and Ballesteros M,https://ovidsp.ovid.com/ovidweb.cgi?T=JS&CSC=Y&NEWS=N&PAGE=fulltext&D=emed22&AN=2012504269 https://discover.lshtm.ac.uk/openurl/44HYG/44HYG_services_page?sid=OVID:embase&id=doi:10.1016%2Fj.envsci.2021.05.020&id=pmid&issn=1462-9011&isbn=&volume=123&issue=&spage=179&pages=179-189&date=2021&title=Environmental+Science+and+Policy&atitle=Strategies+for+building+and+managing+%27trust%27+to+enable+knowledge+exchange+at+the+interface+of+environmental+science+and+policy&aulast=Cvitanovic&pid=%3Cauthor%3,,,,,"RAYYAN-INCLUSION: {""Philip""=>""Included""}",,eppi-reviewer,,
rayyan-83177922,Building university-based boundary organisations that facilitate impacts on environmental policy and practice,2018,,,PLoS ONE [Electronic Resource],,13,9,e0203752-e0203752,Cvitanovic C and Lof M F and Norstrom A V and Reed M S,https://ovidsp.ovid.com/ovidweb.cgi?T=JS&CSC=Y&NEWS=N&PAGE=fulltext&D=med15&AN=30212515 https://discover.lshtm.ac.uk/openurl/44HYG/44HYG_services_page?sid=OVID:medline&id=doi:10.1371%2Fjournal.pone.0203752&id=pmid30212515&issn=1932-6203&isbn=&volume=13&issue=9&spage=e0203752&pages=e0203752&date=2018&title=PLoS+ONE+%5BElectronic+Resource%5D&atitle=Building+university-based+boundary+organisations+that+facilitate+impacts+on+environmental+policy+and+practice.&aulast=Cvitanovic&pid=%3Cauthor%3ECvitan,,,"Cvitanovic, Christopher. Centre for Marine Socioecology, University of Tasmania, Hobart, Australia.",,"Cvitanovic, Christopher Lof, Marie F Norstrom, Albert V Reed, Mark S | RAYYAN-INCLUSION: {""Sarah""=>""Included""}",,eppi-reviewer,,
rayyan-83177923,Using Social Network Analysis to Monitor and Assess the Effectiveness of Knowledge Brokers at Connecting Scientists and Decision-Makers: An Australian case study,2017,,,Environmental Policy and Governance,1756-932X,27,3,256-269,Cvitanovic C and Cunningham R and Dowd A M and Howden S M and van Putten E I,<Go to ISI>://WOS:000406002600006,,,,,"Cvitanovic, C. Cunningham, R. Dowd, A-M. Howden, S. M. van Putten, E. I. Cunningham, Rebecca/AAQ-7340-2020 Cunningham, Rebecca/0000-0001-8066-9019; Cvitanovic, Christopher/0000-0002-2565-3396 1756-9338 | RAYYAN-INCLUSION: {""Prishnee""=>""Included""}",10.1002/eet.1752,eppi-reviewer,,
rayyan-83177931,Dissemination of Environmental Information and its Effects on Stakeholders' Decision-Making: A Comparative Study between Swedish and Polish Municipalities,2017,,,NISPAcee Journal of Public Administration & Policy,,10,2,Sep-47,Cregård Anna and Sobis Iwona,http://0-search.ebscohost.com.catalogue.libraries.london.ac.uk/login.aspx?direct=true&db=a9h&AN=127365122&site=ehost-live,,,,,"Cregård, Anna Sobis, Iwona; Source Info: Dec2017, Vol. 10 Issue 2, p9; Subject Term: STAKEHOLDERS; Subject Term: ENVIRONMENTAL economics; Subject Term: MUNICIPAL government; Subject Term: ECONOMIC development; Subject Term: SUSTAINABLE development; Subject Term: POLAND; Author-Supplied Keyword: Action Agenda 21; Author-Supplied Keyword: dissemination; Author-Supplied Keyword: environmental information; Author-Supplied Keyword: environmental sustainability; Author-Supplied Keyword: practical work; Author-Supplied Keyword: Sustainable development; NAICS/Industry Codes: 926110 Administration of General Economic Programs; Number of Pages: 39p; Document Type: Article | RAYYAN-INCLUSION: {""Tabitha""=>""Included""}",10.1515/nispa-2017-0010,eppi-reviewer;STAKEHOLDERS ENVIRONMENTAL economic;MUNICIPAL government ECONOMIC development SUSTAINABLE development POLAND Action Agenda 21 di;emination environmental information environmental;u;tainability practical work,,
rayyan-83177935,Social involvement in environmental governance: The relevance of quality assurance processes in forest planning,2017,,,Land Use Policy,0264-8377,67,,710-715,Corral S and Monagas M C,<Go to ISI>://WOS:000413280200061,,,,,"Corral, Serafin Cristo Monagas, Maria Corral, Serafin/B-6063-2015 Corral, Serafin/0000-0002-2715-4048 1873-5754 | RAYYAN-INCLUSION: {""Alice""=>""Excluded""}",10.1016/j.landusepol.2017.07.017,eppi-reviewer,,
rayyan-83177940,Utilising scientific information to support resilient forest and fire management,2017,,,International Journal of Wildland Fire,1049-8001,26,5,375-383,Colavito M M,<Go to ISI>://WOS:000400919100003,,,,,"Colavito, Melanie M. Colavito, Melanie/AAB-9224-2020 Colavito, Melanie/0000-0003-2089-5158 1448-5516 | RAYYAN-INCLUSION: {""Matthew""=>""Included"", ""Elina""=>""Included""}",10.1071/wf16158,eppi-reviewer,,
rayyan-83177952,"The Gulfwatch contaminants monitoring program in the Gulf of Maine: Are its data being used for ocean protection, with special reference to Nova Scotia, Canada?",2018,,,Marine Pollution Bulletin,,127,,781-787,Chamberlain S D and Wells P G and MacDonald B H,https://ovidsp.ovid.com/ovidweb.cgi?T=JS&CSC=Y&NEWS=N&PAGE=fulltext&D=med15&AN=28986110 https://discover.lshtm.ac.uk/openurl/44HYG/44HYG_services_page?sid=OVID:medline&id=doi:10.1016%2Fj.marpolbul.2017.09.050&id=pmid28986110&issn=0025-326X&isbn=&volume=127&issue=&spage=781&pages=781-787&date=2018&title=Marine+Pollution+Bulletin&atitle=The+Gulfwatch+contaminants+monitoring+program+in+the+Gulf+of+Maine%3A+Are+its+data+being+used+for+ocean+protection%2C+with+special+reference+to+Nova+Scotia%2C+Cana,,,"Chamberlain, Sarah D. Marine Affairs Program, Dalhousie University, Halifax B3H 4R2, Canada. Electro",,"Chamberlain, Sarah D Wells, Peter G MacDonald, Bertrum H | RAYYAN-INCLUSION: {""Philip""=>""Excluded"", ""Aidan""=>""Included""}",,eppi-reviewer,,
rayyan-83177962,The rocky path from policy-relevant science to policy implementation - a case study from the South American Chaco,2016,,,Current Opinion in Environmental Sustainability,1877-3435,19,,57-66,Caceres D M and Silvetti F and Diaz S,<Go to ISI>://WOS:000378029700008,,,,,"Caceres, Daniel M. Silvetti, Felicitas Diaz, Sandra Diaz, Sandra/Q-9804-2018; Díaz, Sandra/ABE-7349-2020 Díaz, Sandra/0000-0003-0012-4612 1877-3443 | RAYYAN-INCLUSION: {""Tabitha""=>""Included""}",10.1016/j.cosust.2015.12.003,eppi-reviewer,,
rayyan-83177971,Civil society participation in the Scottish marine planning process and the role of Environmental Non-Governmental Organisations,2019,,,Journal of Environmental Planning & Management,,62,12,2101-2123,Brooker E E and Hopkins C R and Devenport E and Greenhill L and Duncan C,http://0-search.ebscohost.com.catalogue.libraries.london.ac.uk/login.aspx?direct=true&db=a9h&AN=139228400&site=ehost-live,,,,,"Brooker, E.E. 1; Email Address: estherebrooker@gmail.com Hopkins, C.R. 2,3 Devenport, E. 4 Greenhill, L. 5 Duncan, C. 4,6; Affiliation: 1: WWF Scotland, Edinburgh, UK 2: Department of Geography and Planning, University of Liverpool, Liverpool, UK 3: Institute of Biodiversity, Animal Health and Comparative Medicine, University of Glasgow, Glasgow, UK 4: Scottish Environment LINK, Perth, UK 5: Scottish Association of Marine Science, Dunbeg, Oban, UK 6: Marine Conservation Society, CBC House, Edinburgh, UK; Source Info: Oct2019, Vol. 62 Issue 12, p2101; Subject Term: PRODUCTION planning; Subject Term: CIVIL society; Subject Term: PARTICIPATION; Subject Term: TECHNICAL information; Subject Term: ADULT education workshops; Subject Term: SUSTAINABLE development; Subject Term: SCOTLAND; Author-Supplied Keyword: civil society; Author-Supplied Keyword: Environmental NGO; Author-Supplied Keyword: marine planning; Author-Supplied Keyword: public participation; Author-Supplied Keyword: Scotland; NAICS/Industry Codes: 541614 Process, Physical Distribution, and Logistics Consulting Services; NAICS/Industry Codes: 926110 Administration of General Economic Programs; Number of Pages: 23p; Illustrations: 2 Charts; Document Type: Article; Full Text Word Count: 11155 | RAYYAN-INCLUSION: {""Carlos""=>""Excluded""}",10.1080/09640568.2018.1532876,eppi-reviewer;PRODUCTION planning CIVIL;ociety PARTICIPATION TECHNICAL information ADULT education work;hop;SUSTAINABLE development SCOTLAND Environmental NGO marine planning public participation,,
rayyan-83177977,The Synthesis of Everglades Restoration and Ecosystem Services (SERES): a case study for interactive knowledge exchange to guide Everglades restoration,2017,,,Restoration Ecology,,25,,S18-S26,Borkhataria Rena R and Wetzel Paul R and Henriquez Hiram and Davis Stephen E,http://0-search.ebscohost.com.catalogue.libraries.london.ac.uk/login.aspx?direct=true&db=a9h&AN=125967620&site=ehost-live,,,,,"Borkhataria, Rena R. 1; Email Address: rrbork@ufl.edu Wetzel, Paul R. 2 Henriquez, Hiram 3 Davis, Stephen E. 4; Affiliation: 1: Everglades Research and Education Center, University of Florida, Belle Glade FL, U.S.A. 2: Center for the Environment, Ecological Design and Sustainability, Smith College, Northampton MA, U.S.A. 3: H2H Graphics &amp; Design Inc., Doral FL, U.S.A. 4: Everglades Foundation, Palmetto Bay FL, U.S.A.; Source Info: Oct2017 Supplement S1, Vol. 25, pS18; Subject Term: RESTORATION ecology; Subject Term: WETLAND restoration; Subject Term: INFORMATION sharing; Subject Term: DECISION making; Subject Term: EVERGLADES (Fla.); Author-Supplied Keyword: boundary organization; Author-Supplied Keyword: infographics; Author-Supplied Keyword: knowledge exchange; Author-Supplied Keyword: nonscientists; Author-Supplied Keyword: science communication; Number of Pages: 9p; Illustrations: 1 Illustration; Document Type: Article | RAYYAN-INCLUSION: {""Philip""=>""Excluded"", ""Aidan""=>""Excluded"", ""Isobel""=>""Excluded""}",10.1111/rec.12593,eppi-reviewer;RESTORATION ecology WETLAND re;toration INFORMATION;haring DECISION making EVERGLADES (Fla.) boundary organization infographic;knowledge exchange non;cienti;t;cience communication,,
rayyan-83177980,Public participation in soil surveys: lessons from a pilot study in England,2012,,,Environmental Science & Technology,,46,7,3687-3696,Bone J and Archer M and Barraclough D and Eggleton P and Flight D and Head M and Jones D T and Scheib C and Voulvoulis N,https://ovidsp.ovid.com/ovidweb.cgi?T=JS&CSC=Y&NEWS=N&PAGE=fulltext&D=med9&AN=22393874 https://discover.lshtm.ac.uk/openurl/44HYG/44HYG_services_page?sid=OVID:medline&id=doi:10.1021%2Fes203880p&id=pmid22393874&issn=0013-936X&isbn=&volume=46&issue=7&spage=3687&pages=3687-96&date=2012&title=Environmental+Science+%26+Technology&atitle=Public+participation+in+soil+surveys%3A+lessons+from+a+pilot+study+in+England.&aulast=Bone&pid=%3Cauthor%3EBone+J%3BArcher+M%3BBarraclough+D%3BEggleton+P%3BFlight+D%3,,,"Bone, James. Centre for Environmental Policy, Imperial College London, London, United Kingdom.",,"Bone, James Archer, Michael Barraclough, Declan Eggleton, Paul Flight, Dee Head, Martin Jones, David T Scheib, Catherine Voulvoulis, Nikolaos | RAYYAN-INCLUSION: {""Philip""=>""Excluded"", ""Nibedita""=>""Excluded""}",,eppi-reviewer,,
rayyan-83177982,Hybrid transnational advocacy networks in environmental protection: banning the use of cyanide in European gold mining,2021,,,International Environmental Agreements-Politics Law and Economics,1567-9764,21,2,285-303,Bocse A M,<Go to ISI>://WOS:000547227200003,,,,,"Bocse, Alexandra-Maria 1573-1553 | RAYYAN-INCLUSION: {""Isobel""=>""Excluded""}",10.1007/s10784-020-09492-6,eppi-reviewer,,
rayyan-83177984,Bridging natural resource communication boundaries: Public perceptions of smoke from wildland fires and forest managers' perspectives of climate change science,2013,,,,978-1-303-68813-3,,,280,Blades Jarod J and Force Jo Ellen,https://www.proquest.com/dissertations-theses/bridging-natural-resource-communication/docview/1499079796/se-2?accountid=14511 https://ucl-new-primo.hosted.exlibrisgroup.com/openurl/UCL/UCL_VU2?url_ver=Z39.88-2004&rft_val_fmt=info:ofi/fmt:kev:mtx:dissertation&genre=dissertations&sid=ProQ:International+Bibliography+of+the+Social+Sciences+%28IBSS%29&atitle=&title=Bridging+natural+resource+communication+boundaries%3A+Public+perceptions+of+smoke+from+wildland+fires+and+forest+managers%27+perspective,,,Ann Arbor,,"Copyright - Database copyright ProQuest LLC; ProQuest does not claim copyright in the individual underlying works. Last updated - 2021-05-21 | RAYYAN-INCLUSION: {""Matthew""=>""Excluded""}",,eppi-reviewer;Communication and the arts;Psychology;Health and environmental sciences;Boundary objects;Climate change;Perception;Risk perception;Smoke;Wildland fire;Communication;Natural Resource Management;Cognitive psychology;0633:Cognitive psychology;0459:Communication;0528:Natural Resource Management,,
rayyan-83177991,Evaluating policy-relevant research: lessons from a series of theory-based outcomes assessments,2017,,,Palgrave Communications,2055-1045,3,,,Belcher B and Suryadarma D and Halimanjaya A,<Go to ISI>://WOS:000453950100001,,,,,"Belcher, Brian Suryadarma, Daniel Halimanjaya, Aidy Suryadarma, Daniel/ABI-3288-2020 | RAYYAN-INCLUSION: {""Matthew""=>""Excluded"", ""Philip""=>""Included"", ""Tabitha""=>""Included"", ""Prishnee""=>""Included"", ""Valentin""=>""Included"", ""fereshteh""=>""Excluded"", ""Aidan""=>""Excluded"", ""Nibedita""=>""Included"", ""Isobel""=>""Excluded""}",10.1057/palcomms.2017.17,eppi-reviewer,,
rayyan-83177993,Learning the wrong lessons? Science and fisheries management in the Chesapeake Bay blue crab fishery,2012,5,1,Public Understanding of Science,,21,4,401-417,Beem Betsi,http://journals.sagepub.com/doi/10.1177/0963662510374177,,"SAGE PublicationsSage UK: London, England",,,"RAYYAN-INCLUSION: {""Elina""=>""Excluded""}",10.1177/0963662510374177,eppi-reviewer;decision making in science;discourses of science;framing risk;interaction experts/publics;public understanding of science,,
rayyan-83177994,Science-policy intermediaries from a practitioner's perspective: The Lenfest Ocean Program experience,2016,,,Science and Public Policy,0302-3427,43,2,291-300,Bednarek A T and Shouse B and Hudson C G and Goldburg R,<Go to ISI>://WOS:000376405700014,,,,,"Bednarek, Angela T. Shouse, Ben Hudson, Charlotte G. Goldburg, Rebecca 1471-5430 | RAYYAN-INCLUSION: {""Nibedita""=>""Excluded""}",10.1093/scipol/scv008,eppi-reviewer,,
rayyan-83177996,Forest Policy Information Networks and the Role of Trust: Cooperative and Competitive Orientations and Underlying Causes,2019,,,Forests,1999-4907,10,4,,Baycheva-Merger T,<Go to ISI>://WOS:000467303600067,,,,,"Baycheva-Merger, Tanya | RAYYAN-INCLUSION: {""Matthew""=>""Included"", ""Philip""=>""Included"", ""Tabitha""=>""Included"", ""Prishnee""=>""Included"", ""Valentin""=>""Included"", ""fereshteh""=>""Included"", ""Aidan""=>""Included"", ""Nibedita""=>""Included"", ""Isobel""=>""Included""}",10.3390/f10040359,eppi-reviewer,,
rayyan-83177997,Institutional and Actor-Oriented Factors Constraining Expert-Based Forest Information Exchange in Europe: A Policy Analysis from an Actor-Centred Institutionalist Approach,2018,,,Forests,1999-4907,9,3,,Baycheva-Merger T and Sotirov M and Holmgren S and Selter A,<Go to ISI>://WOS:000428508200032,,,,,"Baycheva-Merger, Tanya Sotirov, Metodi Holmgren, Sara Selter, Andy Sotirov, Metodi/T-8199-2019 Sotirov, Metodi/0000-0002-3548-707X | RAYYAN-INCLUSION: {""Nibedita""=>""Included"", ""Isobel""=>""Included""}",10.3390/f9030129,eppi-reviewer,,
rayyan-83178000,What Sources Are Natural Resource Managers Using to Make Decisions?,2021,,,Journal of Wildlife Management,,85,8,1543-1553,Barrett Kyle and Rodriguez Shari L,http://0-search.ebscohost.com.catalogue.libraries.london.ac.uk/login.aspx?direct=true&db=a9h&AN=152949847&site=ehost-live,,,,,"Barrett, Kyle 1 Rodriguez, Shari L. 1; Email Address: slrodri@clemson.edu; Affiliation: 1: Clemson University, 261 Lehotsky Hall, Clemson SC, 29634, , USA; Source Info: Nov2021, Vol. 85 Issue 8, p1543; Subject Term: NATURAL resources management; Subject Term: ENVIRONMENTAL agencies; Subject Term: DECISION making; Subject Term: NATURAL resources; Subject Term: INFORMATION resources; Subject Term: EXECUTIVES; Subject Term: UNITED States; Author-Supplied Keyword: evidence‐based; Author-Supplied Keyword: expert opinion; Author-Supplied Keyword: management decision; Author-Supplied Keyword: peer‐reviewed literature; Author-Supplied Keyword: sources; Author-Supplied Keyword: state natural resource agencies; NAICS/Industry Codes: 924110 Administration of Air and Water Resource and Solid Waste Management Programs; Number of Pages: 11p; Document Type: Article; Full Text Word Count: 9142 | RAYYAN-INCLUSION: {""Philip""=>""Included"", ""Nibedita""=>""Included""}",10.1002/jwmg.22112,eppi-reviewer;evidence-based;expert opinion;management decision;peer-reviewed literature;sources;state natural resource agencies,,
rayyan-83178010,"Bridging practices, institutions, and landscapes through a scale-based approach for research and practice: A case study of a business association in South India",2019,,,Ecological Economics,,160,,240-250,Asokan Vivek Anand and Yarime Masaru and Onuki Motoharu,http://0-search.ebscohost.com.catalogue.libraries.london.ac.uk/login.aspx?direct=true&db=a9h&AN=135792402&site=ehost-live,,,,,"Asokan, Vivek Anand 1; Email Address: viv.asok@gmail.com Yarime, Masaru 1; Email Address: yarime@ust.hk Onuki, Motoharu 1; Email Address: onuki@k.u-tokyo.ac.jp; Affiliation: 1: Graduate Program in Sustainability Science (GPSS), Division of Environmental Studies, Graduate School of Frontier Sciences, The University of Tokyo, Kashiwa City, Chiba 277-8563, Japan; Source Info: Jun2019, Vol. 160, p240; Subject Term: SCIENTIFIC knowledge; Subject Term: CASE studies; Subject Term: TRADE associations; Subject Term: SOCIAL sciences; Subject Term: LAND degradation; Subject Term: RESTORATION ecology; Subject Term: INDIA; Author-Supplied Keyword: Business association; Author-Supplied Keyword: Corporate responsibility; Author-Supplied Keyword: Ecosystems; Author-Supplied Keyword: Scale-based approach; Author-Supplied Keyword: Sustainability science; NAICS/Industry Codes: 541720 Research and Development in the Social Sciences and Humanities; NAICS/Industry Codes: 813910 Business Associations; NAICS/Industry Codes: 813930 Labor Unions and Similar Labor Organizations; Number of Pages: 11p; Document Type: Article; Full Text Word Count: 10854 | RAYYAN-INCLUSION: {""Iris""=>""Excluded""}",10.1016/j.ecolecon.2019.02.022,eppi-reviewer;Business association;Corporate responsibility;Ecosystems;Scale-based approach;Sustainability science,,
rayyan-83178026,,2003,,,Getting the evidence: using research in policy making,,,,, and GREAT BRITAIN National Audit Office,,,Stationery Office,,,"RAYYAN-INCLUSION: {""Alice""=>""Excluded""}",,EPPI-REVIEWER,,
rayyan-83178031,Evidence-Based Practice and the Use of Information in State Agency Decision Making.,2012,4,,,,22,2,245 - 266,"Jennings, Edward T.1 and Hall, Jeremy L.2 and ",,,,,,"Accession Number: 74075160; Authors: Jennings, Edward T. 1; Hall, Jeremy L. 2; Affiliations:  1: University of Kentucky;  2: University of Texas at Dallas; Subject: Essays; Subject: Government agencies; Subject: Decision making; Subject: Government policy; Subject: Problem solving; Number of Pages: 22p; Illustrations: 5 Charts; Record Type: Essay | RAYYAN-INCLUSION: {""Elina""=>""Excluded""}",,EPPI-REVIEWER,,
rayyan-83178033,Compliance of Australian threatened species recovery plans with legislative requirements.,2011,8,,,,92,8,2054 - 2060,"Ortega-Argueta, Alejandro, alejandro.ortega@inecol.edu.mx and Baxter, Greg1 and Hockings, Marc1 and ",,,,,,"Accession Number: 60768930; Authors: Ortega-Argueta, Alejandro Email Address: alejandro.ortega@inecol.edu.mx; Baxter, Greg 1; Hockings, Marc 1; Affiliations:  1: University of Queensland (UQ), School of Geography, Planning & Environmental Management, St. Lucia, Queensland 4067, Australia; Subject: Wildlife recovery -- Law & legislation; Subject: Environmental regulations; Subject: Environmental management -- Australia; Subject: Conservation of natural resources -- Research; Subject: Ecology -- Research; Subject: Australia; Number of Pages: 7p; Record Type: Article | RAYYAN-INCLUSION: {""Matthew""=>""Excluded""}",,EPPI-REVIEWER,,
rayyan-153485131,Conservation genomics from a practitioner lens: Evaluating the research-implementation gap in a managed freshwater fishery,2020,,,Biological Conservation,,241,,,"Kadykalo, A.N. and Cooke, S.J. and Young, N.",https://www.scopus.com/inward/record.uri?eid=2-s2.0-85075864072&doi=10.1016%2fj.biocon.2019.108350&partnerID=40&md5=5184fcf4565d111db1161e0e360e7adf,,,,,"<p>Export Date: 27 January 2025; Cited By: 19</p> | RAYYAN-INCLUSION: {""Philip""=>""Included"", ""Aidan""=>""Included""}",10.1016/j.biocon.2019.108350,British Columbia;Canada;conservation genetics;conservation management;decision making;Fisheries management;fishery management;freshwater ecosystem;genetic analysis;Genetics;genomics;government relations;knowledge based system;Knowledge exchange;Knowledge mobilization;Knowledge-action gap;nongovernmental organization;Oncorhynchus mykiss;questionnaire survey;Rainbow trout;salmonid;stakeholder;wildlife management,,
rayyan-153485134,Use of food web knowledge in environmental conservation and management of living resources in the Baltic Sea,2021,,,ICES Journal of Marine Science,,78,8,2645-2663,"Eero, M. and Dierking, J. and Humborg, C. and Undeman, E. and MacKenzie, B.R. and Ojaveer, H. and Salo, T. and Köster, F.W.",https://www.scopus.com/inward/record.uri?eid=2-s2.0-85119517201&doi=10.1093%2ficesjms%2ffsab145&partnerID=40&md5=89e08ef88f8eb6c0e1b7b66d0989389a,,,,,"<p>Export Date: 27 January 2025; Cited By: 8</p> | RAYYAN-INCLUSION: {""Alec""=>""Excluded""}",10.1093/icesjms/fsab145,Atlantic Ocean;Baltic Sea;chemical contamination;complexity;conservation management;ecosystem approach;ecosystem dynamics;envrionmental conservation;eutrophication;fisheries management;food web;living resources;Matthiola;non-indigenous species;resource management,,
rayyan-153485138,Best practices for producing actionable knowledge to inform fisheries management and conservation,2024,,,Environmental Biology of Fishes,,,,,"Arseneault-Deraps, C. and Davis, R. and MacLeod, M.E.C. and Wilson, E. and Aubrey, B. and Goodenough, A. and Madden, J.C. and Adeli, K.A. and Cvitanovic, C. and Young, N. and Hinderer, J.M. and Nyboer, E.A. and Nguyen, V.M. and Piczak, M.L. and Cooke, S.J.",https://www.scopus.com/inward/record.uri?eid=2-s2.0-85203546594&doi=10.1007%2fs10641-024-01591-6&partnerID=40&md5=aa8ecd3d6f8a1cc443d1e7c908060a9d,,,,,"<p>Export Date: 27 January 2025; Cited By: 0</p> | RAYYAN-INCLUSION: {""Carlos""=>""Excluded""}",10.1007/s10641-024-01591-6,Capacity building;Interdisciplinary research;Knowledge co-production;Knowledge exchange;Science communication;Stakeholder engagement,,
rayyan-153485139,Conflict resolution in coastal resource management: Comparative analysis of case studies from four European countries,2015,,,Ocean and Coastal Management,,103,,109-122,"Stepanova, O.",https://www.scopus.com/inward/record.uri?eid=2-s2.0-84914171560&doi=10.1016%2fj.ocecoaman.2014.10.017&partnerID=40&md5=c384e8dd551cabbb5ae5965013045743,,,,,"<p>Export Date: 27 January 2025; Cited By: 42</p> | RAYYAN-INCLUSION: {""Alice""=>""Excluded""}",10.1016/j.ocecoaman.2014.10.017,Belgium;Coastal conflicts;Coastal engineering;Coastal management;coastal zone management;Coastal zones;comparative study;conflict management;Conflict resolution;Conflict Resolution;Integration;Italy;knowledge;Knowledge integration;natural resource;Natural resources;Natural resources management;power relations;Power relations;Resource allocation;stakeholder;sustainability;Sweden;United Kingdom,,
rayyan-153485140,"Knowledge co-production: A pathway to effective fisheries management, conservation, and governance",2021,,,Fisheries,,46,2,89-97,"Cooke, S.J. and Nguyen, V.M. and Chapman, J.M. and Reid, A.J. and Landsman, S.J. and Young, N. and Hinch, S.G. and Schott, S. and Mandrak, N.E. and Semeniuk, C.A.D.",https://www.scopus.com/inward/record.uri?eid=2-s2.0-85091084696&doi=10.1002%2ffsh.10512&partnerID=40&md5=3b9d1ec02d7cfe8f2a6d97476bf300b3,,,,,"<p>Export Date: 27 January 2025; Cited By: 96</p> | RAYYAN-INCLUSION: {""Carlos""=>""Excluded""}",10.1002/fsh.10512,,,
rayyan-153485142,The big ecological questions inhibiting effective environmental management in Australia,2009,,,Austral Ecology,,34,1,01-Sep,"Morton, S.R. and Hoegh-Guldberg, O. and Lindenmayer, D.B. and Olson, M.H. and Hughes, L. and McCulloch, M.T. and McIntyre, S. and Nix, H.A. and Prober, S.M. and Saunders, D.A. and Andersen, A.N. and Burgman, M.A. and Lefroy, E.C. and Lonsdale, W.M. and Lowe, I. and McMichael, A.J. and Parslow, J.S. and Steffen, W. and Williams, J.E. and Woinarski, J.C.Z.",https://www.scopus.com/inward/record.uri?eid=2-s2.0-58249106844&doi=10.1111%2fj.1442-9993.2008.01938.x&partnerID=40&md5=b4f5f2e39bbedba7709045b858df6b86,,,,,"<p>Export Date: 27 January 2025; Cited By: 62</p> | RAYYAN-INCLUSION: {""Philip""=>""Excluded"", ""Elina""=>""Included""}",10.1111/j.1442-9993.2008.01938.x,Australasia;Australia;Australian ecology;climate change;ecology;environmental management;Environmental management;inhibition;knowledge;Knowledge gaps;policy development;policy making,,
rayyan-153485145,Languages Are Still a Major Barrier to Global Science,2016,,,PLoS Biology,,14,12,,"Amano, T. and González-Varo, J.P. and Sutherland, W.J.",https://www.scopus.com/inward/record.uri?eid=2-s2.0-85015187677&doi=10.1371%2fjournal.pbio.2000933&partnerID=40&md5=126660e03c2d7e2395bce75843f6f40f,,,,,"<p>Export Date: 27 January 2025; Cited By: 324</p> | RAYYAN-INCLUSION: {""Philip""=>""Excluded"", ""Alice""=>""Included""}",10.1371/journal.pbio.2000933,article;communication barrier;Communication Barriers;conservation biology;human;human experiment;Humans;language;Language;physician;science;Science;search engine;Spain;systematic review,,
rayyan-153485153,Elicitation and use of expert knowledge in landscape ecological applications: A synthesis,2014,,,Expert Knowledge and its Application in Landscape Ecology,,,,279-299,"Johnson, C.J. and Drew, C.A. and Perera, A.H.",https://www.scopus.com/inward/record.uri?eid=2-s2.0-84929287546&doi=10.1007%2f978-1-4614-1034-8_14&partnerID=40&md5=3b928e2f1342204359a5add1f1bf0bb4,,,,,"<p>Export Date: 27 January 2025; Cited By: 3</p> | RAYYAN-INCLUSION: {""Alice""=>""Excluded""}",,,,
rayyan-153485154,The use of scientific knowledge in the decision making process of environmental public policies in Brazil,2011,,,Journal of Science Communication,,10,1,,"Carneiro, M.J. and da-Silva-Rosa, T.",https://www.scopus.com/inward/record.uri?eid=2-s2.0-79954457079&doi=10.22323%2f2.10010203&partnerID=40&md5=2cdde3da7f5085726c095a3195f16d1b,,,,,"<p>Export Date: 27 January 2025; Cited By: 14</p> | RAYYAN-INCLUSION: {""Tabitha""=>""Included"", ""Elina""=>""Included""}",10.22323/2.10010203,,,
rayyan-153485159,Research Prioritization and the Potential Pitfall of Path Dependencies in Coral Reef Science,2014,,,Minerva,,52,2,213-235,"Neff, M.W.",https://www.scopus.com/inward/record.uri?eid=2-s2.0-84901638476&doi=10.1007%2fs11024-014-9250-5&partnerID=40&md5=3456b7dacd95f42267f66e28e1bf41bf,,,,,"<p>Export Date: 27 January 2025; Cited By: 15</p> | RAYYAN-INCLUSION: {""Carlos""=>""Excluded""}",10.1007/s11024-014-9250-5,Conservation biology;Coral reefs;Problem choice;Q method;Research policy;Research priorities,,
rayyan-153485161,The knowledge base for fisheries management: The command and control management system of the European Union,2006,,,Revista Galega de Economia,,15,1,35-54,"Azabache, M.A. and Maza, A.M. and Izeta, L.M.",https://www.scopus.com/inward/record.uri?eid=2-s2.0-33746354605&partnerID=40&md5=4be7f915d41dcd2f3bf031b47ceb65eb,,,,,"<p>Export Date: 27 January 2025; Cited By: 0</p> | RAYYAN-INCLUSION: {""Philip""=>""Excluded"", ""Prishnee""=>""Excluded""}",,Command and control regimes;Common Fisheries Policy;Eurasia;Europe;European Union;fishery management;fishery policy;fishing industry;maximum sustainable yield;Multidisciplinary knowledge;Regional Advisory Councils-RACs,,
rayyan-153485164,Lessons learned in knowledge co-production for climate-smart decision-making,2023,,,Environmental Science and Policy,,141,,178-187,"Rosemartin, A. and Crimmins, T.M. and Gerst, K.L. and Posthumus, E.E. and Ramirez, A.R. and Wallace, C.S. and Morelli, T.L.",https://www.scopus.com/inward/record.uri?eid=2-s2.0-85147252267&doi=10.1016%2fj.envsci.2023.01.010&partnerID=40&md5=edcf478f0d252df32ba9d0d96306da75,,,,,"<p>Export Date: 27 January 2025; Cited By: 9</p> | RAYYAN-INCLUSION: {""Iris""=>""Excluded""}",10.1016/j.envsci.2023.01.010,article;attention;climate change;Climate Change;decision making;empowerment;human;knowledge based system;Knowledge Co-production;natural resource;Natural Resource Management;phenology;Phenology;refuge;Refugia;refugium;resource management,,
rayyan-153485165,On the theory-practice gap in the environmental realm: perspectives from and for diverse environmental professionals,2021,,,Socio-Ecological Practice Research,,3,3,243-255,"Cooke, S.J. and Jeanson, A.L. and Bishop, I. and Bryan, B.A. and Chen, C. and Cvitanovic, C. and Fen, Y. and Forester, J. and Fürst, C. and Hu, J. and La Rosa, D. and Meurk, C. and Nguyen, V.M. and Paolisso, M. and Qi, Y. and Chun, F.K.S. and Szetey, K. and Wang, X. and Wang, Y. and Archibald, C.L. and Young, N.",https://www.scopus.com/inward/record.uri?eid=2-s2.0-85115397398&doi=10.1007%2fs42532-021-00089-0&partnerID=40&md5=9cebf6ce72093caee74c35937a3b618e,,,,,"<p>Export Date: 27 January 2025; Cited By: 31</p> | RAYYAN-INCLUSION: {""Philip""=>""Excluded"", ""Alec""=>""Included""}",10.1007/s42532-021-00089-0,Co-production;curriculum;decision making;education;Environmental practice;environmental values;knowledge;Knowledge mobilization;Knowledge-action gap;organization;Science policy,,
rayyan-153485175,Knowledge users’ perspectives and advice on how to improve knowledge exchange and mobilization in the case of a co-managed fishery,2016,,,Environmental Science and Policy,,66,,170-178,"Young, N. and Nguyen, V.M. and Corriveau, M. and Cooke, S.J. and Hinch, S.G.",https://www.scopus.com/inward/record.uri?eid=2-s2.0-84988531054&doi=10.1016%2fj.envsci.2016.09.002&partnerID=40&md5=86cdb2e7b3b297a09a4b1c681b4fd281,,,,,"<p>Export Date: 27 January 2025; Cited By: 66</p> | RAYYAN-INCLUSION: {""Philip""=>""Included""}",10.1016/j.envsci.2016.09.002,Article;climate change;Co-management;Co-production;consultation;education;environmental management;environmental protection;Fisheries management;fishery;information seeking;knowledge;knowledge exchange;Knowledge exchange;knowledge mobilization;Knowledge mobilization;Pacific salmon;policy;priority journal;quantitative analysis;salmonine;spawning;species conservation,,
rayyan-153485180,Five principles for the practice of knowledge exchange in environmental management,2014,,,Journal of Environmental Management,,146,,337-345,"Reed, M.S. and Stringer, L.C. and Fazey, I. and Evely, A.C. and Kruijsen, J.H.J.",https://www.scopus.com/inward/record.uri?eid=2-s2.0-84908670844&doi=10.1016%2fj.jenvman.2014.07.021&partnerID=40&md5=5c7d78a0869b7158197df6dee28b5d11,,,,,"<p>Export Date: 27 January 2025; Cited By: 310</p> | RAYYAN-INCLUSION: {""Philip""=>""Included"", ""Nibedita""=>""Included""}",10.1016/j.jenvman.2014.07.021,Article;Binary alloys;Catchments;Communication;Conservation of Natural Resources;decision making;Decision making;Decision Making;Effective practices;environmental education;environmental management;Environmental management;environmental monitoring;environmental planning;environmental protection;geographical knowledge;human;Humans;interpersonal communication;Knowledge exchange;knowledge management;Knowledge management;Knowledge transfer;Knowledge translation;Management policy;Management practises;Management research;Potassium alloys;project design;research;Research;Research policies;research program;stakeholder;Stakeholder engagement;Stakeholder participation;United Kingdom;Uranium alloys,,
rayyan-153485192,Science and policy-making in Brazil: Some strategies for dialogue,2012,,,Journal of Science Communication,,11,3,C03,"Da Silva Rosa, T. and Teixeira Carneiro, M.J.",https://www.scopus.com/inward/record.uri?eid=2-s2.0-84873967096&doi=10.22323%2f2.11030303&partnerID=40&md5=f43d03908c71d41eeb569f1a83a87666,,,,,"<p>Export Date: 27 January 2025; Cited By: 0</p> | RAYYAN-INCLUSION: {""Matthew""=>""Excluded""}",10.22323/2.11030303,,,
rayyan-153485200,Identifying challenges to building an evidence base for restoration practice,2015,,,Sustainability (Switzerland),,7,12,15871-15881,"Ntshotsho, P. and Esler, K.J. and Reyers, B.",https://www.scopus.com/inward/record.uri?eid=2-s2.0-84952360568&doi=10.3390%2fsu71215788&partnerID=40&md5=7e768ffe3d9c20ba5b9c2908ffbdef19,,,,,"<p>Export Date: 27 January 2025; Cited By: 12</p> | RAYYAN-INCLUSION: {""Matthew""=>""Excluded"", ""Philip""=>""Excluded"", ""Prishnee""=>""Maybe""}",10.3390/su71215788,Baseline information;decision making;Evidence-based practice;Impact monitoring;monitoring;perception;Practitioner perceptions;Resource limitations;restoration ecology;South Africa;sustainability;sustainable development,,
rayyan-153485208,Advancing Knowledge for Use in Coastal and Estuarine Management: Competitive Research in the National Estuarine Research Reserve System,2019,,,Coastal Management,,47,3,337-346,"Trueblood, D. and Almazán-Casali, S. and Arnott, J. and Brass, M. and Lemos, M.C. and Matso, K. and Read, J. and Vaccaro, L. and Wondolleck, J.",https://www.scopus.com/inward/record.uri?eid=2-s2.0-85064524525&doi=10.1080%2f08920753.2019.1598221&partnerID=40&md5=5393a657e47c66f7586542f73c11c0c7,,,,,"<p>Export Date: 27 January 2025; Cited By: 16</p> | RAYYAN-INCLUSION: {""Tabitha""=>""Excluded""}",10.1080/08920753.2019.1598221,co-production;Co-production;coastal zone management;collaborative science;environmental change;Environmental technology;estuaries;Estuaries;estuarine environment;Finance;knowledge;Knowledge management;knowledge transfer;Knowledge transfer;knowledge use;Knowledge use;Natural resources management;nature conservation;NERRS;Problem solving;research;research application;Research applications;resource management;Science funding,,
rayyan-153485211,What is “usable” knowledge? Perceived barriers for integrating new knowledge into management of an iconic Canadian fishery,2019,,,Canadian Journal of Fisheries and Aquatic Sciences,,76,3,463-474,"Nguyen, V.M. and Young, N. and Corriveau, M. and Hinch, S.G. and Cooke, S.J.",https://www.scopus.com/inward/record.uri?eid=2-s2.0-85062193612&doi=10.1139%2fcjfas-2017-0305&partnerID=40&md5=8d13b6ef6959eda2e1b5909c1c4c8318,,,,,"<p>Export Date: 27 January 2025; Cited By: 34</p> | RAYYAN-INCLUSION: {""Sarah""=>""Included""}",10.1139/cjfas-2017-0305,decision making;fishery;fishery management;Oncorhynchus;perception;salmonid fishery;stakeholder,,
rayyan-153485212,How do potential knowledge users evaluate new claims about a contested resource? Problems of power and politics in knowledge exchange and mobilization,2016,,,Journal of Environmental Management,,184,,380-388,"Young, N. and Corriveau, M. and Nguyen, V.M. and Cooke, S.J. and Hinch, S.G.",https://www.scopus.com/inward/record.uri?eid=2-s2.0-84993982843&doi=10.1016%2fj.jenvman.2016.10.006&partnerID=40&md5=c883225a18f0ba70071a300145217bee,,,,,"<p>Export Date: 27 January 2025; Cited By: 57</p> | RAYYAN-INCLUSION: {""Isobel""=>""Included""}",10.1016/j.jenvman.2016.10.006,animal;Animals;British Columbia;Canada;Co-management;comanagement;Communication;decision making;employee;expectation;Experiential knowledge;Fisheries;fishery;Fraser River;government;Government employees;human;human experiment;Humans;information dissemination;Information Dissemination;interpersonal communication;interview;knowledge;Knowledge;Knowledge exchange;Knowledge management;Knowledge mobilization;Knowledge perception;Mobilisation;motivation;organization;Organizations;perception;Perception;policy development;politics;Politics;Potential users;Power;procedures;public opinion;Public Opinion;public sector;questionnaire survey;river;Rivers;Salmon;salmonid fishery;salmonine;scientist;social characteristics;sociology;Sociology;Sociology of science;stakeholder;theoretical model,,
rayyan-153485232,A guide to eliciting and using expert knowledge in Bayesian ecological models,2010,,,Ecology Letters,,13,7,900-914,"Kuhnert, P.M. and Martin, T.G. and Griffiths, S.P.",https://www.scopus.com/inward/record.uri?eid=2-s2.0-77954643874&doi=10.1111%2fj.1461-0248.2010.01477.x&partnerID=40&md5=06e9b4d41851c672229bc28c92397124,,,,,"<p>Export Date: 27 January 2025; Cited By: 348</p> | RAYYAN-INCLUSION: {""Alec""=>""Excluded""}",10.1111/j.1461-0248.2010.01477.x,"Bayes theorem;Bayes Theorem;Bayesian analysis;Bayesian models;Bias;conservation management;cost-benefit analysis;database;decision making;Decision-making;ecological modeling;ecology;Ecology;empirical analysis;Expert judgement;Expert opinion;expert system;Models, Theoretical;natural resource;Prior information;review;theoretical model",,
rayyan-153485240,A conceptual framework for understanding the perspectives on the causes of the science–practice gap in ecology and conservation,2018,,,Biological Reviews,,93,2,1032-1055,"Bertuol-Garcia, D. and Morsello, C. and N. El-Hani, C. and Pardini, R.",https://www.scopus.com/inward/record.uri?eid=2-s2.0-85045090025&doi=10.1111%2fbrv.12385&partnerID=40&md5=58f3ca1721f7e402c12c89aa215689dc,,,,,"<p>Export Date: 27 January 2025; Cited By: 103</p> | RAYYAN-INCLUSION: {""Carlos""=>""Excluded""}",10.1111/brv.12385,bounded rationality;communities of practice;Conservation of Natural Resources;decision making;Decision Making;ecology;Ecology;environmental management;environmental policy;environmental protection;human;Humans;knowing–doing gap;management;Policy Making;policy-making;practice gap;procedures;Professional Practice Gaps;public policy;Public Policy;research–implementation gap;science;science communication;technology and society;transdisciplinarity,,
rayyan-153485241,Accumulation of New Knowledge and Advances in Fishery Management: Two Complementary Processes?,2009,,,Advances in Fisheries Science: 50 years on from Beverton and Holt,,,,229-254,"Apostolaki, P. and Pilling, G.M. and Armstrong, M.J. and Metcalfe, J.D. and Forster, R.",https://www.scopus.com/inward/record.uri?eid=2-s2.0-84889491231&doi=10.1002%2f9781444302653.ch10&partnerID=40&md5=7682567b2c3032afc912048632b9467d,,,,,"<p>Export Date: 27 January 2025; Cited By: 1</p> | RAYYAN-INCLUSION: {""Philip""=>""Excluded"", ""Nibedita""=>""Excluded""}",,Data use and simulation modelling;Information triggering quality control or resistance to change;Knowledge for developing biological basis for fisheries management;Latest knowledge and technology;Latest knowledge and technology at management decision level;New knowledge and advances in fishery management;Technological advancements and new knowledge;Trade-offs associated with use of new knowledge;Uncertainty in new knowledge and time constraints at scientific level,,
rayyan-153485264,Knowledge exchange: A review and research agenda for environmental management,2013,,,Environmental Conservation,,40,1,19-36,"Fazey, I. and Evely, A.C. and Reed, M.S. and Stringer, L.C. and Kruijsen, J. and White, P.C.L. and Newsham, A. and Jin, L. and Cortazzi, M. and Phillipson, J. and Blackstock, K. and Entwistle, N. and Sheate, W. and Armstrong, F. and Blackmore, C. and Fazey, J. and Ingram, J. and Gregson, J. and Lowe, P. and Morton, S. and Trevitt, C.",https://www.scopus.com/inward/record.uri?eid=2-s2.0-84873327282&doi=10.1017%2fS037689291200029X&partnerID=40&md5=a69bf770252952c056a8d44a770bd5fe,,,,,"<p>Export Date: 27 January 2025; Cited By: 258</p> | RAYYAN-INCLUSION: {""Philip""=>""Excluded""}",10.1017/S037689291200029X,adaptive comanagement;adaptive management;Co-management;comanagement;conservation management;decision making;decision-making;environmental management;Environmental management;evidence-based conservation;integrated approach;knowledge;knowledge exchange;Knowledge exchange;knowledge management;Knowledge management;knowledge transfer;Knowledge transfer;learning;literature review;participation;participatory approach;Research;research impact;research work;social learning;Social learning;sustainability,,
rayyan-153485274,Knowledge exchange at the interface of marine science and policy: A review of progress and research needs,2024,,,Ocean and Coastal Management,,253,,,"Karcher, D.B. and Tuohy, P. and Cooke, S.J. and Cvitanovic, C.",https://www.scopus.com/inward/record.uri?eid=2-s2.0-85189630638&doi=10.1016%2fj.ocecoaman.2024.107137&partnerID=40&md5=4485b108629095a65060a174712011ca,,,,,"<p>Export Date: 27 January 2025; Cited By: 6</p> | RAYYAN-INCLUSION: {""Sarah""=>""Excluded""}",10.1016/j.ocecoaman.2024.107137,knowledge;Knowledge co productions;Knowledge exchange;Knowledge management;literature review;marine policy;Marine policy;Marine research;Marine science;North America;ocean;Production organizations;Research communities;Research needs;research work;Science policies;Systematic Review,,
rayyan-153485281,Knowledge coproduction on the impact of decisions for waterbird habitat in a changing climate,2023,,,Conservation Biology,,37,5,,"Byrd, K.B. and Matchett, E. and Mengelt, C. and Wilson, T.S. and DiPietro, D. and Moritsch, M. and Conlisk, E. and Veloz, S. and Casazza, M.L. and Reiter, M.E.",https://www.scopus.com/inward/record.uri?eid=2-s2.0-85161396292&doi=10.1111%2fcobi.14089&partnerID=40&md5=bc2b783e0328b0344fb1e23a9f79f728,,,,,"<p>Export Date: 27 January 2025; Cited By: 2</p> | RAYYAN-INCLUSION: {""Aidan""=>""Excluded""}",10.1111/cobi.14089,adaptación climática;agricultura;agriculture;apoyo a las decisiones;California;cambios en el uso de suelo;Central Valley [California];climate adaptation;climate change;Climate Change;Conservation of Natural Resources;decision support;decision support system;ecosystem;Ecosystem;ecosystem resilience;environmental protection;human;Humans;land use change;local adaptation;modelado participativo;participatory modeling;planeación de escenarios;restauración de humedales;scenario planning;seabird;season;Seasons;stakeholder;suministro de agua;United States;water supply;waterfowl;wetland;wetland restoration;Wetlands,,
rayyan-153485287,Heterogeneous perceptions of social-ecological change among small-scale fishermen in the central Gulf of California: Implications for adaptive response,2019,,,Frontiers in Marine Science,,6,,,"Frawley, T.H. and Crowder, L.B. and Broad, K.",https://www.scopus.com/inward/record.uri?eid=2-s2.0-85065413446&doi=10.3389%2ffmars.2019.00078&partnerID=40&md5=d5fad628247d46f6e0659b1b843f071c,,,,,"<p>Export Date: 27 January 2025; Cited By: 31</p> | RAYYAN-INCLUSION: {""Carlos""=>""Excluded"", ""Elina""=>""Excluded""}",10.3389/fmars.2019.00078,Adaptation;Cultural models;Gulf of California;Local knowledge;Small-scale fisheries;Social-ecological systems,,
rayyan-153485289,Integrative conservation science: Conservation knowledge must be used to guide policies,2023,,,Integrative Conservation,,2,2,69-72,"Borzée, A. and Button, S.",https://www.scopus.com/inward/record.uri?eid=2-s2.0-85201074304&doi=10.1002%2finc3.22&partnerID=40&md5=e811ee32b323d7746abcb17fdd4f2f86,,,,,"<p>Export Date: 27 January 2025; Cited By: 1</p> | RAYYAN-INCLUSION: {""Alice""=>""Excluded""}",10.1002/inc3.22,applied research;conservation;policy,,
rayyan-153485295,"The role of western-based scientific, Indigenous and local knowledge in wildlife management and conservation",2021,,,People and Nature,,3,3,610-626,"Kadykalo, A.N. and Cooke, S.J. and Young, N.",https://www.scopus.com/inward/record.uri?eid=2-s2.0-85107381468&doi=10.1002%2fpan3.10194&partnerID=40&md5=e710b7b6d0aee4f6bc79241c9953307a,,,,,"<p>Export Date: 27 January 2025; Cited By: 49</p> | RAYYAN-INCLUSION: {""Philip""=>""Included"", ""Nibedita""=>""Included""}",10.1002/pan3.10194,co-assessment;evidence complacency;evidence-based conservation;fish and wildlife management;Indigenous and local knowledge;knowledge exchange;knowledge-action gap;natural resource management,,
rayyan-153485299,Navigating the stormy seas of building ‘trust’ as a boundary organisation connecting marine science with policy and management,2024,,,Ocean and Coastal Management,,248,,,"Cvitanovic, C. and Shellock, R.J. and Karcher, D.B. and Tuohy, P. and Mackay, M. and van Putten, E.I. and Ballesteros, M. and Dickey-Collas, M.",https://www.scopus.com/inward/record.uri?eid=2-s2.0-85179585604&doi=10.1016%2fj.ocecoaman.2023.106952&partnerID=40&md5=48008abd1178d33f77f3adcd4ee95b6c,,,,,"<p>Export Date: 27 January 2025; Cited By: 8</p> | RAYYAN-INCLUSION: {""Carlos""=>""Included""}",10.1016/j.ocecoaman.2023.106952,Boundary organisation;Boundary organizations;Critical component;Decision makers;Decision making;empirical analysis;knowledge;Knowledge exchange;Knowledge management;Marine management;marine policy;Marine policy;Marine science;Navigation;organizational framework;Policy advice;qualitative analysis;Science policies;Science-policy;Storms;Trust,,
rayyan-153485304,Fisheries knowledge exchange and mobilization through a network of policy and practice actors,2021,,,Environmental Science and Policy,,125,,157-166,"Andrachuk, M. and Kadykalo, A.N. and Cooke, S.J. and Young, N. and Nguyen, V.M.",https://www.scopus.com/inward/record.uri?eid=2-s2.0-85114917772&doi=10.1016%2fj.envsci.2021.08.023&partnerID=40&md5=f1ab7937bb5169ed51b978943bed94a1,,,,,"<p>Export Date: 27 January 2025; Cited By: 10</p> | RAYYAN-INCLUSION: {""Sarah""=>""Included""}",10.1016/j.envsci.2021.08.023,adult;article;British Columbia;career;Conservation;consultation;fishery;government;human;interview;Knowledge mediation;Knowledge mobilization;nonhuman;Oncorhynchus mykiss;problem solving;Rainbow trout;Scientific knowledge,,
rayyan-153485317,Looking for a common ground: Useful knowledge and adaptation in Wolf politics in southwestern Finland,2017,,,Wildlife Biology,,2017,,,"Pellikka, J. and Hiedanpää, J.",https://www.scopus.com/inward/record.uri?eid=2-s2.0-85019902945&doi=10.2981%2fwlb.00269&partnerID=40&md5=83faba9414eb34626ebcdf327c81c330,,,,,"<p>Export Date: 27 January 2025; Cited By: 3</p> | RAYYAN-INCLUSION: {""Carlos""=>""Included""}",10.2981/wlb.00269,,,
rayyan-153485320,Role of perceptions and knowledge in the impact assessment for the extension of Mainport Rotterdam,2009,,,Marine Policy,,33,1,146-155,"Hommes, S. and Hulscher, S.J.M.H. and Mulder, J.P.M. and Otter, H.S. and Bressers, H.Th.A.",https://www.scopus.com/inward/record.uri?eid=2-s2.0-57049140422&doi=10.1016%2fj.marpol.2008.05.006&partnerID=40&md5=ce26a7a5a67ac9658de92439a9418d4c,,,,,"<p>Export Date: 27 January 2025; Cited By: 38</p> | RAYYAN-INCLUSION: {""Nibedita""=>""Included"", ""Isobel""=>""Included""}",10.1016/j.marpol.2008.05.006,Atlantic Ocean;Aves;Benelux;Case study;coastal zone management;Complex problems;decision making;Decision-making;environmental impact assessment;Eurasia;Europe;knowledge;Knowledge;land reclamation;Netherlands;North Sea;perception;Perceptions;port development;protected area;Rotterdam;South Holland;stakeholder;Wadden Sea;Western Europe;wetland management,,
rayyan-153485329,Discounted knowledges: Farmers' and residents' understandings of nature conservation goals and policies,1998,,,Journal of Environmental Management,,54,4,305-320,"Harrison, C.M. and Burgess, J. and Clark, J.",https://www.scopus.com/inward/record.uri?eid=2-s2.0-0032412230&doi=10.1006%2fjema.1998.0242&partnerID=40&md5=e02b1bef5ff2d45fcb8f06a1c296ae35,,,,,"<p>Export Date: 27 January 2025; Cited By: 106</p> | RAYYAN-INCLUSION: {""Iris""=>""Excluded""}",10.1006/jema.1998.0242,Agri-environmental schemes;agricultural worker;article;biodiversity;Biodiversity;decision making;Discussion groups;East Sussex;emotion;environmental protection;ethics;farmers attitude;finance;government;human;information;motivation;nature conservation;Nature conservation;Pevensey Levels;policy;Scientific and lay knowledge;United Kingdom;wildlife,,
rayyan-153485331,Fisherwomen’s Indigenous and local knowledge - the hidden gems for the management of marine and freshwater resources in Fiji,2022,,,Frontiers in Marine Science,,9,,,"Kitolelei, S. and Breckwoldt, A. and Kitolelei, J. and Makhoul, N.",https://www.scopus.com/inward/record.uri?eid=2-s2.0-85144221235&doi=10.3389%2ffmars.2022.991253&partnerID=40&md5=ab8be97a3961da7dbddd8f740a17702e,,,,,"<p>Export Date: 27 January 2025; Cited By: 10</p> | RAYYAN-INCLUSION: {""Alec""=>""Excluded""}",10.3389/fmars.2022.991253,fisherwomen;ILK;keystone species;knowledge transmission;resource management;traditional taxonomies,,
rayyan-153485336,Integration of landscape and structure indicators into a web-based geoinformation system for assessing wetlands status,2019,,,Ecological Informatics,,52,,166-176,"Siles, G. and Charland, A. and Voirin, Y. and Bénié, G.B.",https://www.scopus.com/inward/record.uri?eid=2-s2.0-85066408430&doi=10.1016%2fj.ecoinf.2019.05.011&partnerID=40&md5=008ccde4b06e2de0ed62aaf4850793ec,,,,,"<p>Export Date: 27 January 2025; Cited By: 14</p> | RAYYAN-INCLUSION: {""Philip""=>""Excluded"", ""Aidan""=>""Excluded""}",10.1016/j.ecoinf.2019.05.011,Canada;conservation planning;decision making;Ecological integrity;generalist;GIS;Index of Biotic Integrity;information management;Management;metapopulation;Metapopulation;Quebec [Canada];Web-GIS;wetland;Wetlands,,
rayyan-153485350,"Bridging the knowing-doing gap: Know-who, know-what, know-why, know-how and know-when",2014,,,Journal of Applied Ecology,,51,5,1131-1136,"Hulme, P.E.",https://www.scopus.com/inward/record.uri?eid=2-s2.0-85027950766&doi=10.1111%2f1365-2664.12321&partnerID=40&md5=a26c505f9adee616d8ed88353c2fe7fd,,,,,"<p>Export Date: 27 January 2025; Cited By: 126</p> | RAYYAN-INCLUSION: {""Sarah""=>""Excluded""}",10.1111/1365-2664.12321,Advocacy;Biodiversity;Conservation;Consultancy;Decision-making;Ecosystem services;Partnership;Policy;Problem-solving;Restoration,,
rayyan-153485355,The effect of scientific evidence on conservation practitioners' management decisions,2015,,,Conservation Biology,,29,1,88-98,"Walsh, J.C. and Dicks, L.V. and Sutherland, W.J.",https://www.scopus.com/inward/record.uri?eid=2-s2.0-84921435512&doi=10.1111%2fcobi.12370&partnerID=40&md5=4a129b3be0144f2d6514b056aa266997,,,,,"<p>Export Date: 27 January 2025; Cited By: 173</p> | RAYYAN-INCLUSION: {""Tabitha""=>""Included""}",10.1111/cobi.12370,animal;Animals;Australia;Aves;Behavior change;bird;Bird predation;Birds;Choice Behavior;Conservation of Natural Resources;Conservation synopsis;decision making;Decision Making;Delphi method;environmental protection;Evidence-based conservation;Great Britain;Implementation gap;Invasive species;Knowledge use;New Zealand;physiology;procedures;United Kingdom,,
rayyan-153485365,Knowledge that Acts: Evaluating the Outcomes of a Knowledge Brokering Intervention in Western Australia’s Ningaloo Region,2017,,,Environmental Management,,60,5,896-907,"Chapman, K. and Boschetti, F. and Fulton, E. and Horwitz, P. and Jones, T. and Scherrer, P. and Syme, G.",https://www.scopus.com/inward/record.uri?eid=2-s2.0-85027868874&doi=10.1007%2fs00267-017-0917-1&partnerID=40&md5=f4d52acf004244364310a636e329bd34,,,,,"<p>Export Date: 27 January 2025; Cited By: 15</p> | RAYYAN-INCLUSION: {""Isobel""=>""Included""}",10.1007/s00267-017-0917-1,"Australia;behavior;coastal zone;comparative effectiveness;conceptual framework;Conservation of Natural Resources;economics;England;environmental management;Environmental management;environmental protection;human;Humans;implementation process;information dissemination;Information Dissemination;Knowledge brokering;Knowledge brokers;Knowledge exchange;knowledge management;Knowledge management;Knowledge Management;Knowledge-sharing;local participation;Models, Theoretical;Ningaloo;Ningaloo Coast;Parks;participatory research;procedures;publication;recipient;research;Research;Research policies;research program;Research-implementation gap;SAGE;scientist;stakeholder;Stakeholder engagement;Tacit knowledge;theoretical model;traditional knowledge;typology;underpinning;Western Australia",,
rayyan-153485368,Professional ecological knowledge: An unrecognized knowledge domain within natural resource management,2016,,,Ecology and Society,,21,1,,"Fleischman, F. and Briske, D.D.",https://www.scopus.com/inward/record.uri?eid=2-s2.0-84962709784&doi=10.5751%2fES-08274-210132&partnerID=40&md5=5f8e47c720ab5641f997e03ebf842905,,,,,"<p>Export Date: 27 January 2025; Cited By: 23</p> | RAYYAN-INCLUSION: {""Matthew""=>""Excluded"", ""Elina""=>""Excluded""}",10.5751/ES-08274-210132,decision making;government;Government agencies;India;Knowledge domains;Knowledge integration;Local knowledge;natural resource;resource management;Science-policy gap;Scientific knowledge;traditional knowledge,,
rayyan-153485379,Realising the potential of interoperable data products to improve the outlook for marine biodiversity: Lessons from the European marine observation and data network,2025,,,Marine Policy,,173,,,"Webb, T.J. and Beja, J. and Bejarano, S.J.F. and Ramos, E. and Sainz-Villegas, S. and Soetaert, K. and Stolte, W. and Troupin, C. and Weigel, B.",https://www.scopus.com/inward/record.uri?eid=2-s2.0-85214348607&doi=10.1016%2fj.marpol.2024.106578&partnerID=40&md5=60a01a1847d001a2dedd51843544e0dc,,,,,"<p>Export Date: 27 January 2025; Cited By: 0</p> | RAYYAN-INCLUSION: {""Sarah""=>""Excluded""}",10.1016/j.marpol.2024.106578,biodiversity;Computational tools;Ecoinformatics;Ecological indicators;environmental indicator;environmental management;environmental monitoring;Europe;European seas;FAIR data;Marine biodiversity monitoring;marine ecosystem,,
rayyan-153485380,Conservation practitioners’ and researchers’ needs for bridging the knowledge–action gap,2024,,,Frontiers in Conservation Science,,5,,,"Sabo, A.N. and Berger-Tal, O. and Blumstein, D.T. and Greggor, A.L. and Swaddle, J.P.",https://www.scopus.com/inward/record.uri?eid=2-s2.0-85199431233&doi=10.3389%2ffcosc.2024.1415127&partnerID=40&md5=092d4f9afb5fd760d4bf6b39419514ba,,,,,"<p>Export Date: 27 January 2025; Cited By: 0</p> | RAYYAN-INCLUSION: {""Philip""=>""Excluded"", ""Nibedita""=>""Included""}",10.3389/fcosc.2024.1415127,decision support tools;implementation gap;knowledge use;research impact;research utilization,,
rayyan-153485392,Historical archive sources as knowledge for the current management of common pastures,2019,,,Pirineos,,174,,,"Vázquez, I.",https://www.scopus.com/inward/record.uri?eid=2-s2.0-85073654306&doi=10.3989%2fpirineos.2019.174005&partnerID=40&md5=3c374d1adba1c631228b55d71a436d23,,,,,"<p>Export Date: 27 January 2025; Cited By: 2</p> | RAYYAN-INCLUSION: {""Isobel""=>""Excluded""}",10.3989/pirineos.2019.174005,common property resource;Common-pool resources;conservation planning;governance approach;Historical archive sources;historical record;Institutional memory;knowledge economy;Participatory planning;pasture;resource management;stakeholder,,
rayyan-153485393,Beyond biology: Toward a more public ecology for conservation,2001,,,Conservation Biology,,15,4,970-979,"Robertson, D.P. and Hull, R.B.",https://www.scopus.com/inward/record.uri?eid=2-s2.0-0034910307&doi=10.1046%2fj.1523-1739.2001.015004970.x&partnerID=40&md5=9eb82b6c0836849110ebb9ad62965f09,,,,,"<p>Export Date: 27 January 2025; Cited By: 124</p> | RAYYAN-INCLUSION: {""Carlos""=>""Excluded""}",10.1046/j.1523-1739.2001.015004970.x,decision making;information policy;nature conservation,,
rayyan-153485396,Making knowledge matter: Understanding and improving knowledge-integration in Dutch marine spatial planning policy,2024,,,Ocean and Coastal Management,,248,,,"de Vries, J.W. and Spijkerboer, R.C. and Zuidema, C.",https://www.scopus.com/inward/record.uri?eid=2-s2.0-85178435417&doi=10.1016%2fj.ocecoaman.2023.106928&partnerID=40&md5=64bbd1ef7fafe3b8cc4da844dedfbe80,,,,,"<p>Export Date: 27 January 2025; Cited By: 2</p> | RAYYAN-INCLUSION: {""Prishnee""=>""Included""}",10.1016/j.ocecoaman.2023.106928,Condition;Ecology;Electric utilities;governance approach;Integration;knowledge;Knowledge integration;Knowledge management;Knowledge uptake;marine environment;Marine spatial planning;Marine Spatial Planning;Netherlands;North Sea;Offshore wind farm governance;Offshore wind farms;Planning policies;Public policy;Science-policy interface;Socio-ecological systems;spatial planning;stakeholder;Wind farm development,,
rayyan-153485398,Current practices and knowledge supporting oil spill risk assessment in the Arctic,2018,,,Marine Environmental Research,,141,,289-304,"Wenning, R.J. and Robinson, H. and Bock, M. and Rempel-Hester, M.A. and Gardiner, W.",https://www.scopus.com/inward/record.uri?eid=2-s2.0-85054004174&doi=10.1016%2fj.marenvres.2018.09.006&partnerID=40&md5=3482f6f507a448913e2f222bb26718e6,,,,,"<p>Export Date: 27 January 2025; Cited By: 32</p> | RAYYAN-INCLUSION: {""Elina""=>""Excluded"", ""Alec""=>""Excluded""}",10.1016/j.marenvres.2018.09.006,Arctic;arctic environment;Arctic Ocean;Arctic Regions;article;Chemical analysis;Comparative risk assessment (CRA);Comparative risk assessments;comparative study;decision making;Decision making;ecosystem;Ecosystem;Ecosystems;efficiency measurement;environment;Environment;Environmental benefits;Impact mitigation;joint;marine ecosystem;Marine pollution;Net environmental benefits analysis (NEBA);oil spill;oil spill response;Oil spill response;Oil spills;Petroleum Pollution;Petroleum prospecting;pollution control;pollution exposure;pollution monitoring;risk assessment;Risk assessment;Risk Assessment;Spill impact mitigation assessment (SIMA);vulnerability,,
rayyan-153485429,Application of MODIS NDVI for Monitoring Kenyan Rangelands Through a Web Based Decision Support Tool,2019,,,Frontiers in Environmental Science,,7,,,"Ndungu, L. and Oware, M. and Omondi, S. and Wahome, A. and Mugo, R. and Adams, E.",https://www.scopus.com/inward/record.uri?eid=2-s2.0-85077273418&doi=10.3389%2ffenvs.2019.00187&partnerID=40&md5=e5fe74298c312f23aa6d6dfcabbab1f5,,,,,"<p>Export Date: 27 January 2025; Cited By: 9</p> | RAYYAN-INCLUSION: {""Tabitha""=>""Excluded""}",10.3389/fenvs.2019.00187,ASALS;Kenya;MODIS;NDVI;rangelands;vegetation indices,,
rayyan-153485430,"Floodplain meadow partnership: A working model of effective communication between practitioners, academics and policymakers",2021,,,Ecological Solutions and Evidence,,2,2,,"Rothero, E. and Tatarenko, I. and Jefferson, R. and Skinner, A. and Wallace, H. and Gowing, D. and Clarke, S. and Johnson, M. and Davies, G.",https://www.scopus.com/inward/record.uri?eid=2-s2.0-85132673912&doi=10.1002%2f2688-8319.12072&partnerID=40&md5=103f15885a9b40f1fab98b1f73c4de1d,,,,,"<p>Export Date: 27 January 2025; Cited By: 0</p> | RAYYAN-INCLUSION: {""Philip""=>""Excluded"", ""Carlos""=>""Included""}",10.1002/2688-8319.12072,floodplain meadow;habitat conservation;outreach coordinator;research coordinator;translational ecology,,
rayyan-153485431,Conservation in the dark? The information used to support management decisions,2010,,,Frontiers in Ecology and the Environment,,8,4,181-188,"Cook, C.N. and Hockings, M. and Carter, R.W.",https://www.scopus.com/inward/record.uri?eid=2-s2.0-77951703908&doi=10.1890%2f090020&partnerID=40&md5=e248b2edb6709171c8467e10d75d2cfe,,,,,"<p>Export Date: 27 January 2025; Cited By: 260</p> | RAYYAN-INCLUSION: {""Philip""=>""Included"", ""Aidan""=>""Included""}",10.1890/090020,Australia;conservation management;decision making;investment;management practice;protected area,,
rayyan-153485441,Combining spatial prioritization and expert knowledge facilitates effectiveness of large-scale mire protection process in Finland,2020,,,Biological Conservation,,241,,,"Kareksela, S. and Aapala, K. and Alanen, A. and Haapalehto, T. and Kotiaho, J.S. and Lehtomäki, J. and Leikola, N. and Mikkonen, N. and Moilanen, A. and Nieminen, E. and Tuominen, S. and Virkkala, R.",https://www.scopus.com/inward/record.uri?eid=2-s2.0-85078812918&doi=10.1016%2fj.biocon.2019.108324&partnerID=40&md5=b61a4b0ca0e2938e5d02af1c5ca1a85e,,,,,"<p>Export Date: 27 January 2025; Cited By: 12</p> | RAYYAN-INCLUSION: {""Sarah""=>""Excluded""}",10.1016/j.biocon.2019.108324,conservation management;conservation planning;Expert knowledge;Finland;Implementation;mire;Mires;prioritization;quantitative analysis;resource allocation;restoration ecology;Restoration prioritization;Spatial prioritization;trade-off;Trade-offs;wetland management,,
rayyan-153485442,What becomes of social science knowledge: New Zealand researchers' experiences of knowledge transfer modes and audiences,2010,,,Kotuitui,,5,1,03-Dec,"Witten, K. and Hammond, K.",https://www.scopus.com/inward/record.uri?eid=2-s2.0-77957092428&doi=10.1080%2f1177083X.2010.495048&partnerID=40&md5=c9ceb0c98412db440a5795d65f9da36b,,,,,"<p>Export Date: 27 January 2025; Cited By: 6</p> | RAYYAN-INCLUSION: {""Philip""=>""Excluded"", ""Prishnee""=>""Excluded""}",10.1080/1177083X.2010.495048,Knowledge transfer;Policy-making;Research use;Social science,,
rayyan-153485444,"Estimating species response to management using an integrated process: A case study from New South Wales, Australia",2020,,,Conservation Science and Practice,,2,11,,"Mayfield, H.J. and Brazill-Boast, J. and Gorrod, E. and Evans, M.C. and Auld, T. and Rhodes, J.R. and Maron, M.",https://www.scopus.com/inward/record.uri?eid=2-s2.0-85122066578&doi=10.1111%2fcsp2.269&partnerID=40&md5=91c7663d1e4ab50e52d38d108463eb1e,,,,,"<p>Export Date: 27 January 2025; Cited By: 7</p> | RAYYAN-INCLUSION: {""Philip""=>""Excluded"", ""Nibedita""=>""Included""}",10.1111/csp2.269,,,
rayyan-153485453,The influence of ecological knowledge on biodiversity conservation policies: A strategic challenge for knowledge producers,2018,,,Journal for Nature Conservation,,46,,97-105,"Coreau, A. and Guillet, F. and Rabaud, S.",https://www.scopus.com/inward/record.uri?eid=2-s2.0-85054173854&doi=10.1016%2fj.jnc.2017.10.008&partnerID=40&md5=1b59c6c5ed681382df159ab1fbd2b779,,,,,"<p>Export Date: 27 January 2025; Cited By: 6</p> | RAYYAN-INCLUSION: {""Philip""=>""Included"", ""Prishnee""=>""Included"", ""Isobel""=>""Included""}",10.1016/j.jnc.2017.10.008,action plan;biodiversity;Conservation NGO;environmental policy;Environmental strategy;knowledge;Knowledge producer;Mode of action;nongovernmental organization;Partnership;partnership approach;policy implementation;Research team;strategic approach,,
rayyan-153485474,"Think regionally, act locally: Perspectives on co-design of spatial conservation prioritization tools and why end-user engagement altered our approach",2024,,,Conservation Science and Practice,,6,7,,"Van Lanen, N.J. and Shyvers, J.E. and Tarbox, B.C. and Monroe, A.P. and Anderson, P.J. and Jones, D.K. and Dahm, K.G. and Aldridge, C.L.",https://www.scopus.com/inward/record.uri?eid=2-s2.0-85197723241&doi=10.1111%2fcsp2.13154&partnerID=40&md5=9222a0d73f8734d82af2d27c78085dc8,,,,,"<p>Export Date: 27 January 2025; Cited By: 0</p> | RAYYAN-INCLUSION: {""Carlos""=>""Included""}",10.1111/csp2.13154,actionable science;coproduction;research implementation gap;stakeholder engagement;systematic conservation planning,,
rayyan-153485475,"Interdisciplinary problem solving workshops for grizzly bear conservation in Banff National Park, Canada",2009,,,Policy Sciences,,42,2,163-187,"Rutherford, M.B. and Gibeau, M.L. and Clark, S.G. and Chamberlain, E.C.",https://www.scopus.com/inward/record.uri?eid=2-s2.0-67349200026&doi=10.1007%2fs11077-009-9075-5&partnerID=40&md5=f23b30d0ebd249a6194decf9ac9f76f3,,,,,"<p>Export Date: 27 January 2025; Cited By: 32</p> | RAYYAN-INCLUSION: {""Alec""=>""Excluded""}",10.1007/s11077-009-9075-5,Alberta;Banff National Park;bear;Canada;Collaborative decision making;Conservation policy;decision making;Decision process;environmental policy;Grizzly bear;interdisciplinary approach;Interdisciplinary problem solving;North America;policy analysis;policy making;Policy sciences;Q method;species conservation;Ursus arctos;Wildlife management,,
rayyan-153485492,Supporting decision-making by companies in delivering their climate net-zero and nature recovery commitments: Synthesising current information and identifying research priorities in rainforest restoration,2022,,,Global Ecology and Conservation,,40,,,"Scriven, S.A. and Waddell, E.H. and Sim, S. and King, H. and Reynolds, G. and Yeong, K.L. and Hill, J.K.",https://www.scopus.com/inward/record.uri?eid=2-s2.0-85140293519&doi=10.1016%2fj.gecco.2022.e02305&partnerID=40&md5=54bcf50f197441bb7604b783c43a588e,,,,,"<p>Export Date: 27 January 2025; Cited By: 4</p> | RAYYAN-INCLUSION: {""Matthew""=>""Excluded"", ""Philip""=>""Excluded"", ""Isobel""=>""Excluded""}",10.1016/j.gecco.2022.e02305,Biodiversity;Borneo;Carbon;Dipterocarpaceae;Rainforest;Restoration,,
rayyan-153485496,Interest of quality-based policies for Integrated Coastal Zone Management implementation: Lessons learnt from a French case study,2011,,,Ocean and Coastal Management,,54,11,831-843,"Duvat, V.",https://www.scopus.com/inward/record.uri?eid=2-s2.0-80053649021&doi=10.1016%2fj.ocecoaman.2011.09.003&partnerID=40&md5=70e5bbce828ff5d7fd7d23655dc4a720,,,,,"<p>Export Date: 27 January 2025; Cited By: 11</p> | RAYYAN-INCLUSION: {""Aidan""=>""Excluded""}",10.1016/j.ocecoaman.2011.09.003,Action plan;Atlantic Coast [Europe];Atlantic Coast [France];Atlantic coasts;Building process;Coastal engineering;coastal zone management;Coastal zones;decision making;Decision making process;Follow up;France;implementation process;Integrated coastal zone management;Integration;Iterative cycles;marine policy;participatory approach;Public participation;qualitative analysis;Quality action plans;Regional planning;stakeholder;territorial planning;Territorial planning;Zoning,,
rayyan-153485505,The concept of ecosystem networks in ecological panning and design,2006,,,Landschap,,23,3,147-154,"Opdam, P.",https://www.scopus.com/inward/record.uri?eid=2-s2.0-47149105905&partnerID=40&md5=77353b43c2e8e2bb495ddcb064e1d677,,,,,"<p>Export Date: 27 January 2025; Cited By: 2</p> | RAYYAN-INCLUSION: {""Philip""=>""Excluded"", ""Nibedita""=>""Excluded""}",,Ecosystem network;Local planning;Metropolitan landscapes;Spatial development,,
rayyan-153485520,"Perceptions of Australian Marine protected area managers regarding the role, importance, and achievability of adaptation for managing the risks of climate change",2014,,,Ecology and Society,,19,4,,"Cvitanovic, C. and Marshall, N.A. and Wilson, S.K. and Dobbs, K. and Hobday, A.J.",https://www.scopus.com/inward/record.uri?eid=2-s2.0-84924407121&doi=10.5751%2fES-07019-190433&partnerID=40&md5=d19516a23eb663984ef74be2ee338391,,,,,"<p>Export Date: 27 January 2025; Cited By: 43</p> | RAYYAN-INCLUSION: {""Nibedita""=>""Included"", ""Isobel""=>""Included""}",10.5751/ES-07019-190433,adaptive management;Adaptive management;Australia;climate change;conservation management;decision making;Decision making;environmental policy;Knowledge exchange;Knowledge transfer;marine park;perception;Science impact;Science integration;Trust,,
rayyan-153485526,Listening to save wildlife: Lessons learnt from use of acoustic technology by a species recovery team,2019,,,DIS 2019 - Proceedings of the 2019 ACM Designing Interactive Systems Conference,,,,1335-1348,"Oliver, J.L. and Brereton, M. and Watson, D.M. and Roe, P.",https://www.scopus.com/inward/record.uri?eid=2-s2.0-85070655425&doi=10.1145%2f3322276.3322360&partnerID=40&md5=11139a651392634fa8c4a4438c4cd1b1,,,,,"<p>Export Date: 27 January 2025; Cited By: 11</p> | RAYYAN-INCLUSION: {""Philip""=>""Excluded""}",10.1145/3322276.3322360,Acoustic technology;Acoustics;Animals;Conservation;Conservation activities;Cooperative work;Cooperative works;Endangered wildlife;Environmental acoustics;Interaction design;Practical guidelines;Wildlife,,
rayyan-153485548,Achieving land degradation neutrality: The role of SLM knowledge in evidence-based decision-making,2019,,,Environmental Science and Policy,,94,,123-134,"Liniger, H. and Harari, N. and van Lynden, G. and Fleiner, R. and de Leeuw, J. and Bai, Z. and Critchley, W.",https://www.scopus.com/inward/record.uri?eid=2-s2.0-85060255527&doi=10.1016%2fj.envsci.2019.01.001&partnerID=40&md5=2526fe6d367d7d88bd2e0b602c342561,,,,,"<p>Export Date: 27 January 2025; Cited By: 56</p> | RAYYAN-INCLUSION: {""Sarah""=>""Excluded""}",10.1016/j.envsci.2019.01.001,Article;decision making;ecosystem restoration;evidence based practice;Evidence-based decision-making;financial management;knowledge base;Knowledge management;Land degradation neutrality;land use;Madagascar;Mapping;priority journal;satellite imagery;SLM technologies and approaches;soil degradation;sustainable development;Sustainable land management,,
rayyan-153485556,Seeking our shared wisdom: A framework for understanding knowledge coproduction and coproductive capacities,2015,,,Ecology and Society,,20,1,,"Schuttenberg, H.Z. and Guth, H.K.",https://www.scopus.com/inward/record.uri?eid=2-s2.0-84923598634&doi=10.5751%2fES-07038-200115&partnerID=40&md5=ab230ebce1528b98bb2a564ecb97243f,,,,,"<p>Export Date: 27 January 2025; Cited By: 90</p> | RAYYAN-INCLUSION: {""Philip""=>""Excluded"", ""Tabitha""=>""Included""}",10.5751/ES-07038-200115,action plan;Anthozoa;climate change;Climate change;conceptual framework;Coproduction;coral reef;Coral reef management;decision making;Governance;governance approach;stakeholder;sustainability;Traditional ecological knowledge;traditional knowledge;World Heritage Site,,
rayyan-153485562,Convention on Biological Diversity: A review of national challenges and opportunities for implementation,2011,,,Biodiversity and Conservation,,20,14,3295-3316,"Chandra, A. and Idrisova, A.",https://www.scopus.com/inward/record.uri?eid=2-s2.0-81555205768&doi=10.1007%2fs10531-011-0141-x&partnerID=40&md5=13587ffb93574be39364d2884ec7d1fd,,,,,"<p>Export Date: 27 January 2025; Cited By: 103</p> | RAYYAN-INCLUSION: {""Alec""=>""Excluded""}",10.1007/s10531-011-0141-x,administrative framework;biodiversity;Biodiversity;Capacity;capacity building;Conservation;conservation management;conservation planning;Convention on Biological Diversity (CBD);developing world;economic policy;Implementation;investment;Mainstreaming;national strategy;planning legislation;policy implementation;stakeholder;Third National Reports (TNRs),,
rayyan-153485570,Knowledge exchange through an intermediary organization: A case study on the conservation of biodiversity in Mexico,2023,,,Environmental Science and Policy,,139,,185-194,"González-Lozada, E. and Castillo, A. and Aranda-Fragoso, A. and Cruz-Angón, A.",https://www.scopus.com/inward/record.uri?eid=2-s2.0-85141892989&doi=10.1016%2fj.envsci.2022.11.004&partnerID=40&md5=18f95f6df3b6dbf8b7da27caa8120050,,,,,"<p>Export Date: 27 January 2025; Cited By: 2</p> | RAYYAN-INCLUSION: {""Philip""=>""Excluded"", ""Prishnee""=>""Included"", ""Nibedita""=>""Included""}",10.1016/j.envsci.2022.11.004,article;basic science;biodiversity;Biodiversity sciences;catalyst;conservation biology;data quality;data synthesis;decision making;Decision-making;development strategy;diffusion;financial management;human;indigenous knowledge;interview;language;literature review;Mega-data bases;Megadiverse countries governance;Mexico;organization;Scientific evidence,,
rayyan-153485577,Spatial and ecological farmer knowledge and decision-making about ecosystem services and biodiversity,2020,,,Land,,9,10,Jan-14,"Kpienbaareh, D. and Kerr, R.B. and Luginaah, I. and Wang, J. and Lupafya, E. and Dakishoni, L. and Shumba, L.",https://www.scopus.com/inward/record.uri?eid=2-s2.0-85093663760&doi=10.3390%2fland9100356&partnerID=40&md5=f9809cb9f9ecc650282d0c5abf10f49b,,,,,"<p>Export Date: 27 January 2025; Cited By: 27</p> | RAYYAN-INCLUSION: {""Aidan""=>""Excluded""}",10.3390/land9100356,Agroecology;Agroecosystems;Climate change;Ecosystem services;Food security;Malawi;Public participatory GIS,,
rayyan-153485581,Managing the Uniqueness of Sierra Nevada Ecosystems Under Global Change: The Value of in situ Scientific Research,2022,,,The Landscape of the Sierra Nevada: A Unique Laboratory of Global Processes in Spain,,,,329-349,"Zamora, R. and Pérez-Luque, A.J. and Granados, J.E. and Ramos, B. and Navarro, J. and Cano-Manuel, J. and Barea-Azcón, J.M. and Aspízua, R.",https://www.scopus.com/inward/record.uri?eid=2-s2.0-85160493837&doi=10.1007%2f978-3-030-94219-9_20&partnerID=40&md5=ef296bc05952ebb4afe36e2000da8ecc,,,,,"<p>Export Date: 27 January 2025; Cited By: 1</p> | RAYYAN-INCLUSION: {""Alec""=>""Excluded""}",,Adaptive management;Conservation and restoration;Decision-making;Scientific transference;Support-decision tools;Usable knowledge,,
rayyan-153485582,Managing climate change in conservation practice: an exploration of the science–management interface in beech forest management,2014,,,Biodiversity and Conservation,,23,14,3657-3671,"de Koning, J. and Turnhout, E. and Winkel, G. and Blondet, M. and Borras, L. and Ferranti, F. and Geitzenauer, M. and Sotirov, M. and Jump, A.",https://www.scopus.com/inward/record.uri?eid=2-s2.0-85027941842&doi=10.1007%2fs10531-014-0781-8&partnerID=40&md5=8a3503bf4fccd8ff5a1ea7de4adb8411,,,,,"<p>Export Date: 27 January 2025; Cited By: 16</p> | RAYYAN-INCLUSION: {""Alec""=>""Included""}",10.1007/s10531-014-0781-8,Climate change;Fagus;Forest management;Knowledge utilization;Natura 2000;Science management interface,,
rayyan-153485603,Uncertainty and adaptive management for biodiversity conservation,2011,,,Biological Conservation,,144,4,1175-1178,"Keith, D.A. and Martin, T.G. and McDonald-Madden, E. and Walters, C.",https://www.scopus.com/inward/record.uri?eid=2-s2.0-79952628309&doi=10.1016%2fj.biocon.2010.11.022&partnerID=40&md5=8535f1df29470e635947801fb228177d,,,,,"<p>Export Date: 27 January 2025; Cited By: 184</p> | RAYYAN-INCLUSION: {""Philip""=>""Excluded"", ""Carlos""=>""Excluded"", ""Prishnee""=>""Included""}",10.1016/j.biocon.2010.11.022,adaptive management;biodiversity;Conflict resolution;conservation management;Conservation policy;decision making;Decision making;ecosystem management;Ecosystem management;environmental monitoring;environmental policy;Experimental management;experimental study;implementation process;Learning by doing;Management goals;Monitoring;natural resource;numerical model;Process model;theoretical study;uncertainty analysis,,
rayyan-153485604,Public officials’ knowledge of advances and gaps for implementing the ecosystem approach to fisheries in Chile,2021,,,Sustainability (Switzerland),,13,5,Jan-18,"Estévez, R.A. and Gelcich, S.",https://www.scopus.com/inward/record.uri?eid=2-s2.0-85102592471&doi=10.3390%2fsu13052703&partnerID=40&md5=e3e21cbb9465ecc64870bb6422e8310f,,,,,"<p>Export Date: 27 January 2025; Cited By: 4</p> | RAYYAN-INCLUSION: {""Philip""=>""Excluded"", ""Alec""=>""Included""}",10.3390/su13052703,Adaptive management;bycatch;Chile;coastal zone;Collaboration;Conservation;decision making;ecosystem approach;Equity;fishery;fishery management;Governance;government;Institutions;knowledge;marine environment;Social;spatiotemporal analysis;Traditional knowledge;United Nations,,
rayyan-153485612,Tracking the conservation promise of movement ecology,2018,,,Frontiers in Ecology and Evolution,,6,,,"Fraser, K.C. and Davies, K.T.A. and Davy, C.M. and Ford, A.T. and Flockhart, D.T.T. and Martins, E.G.",https://www.scopus.com/inward/record.uri?eid=2-s2.0-85054639590&doi=10.3389%2ffevo.2018.00150&partnerID=40&md5=ef9a0a567dbb9b2c25e31f38d02b5166,,,,,"<p>Export Date: 27 January 2025; Cited By: 108</p> | RAYYAN-INCLUSION: {""Philip""=>""Excluded""}",10.3389/fevo.2018.00150,Bio-logging;Dispersal;Migration;Telemetry;Tracking,,
rayyan-153485629,Progress in designing and delivering effective fishing industry–science data collection in the UK,2018,,,Fish and Fisheries,,19,4,622-642,"Mangi, S.C. and Kupschus, S. and Mackinson, S. and Rodmell, D. and Lee, A. and Bourke, E. and Rossiter, T. and Masters, J. and Hetherington, S. and Catchpole, T. and Righton, D.",https://www.scopus.com/inward/record.uri?eid=2-s2.0-85044428493&doi=10.1111%2ffaf.12279&partnerID=40&md5=ce64fd8a2d03ef00cbfd0f9f33da650b,,,,,"<p>Export Date: 27 January 2025; Cited By: 22</p> | RAYYAN-INCLUSION: {""Isobel""=>""Included""}",10.1111/faf.12279,collaborative research;data collection protocol;data set;decision making;design method;fisheries management;fisheries-dependent data;fishery management;fishing industry;fishing vessel;incentive;incentives;paradigm shift;stakeholder engagement;strategic approach;United Kingdom,,
rayyan-153485639,"Natural Resource Managers Use and Value Western-Based Science, but Barriers to Access Persist",2022,,,Environmental Management,,69,1,17-30,"Piczak, M.L. and Kadykalo, A.N. and Cooke, S.J. and Young, N.",https://www.scopus.com/inward/record.uri?eid=2-s2.0-85119372283&doi=10.1007%2fs00267-021-01558-8&partnerID=40&md5=cf2653c8a32f3ce0ff8fb010cb369177,,,,,"<p>Export Date: 27 January 2025; Cited By: 6</p> | RAYYAN-INCLUSION: {""Isobel""=>""Included""}",10.1007/s00267-021-01558-8,Action spaces;adult;article;British Columbia;Canada;Conservation;Conservation of Natural Resources;decision making;Decision making;Decisions makings;environmental protection;Evidence-based;Evidence-based conservation;female;government;human;Indigenous knowledge;interview;knowledge;Knowledge;Knowledge action space;male;Management IS;manager;Managers;natural resource;Natural resource management;Natural Resources;Natural resources management;organization;Organizations;persistence;procedures;publishing;resource management;Resource managers;Reviews;salmonid;Science accessibility;systematic review;Western-based science,,
rayyan-153485643,Lessons from bright-spots for advancing knowledge exchange at the interface of marine science and policy,2022,,,Journal of Environmental Management,,314,,,"Karcher, D.B. and Cvitanovic, C. and van Putten, I.E. and Colvin, R.M. and Armitage, D. and Aswani, S. and Ballesteros, M. and Ban, N.C. and Barragán-Paladines, M.J. and Bednarek, A. and Bell, J.D. and Brooks, C.M. and Daw, T.M. and de la Cruz-Modino, R. and Francis, T.B. and Fulton, E.A. and Hobday, A.J. and Holcer, D. and Hudson, C. and Jennerjahn, T.C. and Kinney, A. and Knol-Kauffman, M. and Löf, M.F. and Lopes, P.F.M. and Mackelworth, P.C. and McQuatters-Gollop, A. and Muhl, E.-K. and Neihapi, P. and Pascual-Fernández, J.J. and Posner, S.M. and Runhaar, H. and Sainsbury, K. and Sander, G. and Steenbergen, D.J. and Tuda, P.M. and Whiteman, E. and Zhang, J.",https://www.scopus.com/inward/record.uri?eid=2-s2.0-85128482048&doi=10.1016%2fj.jenvman.2022.114994&partnerID=40&md5=012ddc135520c6b8760cdff471b504cf,,,,,"<p>Export Date: 27 January 2025; Cited By: 38</p> | RAYYAN-INCLUSION: {""Philip""=>""Included"", ""Alec""=>""Included""}",10.1016/j.jenvman.2022.114994,article;Behavioral research;Bright spots;decision making;Decision making;Decision Making;Decisions makings;Environmental governances;Evidence-informed decision-making;funding;governance approach;health care policy;Health Policy;human;Humans;Informed decision;interdisciplinary research;knowledge;Knowledge;Knowledge exchange;Knowledge management;learning;Learning;marine environment;Marine environmental governance;marine policy;organization;Organizations;policy;Policy;Public policy;Research impact;Research impacts;Science-policy interface;skill;Transdisciplinary research,,
rayyan-153485647,The nature and role of experiential knowledge for environmental conservation,2006,,,Environmental Conservation,,33,1,01-Oct,"Fazey, I. and Fazey, J.A. and Salisbury, J.G. and Lindenmayer, D.B. and Dovers, S.",https://www.scopus.com/inward/record.uri?eid=2-s2.0-33745862724&doi=10.1017%2fS037689290600275X&partnerID=40&md5=f9c3e2d005f09e712886318d12a30352,,,,,"<p>Export Date: 27 January 2025; Cited By: 243</p> | RAYYAN-INCLUSION: {""Iris""=>""Excluded""}",10.1017/S037689290600275X,conservation;Conservation;decision making;Decision making;Environmental engineering;environmental protection;Evidence-based conservation;Experience;Indigenous knowledge;information;Information management;knowledge;Knowledge acquisition;Knowledge engineering;Mathematical models;outcome assessment;qualitative analysis;quantitative analysis;research;review;statistical significance;Tacit knowledge;Traditional ecological knowledge,,
rayyan-153485651,Social networks and fishers' behavior: Exploring the links between information flow and fishing success in the Northumberland lobster fishery,2014,,,Ecology and Society,,19,2,,"Turner, R.A. and Polunin, N.V.C. and Stead, S.M.",https://www.scopus.com/inward/record.uri?eid=2-s2.0-84903721218&doi=10.5751%2fES-06456-190238&partnerID=40&md5=dbeb3f21210c350c4c28127201952773,,,,,"<p>Export Date: 27 January 2025; Cited By: 63</p> | RAYYAN-INCLUSION: {""Carlos""=>""Excluded""}",10.5751/ES-06456-190238,England;Fisheries management;Fishers' behavior;fishery management;fishing community;Fishing success;information management;Information sharing;Lobster fisheries;lobster fishery;network analysis;Northumberland;social network;Social network analysis;United Kingdom,,
rayyan-153485652,"Ocean tracking and marine species protection in Australia and Canada: Science, technology, and knowledge brokering",2016,,,Ocean Development and International Law,,47,4,368-377,"Apostle, R. and Gazit, T. and Haward, M.",https://www.scopus.com/inward/record.uri?eid=2-s2.0-84991829827&doi=10.1080%2f00908320.2016.1229944&partnerID=40&md5=cb27dba190dc36b058fb3d6001d6d2f4,,,,,"<p>Export Date: 27 January 2025; Cited By: 4</p> | RAYYAN-INCLUSION: {""Sarah""=>""Excluded""}",10.1080/00908320.2016.1229944,Animalia;Australia;biotelemetry;Canada;knowledge;marine environment;Marine species protection knowledge brokerage;marine technology;Ocean tracking;Science–policy integration;species conservation;tagging;tracking,,
rayyan-153485655,Managing uncertainty in decision-making for conservation science,2023,,,Conservation Biology,,37,6,,"Ben-Haim, Y.",https://www.scopus.com/inward/record.uri?eid=2-s2.0-85167590273&doi=10.1111%2fcobi.14164&partnerID=40&md5=b4a394a6152e59696b4484ea25e4657f,,,,,"<p>Export Date: 27 January 2025; Cited By: 3</p> | RAYYAN-INCLUSION: {""Sarah""=>""Excluded""}",10.1111/cobi.14164,animal;Animals;biodiversity;Biodiversity;climate change;conservation decisions;conservation management;Conservation of Natural Resources;decision making;decision methodology;decisiones de conservación;endangered species;Endangered Species;environmental protection;función del rendimiento reproductivo;incertidumbre;info-gaps;methodology;metodología de decisiones;reproductive output function;robustness;solidez;translocation;uncertainty;Uncertainty;vacío de información,,
rayyan-153485657,The politics of marine ecosystem management: The case of the channel islands,2005,,,California and the World Ocean - Proceedings of the Conference,,,,1200-1214,"McGinnis, M.V.",https://www.scopus.com/inward/record.uri?eid=2-s2.0-21644443528&doi=10.1061%2f40761%28175%29107&partnerID=40&md5=e834a4f445ddcb6b89293e63ff278ab3,,,,,"<p>Export Date: 27 January 2025; Cited By: 0</p> | RAYYAN-INCLUSION: {""Matthew""=>""Excluded"", ""Elina""=>""Excluded""}",10.1061/40761(175)107,Coastal zones;Decision making;Ecological productivity;Economic and social effects;Ecosystem management;Ecosystems;Human activities;Marine life;Ocean habitats;Planning;Productivity;Project management;Seawater,,
rayyan-153485658,Designing systematic conservation assessments that promote effective implementation: Best practice from South Africa,2006,,,Conservation Biology,,20,3,739-750,"Knight, A.T. and Driver, A. and Cowling, R.M. and Maze, K. and Desmet, P.G. and Lombard, A.T. and Rouget, M. and Botha, M.A. and Boshoff, A.F. and Castley, J.G. and Goodman, P.S. and Mackinnon, K. and Pierce, S.M. and Sims-Castley, R. and Stewart, W.I. and Von Hase, A.",https://www.scopus.com/inward/record.uri?eid=2-s2.0-33745122604&doi=10.1111%2fj.1523-1739.2006.00452.x&partnerID=40&md5=488e039da3d3d4dc07c00d59ddb0a6fe,,,,,"<p>Export Date: 27 January 2025; Cited By: 171</p> | RAYYAN-INCLUSION: {""Alec""=>""Excluded""}",10.1111/j.1523-1739.2006.00452.x,"Adaptive improvement;Africa;Conservation of Natural Resources;conservation planning;Conservation planning;Conservation-area selection;ecosystem;Ecosystem;environmental protection;implementation process;investment;methodology;Models, Theoretical;Operational model;research;Research;review;Social learning institutions;South Africa;Southern Africa;stakeholder;Sub-Saharan Africa;theoretical model",,
rayyan-153485667,Embracing Disruptive New Science? Biotelemetry Meets Co-Management in Canada's Fraser River,2018,,,Fisheries,,43,1,51-60,"Young, N. and Corriveau, M. and Nguyen, V.M. and Cooke, S.J. and Hinch, S.G.",https://www.scopus.com/inward/record.uri?eid=2-s2.0-85042391368&doi=10.1002%2ffsh.10015&partnerID=40&md5=39112970ba78f068fad9ff3e984c9e3e,,,,,"<p>Export Date: 27 January 2025; Cited By: 13</p> | RAYYAN-INCLUSION: {""Tabitha""=>""Included"", ""Elina""=>""Included""}",10.1002/fsh.10015,,,
rayyan-153485676,Collaboration and knowledge networks in coastal resources management: How critical stakeholders interact for multiple-use marine protected area implementation,2014,,,Ocean and Coastal Management,,91,,May-16,"Cárcamo, P.F. and Garay-Flühmann, R. and Gaymer, C.F.",https://www.scopus.com/inward/record.uri?eid=2-s2.0-84894060132&doi=10.1016%2fj.ocecoaman.2014.01.007&partnerID=40&md5=d974060e31826243f20ac68c4fb1045a,,,,,"<p>Export Date: 27 January 2025; Cited By: 36</p> | RAYYAN-INCLUSION: {""Aidan""=>""Excluded""}",10.1016/j.ocecoaman.2014.01.007,,,
rayyan-153485679,A review of science-policy interactions in the Dutch Wadden Sea - The cockle fishery and gas exploitation controversies,2013,,,Journal of Sea Research,,82,,165-175,"Floor, J.R. and van Koppen, C.S.A. and Lindeboom, H.J.",https://www.scopus.com/inward/record.uri?eid=2-s2.0-84882677371&doi=10.1016%2fj.seares.2012.06.001&partnerID=40&md5=d65ae7ab516527c33bece2b454fda339,,,,,"<p>Export Date: 27 January 2025; Cited By: 14</p> | RAYYAN-INCLUSION: {""Iris""=>""Excluded""}",10.1016/j.seares.2012.06.001,Atlantic Ocean;Cockle fishery;decision making;exploitation;fishery management;fishery policy;Gas exploitation;governance approach;Netherlands;North Sea;Science-policy interactions;shellfish fishery;stakeholder;Wadden Sea,,
rayyan-153485680,Bridging coastal challenges: The role of remote sensing and future research,2024,,,Regional Studies in Marine Science,,73,,,"Masria, A.",https://www.scopus.com/inward/record.uri?eid=2-s2.0-85189773858&doi=10.1016%2fj.rsma.2024.103502&partnerID=40&md5=fca49a935d0f99f4bf3868f840339896,,,,,"<p>Export Date: 27 January 2025; Cited By: 3</p> | RAYYAN-INCLUSION: {""Philip""=>""Excluded"", ""Prishnee""=>""Excluded""}",10.1016/j.rsma.2024.103502,Coastal ecosystems;Data interpretation;Environmental monitoring;Land use changes;Remote sensing;Sustainable development,,
rayyan-153485702,Ecological indicators: Between the two fires of science and policy,2007,,,Ecological Indicators,,7,2,215-228,"Turnhout, E. and Hisschemöller, M. and Eijsackers, H.",https://www.scopus.com/inward/record.uri?eid=2-s2.0-33846603587&doi=10.1016%2fj.ecolind.2005.12.003&partnerID=40&md5=9b659b2ea88e7513d44deed6e005315b,,,,,"<p>Export Date: 27 January 2025; Cited By: 314</p> | RAYYAN-INCLUSION: {""Philip""=>""Excluded""}",10.1016/j.ecolind.2005.12.003,Boundary work;ecological approach;Ecological indicator;Ecological indicators;Ecology;Ecosystems;environmental assessment;Environmental engineering;environmental indicator;knowledge;Knowledge acquisition;Knowledge utilization;nature conservation;Nature conservation policy;policy analysis;Public policy;Science policy interface;Social sciences,,
rayyan-153485704,"Post-normal conservation science fills the space between research, policy, and implementation",2019,,,Conservation Science and Practice,,1,8,,"Buschke, F.T. and Botts, E.A. and Sinclair, S.P.",https://www.scopus.com/inward/record.uri?eid=2-s2.0-85073980363&doi=10.1111%2fcsp2.73&partnerID=40&md5=a2a994c52420a0396a4f233733650e1d,,,,,"<p>Export Date: 27 January 2025; Cited By: 31</p> | RAYYAN-INCLUSION: {""Philip""=>""Excluded"", ""Aidan""=>""Excluded""}",10.1111/csp2.73,conservation planning;extended peer community;post-normal science;research-implementation gap;scientific paradigms;South Africa;transdisciplinary,,
rayyan-153485706,Harnessing the Power of Genomics to Secure the Future of Seafood,2017,,,Trends in Ecology and Evolution,,32,9,665-680,"Bernatchez, L. and Wellenreuther, M. and Araneda, C. and Ashton, D.T. and Barth, J.M.I. and Beacham, T.D. and Maes, G.E. and Martinsohn, J.T. and Miller, K.M. and Naish, K.A. and Ovenden, J.R. and Primmer, C.R. and Young Suk, H. and Therkildsen, N.O. and Withler, R.E.",https://www.scopus.com/inward/record.uri?eid=2-s2.0-85030457435&doi=10.1016%2fj.tree.2017.06.010&partnerID=40&md5=f586e69787cd1773fbcabeb98af89b1a,,,,,"<p>Export Date: 27 January 2025; Cited By: 186</p> | RAYYAN-INCLUSION: {""Alice""=>""Excluded""}",10.1016/j.tree.2017.06.010,aquaculture;Aquaculture;aquaculture production;catering service;Fisheries;fishery;fishery management;food security;Food Supply;genome;genomics;Genomics;human;Humans;sea food;seafood;Seafood,,
rayyan-153485709,Live ANDES: Mobile-cloud shared workspace for citizen science and wildlife conservation,2015,,,"Proceedings - 11th IEEE International Conference on eScience, eScience 2015",,,,215-223,"Bonacic, C. and Neyem, A. and Vasquez, A.",https://www.scopus.com/inward/record.uri?eid=2-s2.0-84959060226&doi=10.1109%2feScience.2015.64&partnerID=40&md5=cfa33e3cec8b3fe6c9a1f71646401ef4,,,,,"<p>Export Date: 27 January 2025; Cited By: 4</p> | RAYYAN-INCLUSION: {""Matthew""=>""Excluded""}",10.1109/eScience.2015.64,Animals;Application programming interfaces (API);Application programs;Backend as a service;Cloud workspaces;Conservation;Data management;Data science;Data visualization;Digital repositories;Digital repository;Digital storage;e-Science;EScience in the cloud;Information management;Mobile shared workspaces;Shared-workspace;Software design;Wildlife conservation;Windows operating system,,
rayyan-153485718,End users’ perspective on decision support tools in marine spatial planning,2019,,,Marine Policy,,108,,,"Pınarbaşı, K. and Galparsoro, I. and Borja, Á.",https://www.scopus.com/inward/record.uri?eid=2-s2.0-85070866223&doi=10.1016%2fj.marpol.2019.103658&partnerID=40&md5=9f46b55686afcec59ca6dfce1983d788,,,,,"<p>Export Date: 27 January 2025; Cited By: 17</p> | RAYYAN-INCLUSION: {""Carlos""=>""Excluded""}",10.1016/j.marpol.2019.103658,decision support system;ecosystem service;implementation process;marine policy;marine resource;spatial planning,,
rayyan-153485727,Public Communication Practices and Beliefs Among Conservation Scientists and Practitioners,2022,,,Journal of Fish and Wildlife Management,,13,1,262-271,"Kohl, P.A. and Warner, S.E.",https://www.scopus.com/inward/record.uri?eid=2-s2.0-85132442403&doi=10.3996%2fJFWM-20-077&partnerID=40&md5=4699a6968defae801ed25508d3b1e3db,,,,,"<p>Export Date: 27 January 2025; Cited By: 3</p> | RAYYAN-INCLUSION: {""Philip""=>""Excluded"", ""Prishnee""=>""Excluded"", ""Nibedita""=>""Included""}",10.3996/JFWM-20-077,communication training;conservation;public communication;public engagement,,
rayyan-153485748,How to make biodiversity knowledge compelling? The case of mosquito control implementation in the Camargue (France),2020,,,Environmental Science and Policy,,113,,64-71,"Guillet, F. and Mermet, L.",https://www.scopus.com/inward/record.uri?eid=2-s2.0-85020050003&doi=10.1016%2fj.envsci.2017.05.004&partnerID=40&md5=e4b40f811fac04e20256fcc247621895,,,,,"<p>Export Date: 27 January 2025; Cited By: 1</p> | RAYYAN-INCLUSION: {""Prishnee""=>""Included""}",10.1016/j.envsci.2017.05.004,Article;Bacillus thuringiensis;biodiversity;Biodiversity scientists;breeding success;Camargue (France);conceptual framework;consensus;conservation biology;controlled study;decision making;environmental policy;Interface science and policy;mosquito control;Mosquito-control;nonhuman;priority journal;scientist;seashore;Strategy,,
rayyan-153485752,Improving management of small natural features on private lands by negotiating the science-policy boundary for Maine vernal pools,2014,,,Proceedings of the National Academy of Sciences of the United States of America,,111,30,11002-11006,"Calhoun, A.J.K. and Jansujwicz, J.S. and Bell, K.P. and Hunter Jr., M.L.",https://www.scopus.com/inward/record.uri?eid=2-s2.0-84904998180&doi=10.1073%2fpnas.1323606111&partnerID=40&md5=4e2dfc9674669c2d9656cd708cac6c2a,,,,,"<p>Export Date: 27 January 2025; Cited By: 37</p> | RAYYAN-INCLUSION: {""Carlos""=>""Included"", ""Elina""=>""Excluded""}",10.1073/pnas.1323606111,"Animals;community-based conservation;Community-based conservation;Conservation of Natural Resources;Decision Making, Organizational;Ecosystem;Humans;Maine;mesofilter;Mesofilter;natural resource management;Natural resource management;temporary pools;Temporary pools;wood frog;Wood frog",,
rayyan-153485761,Applying a knowledge–action framework for navigating barriers to incorporating telemetry science into fisheries management and conservation: A qualitative study,2018,,,Canadian Journal of Fisheries and Aquatic Sciences,,75,10,1733-1743,"Nguyen, V.M. and Young, N. and Cooke, S.J.",https://www.scopus.com/inward/record.uri?eid=2-s2.0-85053917569&doi=10.1139%2fcjfas-2017-0303&partnerID=40&md5=a3d5c10b182fbd0f101da46cfee3910a,,,,,"<p>Export Date: 27 January 2025; Cited By: 25</p> | RAYYAN-INCLUSION: {""Alice""=>""Included""}",10.1139/cjfas-2017-0303,Animalia,,
rayyan-153485762,"A Transparent Process for ""Evidence-Informed"" Policy Making",2014,,,Conservation Letters,,7,2,119-125,"Dicks, L.V. and Hodge, I. and Randall, N.P. and Scharlemann, J.P.W. and Siriwardena, G.M. and Smith, H.G. and Smith, R.K. and Sutherland, W.J.",https://www.scopus.com/inward/record.uri?eid=2-s2.0-84897450089&doi=10.1111%2fconl.12046&partnerID=40&md5=a0765c4f78009680268465f5e31f11ff,,,,,"<p>Export Date: 27 January 2025; Cited By: 96</p> | RAYYAN-INCLUSION: {""Isobel""=>""Excluded""}",10.1111/conl.12046,Agriculture;CAP reform;Europe;Evidence-based conservation;Scientific assessment,,
rayyan-153485775,Launching collective science-policy-society strategies to conserve the Ziziphus lotus habitat (Priority Habitat 5220),2020,,,Ecosistemas,,29,1,,"López-Rodríguez, M.D. and Salinas-Bonillo, M.J. and Torres, M.T. and Pacheco-Romero, M. and Guirado, E. and Castro, H. and Cabello, J.",https://www.scopus.com/inward/record.uri?eid=2-s2.0-85085394828&doi=10.7818%2fECOS.1890&partnerID=40&md5=0e49b1eaa67c32fbcc93603b82b258bb,,,,,"<p>Export Date: 27 January 2025; Cited By: 2</p> | RAYYAN-INCLUSION: {""Isobel""=>""Excluded""}",10.7818/ECOS.1890,Azufaifo;Boundary object;Knowledge co-production;Knowledge transfer;Transdisciplinary science,,
rayyan-153485789,A decision support tool for adaptive management of native prairie ecosystems,2016,,,Interfaces,,46,4,334-344,"Hunt, V.M. and Jacobi, S.K. and Gannon, J.J. and Zorn, J.E. and Moore, C.T. and Lonsdorf, E.V.",https://www.scopus.com/inward/record.uri?eid=2-s2.0-84979652098&doi=10.1287%2finte.2015.0822&partnerID=40&md5=1fc782f8531f365f89e0977e67f89b60,,,,,"<p>Export Date: 27 January 2025; Cited By: 5</p> | RAYYAN-INCLUSION: {""Philip""=>""Excluded"", ""Carlos""=>""Included""}",10.1287/inte.2015.0822,Adaptive management;Bayesian statistics;Conservation;Databases;Decision support tool,,
rayyan-153485795,A will-o’-the wisp? On the utility of voluntary contributions of data and knowledge from the fishing industry to marine science,2022,,,Frontiers in Marine Science,,9,,,"Steins, N.A. and Mackinson, S. and Mangi, S.C. and Pastoors, M.A. and Stephenson, R.L. and Ballesteros, M. and Brooks, K. and McIsaac, J.A. and Baker, M.R. and Calderwood, J. and Neis, B. and Ogier, E.M. and Reid, D.G.",https://www.scopus.com/inward/record.uri?eid=2-s2.0-85145397856&doi=10.3389%2ffmars.2022.954959&partnerID=40&md5=ad1c1778fe63d6e6211c04c6a5bbf261,,,,,"<p>Export Date: 27 January 2025; Cited By: 17</p> | RAYYAN-INCLUSION: {""Matthew""=>""Excluded""}",10.3389/fmars.2022.954959,co-production of knowledge;collaborative research;experiential knowledge;fisheries science;fishers’ knowledge research;science-industry research collaboration;stakeholder engagement;trust,,
rayyan-153485799,Opportunities for increasing utility of models for rangeland management,2012,,,Rangeland Ecology and Management,,65,6,623-631,"Derner, J.D. and Augustine, D.J. and Ii, J.C.A. and Ahuja, L.R.",https://www.scopus.com/inward/record.uri?eid=2-s2.0-84870178859&doi=10.2111%2fREM-D-11-00122.1&partnerID=40&md5=31a51517acebd16fb79a33c8a2b4f3d7,,,,,"<p>Export Date: 27 January 2025; Cited By: 29</p> | RAYYAN-INCLUSION: {""Prishnee""=>""Excluded""}",10.2111/REM-D-11-00122.1,adaptive management;climate change;database;decision making;economic analysis;ecosystem function;enterprise levels;experiential and experimental knowledge;herbivory;knowledge;land management;numerical model;object modeling systems;rangeland;spatiotemporal analysis;state-and-transition models;trade-off,,
rayyan-153485808,Co-designing management recommendations with stakeholders: A case study about northern pike (Esox lucius) in the southern Baltic Sea,2023,,,Fisheries Research,,263,,,"Ehrlich, E. and Bath, A.J. and Niessner, D. and Koemle, D. and Cyrus, E.-M. and Arlinghaus, R.",https://www.scopus.com/inward/record.uri?eid=2-s2.0-85151399731&doi=10.1016%2fj.fishres.2023.106687&partnerID=40&md5=8cd1d1708b562e85bf6239ee5e853bde,,,,,"<p>Export Date: 27 January 2025; Cited By: 5</p> | RAYYAN-INCLUSION: {""Alice""=>""Excluded""}",10.1016/j.fishres.2023.106687,Cognitive maps;Mental models;Northern pike;Participatory modelling;Stakeholder involvement in fisheries management;Structured decision making,,
rayyan-153485810,"The value of hydrologic information for watershed management programs: The case of Camboriú, Brazil",2020,,,Science of the Total Environment,,705,,,"Hamel, P. and Bremer, L.L. and Ponette-González, A.G. and Acosta, E. and Fisher, J.R.B. and Steele, B. and Cavassani, A.T. and Klemz, C. and Blainski, E. and Brauman, K.A.",https://www.scopus.com/inward/record.uri?eid=2-s2.0-85076591580&doi=10.1016%2fj.scitotenv.2019.135871&partnerID=40&md5=04b5da7e1396a2677f82ca12ba0ad79b,,,,,"<p>Export Date: 27 January 2025; Cited By: 24</p> | RAYYAN-INCLUSION: {""Alec""=>""Excluded""}",10.1016/j.scitotenv.2019.135871,article;Availability;Brazil;calibration;Camboriu;Decision making;Decision support;decision support system;Decision support systems;Decision supports;environmental monitoring;human;hydrological modeling;InVEST;land cover;land use;Land use;land use planning;remote sensing;Remote sensing;river management;Santa Catarina;semi structured interview;Soil conservation;SWAT;uncertainty;Uncertainty;uncertainty analysis;Water conservation;Water management;water resource;watershed;watershed management;Watershed management;Watersheds,,
rayyan-153485812,"Power, knowledge and the transformative potential of marine community science",2022,,,Ocean and Coastal Management,,218,,,"McAteer, B. and Flannery, W.",https://www.scopus.com/inward/record.uri?eid=2-s2.0-85122564730&doi=10.1016%2fj.ocecoaman.2022.106036&partnerID=40&md5=3441ecb355ecb4be3ca3baf82d545a88,,,,,"<p>Export Date: 27 January 2025; Cited By: 10</p> | RAYYAN-INCLUSION: {""Aidan""=>""Excluded""}",10.1016/j.ocecoaman.2022.106036,,,
rayyan-153485813,Setting biodiversity targets in participatory regional planning: Introducing ecoprofiles,2008,,,Ecology and Society,,13,1,,"Opdam, P. and Pouwels, R. and van Rooij, S. and Steingröver, E. and Vos, C.C.",https://www.scopus.com/inward/record.uri?eid=2-s2.0-50149095983&doi=10.5751%2fES-02438-130120&partnerID=40&md5=9d6c33c60d36545f4601c0969be55662,,,,,"<p>Export Date: 27 January 2025; Cited By: 50</p> | RAYYAN-INCLUSION: {""Isobel""=>""Excluded""}",10.5751/ES-02438-130120,biodiversity;Biodiversity targets;decision making;Ecosystem networks;knowledge based system;landscape change;landscape ecology;Landscape ecology;metapopulation;Metapopulation persistence;Multi-stakeholder decision making;Multifunctional landscapes;planning process;policy making;regional planning;Regional planning;sustainable development;Sustainable development,,
rayyan-153485833,Tackling the Science Usability Gap in a Warming World: Co-Producing Useable Climate Information for Natural Resource Management,2022,,,Environmental Management,,70,6,881-895,"Cross, M.S. and Oakes, L.E. and Kretser, H.E. and Bredehoft, R. and Dey, P. and Mahoney, A. and Smith, N. and Tator, I. and Wasseen, J.",https://www.scopus.com/inward/record.uri?eid=2-s2.0-85138774683&doi=10.1007%2fs00267-022-01718-4&partnerID=40&md5=e12b6792490b39499a6cd521527eb5aa,,,,,"<p>Export Date: 27 January 2025; Cited By: 7</p> | RAYYAN-INCLUSION: {""Philip""=>""Included"", ""Prishnee""=>""Included""}",10.1007/s00267-022-01718-4,Actionable science;adaptation;Adaptation;article;Boundary spanners;Central Department;climate change;Climate change;Climate Change;Climate change adaptation;Climate information;Co-production;Co-production process;comfort;comparative effectiveness;Conservation of Natural Resources;Decision makers;decision making;Decision making;ecosystem;Ecosystem;environmental protection;familiarity;habitat;habitat management;human;Human resource management;Humans;Information use;knowledge;Knowledge;Knowledge management;language;Management planning;manager;natural resource;Natural resource management;Natural Resources;Natural resources management;procedures;Resource allocation;resource management;Scientific information;skill;usability;warming;World,,
rayyan-153485835,Operationalizing risk-based cumulative effect assessments in the marine environment,2020,,,Science of the Total Environment,,724,,,"Stelzenmüller, V. and Coll, M. and Cormier, R. and Mazaris, A.D. and Pascual, M. and Loiseau, C. and Claudet, J. and Katsanevakis, S. and Gissi, E. and Evagelopoulos, A. and Rumes, B. and Degraer, S. and Ojaveer, H. and Moller, T. and Giménez, J. and Piroddi, C. and Markantonatou, V. and Dimitriadis, C.",https://www.scopus.com/inward/record.uri?eid=2-s2.0-85082657138&doi=10.1016%2fj.scitotenv.2020.138118&partnerID=40&md5=f87e10bfc3a37bd0d52b371419de75db,,,,,"<p>Export Date: 27 January 2025; Cited By: 58</p> | RAYYAN-INCLUSION: {""Iris""=>""Excluded""}",10.1016/j.scitotenv.2020.138118,anthropogenic effect;Canada;Concrete pavements;decision making;Decision making;Decision making process;Decision-making process;Economic and social effects;ecosystem management;Ecosystem-based management;Ecosystems;Effects assessment;environmental change;Europe;French Polynesia;human;marine ecosystem;marine environment;review;Risk analysis;risk assessment;Risk assessment;Risk criteria;Risk criteria and management;Science - policy interfaces;Science-policy interface;uncertainty;Uncertainty analysis,,
rayyan-153485839,Natural and social science approaches are both needed to manage bird bycatch in small-scale fisheries,2021,,,Aquatic Conservation: Marine and Freshwater Ecosystems,,31,12,3507-3525,"Psuty, I. and Całkiewicz, J.",https://www.scopus.com/inward/record.uri?eid=2-s2.0-85117383271&doi=10.1002%2faqc.3730&partnerID=40&md5=40d6966aa2cd53d2d5cb6d05e95585d1,,,,,"<p>Export Date: 27 January 2025; Cited By: 12</p> | RAYYAN-INCLUSION: {""Alec""=>""Excluded""}",10.1002/aqc.3730,Atlantic Ocean;Baltic Sea;Bay;bycatch;conservation;depth;fishers' knowledge;fishery management;gillnet bycatch;local ecological knowledge;modeling;monitoring;Poland [Central Europe];Pomorskie;Puck Bay;seabird;Somalia;southern Baltic,,
rayyan-153485846,Navigating diverse commercial fisher perspectives for effective knowledge exchange in fisheries research and management,2024,,,Environmental Science and Policy,,158,,,"Hoschke, R. and Pauli, N. and Langlois, T. and Knight, A.T. and Davies, H. and Navarro, M.",https://www.scopus.com/inward/record.uri?eid=2-s2.0-85194960480&doi=10.1016%2fj.envsci.2024.103798&partnerID=40&md5=c116def1948a04bf6582e96c854ffc1d,,,,,"<p>Export Date: 27 January 2025; Cited By: 2</p> | RAYYAN-INCLUSION: {""Matthew""=>""Included""}",10.1016/j.envsci.2024.103798,article;Australia;Australian;budget;consensus;drug therapy;Fishers' knowledge;fishery;fishery management;fishing gear;human;Institutional barriers;institutional framework;knowledge;Knowledge system;Knowledge transfer;Local ecological knowledge;perception;public attitude;questionnaire survey;research work;semi structured interview;strategic approach;traditional knowledge;Western Australia,,
rayyan-153485850,Wildlife health 2.0: Bridging the knowledge-to-action gap,2017,,,Journal of Wildlife Diseases,,53,1,01-Apr,"Stephen, C.",https://www.scopus.com/inward/record.uri?eid=2-s2.0-85009201845&doi=10.7589%2f2016-07-165&partnerID=40&md5=d579fe531e2572ebf1777f198ea51a5c,,,,,"<p>Export Date: 27 January 2025; Cited By: 10</p> | RAYYAN-INCLUSION: {""Carlos""=>""Excluded"", ""Elina""=>""Excluded""}",10.7589/2016-07-165,"animal;animal disease;Animal Diseases;Animals;Animals, Wild;Communication;Decision;Health;interpersonal communication;Knowledge mobilization;research;Research;wild animal;Wildlife",,
rayyan-153485874,Use of physiological knowledge to control the invasive sea lamprey (Petromyzon marinus) in the Laurentian Great Lakes,2017,,,Conservation Physiology,,5,1,,"Siefkes, M.J.",https://www.scopus.com/inward/record.uri?eid=2-s2.0-85033489102&doi=10.1093%2fconphys%2fcox031&partnerID=40&md5=e77535dc29cfa782ab9c7583748f0fc7,,,,,"<p>Export Date: 27 January 2025; Cited By: 65</p> | RAYYAN-INCLUSION: {""Isobel""=>""Excluded""}",10.1093/conphys/cox031,Conservation physiology;Integrated pest management;Invasive species;Population control;Sea lamprey,,
rayyan-153485881,INHABIT: A web-based decision support tool for invasive plant species habitat visualization and assessment across the contiguous United States,2022,,,PLoS ONE,,17,2,,"Engelstad, P. and Jarnevich, C.S. and Hogan, T. and Sofaer, H.R. and Pearse, I.S. and Sieracki, J.L. and Frakes, N. and Sullivan, J. and Young, N.E. and Prevéy, J.S. and Belamaric, P. and LaRoe, J.",https://www.scopus.com/inward/record.uri?eid=2-s2.0-85124187431&doi=10.1371%2fjournal.pone.0263056&partnerID=40&md5=5fcb688f97ee62fd59f871f7d58927a0,,,,,"<p>Export Date: 27 January 2025; Cited By: 16</p> | RAYYAN-INCLUSION: {""Tabitha""=>""Excluded""}",10.1371/journal.pone.0263056,article;classification;Conservation of Natural Resources;decision making;Decision Making;decision support system;Decision Support Techniques;ecosystem;Ecosystem;environmental protection;human;Internet;introduced species;Introduced Species;invasive species;manager;nonhuman;physiology;plant;plant dispersal;Plant Dispersal;Plants;prediction;procedures;software;Software;species distribution;species habitat;United States,,
rayyan-153485882,Communicating marine environmental information to decision makers: Enablers and barriers to use of publications (grey literature) of the Gulf of Maine Council on the Marine Environment,2014,,,Ocean and Coastal Management,,96,,163-172,"Cossarini, D.M. and MacDonald, B.H. and Wells, P.G.",https://www.scopus.com/inward/record.uri?eid=2-s2.0-84902495684&doi=10.1016%2fj.ocecoaman.2014.05.015&partnerID=40&md5=e5d85f2b08a8972ac55759b9d5d078a4,,,,,"<p>Export Date: 27 January 2025; Cited By: 40</p> | RAYYAN-INCLUSION: {""Nibedita""=>""Included"", ""Isobel""=>""Included""}",10.1016/j.ocecoaman.2014.05.015,Atlantic Ocean;coastal zone management;decision making;Decision making;Environmental information;environmental issue;Environmental issues;Environmental management;Environmental managers;Environmental organizations;Environmental problems;governance approach;Gulf of Maine;Inter-governmental organization;intergovernmental relations;Internet;Publishing;Scientific information;Semi structured interviews,,
rayyan-153485896,Free Fallin’? The decline in evidence-based decision-making by Canada’s protected areas managers,2021,,,Facets,,6,1,640-664,"Lemieux, C.J. and Halpenny, E.A. and Swerdfager, T. and He, M. and Joyce Gould, A. and Den Hoed, D.C. and Bueddefeld, J. and Hvenegaard, G.T. and Joubert, B. and Rollins, R.",https://www.scopus.com/inward/record.uri?eid=2-s2.0-85106669494&doi=10.1139%2fFACETS-2020-0085&partnerID=40&md5=6ed2270a026ef54b3e9bf8fb228def36,,,,,"<p>Export Date: 27 January 2025; Cited By: 13</p> | RAYYAN-INCLUSION: {""Alice""=>""Included""}",10.1139/FACETS-2020-0085,Biodiversity;Conservation;Decision-making;Evidence;Knowledge;Management,,
rayyan-153485906,A community psychology view of environmental organization processes,2007,,,American Journal of Community Psychology,,40,1,146-166,"Dean, J.H. and Bush, R.A.",https://www.scopus.com/inward/record.uri?eid=2-s2.0-34547165911&doi=10.1007%2fs10464-007-9123-2&partnerID=40&md5=30d6d2e6b3483e273584b8b270b861ab,,,,,"<p>Export Date: 27 January 2025; Cited By: 15</p> | RAYYAN-INCLUSION: {""Iris""=>""Excluded""}",10.1007/s10464-007-9123-2,article;Australia;Conservation of Natural Resources;consumer;Consumer Participation;Diversity;environmental health;Environmental Health;Environmental organizations;environmental protection;human;Humans;interview;Interviews;Multiple levels of analysis;psychological aspect;psychology;Psychology;Psychosocial processes;Queensland;Socially and ecologically sustainable futures,,
rayyan-153485937,Non-sectarian scenario experiments in socio-ecological knowledge building for multi-use marine environments: Insights from New Zealand's Marine Futures project,2016,,,Marine Policy,,67,,Oct-21,"Le Heron, R. and Lewis, N. and Fisher, K. and Thrush, S. and Lundquist, C. and Hewitt, J. and Ellis, J.",https://www.scopus.com/inward/record.uri?eid=2-s2.0-84955451835&doi=10.1016%2fj.marpol.2016.01.022&partnerID=40&md5=bf781a9bb8b74df5c3137b6eb7605d61,,,,,"<p>Export Date: 27 January 2025; Cited By: 27</p> | RAYYAN-INCLUSION: {""Nibedita""=>""Included"", ""Isobel""=>""Included""}",10.1016/j.marpol.2016.01.022,Cumulative effects;Marine resource management;Multi-use marine environments;Non-sectarian scenario experiments;Socio-ecological knowledge;Trust,,
rayyan-153485970,Co-creating coastal sustainability goals and indicators,2024,,,Sustainability Science,,19,4,1327-1343,"Engen, S. and Hausner, V.H. and Mikkelsen, E. and Gundersen, H. and Christie, H. and Falk-Andersson, J. and Halpern, B.S. and Fauchald, P.",https://www.scopus.com/inward/record.uri?eid=2-s2.0-85196712250&doi=10.1007%2fs11625-024-01521-6&partnerID=40&md5=4d77a04a4053d2856e8fc6bc183c7926,,,,,"<p>Export Date: 27 January 2025; Cited By: 0</p> | RAYYAN-INCLUSION: {""Philip""=>""Excluded""}",10.1007/s11625-024-01521-6,Blue growth;Ecosystem services;Ocean health index;Public participation;Sustainability indicators;Sustainable development goals,,
rayyan-153485979,Collaboration and engagement produce more actionable science: quantitatively analyzing uptake of fish tracking studies,2019,,,Ecological Applications,,29,6,,"Nguyen, V.M. and Young, N. and Brownscombe, J.W. and Cooke, S.J.",https://www.scopus.com/inward/record.uri?eid=2-s2.0-85070075857&doi=10.1002%2feap.1943&partnerID=40&md5=72ea3bda848e8ed97ff31179fbdd0299,,,,,"<p>Export Date: 27 January 2025; Cited By: 30</p> | RAYYAN-INCLUSION: {""Philip""=>""Included"", ""Iris""=>""Included"", ""Isobel""=>""Included""}",10.1002/eap.1943,animal;Animals;attitude;Attitude;biotelemetry;conservation management;decision making;Decision Making;environmental management;fish;fish biotelemetry;fisheries;Fisheries;fishery;fishery management;fishery policy;Fishes;knowledge based system;knowledge co-production;knowledge exchange;knowledge mobilization;machine learning;methodology;networking;participatory approach;public outreach;quantitative evaluation;Research Design;research impact;science and technology;science communication;science policy;stakeholder;stakeholder engagement;tracking,,
rayyan-153486006,Perceptions of climate risk and use of climate risk information by natural resource conservation stakeholders participating in ADVANCE projects in Asia and Latin America,2021,,,"Weather, Climate, and Society",,13,3,423-436,"De Mel, M. and Solecki, W. and Horton, R. and Bartlett, R. and Hehmeyer, A. and Martin, S. and Rosenzweig, C.",https://www.scopus.com/inward/record.uri?eid=2-s2.0-85107550054&doi=10.1175%2fWCAS-D-20-0010.1&partnerID=40&md5=138e2b965c33c60e19a08f7195938162,,,,,"<p>Export Date: 27 January 2025; Cited By: 1</p> | RAYYAN-INCLUSION: {""Iris""=>""Included""}",10.1175/WCAS-D-20-0010.1,Adaptation;Asia;climate change;Climate services;Communications/decision making;conservation status;decision making;Decision support;environmental hazard;human resource;integrated approach;Latin America;natural resource;perception;Planning;project assessment;risk assessment;Societal impacts;stakeholder;subtropical region,,
rayyan-153486024,Applying a values-based decision process to facilitate comanagement of threatened species in Aotearoa New Zealand,2021,,,Conservation Biology,,35,4,1162-1173,"McMurdo Hamilton, T. and Canessa, S. and Clark, K. and Gleeson, P. and Mackenzie, F. and Makan, T. and Moses-Te Kani, G. and Oliver, S. and Parker, K.A. and Ewen, J.G.",https://www.scopus.com/inward/record.uri?eid=2-s2.0-85104036826&doi=10.1111%2fcobi.13651&partnerID=40&md5=c969c893b3744ab04fa08a36ed4f1576,,,,,"<p>Export Date: 27 January 2025; Cited By: 25</p> | RAYYAN-INCLUSION: {""Alice""=>""Excluded""}",10.1111/cobi.13651,animal;Animals;comanagement;Conservation of Natural Resources;conservation planning;decision making;endangered species;Endangered Species;environmental protection;especie en peligro;human;Humans;inclusión;inclusivity;indigenous population;indigenous values;mātauranga Māori;Mystacina tuberculata;Nereis;New Zealand;planeación de la conservación;population group;Population Groups;recuperación;species conservation;species recovery;Sterna nereis;structured decision making;toma estructurada de decisiones;valores indígenas,,
rayyan-153486034,Exploring the science-policy interface for Integrated Coastal Management in New Zealand,2013,,,Ocean and Coastal Management,,84,,107-118,"Bremer, S. and Glavovic, B.",https://www.scopus.com/inward/record.uri?eid=2-s2.0-84883365461&doi=10.1016%2fj.ocecoaman.2013.08.008&partnerID=40&md5=f58c71c264e45bd0be0e0fb162027bce,,,,,"<p>Export Date: 27 January 2025; Cited By: 40</p> | RAYYAN-INCLUSION: {""Tabitha""=>""Included""}",10.1016/j.ocecoaman.2013.08.008,Coastal engineering;coastal zone management;comanagement;Conceptual frameworks;decision making;Decision making;Decision making process;Institutional barriers;integrated approach;Integrated coastal management;local government;marine policy;New Zealand;participatory approach;Participatory approach;Participatory process;Point of departures;Science-policy interface;traditional knowledge;Uncertainty analysis,,
rayyan-153486042,From science to action: Principles for undertaking environmental research that enables knowledge exchange and evidence-based decision-making,2016,,,Journal of Environmental Management,,183,,864-874,"Cvitanovic, C. and McDonald, J. and Hobday, A.J.",https://www.scopus.com/inward/record.uri?eid=2-s2.0-84992077629&doi=10.1016%2fj.jenvman.2016.09.038&partnerID=40&md5=7deab20616f7858d889c618b29f2254b,,,,,"<p>Export Date: 27 January 2025; Cited By: 253</p> | RAYYAN-INCLUSION: {""Elina""=>""Included"", ""Iris""=>""Included""}",10.1016/j.jenvman.2016.09.038,applied research;Australia;Conservation of Natural Resources;Core capacities;Core capacity;Decision makers;decision making;Decision making;Decision Making;environment;Environment;environmental protection;environmental research;evidence based practice center;Evidence- based decisions;human;Humans;institutional framework;knowledge;Knowledge;Knowledge based systems;Knowledge broker;Knowledge brokers;Knowledge exchange;knowledge management;Knowledge management;leadership;Leadership;manager;Mapping;methodology;Ningaloo;Ningaloo Marine Park;participatory approach;participatory research;Participatory research;Research Design;Research programs;scientist;stakeholder;Stakeholder mapping;Stakeholder mappings;traditional knowledge;Western Australia,,
rayyan-153486048,How to be a more effective environmental scientist in management and policy contexts,2016,,,Environmental Science and Policy,,64,,171-176,"Fernández, R.J.",https://www.scopus.com/inward/record.uri?eid=2-s2.0-84978641585&doi=10.1016%2fj.envsci.2016.07.006&partnerID=40&md5=76f36b4921ff9f1c05f65a0cff33a03e,,,,,"<p>Export Date: 27 January 2025; Cited By: 48</p> | RAYYAN-INCLUSION: {""Iris""=>""Excluded""}",10.1016/j.envsci.2016.07.006,Article;book;decision making;ecology;Ecology;Environmental literacy;environmental management;environmental planning;environmental protection;Evidence-based policy;human;Information-deficit model;interpersonal communication;knowledge base;knowledge management;perception;politics;priority journal;professional competence;progeny;Science and technology studies;Science-policy interface;scientist;social participation;statistical model,,
rayyan-153486081,Science-seeking behaviour of conservation authorities in Ontario,2010,,,Environmental Management,,45,5,912-921,"Sheikheldin, G. and Krantzberg, G. and Schaefer, K.",https://www.scopus.com/inward/record.uri?eid=2-s2.0-77952878801&doi=10.1007%2fs00267-010-9463-9&partnerID=40&md5=4a8bb195efabc56b8da6a3075c6d13b0,,,,,"<p>Export Date: 27 January 2025; Cited By: 9</p> | RAYYAN-INCLUSION: {""Aidan""=>""Excluded""}",10.1007/s00267-010-9463-9,article;Biological Science Disciplines;Canada;communication;Communication;Conservation authorities;conservation management;Conservation of Natural Resources;Cooperative Behavior;decision making;Decision Making;environmental management;environmental policy;environmental protection;government;information management;information system;Interdisciplinary Communication;knowledge;Knowledge Bases;Knowledge brokering;Knowledge translation;medical research;Ontario;Ontario [Canada];Personal communications;policy;Policy Making;science and technology;Science needs;Science-policy linkages;Source water protection;water management;water planning;Water resource planning;Water resources;workshop,,
rayyan-153486127,Knowledge-based systems as decision support tools in an ecosystem approach to fisheries: Comparing a fuzzy-logic and a rule-based approach,2008,,,Progress in Oceanography,,79,2,390-400,"Jarre, A. and Paterson, B. and Moloney, C.L. and Miller, D.C.M. and Field, J.G. and Starfield, A.M.",https://www.scopus.com/inward/record.uri?eid=2-s2.0-56349172164&doi=10.1016%2fj.pocean.2008.10.010&partnerID=40&md5=642b03f1f2a1ebba96f962d41e600a3d,,,,,"<p>Export Date: 27 January 2025; Cited By: 33</p> | RAYYAN-INCLUSION: {""Aidan""=>""Excluded""}",10.1016/j.pocean.2008.10.010,Administrative data processing;Africa;Angola;Benguela;clupeoid;Crisp logic;Decision support;decision support system;Decision support systems;Ecology;Ecosystem approach to fisheries;ecosystem management;Ecosystems;Electric furnace process;Electric furnaces;Engraulidae;Expert system;Expert systems;Fisheries;fishery management;Fuzzy logic;fuzzy mathematics;Fuzzy sets;Ketones;Knowledge based systems;pelagic ecosystem;Pelagic ecosystem;Problem solving;Rule-based;Set theory;Southern Africa;Southern Benguela;Sub-Saharan Africa,,
rayyan-153486128,Achieving social and ecological outcomes in collaborative environmental governance: Good examples from swedish moose management,2021,,,Sustainability (Switzerland),,13,4,Jan-21,"Dressel, S. and Sjölander-Lindqvist, A. and Johansson, M. and Ericsson, G. and Sandström, C.",https://www.scopus.com/inward/record.uri?eid=2-s2.0-85101944803&doi=10.3390%2fsu13042329&partnerID=40&md5=69762cb1959e7c12333aeaaa0cf9f368,,,,,"<p>Export Date: 27 January 2025; Cited By: 11</p> | RAYYAN-INCLUSION: {""Isobel""=>""Included""}",10.3390/su13042329,Adaptive management;Alces alces;Collaboration dynamics;Collaborative governance regime;conservation management;deer;environmental management;governance approach;Institutional flexibility;Leadership;Multi-level governance;natural resource;policy implementation;resource management;social capital;Social capital;Social learning;stakeholder;strategic approach;sustainability;Sweden,,
rayyan-153486137,A tale of urban forest patch governance in four eastern US cities,2022,,,Urban Forestry and Urban Greening,,75,,,"Morzillo, A.T. and Campbell, L.K. and King, K.L. and Lautar, K.J. and Scott, L. and Johnson, M.L. and Clarke, M. and Rhodes, L. and Pincetl, S. and Sonti, N.F. and Locke, D.H. and Schmit, J.P. and Fahey, R.T. and Baker, M.E. and Darling, L. and Johnson, L.R.",https://www.scopus.com/inward/record.uri?eid=2-s2.0-85135703256&doi=10.1016%2fj.ufug.2022.127693&partnerID=40&md5=ca470c89abc60b9a55eb4cb8731f17b4,,,,,"<p>Export Date: 27 January 2025; Cited By: 9</p> | RAYYAN-INCLUSION: {""Philip""=>""Excluded"", ""Aidan""=>""Excluded""}",10.1016/j.ufug.2022.127693,"adaptation;Baltimore;Chicago;conservation management;forest management;Forest patch;governance approach;Illinois;knowledge;Maryland;New York [New York (STT)];New York [United States];Pennsylvania;Philadelphia;United States;urban ecosystem;Urban ecosystems;Urban forest;Urban forest governance;Urban forest management, urban forest patch;urban forestry",,
rayyan-153486146,Linking risk factors to risk treatment in ecological risk assessment of marine biodiversity,2015,,,ICES Journal of Marine Science,,72,3,1116-1132,"Astles, K.L.",https://www.scopus.com/inward/record.uri?eid=2-s2.0-84925655110&doi=10.1093%2ficesjms%2ffsu207&partnerID=40&md5=2b1ca3a4041a3645be8b5be71342dd41,,,,,"<p>Export Date: 27 January 2025; Cited By: 19</p> | RAYYAN-INCLUSION: {""Alice""=>""Excluded""}",10.1093/icesjms/fsu207,biodiversity;decision making;Ecological risk assessment;ecosystem management;environmental impact assessment;estuarine ecosystem;human activity;Marine ecosystem-based management;prioritization;risk assessment;risk factor;Risk factor;Risk treatment;Small scale;urban region,,
rayyan-153486183,Spatial Access Priority Mapping (SAPM) with Fishers: A Quantitative GIS Method for Participatory Planning,2013,,,PLoS ONE,,8,7,,"Yates, K.L. and Schoeman, D.S.",https://www.scopus.com/inward/record.uri?eid=2-s2.0-84880449000&doi=10.1371%2fjournal.pone.0068424&partnerID=40&md5=87fc7b3ef8ca25fbb9d5f5bff594800a,,,,,"<p>Export Date: 27 January 2025; Cited By: 49</p> | RAYYAN-INCLUSION: {""Philip""=>""Excluded"", ""Alice""=>""Included""}",10.1371/journal.pone.0068424,article;computer program;Conservation of Natural Resources;decision making;environmental protection;Fisheries;fisherman;Geographic Information Systems;human;Humans;Ireland;knowledge;marine environment;participatory management;quantitative analysis;remote sensing;Spatial Access Priority Mapping,,
rayyan-153486190,Knowing and managing biodiversity in the Pacific Islands: Challenges of environmentalism in Marovo Lagoon,2006,,,International Social Science Journal,,58,187,69-85,"Hviding, E.",https://www.scopus.com/inward/record.uri?eid=2-s2.0-33845691409&doi=10.1111%2fj.1468-2451.2006.00602.x&partnerID=40&md5=14fa96e48f37745bcc64a4655df47a06,,,,,"<p>Export Date: 27 January 2025; Cited By: 29</p> | RAYYAN-INCLUSION: {""Alec""=>""Excluded""}",10.1111/j.1468-2451.2006.00602.x,biodiversity;environmental management;environmentalism;local planning;Marovo Lagoon;Melanesia;New Georgia;Pacific islands;Pacific Ocean;Solomon Islands [(ISG) Melanesia];Solomon Islands [Solomon Islands (ISG)];traditional knowledge,,
rayyan-153486200,A typology of barriers and enablers of scientific evidence use in conservation practice,2019,,,Journal of Environmental Management,,250,,,"Walsh, J.C. and Dicks, L.V. and Raymond, C.M. and Sutherland, W.J.",https://www.scopus.com/inward/record.uri?eid=2-s2.0-85071945446&doi=10.1016%2fj.jenvman.2019.109481&partnerID=40&md5=a69bae483cf9e1896791d6c136b37d67,,,,,"<p>Export Date: 27 January 2025; Cited By: 90</p> | RAYYAN-INCLUSION: {""Nibedita""=>""Included"", ""Isobel""=>""Included""}",10.1016/j.jenvman.2019.109481,article;attitudinal survey;Conservation;conservation management;Conservation practices;decision making;Decision making;Decision Making;environmental decision making;Environmental decision making;environmental planning;Evidence-based;Evidence-based conservation;guideline;Health care;human;implementation process;interview;knowledge;Knowledge;knowledge based system;Knowledge exchange;Knowledge management;Knowledge-action;management practice;organization;organizational framework;organizational structure;Organizations;physician;public attitude;Research implementation;Research use;Science-practice;Scientific evidence;South Africa;Taxonomies;taxonomy;typology;United Kingdom,,
rayyan-153486201,"Multiple traps of scientific knowledge transfer: Comparative case studies based on the RIU model from Vietnam, Germany, Indonesia, Japan, and Sweden",2020,,,Forest Policy and Economics,,114,,,"Do, T.H. and Krott, M. and Böcher, M.",https://www.scopus.com/inward/record.uri?eid=2-s2.0-85081258671&doi=10.1016%2fj.forpol.2020.102134&partnerID=40&md5=ffa839ca08fcf71bbdaa1484ec2848e5,,,,,"<p>Export Date: 27 January 2025; Cited By: 19</p> | RAYYAN-INCLUSION: {""Tabitha""=>""Excluded""}",10.1016/j.forpol.2020.102134,Biodiversity;Biodiversity conservation;Climate change;Conservation;Individual factors;Integration;Knowledge management;Knowledge transfer;Multiple factors;Multiple trap;Multiple traps;Processes;Research;RIU model;Science-based policy support;Science-policy Interface;Scientific basis;Scientific expertise;Scientific knowledge;Scientific knowledge transfer;Transfer;Traps;Utilization,,
rayyan-153486230,How Community-Based Rangeland Management Achieves Positive Social Outcomes In Mongolia: A Moderated Mediation Analysis,2019,,,Land Use Policy,,82,,93-104,"Ulambayar, T. and Fernández-Giménez, M.E.",https://www.scopus.com/inward/record.uri?eid=2-s2.0-85057617253&doi=10.1016%2fj.landusepol.2018.11.008&partnerID=40&md5=0e137d2a73f3752e1b56ed93d093a008,,,,,"<p>Export Date: 27 January 2025; Cited By: 26</p> | RAYYAN-INCLUSION: {""Alice""=>""Excluded""}",10.1016/j.landusepol.2018.11.008,collaborative conservation;common pool resources;community resource management;community-based natural resource management;conditional process analysis;conservation;conservation effects assessment;extensive livestock production;livestock farming;Mongolia;pastoral institutions;pastoralism;policy development;rangeland;social capital;social network,,
rayyan-153486237,The role of decision support systems (DSS) in planning for improved water quality in Coastal Lakes,2010,,,"Decision Support Systems in Agriculture, Food and the Environment: Trends, Applications and Advances",,,,47-73,"Kelly, R.A. and Merritt, W.S.",https://www.scopus.com/inward/record.uri?eid=2-s2.0-84855479774&doi=10.4018%2f978-1-61520-881-4.ch003&partnerID=40&md5=a5a149b33d7f6da2d2025bf82d5cb564,,,,,"<p>Export Date: 27 January 2025; Cited By: 4</p> | RAYYAN-INCLUSION: {""Aidan""=>""Excluded""}",,,,
rayyan-153486240,An internet-accessible knowledge system on spatial evaluation of the habitat of meadow birds,2009,,,"18th World IMACS Congress and MODSIM 2009 - International Congress on Modelling and Simulation: Interfacing Modelling and Simulation with Mathematical and Computational Sciences, Proceedings",,,,1993-1999,"Schotman, A.G.M. and Vanmeulebrouk, B. and Melman, T.C.P. and Roosenschoon, O.R. and Meeuwsen, H.A.M. and Kiers, M.A. and Hoek, S.B.",https://www.scopus.com/inward/record.uri?eid=2-s2.0-85086275539&partnerID=40&md5=e10d10777518656ff928d706cbf4952c,,,,,"<p>Export Date: 27 January 2025; Cited By: 0</p> | RAYYAN-INCLUSION: {""Aidan""=>""Excluded""}",,Agricultural productions;Agricultural robots;Agriculture;Application programs;Biodiversity;Birds;Black-tailed godwit;Conservation;Ecosystems;Effective management;Environmental management;Environmental modelling;Fully operational;Geographic information systems;GIS;Human resource management;Management scheme;Number of components;Open source software;Scientific researches;Spatial evaluations;Spatially explicit modeling;Species protection;User interfaces;Websites,,
rayyan-153486288,Risks for Knowledge-Uptake in Dutch Marine Spatial Planning: Incompatibilities Between Research and Policy-Making,2023,,,"Proceedings of the European Conference on Knowledge Management, ECKM",,1,,302-309,"de Vries, J. and Spijkerboer, R. and Zuidema, C.",https://www.scopus.com/inward/record.uri?eid=2-s2.0-85177853842&partnerID=40&md5=ee7879d2fc64d1dca215c39b3cee5827,,,,,"<p>Export Date: 27 January 2025; Cited By: 0</p> | RAYYAN-INCLUSION: {""Philip""=>""Included"", ""Tabitha""=>""Included"", ""Prishnee""=>""Included"", ""Valentin""=>""Excluded"", ""fereshteh""=>""Excluded"", ""Aidan""=>""Included"", ""Nibedita""=>""Excluded"", ""Isobel""=>""Excluded""}",,Decision making;Ecology;Electric utilities;Knowledge management;Knowledge management theories;Knowledge uptake;Marine Spatial Planning;Marine spatial planning (MSP);North Sea;Offshore oil well production;Offshore wind farm governance (OWF);Offshore wind farm governance (OWFs);Offshore wind farms;Policy makers;Policy making;Public policy;Science-policy interface;Wind farm development,,
rayyan-153486335,A Call for Evidence-Based Conservation and Management of Fisheries and Aquatic Resources,2017,,,Fisheries,,42,3,143-149,"Cooke, S.J. and Wesch, S. and Donaldson, L.A. and Wilson, A.D.M. and Haddaway, N.R.",https://www.scopus.com/inward/record.uri?eid=2-s2.0-85014903431&doi=10.1080%2f03632415.2017.1276343&partnerID=40&md5=5f74ead3d28ff0cb87a4cd14254fab55,,,,,"<p>Export Date: 27 January 2025; Cited By: 34</p> | RAYYAN-INCLUSION: {""Sarah""=>""Excluded""}",10.1080/03632415.2017.1276343,,,
rayyan-153486342,"Multi-stakeholder perspectives on the use and influence of ""grey"" scientific information in fisheries management",2011,,,Marine Policy,,35,1,50-62,"Soomai, S.S. and Wells, P.G. and MacDonald, B.H.",https://www.scopus.com/inward/record.uri?eid=2-s2.0-77956896658&doi=10.1016%2fj.marpol.2010.07.006&partnerID=40&md5=ff137b008a7c522adfdf817bf1ccc203,,,,,"<p>Export Date: 27 January 2025; Cited By: 20</p> | RAYYAN-INCLUSION: {""Isobel""=>""Included""}",10.1016/j.marpol.2010.07.006,Brazil-Guianas continental shelf;continental shelf;Decapoda (Crustacea);decision making;Fisheries management;fishery management;Grey literature;information management;Information management;Scientific information use and influence;Shrimp and groundfish fisheries;shrimp fishery;stakeholder;Trinidad and Tobago,,
rayyan-153486343,Tracking the influence of grey literature in public policy contexts: The necessity and benefit of interdisciplinary research,2013,,,GL-Conference Series: Conference Proceedings,,,,58-65,"MacDonald, B.H. and De Santo, E.M. and Quigley, K. and Soomai, S.S. and Wells, P.G.",https://www.scopus.com/inward/record.uri?eid=2-s2.0-84924125712&partnerID=40&md5=38116fd368498ed090fc79b874e4970e,,,,,"<p>Export Date: 27 January 2025; Cited By: 2</p> | RAYYAN-INCLUSION: {""Sarah""=>""Excluded""}",,Decision making;Decision making process;Environmental fields;Environmental protection;Environmental science;Global environmental problems;Interdisciplinary research;Life cycle;Public policy;Research and development management;Research methodologies;Science - policy interfaces;Scientific information,,
rayyan-153486344,Understanding the science-policy interface: Case studies on the role of information in fisheries management,2017,,,Environmental Science and Policy,,72,,65-75,"Soomai, S.",https://www.scopus.com/inward/record.uri?eid=2-s2.0-85016155581&doi=10.1016%2fj.envsci.2017.03.004&partnerID=40&md5=cdc7cca6b6d5489d2511b6e7b7e9a989,,,,,"<p>Export Date: 27 January 2025; Cited By: 33</p> | RAYYAN-INCLUSION: {""Isobel""=>""Included""}",10.1016/j.envsci.2017.03.004,Article;case study;decision making;Decision-making;Environmental governance;fishery management;human;information;information system;Information use;management;Marine fisheries management;organizational structure;priority journal;Science-policy interface;Scientific communication,,
rayyan-153486345,What is needed to implement a sustainable expansion of the Antarctic krill fishery in the Southern Ocean?,2023,,,Marine Policy,,155,,,"Trathan, P.N.",https://www.scopus.com/inward/record.uri?eid=2-s2.0-85165235695&doi=10.1016%2fj.marpol.2023.105770&partnerID=40&md5=9bbb1d6b168c0dfeca453c6e6a528561,,,,,"<p>Export Date: 27 January 2025; Cited By: 8</p> | RAYYAN-INCLUSION: {""Sarah""=>""Excluded""}",10.1016/j.marpol.2023.105770,biodiversity;CCAMLR;climate change;Climate change;crustacean;decision making;Decision-making;ecological impact;Ecosystem monitoring;ecosystem resilience;fishery management;Krill fishery management;Marine Protected Areas;protected area;Southern Ocean,,
rayyan-153486347,Untimely publications: Delayed Canadian fisheries science advice limits transparency of decision-making,2021,,,Marine Policy,,132,,,"Archibald, D.W. and McIver, R. and Rangeley, R.",https://www.scopus.com/inward/record.uri?eid=2-s2.0-85111315904&doi=10.1016%2fj.marpol.2021.104690&partnerID=40&md5=78da72c5dfd59f51e007d3a576012246,,,,,"<p>Export Date: 27 January 2025; Cited By: 7</p> | RAYYAN-INCLUSION: {""Alec""=>""Included""}",10.1016/j.marpol.2021.104690,Canada;capture method;decision making;Decision-making;Fisheries management;fishery management;governance approach;policy implementation;Public policy;public sector;Science advice;Scientific communication;Transparency,,
rayyan-153486350,Balancing community autonomy with collective identity: Mi'kmaq decision-making in Nova Scotia,2016,,,Canadian Journal of Native Studies,,36,2,81-106,"Denny, S. and Fanning, L.",https://www.scopus.com/inward/record.uri?eid=2-s2.0-85033576872&partnerID=40&md5=a89e572680491a5a5fa429054fc39206,,,,,"<p>Export Date: 27 January 2025; Cited By: 8</p> | RAYYAN-INCLUSION: {""Sarah""=>""Included""}",,,,
rayyan-153486356,Closing the knowing-doing gap in invasive plant management: Accessibility and interdisciplinarity of scientific research,2014,,,Conservation Letters,,7,3,208-215,"Matzek, V. and Covino, J. and Funk, J.L. and Saunders, M.",https://www.scopus.com/inward/record.uri?eid=2-s2.0-84901652502&doi=10.1111%2fconl.12042&partnerID=40&md5=a44c8db90b08d129e3812c70e00f3a93,,,,,"<p>Export Date: 27 January 2025; Cited By: 110</p> | RAYYAN-INCLUSION: {""Sarah""=>""Included""}",10.1111/conl.12042,Ecosystem management;Interdisciplinary;Invasive species;Managers;Practitioners;Research-implementation gap;Restoration,,
rayyan-153486357,Bridging the research-implementation gap requires engagement from practitioners,2020,,,Conservation Science and Practice,,2,1,,"Dubois, N.S. and Gomez, A. and Carlson, S. and Russell, D.",https://www.scopus.com/inward/record.uri?eid=2-s2.0-85096779281&doi=10.1111%2fcsp2.134&partnerID=40&md5=e6057b00a447d727bf7845eae3221bc9,,,,,"<p>Export Date: 27 January 2025; Cited By: 56</p> | RAYYAN-INCLUSION: {""Iris""=>""Excluded""}",10.1111/csp2.134,adaptive management;decision making;effectiveness;evidence-based practice;knowing-doing gap;knowledge mobilization;research utilization,,
rayyan-153486358,"Measuring, mapping and quantifying the effects of trust and informal communication on transboundary collaboration in the Great Lakes fisheries policy network",2019,,,Global Environmental Change,,54,,Jun-18,"Song, A.M. and Temby, O. and Kim, D. and Saavedra Cisneros, A. and Hickey, G.M.",https://www.scopus.com/inward/record.uri?eid=2-s2.0-85056801130&doi=10.1016%2fj.gloenvcha.2018.11.001&partnerID=40&md5=eeb9900e2468029eaf2a444d6ab28404,,,,,"<p>Export Date: 27 January 2025; Cited By: 45</p> | RAYYAN-INCLUSION: {""Sarah""=>""Excluded""}",10.1016/j.gloenvcha.2018.11.001,Canada;decision making;ecosystem management;Ecosystem-based management;environmental management;Fisheries governance;fishery;Great Lakes [North America];information and communication technology;mapping;measurement method;natural resource;policy approach;Policy network;public administration;Public administration;resource management;transboundary cooperation;United States;USA,,
rayyan-153486360,Inclusive and evidence-based decision-making in CCAMLR: a basis for ensuring compliance?,2019,,,Governing Marine Living Resources in the Polar Regions: New Horizons in Environmental and Energy Law Series,,,,66-90,"Vanstappen, N.",https://www.scopus.com/inward/record.uri?eid=2-s2.0-85137468660&doi=10.4337%2f9781788977432.00013&partnerID=40&md5=ac08ab9a4ce5ae33278e4996cabfb802,,,,,"<p>Export Date: 27 January 2025; Cited By: 0</p> | RAYYAN-INCLUSION: {""Sarah""=>""Excluded""}",,,,
rayyan-153486364,Research funding and economic aspects of the Antarctic krill fishery,2022,,,Marine Policy,,143,,,"Cappell, R. and MacFadyen, G. and Constable, A.",https://www.scopus.com/inward/record.uri?eid=2-s2.0-85134325325&doi=10.1016%2fj.marpol.2022.105200&partnerID=40&md5=fb7328ac9c76f41f83d46c4f9f5c4dd5,,,,,"<p>Export Date: 27 January 2025; Cited By: 8</p> | RAYYAN-INCLUSION: {""Philip""=>""Excluded"", ""Iris""=>""Excluded"", ""Isobel""=>""Excluded""}",10.1016/j.marpol.2022.105200,Antarctic;CCAMLR;decision making;Economics;finance;Fishery;fishery economics;Funding;Krill;Research;research work;Southern Ocean,,
rayyan-153486365,Normative science,2005,,,Energy and Environment,,16,1,127-130,"Lackey, R.T.",https://www.scopus.com/inward/record.uri?eid=2-s2.0-13944254405&doi=10.1260%2f0958305053516181&partnerID=40&md5=a08f50ad819e60d520e64a4a059b7bfa,,,,,"<p>Export Date: 27 January 2025; Cited By: 0</p> | RAYYAN-INCLUSION: {""Tabitha""=>""Excluded"", ""Elina""=>""Excluded""}",10.1260/0958305053516181,Decision making;Fisheries;Fisheries policy;fishery policy;Information analysis;information management;policy making;Public policy;Scientific enterprises;Scientific information,,
rayyan-153486366,Uneasy bedfellows: Fisheries and the search for space for marine conservation zones in english waters,2019,,,"Marine Protected Areas: Science, Policy and Management",,,,99-112,"Rodmell, D.P. and Caveen, A.J. and Johnson, M.L.",https://www.scopus.com/inward/record.uri?eid=2-s2.0-85080806589&doi=10.1016%2fB978-0-08-102698-4.00005-8&partnerID=40&md5=70d2c7b5eb2d6213ecb5cafb016037b0,,,,,"<p>Export Date: 27 January 2025; Cited By: 0</p> | RAYYAN-INCLUSION: {""Sarah""=>""Excluded""}",,Biodiversity conservation;Displacement;Ecologically coherent network;Fisheries;Marine and Coastal Access Act;Marine conservation zones;Marine protected areas;Science-policy frameworks;Stakeholder participation,,
rayyan-153486370,Scientific Advice for Fisheries Management in West Africa in the Context of Global Change,2010,,,World Fisheries: A Social-Ecological Analysis,,,,151-167,"Masumbuko, B. and Bâ, M. and Morand, P. and Chavance, P. and Failler, P.",https://www.scopus.com/inward/record.uri?eid=2-s2.0-84987690568&doi=10.1002%2f9781444392241.ch9&partnerID=40&md5=e00f55cc05de32d679385192c1386b74,,,,,"<p>Export Date: 27 January 2025; Cited By: 0</p> | RAYYAN-INCLUSION: {""Isobel""=>""Included""}",,fisheries adaptation;Fisheries management;Institutional frameworks;scientific advice;Sub-Regional Fisheries Commission;West Africa,,
rayyan-153486373,Look who’s talking: Contributions to evidence-based decision making for commercial fisheries in atlantic Canada,2023,,,Canadian Journal of Fisheries and Aquatic Sciences,,80,2,211-228,"Hamelin, K.M. and Hutchingsa, J.A. and Bailey, M.",https://www.scopus.com/inward/record.uri?eid=2-s2.0-85149148088&doi=10.1139%2fcjfas-2022-0025&partnerID=40&md5=ff3c7fd56e68f65eebadc2a2bb076da2,,,,,"<p>Export Date: 27 January 2025; Cited By: 5</p> | RAYYAN-INCLUSION: {""Philip""=>""Excluded"", ""Nibedita""=>""Included""}",10.1139/cjfas-2022-0025,Atlantic Ocean;Canada;commercial species;decision making;Fisheries management;fishery management;indigenous knowledge;Indigenous knowledge;Local ecological knowledge;participatory approach;Peer review;Sciencepolicy;stakeholder;Stakeholders,,
rayyan-153486377,Using systems thinking to diagnose science-based fisheries management in China,2022,,,Marine Policy,,138,,,"Su, S. and Tang, Y. and Kritzer, J.P. and Chen, Y.",https://www.scopus.com/inward/record.uri?eid=2-s2.0-85123885766&doi=10.1016%2fj.marpol.2022.104974&partnerID=40&md5=a55010b09920f173e34f2a802e5287c3,,,,,"<p>Export Date: 27 January 2025; Cited By: 4</p> | RAYYAN-INCLUSION: {""Elina""=>""Excluded""}",10.1016/j.marpol.2022.104974,Best scientific information available;China;Chinese marine fisheries;Data exchange;data management;decision making;Feedback loop;fishery management;fishery policy;legislation;Linkages;Science-policy interface;stakeholder,,
rayyan-153486382,Embracing Implementation Science to Enhance Fisheries and Aquatic Management and Conservation,2024,,,Fisheries,,49,10,475-485,"Cooke, S.J. and Young, N. and Alexander, S. and Kadykalo, A.N. and Danylchuk, A.J. and Muir, A.M. and Hinderer, J.L.M. and Cvitanovic, C. and Nguyen, V.M.",https://www.scopus.com/inward/record.uri?eid=2-s2.0-85197397524&doi=10.1002%2ffsh.11112&partnerID=40&md5=e31ae116edfc21f7b1599d8d0a02383d,,,,,"<p>Export Date: 27 January 2025; Cited By: 0</p> | RAYYAN-INCLUSION: {""Isobel""=>""Excluded""}",10.1002/fsh.11112,,,
rayyan-153486384,Use of monitoring data to support conservation management and policy decisions in Micronesia,2015,,,Conservation Biology,,29,5,1279-1289,"Montambault, J.R. and Wongbusarakum, S. and Leberer, T. and Joseph, E. and Andrew, W. and Castro, F. and Nevitt, B. and Golbuu, Y. and Oldiais, N.W. and Groves, C.R. and Kostka, W. and Houk, P.",https://www.scopus.com/inward/record.uri?eid=2-s2.0-84942037139&doi=10.1111%2fcobi.12542&partnerID=40&md5=b9c1e317af2eb8cffad3250f8de1bc9a,,,,,"<p>Export Date: 27 January 2025; Cited By: 13</p> | RAYYAN-INCLUSION: {""Alec""=>""Excluded""}",10.1111/cobi.12542,adaptive management;Adaptive management;aggregation behavior;animal;Animals;Anthozoa;bass;Bass;Caroline Islands;communication;Communications;community resource management;Community-based conservation;conservation management;Conservation of Natural Resources;coral bleaching;coral reef;Coral Reefs;decision making;Decision Making;ecosystem management;Ecosystem management;environmental legislation;environmental monitoring;environmental planning;Environmental Policy;environmental protection;Epinephelinae;Federated States of Micronesia;Fisheries;fishery;Geologic Sediments;knowledge based system;Mariana Islands;marine ecosystem;Micronesia;Nimpal Channel;Northern Mariana Islands;Oceania;Oceania Ecozone;overfishing;physiology;Pohnpei [(STT) Federated States of Micronesia];population dynamics;Population Dynamics;procedures;project assessment;protected area;Saipan;seafood;sediment;spawning;Yap,,
rayyan-153486395,‘Best available science’ approach to management decisions by the Commission for the Convention on the Conservation of Antarctic Living Resources: consistent or selective?,2022,,,Australian Journal of Maritime and Ocean Affairs,,14,1,53-75,"Goldsworthy, L.D.",https://www.scopus.com/inward/record.uri?eid=2-s2.0-85115057499&doi=10.1080%2f18366503.2021.1980264&partnerID=40&md5=d7c5ef4854e5901d23f1502815e0947f,,,,,"<p>Export Date: 27 January 2025; Cited By: 4</p> | RAYYAN-INCLUSION: {""Iris""=>""Included""}",10.1080/18366503.2021.1980264,,,
rayyan-153486398,On the development of criteria for determining the effectiveness of technical working groups: A case study about information processes in marine conservation and fisheries management in Belize,2024,,,Environmental Science and Policy,,160,,,"Eck, K. and Soomai, S.S. and MacDonald, B.H.",https://www.scopus.com/inward/record.uri?eid=2-s2.0-85201766028&doi=10.1016%2fj.envsci.2024.103863&partnerID=40&md5=d8e03fb30925f427d3e3cd999e1104da,,,,,"<p>Export Date: 27 January 2025; Cited By: 1</p> | RAYYAN-INCLUSION: {""Iris""=>""Included""}",10.1016/j.envsci.2024.103863,advisory committee;article;Belize;Belize [Central America];case study;Central America;Central American;decision making;Decision-making;Dermatemys mawii);ecosystem;environmental management;Epinephelus;evidence based practice;female;Fisheries management;fishery;fishery management;habitat conservation;Hicatee (central American river turtle;human;Information use;intergovernmental organization;interview;marine policy;Nassau Grouper (Epinephelus striatus);resource availability;river;spawning;stakeholder;surgery;turtle;Working groups,,
rayyan-153486399,Coastal and Ocean Science-Based Decision-Making in the Gulf of California: Lessons and Opportunities for Improvement,2012,,,Coastal Management,,40,6,557-576,"Lowell, S.M. and Hoffmann, T.C. and McGrath, M. and Brazil, G. and Thomas, S.L.",https://www.scopus.com/inward/record.uri?eid=2-s2.0-84868284585&doi=10.1080%2f08920753.2012.727725&partnerID=40&md5=293ee1dd2e633b9738610479b6285747,,,,,"<p>Export Date: 27 January 2025; Cited By: 4</p> | RAYYAN-INCLUSION: {""Philip""=>""Included"", ""Nibedita""=>""Included""}",10.1080/08920753.2012.727725,biodiversity;Biodiversity;boundary organizations;coastal management;Coastal management;coastal zone management;decision making;Decision making;Economics;Fisheries;fishery management;Gulf of California;Information management;Institutional arrangement;institutional arrangements;Integration;marine management;Marine management;Me-xico;Mexico;nature conservation;Pacific Ocean;science and technology;science integration;science-based decision-making;Societies and institutions,,
rayyan-153486409,Missing the safety net: Evidence for inconsistent and insufficient management of at-risk marine fishes in Canada,2015,,,Canadian Journal of Fisheries and Aquatic Sciences,,72,10,1596-1608,"McDevitt-Irwin, J.M. and Fuller, S.D. and Grant, C. and Baum, J.K.",https://www.scopus.com/inward/record.uri?eid=2-s2.0-84942645459&doi=10.1139%2fcjfas-2015-0030&partnerID=40&md5=c5fbab39c198b91133f6da9f8cba4182,,,,,"<p>Export Date: 27 January 2025; Cited By: 23</p> | RAYYAN-INCLUSION: {""Isobel""=>""Excluded""}",10.1139/cjfas-2015-0030,Canada;conservation management;conservation planning;decision making;endangered species;environmental legislation;fishery management;fishery regulation;marine park;nature conservation;Pisces;risk assessment;species inventory,,
rayyan-153486420,Implementing Ecosystem Approach to Fisheries Management in the Western and Central Pacific Fisheries Commission: Challenges and Prospects,2023,,,Fishes,,8,4,,"Shen, H. and Song, L.",https://www.scopus.com/inward/record.uri?eid=2-s2.0-85154621134&doi=10.3390%2ffishes8040198&partnerID=40&md5=50f0f05ea58a5d09c3ec89f2281eb346,,,,,"<p>Export Date: 27 January 2025; Cited By: 4</p> | RAYYAN-INCLUSION: {""Philip""=>""Excluded"", ""Aidan""=>""Included""}",10.3390/fishes8040198,bycatch;conservation and management measures;conservation management;ecosystem approach;ecosystem resilience;fishery management;human activity;human factor;Pacific Ocean;Pacific Ocean (Central);resource depletion;risk assessment;tuna fisheries;tuna fishery;WCPFC,,
rayyan-153486423,The science-policy interface in fisheries management: Insights about the influence of organizational structure and culture on information pathways,2017,,,Marine Policy,,81,,53-63,"Soomai, S.S.",https://www.scopus.com/inward/record.uri?eid=2-s2.0-85015411438&doi=10.1016%2fj.marpol.2017.03.016&partnerID=40&md5=0caea90a973b3dc1d5f1bb9aded0394e,,,,,"<p>Export Date: 27 January 2025; Cited By: 28</p> | RAYYAN-INCLUSION: {""Alice""=>""Excluded""}",10.1016/j.marpol.2017.03.016,bureaucracy;Canada;decentralization;decision making;fishery management;policy approach;stakeholder,,
rayyan-153486431,Practical solutions for making models indispensable in conservation decision-making,2013,,,Diversity and Distributions,,19,5,490-502,"Addison, P.F.E. and Rumpff, L. and Bau, S.S. and Carey, J.M. and Chee, Y.E. and Jarrad, F.C. and McBride, M.F. and Burgman, M.A.",https://www.scopus.com/inward/record.uri?eid=2-s2.0-84877356314&doi=10.1111%2fddi.12054&partnerID=40&md5=603634974ece211512a92744ee28a456,,,,,"<p>Export Date: 27 January 2025; Cited By: 188</p> | RAYYAN-INCLUSION: {""Isobel""=>""Excluded""}",10.1111/ddi.12054,Communication;Conservation;conservation management;conservation planning;decision making;ecosystem modeling;environmental modeling;global perspective;Modelling;policy making;Structured decision-making;Trust;Uncertainty,,
rayyan-153486434,Collaboration and engagement with decision-makers are needed to reduce evidence complacency in wildlife management,2024,,,Ambio,,53,5,730-745,"Kadykalo, A.N. and Findlay, C.S. and Spencer, M. and Callaghan, C.L. and Cooke, S.J. and Young, N.",https://www.scopus.com/inward/record.uri?eid=2-s2.0-85185137347&doi=10.1007%2fs13280-024-01979-9&partnerID=40&md5=7f2720e1ba0045da627de09e6e04afe5,,,,,"<p>Export Date: 27 January 2025; Cited By: 1</p> | RAYYAN-INCLUSION: {""Philip""=>""Excluded"", ""Nibedita""=>""Included""}",10.1007/s13280-024-01979-9,"animal;Animals;Animals, Wild;biodiversity;Biodiversity;British Columbia;Canada;Conservation evidence;conservation management;Conservation of Natural Resources;decision making;Decision Making;environmental conditions;Environmental evidence;environmental management;Environmental management;environmental protection;Fish and wildlife management;fresh water;Fresh Water;human;Humans;knowledge;Knowledge exchange;natural resource;Natural resource management;reproducibility;Reproducibility of Results;resource management;wild animal;wildlife management",,
rayyan-153486438,The certainty of uncertainty in marine conservation and what to do about it,2011,,,Bulletin of Marine Science,,87,,177-195,"Bednarek, A.T. and Cooper, A.B. and Cresswell, K.A. and Mangel, M. and Satterthwaite, W.H. and Simpfendorfer, C.A. and Wiedenmann, J.R.",https://www.scopus.com/inward/record.uri?eid=2-s2.0-79955543223&doi=10.5343%2fbms.2010.1060&partnerID=40&md5=287ddd5019edf42a56965a4e14fe9348,,,,,"<p>Export Date: 27 January 2025; Cited By: 7</p> | RAYYAN-INCLUSION: {""Iris""=>""Excluded""}",10.5343/bms.2010.1060,Chondrichthyes;climate change;climate effect;conservation management;crustacean;database;Decapoda (Crustacea);decision making;Euphausiacea;fishery modeling;literature review;management practice;marine ecosystem;prioritization;risk assessment;salmonid;Salmonidae;Southern Ocean;uncertainty analysis;United States,,
rayyan-153486439,Experiences in developing empirical harvest strategies for the Indonesian tropical tuna fisheries,2024,,,Ocean and Coastal Management,,253,,,"Hoshino, E. and Satria, F. and Sadiyah, L. and Yunanda, T. and Suadela, P. and Proctor, C. and Dell, J. and Davies, C.",https://www.scopus.com/inward/record.uri?eid=2-s2.0-85189662150&doi=10.1016%2fj.ocecoaman.2024.107138&partnerID=40&md5=777dc728da2feaa3d1e3e929c4e4a9fc,,,,,"<p>Export Date: 27 January 2025; Cited By: 3</p> | RAYYAN-INCLUSION: {""Philip""=>""Excluded""}",10.1016/j.ocecoaman.2024.107138,adaptive management;Adaptive management;Adaptive Management;Best practices;Capacity development;Data-limited fisheries;Data-limited fishery;decision making;Decision making;Developing countries;developing world;Fisheries;fishery production;harvesting;Harvesting;Indonesia;Institutional capacities;Institutional capacity development;Knowledge co productions;Knowledge co-production;Management procedures;simulation;stakeholder;Tropics;Tuna fisheries,,
rayyan-153486446,A comprehensive framework for operating science-based fisheries management: A checklist for using the best available science,2021,,,Fish and Fisheries,,22,4,798-811,"Su, S. and Tang, Y. and Chen, J. and Chang, B. and Chen, Y.",https://www.scopus.com/inward/record.uri?eid=2-s2.0-85103180876&doi=10.1111%2ffaf.12551&partnerID=40&md5=6059c5cd995afeccd1113f3ce7c4447d,,,,,"<p>Export Date: 27 January 2025; Cited By: 7</p> | RAYYAN-INCLUSION: {""Tabitha""=>""Excluded"", ""Elina""=>""Excluded""}",10.1111/faf.12551,fisheries decision-making;fisheries science;fishery management;fishery policy;integration of scientific information;literature review;numerical model;qualitative analysis;science-policy interface;system thinking,,
rayyan-153486447,"Oceans of plenty? Challenges, advancements, and future directions for the provision of evidence-based fisheries management advice",2023,,,Reviews in Fish Biology and Fisheries,,33,2,375-410,"Goethel, D.R. and Omori, K.L. and Punt, A.E. and Lynch, P.D. and Berger, A.M. and de Moor, C.L. and Plagányi, É.E. and Cope, J.M. and Dowling, N.A. and McGarvey, R. and Preece, A.L. and Thorson, J.T. and Chaloupka, M. and Gaichas, S. and Gilman, E. and Hesp, S.A. and Longo, C. and Yao, N. and Methot, R.D.",https://www.scopus.com/inward/record.uri?eid=2-s2.0-85138147552&doi=10.1007%2fs11160-022-09726-7&partnerID=40&md5=9e67d5c14730d9eb784c698a259d6303,,,,,"<p>Export Date: 27 January 2025; Cited By: 19</p> | RAYYAN-INCLUSION: {""Philip""=>""Excluded"", ""Nibedita""=>""Excluded""}",10.1007/s11160-022-09726-7,capacity building;climate change;climate modeling;Data-limited methods (DLMs);Ecosystem and climate models;ecosystem modeling;Fisheries management;fishery management;Management strategy evaluation (MSE);participatory approach;Spatial modeling;stakeholder;stock assessment;Stock assessment;traditional knowledge,,
rayyan-153486448,"Assessing public ""participation"" in environmental decision-making: Lessons learned from the UK Marine Conservation Zone (MCZ) site selection process",2016,,,Marine Policy,,64,,91-101,"De Santo, E.M.",https://www.scopus.com/inward/record.uri?eid=2-s2.0-84947926798&doi=10.1016%2fj.marpol.2015.11.003&partnerID=40&md5=cc76255a458c59ad05e0c2b3a21067ed,,,,,"<p>Export Date: 27 January 2025; Cited By: 42</p> | RAYYAN-INCLUSION: {""Tabitha""=>""Included""}",10.1016/j.marpol.2015.11.003,Aarhus Convention;biodiversity;coastal zone management;decision making;Evidence-based decision making;Marine and Coastal Access Act;Marine Conservation Zones;marine park;participatory approach;site selection;stakeholder;Stakeholder participation;United Kingdom,,
rayyan-153486451,Testing best practices in small scale fisheries management: Evidence from a collaborative intervention in two marine protected areas of the central Mediterranean Sea,2024,,,Ocean and Coastal Management,,258,,,"Zampardi, S. and Scianna, C. and Calò, A. and Hogg, K. and Ranù, M. and Aglieri, G. and Di Meglio, E. and Mangano, M.C. and Prato, G. and Romeo, T. and Colloca, F. and Milisenda, G. and Di Franco, A.",https://www.scopus.com/inward/record.uri?eid=2-s2.0-85205884727&doi=10.1016%2fj.ocecoaman.2024.107397&partnerID=40&md5=0f0d3f56ca4e005eb104f2f771195e43,,,,,"<p>Export Date: 27 January 2025; Cited By: 0</p> | RAYYAN-INCLUSION: {""Philip""=>""Excluded"", ""Nibedita""=>""Excluded""}",10.1016/j.ocecoaman.2024.107397,Best practices;catch per unit effort;decision making;Fisheries;fishery management;Fishing (oil wells);Fishing gears;gillnet;image analysis;Image sampling;Marine protected area;Marine protected areas (MPAs);Mediterranean Sea;mesh size;participatory approach;Participatory management;Santa Maria [Rio Grande du Sul];Selective fishing gear;Selective fishing gears;Small-scale fisheries;Small-scale fisheries (SSF);Small-scale fishery;Social-ecological outcome;Social-ecological outcomes;stakeholder;Sustainable fishing practice;Sustainable fishing practices,,
rayyan-153486452,Shared ways of thinking in Brazil about the science–practice interface in ecology and conservation,2020,,,Conservation Biology,,34,2,449-461,"Bertuol-Garcia, D. and Morsello, C. and N. El-Hani, C. and Pardini, R.",https://www.scopus.com/inward/record.uri?eid=2-s2.0-85056760522&doi=10.1111%2fcobi.13242&partnerID=40&md5=86f353962d7a2dd2b2a768f70f6b9a55,,,,,"<p>Export Date: 27 January 2025; Cited By: 11</p> | RAYYAN-INCLUSION: {""Isobel""=>""Included""}",10.1111/cobi.13242,Brazil;clasificación Q;conservación basada en evidencias;conservation;Conservation of Natural Resources;coproducción de conocimiento elaboración de políticas;decision making;Decision Making;ecological approach;ecology;Ecology;environmental policy;environmental protection;evidence-based conservation;knowing-doing gap;knowledge;knowledge coproduction;operant subjectivity;organization;Organizations;participatory approach;perception;policy making;política ambiental;principal component analysis;Q sorting;research-implementation gap;science and technology;subjetividad operante;vacío investigación-implementación;vacío saber-hacer,,
rayyan-153486462,Is scientific inquiry incompatible with government information control?,1997,,,Canadian Journal of Fisheries and Aquatic Sciences,,54,5,1198-1210,"Hutchings, J.A. and Walters, C. and Haedrich, R.L.",https://www.scopus.com/inward/record.uri?eid=2-s2.0-0030801674&doi=10.1139%2ff97-051&partnerID=40&md5=0d98c90611681240628b442914efb74d,,,,,"<p>Export Date: 27 January 2025; Cited By: 122</p> | RAYYAN-INCLUSION: {""Matthew""=>""Excluded"", ""Elina""=>""Excluded""}",10.1139/f97-051,Atlantic cod;Canada;fishery management;fishery sciences;Gadus morhua;governments;non-scientific interference;Oncorhynchus;Pacific salmon;political aspects;political influence;politics;resource conservation;resources conservation,,
rayyan-153486465,Institutionalizing co-production diplomacy in contexts of long-term epistemological conflict: A case study of cod fisheries governance,2024,,,Environmental Policy and Governance,,,,,"Klenk, N. and Pentz, B. and Mandrak, N.E.",https://www.scopus.com/inward/record.uri?eid=2-s2.0-85208741470&doi=10.1002%2feet.2138&partnerID=40&md5=2fa7fa6acdf9fc423cd3e86049de2fce,,,,,"<p>Export Date: 27 January 2025; Cited By: 0</p> | RAYYAN-INCLUSION: {""Alice""=>""Excluded""}",10.1002/eet.2138,co-production;environmental governance;fisheries management;precautionary approach;resource epistemology;resource management,,
rayyan-153486468,"Accelerating evidence-informed decision-making in conservation implementing agencies through effective monitoring, evaluation, and learning",2023,,,Biological Conservation,,286,,,"Mahajan, S.L. and Tanner, L. and Ahmadia, G. and Becker, H. and DeMello, N. and Fidler, R. and Harborne, A.R. and Jagadish, A. and Mills, M. and Cairney, P. and Cheng, S. and Fariss, B. and Masuda, Y.J. and Pabari, M. and Tengö, M. and Wyborn, C. and Glew, L.",https://www.scopus.com/inward/record.uri?eid=2-s2.0-85172465416&doi=10.1016%2fj.biocon.2023.110304&partnerID=40&md5=6a05abaa91a2fa7a77ff8193eefcb7f7,,,,,"<p>Export Date: 27 January 2025; Cited By: 3</p> | RAYYAN-INCLUSION: {""Carlos""=>""Excluded""}",10.1016/j.biocon.2023.110304,"Conservation;conservation management;conservation planning;Culture change;decision making;Decision-making;Evidence;knowledge;Knowledge systems;learning;Learning organizations;Monitoring, evaluation, and learning;Organizations",,
rayyan-153486469,Is scientific inquiry still incompatible with government information control? A quarter-century later,2023,,,Canadian Journal of Fisheries and Aquatic Sciences,,80,10,1679-1695,"Godwin, S.C. and Bateman, A.W. and Mordecai, G. and Jones, S. and Hutchings, J.A.",https://www.scopus.com/inward/record.uri?eid=2-s2.0-85175001753&doi=10.1139%2fcjfas-2022-0286&partnerID=40&md5=b611152bce05e176538147687ada754b,,,,,"<p>Export Date: 27 January 2025; Cited By: 9</p> | RAYYAN-INCLUSION: {""Tabitha""=>""Excluded""}",10.1139/cjfas-2022-0286,aquaculture system;British Columbia;Canada;Canadian Science Advisory Secretariat;DFO;fishery management;marine resource;Pacific salmon;regulatory capture;salmon aquaculture;salmonid;science advice;sustainability,,
rayyan-153486470,Generating the evidence for marine fisheries policy and management,2010,,,Marine Policy,,34,1,29-35,"Holmes, J. and Lock, J.",https://www.scopus.com/inward/record.uri?eid=2-s2.0-70349894925&doi=10.1016%2fj.marpol.2009.04.004&partnerID=40&md5=e8412d6197bec52af1e568caf070a8fc,,,,,"<p>Export Date: 27 January 2025; Cited By: 26</p> | RAYYAN-INCLUSION: {""Nibedita""=>""Included"", ""Isobel""=>""Included""}",10.1016/j.marpol.2009.04.004,best management practice;communication;Eurasia;Europe;Fisheries policy;fishery management;fishery policy;marine environment;policy making;policy strategy;Research communication;Research questions;research work,,
rayyan-153486473,PROGRESS OF FISHERIES-OCEANOGRAPHY COORDINATED INVESTIGATIONS IN THE GULF OF ALASKA AND ALEUTIAN PASSES,2023,,,Oceanography,,36,2,94-100,"Mordy, C.W. and Bond, N.A. and Cokelet, E.D. and Deary, A. and Lemagie, E. and Proctor, P. and Stabeno, P.J. and Tabisola, H.M. and Van Pelt, T. and Wisegarver, E.",https://www.scopus.com/inward/record.uri?eid=2-s2.0-85177051912&doi=10.5670%2foceanog.2023.218&partnerID=40&md5=cc8ab05fa288ed04cc0f818ad070a4c2,,,,,"<p>Export Date: 27 January 2025; Cited By: 7</p> | RAYYAN-INCLUSION: {""Philip""=>""Excluded""}",10.5670/oceanog.2023.218,,,
rayyan-153486474,"UK deep-sea conservation: Progress, lessons learned, and actions for the future",2020,,,Aquatic Conservation: Marine and Freshwater Ecosystems,,30,2,375-393,"Chaniotis, P.D. and Robson, L.M. and Lemasson, A.J. and Cornthwaite, A.L. and Howell, K.L.",https://www.scopus.com/inward/record.uri?eid=2-s2.0-85076435963&doi=10.1002%2faqc.3243&partnerID=40&md5=216553e9f9f62a837471ff14058ec81b,,,,,"<p>Export Date: 27 January 2025; Cited By: 7</p> | RAYYAN-INCLUSION: {""Philip""=>""Excluded"", ""Nibedita""=>""Excluded""}",10.1002/aqc.3243,Anthozoa;biodiversity;coral;coral reef;cost-benefit analysis;deep sea;ecosystem service;environmental legislation;fishing;habitat management;knowledge;marine park;marine protected area;natural capital;ocean reef;United Kingdom,,
rayyan-153486476,Conservation practitioners' perspectives on decision triggers for evidence-based management,2016,,,Journal of Applied Ecology,,53,5,1351-1357,"Addison, P.F.E. and Cook, C.N. and de Bie, K.",https://www.scopus.com/inward/record.uri?eid=2-s2.0-84979543887&doi=10.1111%2f1365-2664.12734&partnerID=40&md5=b1de3a77e03cae8e17c4b5a94a9c52de,,,,,"<p>Export Date: 27 January 2025; Cited By: 44</p> | RAYYAN-INCLUSION: {""Alec""=>""Included""}",10.1111/1365-2664.12734,adaptive management;biodiversity;conservation;conservation management;decision making;decision thresholds;decision-making;dry season;evidence-based management;landscape protection;monitoring;natural resource;natural resource management;policy;protected area;protected areas;resource management,,
rayyan-153486477,Enhancing adaptive capacities in coastal communities through engaged communication research: Insights from a statewide study of shellfish co-management,2018,,,Ocean and Coastal Management,,163,,240-253,"McGreavy, B. and Randall, S. and Quiring, T. and Hathaway, C. and Hillyer, G.",https://www.scopus.com/inward/record.uri?eid=2-s2.0-85049467997&doi=10.1016%2fj.ocecoaman.2018.06.016&partnerID=40&md5=190401086cf997014e3f04e5dbae19d7,,,,,"<p>Export Date: 27 January 2025; Cited By: 21</p> | RAYYAN-INCLUSION: {""Philip""=>""Included"", ""Prishnee""=>""Included""}",10.1016/j.ocecoaman.2018.06.016,Adaptive capacity;adaptive management;bivalve;Bivalvia;Climate change;Co-management;Coastal communities;coastal zone management;communication;Communication research;decision making;Decision making;Economics;ecosystem resilience;Ecosystems;Fisheries;Invasive species;Land use;Multiple stressors;Mya arenaria;research;resource management;Shared responsibility;shellfish;Shellfish;Small-scale fisheries;Soft shell clams,,
rayyan-153486480,Multi-criteria decision models for management of tropical coastal fisheries,2009,,,Sustainable Agriculture,,2,,251-280,"Andalecio, M.N.",https://www.scopus.com/inward/record.uri?eid=2-s2.0-84886092496&doi=10.1007%2f978-94-007-0394-0_14&partnerID=40&md5=8fb665e8ee67e03b1a6c8f25651eb570,,,,,"<p>Export Date: 27 January 2025; Cited By: 4</p> | RAYYAN-INCLUSION: {""Philip""=>""Excluded""}",,Criteria;Fisheries management;Impact evaluation;Indicators;Multi-criteria decision models;Preference system;San Miguel Bay,,
rayyan-153486484,Predicting species distributions for conservation decisions,2013,,,Ecology Letters,,16,12,1424-1435,"Guisan, A. and Tingley, R. and Baumgartner, J.B. and Naujokaitis-Lewis, I. and Sutcliffe, P.R. and Tulloch, A.I.T. and Regan, T.J. and Brotons, L. and Mcdonald-Madden, E. and Mantyka-Pringle, C. and Martin, T.G. and Rhodes, J.R. and Maggini, R. and Setterfield, S.A. and Elith, J. and Schwartz, M.W. and Wintle, B.A. and Broennimann, O. and Austin, M. and Ferrier, S. and Kearney, M.R. and Possingham, H.P. and Buckley, Y.M.",https://www.scopus.com/inward/record.uri?eid=2-s2.0-84886730120&doi=10.1111%2fele.12189&partnerID=40&md5=bf6a0b50920913632a5df4b12a3ac128,,,,,"<p>Export Date: 27 January 2025; Cited By: 1464</p> | RAYYAN-INCLUSION: {""Carlos""=>""Excluded""}",10.1111/ele.12189,"biological invasion;Biological invasions;Conservation of Natural Resources;conservation planning;Conservation planning;Critical habitats;decision making;Decision Making;decision support system;Decision Support Techniques;ecology;Ecology;endangered species;Endangered Species;environmental protection;Environmental suitability;knowledge;methodology;Models, Theoretical;population distribution;procedures;Research Design;Reserve selection;species conservation;Species distribution model;Structured decision making;theoretical model;translocation;Translocation",,
rayyan-153486486,Strengthening the contribution of macroecological models to conservation practice,2019,,,Global Ecology and Biogeography,,28,1,54-60,"Rapacciuolo, G.",https://www.scopus.com/inward/record.uri?eid=2-s2.0-85057178293&doi=10.1111%2fgeb.12848&partnerID=40&md5=74abec48bc136d3a18045a8912745e75,,,,,"<p>Export Date: 27 January 2025; Cited By: 20</p> | RAYYAN-INCLUSION: {""Tabitha""=>""Excluded""}",10.1111/geb.12848,black box;conservation planning;decision making;macroecological models;macroecology;modeling;perception;policy;practitioners;science-practice gap;uncertainty;uncertainty analysis,,
rayyan-153486487,Exploration of Concerns about the Evidence-Based Guideline Approach in Conservation Management: Hints from Medical Practice,2020,,,Environmental Management,,66,3,435-449,"Gutzat, F. and Dormann, C.F.",https://www.scopus.com/inward/record.uri?eid=2-s2.0-85086914181&doi=10.1007%2fs00267-020-01312-6&partnerID=40&md5=c6e6352656bea1a017d9fc55bf71dc71,,,,,"<p>Export Date: 27 January 2025; Cited By: 11</p> | RAYYAN-INCLUSION: {""Iris""=>""Included""}",10.1007/s00267-020-01312-6,article;Biodiversity conservation;climate;Climate;Conservation;conservation biology;conservation management;Conservation management;Conservation of Natural Resources;decision making;Decision making;Decision support;decision support system;Ecological relevance;environmental protection;Evidence framework;Evidence-based guidelines;Evidence-based practice;forest;Forest conservation;forest management;forestry;Forestry;Forests;guideline;human;Implementation gap;Medical guidelines;medical practice;Multifunctionality;physician;practice gap;practice guideline;reproducibility;Reproducibility of Results;semi structured interview;Semi structured interviews;Systematic searches,,
rayyan-153486490,The impacts of digital transformation on fisheries policy and sustainability: Lessons from Timor-Leste,2024,,,Environmental Science and Policy,,153,,,"Tilley, A. and Dam Lam, R. and Lozano Lazo, D. and Dos Reis Lopes, J. and Freitas Da Costa, D. and De Fátima Belo, M. and Da Silva, J. and Da Cruz, G. and Rossignoli, C.",https://www.scopus.com/inward/record.uri?eid=2-s2.0-85184031624&doi=10.1016%2fj.envsci.2024.103684&partnerID=40&md5=46f2c0bac4ee52153ea8071a611036f3,,,,,"<p>Export Date: 27 January 2025; Cited By: 3</p> | RAYYAN-INCLUSION: {""Philip""=>""Excluded"", ""Iris""=>""Included""}",10.1016/j.envsci.2024.103684,article;capacity building;catalysis;controlled study;digital technology;digitization;environmental sustainability;fish;Fisheries management;Fisheries monitoring;fishery;fishery management;fishing;Fishing communities;fishing community;food industry;food production;Food production;government;human;interview;investment;law;legislation;Lesser Sunda Islands;livelihood;Livelihoods;natural resource;Peskas;Real-time;resource management;Resource management;stakeholder;Sunda Isles;Timor;Timor-Leste,,
rayyan-153486499,"Managing multi-lateral, intergovernmental projects and programmes: The case ofthe UNEP/GEF South China Sea project",2013,,,Ocean and Coastal Management,,85,,141-152,"Pernetta, J.C. and Jiang, Y.",https://www.scopus.com/inward/record.uri?eid=2-s2.0-84889583418&doi=10.1016%2fj.ocecoaman.2012.10.012&partnerID=40&md5=e4a2b302d2a007a2a0e4dcea2a2bd018,,,,,"<p>Export Date: 27 January 2025; Cited By: 8</p> | RAYYAN-INCLUSION: {""Alec""=>""Excluded""}",10.1016/j.ocecoaman.2012.10.012,Adaptive Management;biodiversity;coastal zone management;Conservation;decision making;Decision making;Electric power system interconnection;environmental degradation;Fisheries;Fisheries management;fishery management;Gulf of Thailand;implementation process;Information management;intergovernmental relations;International cooperation;Land-based pollution;Management frameworks;Management structure;Pacific Ocean;participatory approach;Pollution control;Project implementation;Scientific knowledge;South China Sea;state role;Technical committees;United Nations Environment Program,,
rayyan-153486500,Improving knowledge exchange among scientists and decision-makers to facilitate the adaptive governance of marine resources: A review of knowledge and research needs,2015,,,Ocean and Coastal Management,,112,,25-35,"Cvitanovic, C. and Hobday, A.J. and van Kerkhoff, L. and Wilson, S.K. and Dobbs, K. and Marshall, N.A.",https://www.scopus.com/inward/record.uri?eid=2-s2.0-84928892071&doi=10.1016%2fj.ocecoaman.2015.05.002&partnerID=40&md5=4a68dab311e206e977bece2fab00f7ed,,,,,"<p>Export Date: 27 January 2025; Cited By: 373</p> | RAYYAN-INCLUSION: {""Isobel""=>""Excluded""}",10.1016/j.ocecoaman.2015.05.002,decision making;Decision making;Decision-making;Ecosystems;Enabling environment;fishery management;innovation;Institutional barriers;Institutional innovation;Knowledge exchange;Knowledge management;Knowledge transfer;literature review;Marine biology;Natural resources;Natural resources management;Oceanography;Research needs;Societies and institutions;sustainable development;Sustainable development,,
rayyan-153486507,Identifying useful climate change information needs of Great Lakes fishery managers,2014,,,Journal of Great Lakes Research,,40,3,590-598,"Mulvaney, K.K. and Foley, C.J. and Höök, T.O. and McNie, E.C. and Prokopy, L.S.",https://www.scopus.com/inward/record.uri?eid=2-s2.0-84907700737&doi=10.1016%2fj.jglr.2014.06.002&partnerID=40&md5=737fc6fb7eb0a7ebc7c360f4665a8510,,,,,"<p>Export Date: 27 January 2025; Cited By: 7</p> | RAYYAN-INCLUSION: {""Iris""=>""Included""}",10.1016/j.jglr.2014.06.002,climate change;Climate change;Commercial and recreational fishery management;Data needs;decision making;Decision making;Fisheries;fishery management;Great Lakes [North America];information management;Information use;Lakes;Laurentian Great Lakes;Management concerns;Managers;Physical conditions;Presenting informations;Recreational fisheries;Social science;Social sciences;spatiotemporal analysis;stakeholder;symbiont;Temporal and spatial scale;Trophic interactions,,
rayyan-153486508,Science-policy interactions in MPA site selection in the Dutch part of the North Sea,2011,,,Environmental Management,,47,4,656-670,"Van Haastrecht, E.K. and Toonen, H.M.",https://www.scopus.com/inward/record.uri?eid=2-s2.0-79955586174&doi=10.1007%2fs00267-010-9546-7&partnerID=40&md5=5217cbe4e74567444dac418a171750e5,,,,,"<p>Export Date: 27 January 2025; Cited By: 13</p> | RAYYAN-INCLUSION: {""Tabitha""=>""Included""}",10.1007/s00267-010-9546-7,"Animals;Atlantic Ocean;biodiversity;Biodiversity;Conservation of Natural Resources;decision making;Decision making;Decision Making, Organizational;Ecology;ecosystem;environmental planning;Environmental Policy;environmental protection;Environmental protection;environmental sustainability;Expert judgment;Fisheries;history;Humans;information;Information;integrated approach;Integrated marine management;Malaysia;Marine Biology;marine ecosystem;marine environment;Marine management;marine policy;marine protected areas;Marine protected areas;Netherlands;North Sea;Policy Making;politics;Politics;protected area;review;Science-policy interface;seashore;Site selection;socioeconomics;sustainable development;uncertainty",,
rayyan-153486511,Planning practical evidence-based decision making in conservation within time constraints: the Strategic Evidence Assessment Framework,2021,,,Journal for Nature Conservation,,60,,,"Sutherland, W.J. and Downey, H. and Frick, W.F. and Tinsley-Marshall, P. and McPherson, T.",https://www.scopus.com/inward/record.uri?eid=2-s2.0-85100815247&doi=10.1016%2fj.jnc.2021.125975&partnerID=40&md5=e197195a3a97f340709ec86b3c08e284,,,,,"<p>Export Date: 27 January 2025; Cited By: 12</p> | RAYYAN-INCLUSION: {""Sarah""=>""Excluded""}",10.1016/j.jnc.2021.125975,conservation management;conservation planning;decision making;Decision-making;environmental planning;Evidence;planning process;resource allocation;Resource allocation;strategic approach;strategic environmental assessment;Strategy;Triage,,
rayyan-153486519,Bridging the Science-Policy Interface: Adaptive Solutions in the Anthropocene,2017,,,Conservation for the Anthropocene Ocean: Interdisciplinary Science in Support of Nature and People,,,,Mar-22,"Sullivan, J.M. and Cerny-Chipman, E.B. and Rosenberg, A.A. and Lubchenco, J.",https://www.scopus.com/inward/record.uri?eid=2-s2.0-85032709405&doi=10.1016%2fB978-0-12-805375-1.00001-5&partnerID=40&md5=b87058969a08115b846453c3672a5068,,,,,"<p>Export Date: 27 January 2025; Cited By: 11</p> | RAYYAN-INCLUSION: {""Sarah""=>""Excluded""}",,California Marine Life Protection Act;Ecosystem-based management;Independent science;Marine reserves;Marine spatial planning;National ocean policy;Ocean acidification;Policymaking;Science communication;Secure-access fisheries,,
rayyan-153486528,Fishing for influence: Fisheries science and evidence in water resources development in the Mekong basin,2009,,,Water Alternatives,,2,2,167-182,"Friend, R.M.",https://www.scopus.com/inward/record.uri?eid=2-s2.0-67651091615&partnerID=40&md5=57bb579acedc6b9c8636dd14e645c564,,,,,"<p>Export Date: 27 January 2025; Cited By: 20</p> | RAYYAN-INCLUSION: {""Carlos""=>""Excluded""}",,Fisheries;Hydropower;Mekong;Policy analysis;Science,,
rayyan-153486533,Sustainability and present-day approaches to fisheries management - are the two concepts irreconcilable?,2008,,,African Journal of Marine Science,,30,1,01-Oct,"Pilling, G.M. and Payne, A.I.L.",https://www.scopus.com/inward/record.uri?eid=2-s2.0-47549108652&doi=10.2989%2fAJMS.2008.30.1.1.446&partnerID=40&md5=67db65fd6ce623f08fc3a5b782fc21c7,,,,,"<p>Export Date: 27 January 2025; Cited By: 5</p> | RAYYAN-INCLUSION: {""Philip""=>""Excluded"", ""Carlos""=>""Excluded"", ""Elina""=>""Included""}",10.2989/AJMS.2008.30.1.1.446,Anoplopoma fimbria;Anoplopomatidae;decision making;Decision making;Ecosystems;exploitation;Fisheries;Fisheries management;fishery management;Gadus morhua;harvesting;human activity;Jasus lalandii;perciform;Precautionary approach;precautionary principle;stakeholder;sustainability;Sustainability,,
rayyan-153486534,Effective engagement of conservation scientists with decision-makers,2020,,,"Conservation Research, Policy and Practice",,,,162-182,"Rose, D.C. and Evans, M.C. and Jarvis, R.M.",https://www.scopus.com/inward/record.uri?eid=2-s2.0-85113854260&doi=10.1017%2f9781108638210.010&partnerID=40&md5=547b1cdae571d05c184e20175cd79ed0,,,,,"<p>Export Date: 27 January 2025; Cited By: 7</p> | RAYYAN-INCLUSION: {""Philip""=>""Excluded""}",,adaptive management;conservation;decision-making;evidence;management planning;monitoring;practitioners,,
rayyan-153486536,"Conservation priorities: Identifying need, taking action and evaluating success",2013,,,Key Topics in Conservation Biology 2,,,,Jan-22,"Pullin, A.S. and Sutherland, W. and Gardner, T. and Kapos, V. and Fa, J.E.",https://www.scopus.com/inward/record.uri?eid=2-s2.0-84886097671&doi=10.1002%2f9781118520178.ch1&partnerID=40&md5=1177655642ce8188f1a848224405a557,,,,,"<p>Export Date: 27 January 2025; Cited By: 59</p> | RAYYAN-INCLUSION: {""Philip""=>""Excluded""}",,Biodiversity;Conservation priorities;Decision-making frameworks;Ecosystem,,
rayyan-153486538,Use and misuse of CITES as a management tool for commercially-exploited aquatic species,2015,,,Marine Policy,,59,,16-31,"Cochrane, K.",https://www.scopus.com/inward/record.uri?eid=2-s2.0-84930221784&doi=10.1016%2fj.marpol.2015.04.015&partnerID=40&md5=79614587f86c8700de9f2aa287c0e1e1,,,,,"<p>Export Date: 27 January 2025; Cited By: 12</p> | RAYYAN-INCLUSION: {""Alice""=>""Included""}",10.1016/j.marpol.2015.04.015,Animalia;aquatic organism;CITES;Commercially-exploited aquatic species;Endangered;endangered species;Fisheries;fishery management;Food and Agricultural Organization;Food and Agriculture Organization (FAO);international agreement;Listing criteria,,
rayyan-153486546,The use of evidence in decision-making by practitioners,2020,,,"Conservation Research, Policy and Practice",,,,145-161,"Ausden, M. and Walsh, J.C.",https://www.scopus.com/inward/record.uri?eid=2-s2.0-85100783411&doi=10.1017%2f9781108638210.009&partnerID=40&md5=e26d352979cad6c37875d388b208561b,,,,,"<p>Export Date: 27 January 2025; Cited By: 6</p> | RAYYAN-INCLUSION: {""Philip""=>""Excluded"", ""Aidan""=>""Excluded""}",,adaptive management;conservation;decision-making;evidence;management planning;monitoring;practitioners,,
rayyan-153486556,"Mental models, communication, and engagement in marine projects",2017,,,ICES Journal of Marine Science,,74,,2034-2039,"Boschetti, F. and Andreotta, M.",https://www.scopus.com/inward/record.uri?eid=2-s2.0-85030678346&doi=10.1093%2ficesjms%2ffsw240&partnerID=40&md5=9f79dc94dc4b69cd5325b36dc8b517bb,,,,,"<p>Export Date: 27 January 2025; Cited By: 2</p> | RAYYAN-INCLUSION: {""Sarah""=>""Excluded""}",10.1093/icesjms/fsw240,communication;decision making;knowledge;marine environment;participatory approach;perception;planning process;project management;public attitude;stakeholder;theoretical study,,
rayyan-153486557,Bridge over troubled waters: A synthesis session to connect scientific and decision making sectors,2016,,,Marine Policy,,70,,30-39,"Goldsmith, K. and Granek, E. and Lubitow, A. and Papenfus, M.",https://www.scopus.com/inward/record.uri?eid=2-s2.0-84964345828&doi=10.1016%2fj.marpol.2016.04.015&partnerID=40&md5=3127ea3ea18d1fe15c1fc398dd3362c3,,,,,"<p>Export Date: 27 January 2025; Cited By: 4</p> | RAYYAN-INCLUSION: {""Philip""=>""Excluded"", ""Carlos""=>""Included""}",10.1016/j.marpol.2016.04.015,bridge;Coastal management;coastal zone management;decision making;Evidence-based decisions;Research based policy;stakeholder;Stakeholder engagement;Synthesis session;Workshop,,
rayyan-153486558,Utility of primary scientific literature to environmental managers: An international case study on coral-dominated marine protected areas,2014,,,Ocean and Coastal Management,,102,,72-78,"Cvitanovic, C. and Fulton, C.J. and Wilson, S.K. and van Kerkhoff, L. and Cripps, I.L. and Muthiga, N.",https://www.scopus.com/inward/record.uri?eid=2-s2.0-84907476245&doi=10.1016%2fj.ocecoaman.2014.09.003&partnerID=40&md5=c61c50f93b07458944b7858ddaeaa673,,,,,"<p>Export Date: 27 January 2025; Cited By: 90</p> | RAYYAN-INCLUSION: {""Alice""=>""Included""}",10.1016/j.ocecoaman.2014.09.003,Anthozoa;Australia;Belize [Central America];coral;decision making;environmental management;Environmental managers;Kenya;knowledge;limiting factor;literature review;Marine protected area;marine resource;protected area;public access;Scientific literature,,
rayyan-153486568,Bridging the divide between scientists and decision-makers: How behavioural ecologists can increase the conservation impact of their research?,2019,,,Philosophical Transactions of the Royal Society B: Biological Sciences,,374,1781,,"Durant, S.M. and Groom, R. and Kuloba, B. and Samna, A. and Muzuma, U. and Gadimang, P. and Mandisodza-Chikerema, R. and Ipavec, A. and Mitchell, N. and Ikanda, D. and Msuha, M.",https://www.scopus.com/inward/record.uri?eid=2-s2.0-85070749433&doi=10.1098%2frstb.2019.0011&partnerID=40&md5=5064d990186dc203e98adb19ce4d8135,,,,,"<p>Export Date: 27 January 2025; Cited By: 16</p> | RAYYAN-INCLUSION: {""Sarah""=>""Included""}",10.1098/rstb.2019.0011,Acinonyx jubatus;Africa;article;awareness;Biodiversity conservation;cheetah;conservation biology;Conservation management;Conservation policy;decision making;Decision-making;dog;ecologist;ecology;environmental management;Environmental management;human;Lycaon pictus;manager;nonhuman;Protected area management;publication,,
rayyan-153486571,A new perspective on the work of boundary organisations: Bridging knowledge between marine conservation actors in Pacific Small Island Developing States,2024,,,Environmental Science and Policy,,162,,,"Latour, M. and van Laerhoven, F.",https://www.scopus.com/inward/record.uri?eid=2-s2.0-85204492155&doi=10.1016%2fj.envsci.2024.103903&partnerID=40&md5=d44ae2f837bb9bb81877a47b0c00ac56,,,,,"<p>Export Date: 27 January 2025; Cited By: 1</p> | RAYYAN-INCLUSION: {""Elina""=>""Included""}",10.1016/j.envsci.2024.103903,Article;Boundary organisation;capacity building;conservation management;decision making;environmental protection;facilitation;human;interview;knowledge;Knowledge exchange;Marine conservation;marine environment;nature conservation;organization;Pacific islands;participation;research method;Research uptake;Science-policy-community interface;Small Island Developing States;trust,,
rayyan-153486584,Empowering NGOs? Long-term effects of ecological and institutional change on regional fisheries management organizations,2020,,,Global Environmental Change,,65,,,"Dellmuth, L.M. and Petersson, M.T. and Dunn, D.C. and Boustany, A. and Halpin, P.N.",https://www.scopus.com/inward/record.uri?eid=2-s2.0-85096168083&doi=10.1016%2fj.gloenvcha.2020.102197&partnerID=40&md5=752156a3667d6b15710b5581c94d9928,,,,,"<p>Export Date: 27 January 2025; Cited By: 8</p> | RAYYAN-INCLUSION: {""Sarah""=>""Excluded""}",10.1016/j.gloenvcha.2020.102197,Environmental non-governmental organizations (ENGOs);Fisheries Governance;fishery management;fishing industry;Institutional change;institutional framework;Matthiola;migratory species;Non-state actors;nongovernmental organization;Participation;Regional fisheries management organizations (RFMOs);stock assessment,,
rayyan-153486587,Navigating spaces between conservation research and practice: Are we making progress?,2020,,,Ecological Solutions and Evidence,,1,2,,"Jarvis, R.M. and Borrelle, S.B. and Forsdick, N.J. and Pérez-Hämmerle, K.-V. and Dubois, N.S. and Griffin, S.R. and Recalde-Salas, A. and Buschke, F. and Rose, D.C. and Archibald, C.L. and Gallo, J.A. and Mair, L. and Kadykalo, A.N. and Shanahan, D. and Prohaska, B.K.",https://www.scopus.com/inward/record.uri?eid=2-s2.0-85108075524&doi=10.1002%2f2688-8319.12028&partnerID=40&md5=986088797766396411ed807554ceb5bd,,,,,"<p>Export Date: 27 January 2025; Cited By: 38</p> | RAYYAN-INCLUSION: {""Elina""=>""Included""}",10.1002/2688-8319.12028,actionable knowledge;conservation mismatch;conservation research and practice;environmental impact;evidence-informed policy and practice;knowing–doing gap;research–implementation gap;transdisciplinary research,,
rayyan-153486591,California dreaming: Challenges posed by transposing science-based marine protected area planning processes in different political contexts,2017,,,Environmental Science and Policy,,75,,38-46,"De Santo, E.M.",https://www.scopus.com/inward/record.uri?eid=2-s2.0-85019976500&doi=10.1016%2fj.envsci.2017.05.012&partnerID=40&md5=d16f91049232e8ab98c4c67390812f69,,,,,"<p>Export Date: 27 January 2025; Cited By: 10</p> | RAYYAN-INCLUSION: {""Alice""=>""Included""}",10.1016/j.envsci.2017.05.012,Article;decision making;environmental planning;environmental policy;environmental protection;evidence based practice;Evidence-based policy;human;Marine and Coastal Access Act;Marine Conservation Zones;marine environment;Marine Life Protection Act;Marine protected areas;politics;prediction;priority journal;science;Science-policy interface;United Kingdom,,
rayyan-153486593,"Divergent farmer and scientist perceptions of agricultural biodiversity, ecosystem services and decision-making",2021,,,Biological Conservation,,256,,,"Maas, B. and Fabian, Y. and Kross, S.M. and Richter, A.",https://www.scopus.com/inward/record.uri?eid=2-s2.0-85102589460&doi=10.1016%2fj.biocon.2021.109065&partnerID=40&md5=0dbfafc732697db2f0aab6dcd1b2eea7,,,,,"<p>Export Date: 27 January 2025; Cited By: 56</p> | RAYYAN-INCLUSION: {""Isobel""=>""Excluded""}",10.1016/j.biocon.2021.109065,Agri-environment schemes;agroindustry;Austria;biodiversity;Conservation actions;conservation management;conservation status;decision making;ecosystem service;Ecosystem services;Germany;Implementation gaps;Knowledge exchange;perception;spatiotemporal analysis;Stakeholder perceptions;Transdisciplinary communication,,
rayyan-153486598,Evidence-based decision-making in Canada’s protected areas organizations: Implications for management effectiveness,2018,,,Facets,,3,1,392-414,"Lemieux, C.J. and Groulx, M.W. and Bocking, S. and Beechey, T.J.",https://www.scopus.com/inward/record.uri?eid=2-s2.0-85047222589&doi=10.1139%2ffacets-2017-0107&partnerID=40&md5=cad41eb06231b5449fa82b9777ae301b,,,,,"<p>Export Date: 27 January 2025; Cited By: 34</p> | RAYYAN-INCLUSION: {""Alice""=>""Included""}",10.1139/facets-2017-0107,Biodiversity;Conservation;Decision-making;Evidence;Management effectiveness;Protected areas,,
rayyan-153486599,"Ecology, politics and policy",2007,,,Journal of Applied Ecology,,44,,465-474,"Lawton, J.H.",https://www.scopus.com/inward/record.uri?eid=2-s2.0-34249092675&doi=10.1111%2fj.1365-2664.2007.01315.x&partnerID=40&md5=f2ab5739411f5981d24a0904291be538,,,,,"<p>Export Date: 27 January 2025; Cited By: 117</p> | RAYYAN-INCLUSION: {""Philip""=>""Excluded"", ""Tabitha""=>""Excluded"", ""Prishnee""=>""Excluded"", ""Valentin""=>""Excluded"", ""fereshteh""=>""Excluded"", ""Aidan""=>""Excluded"", ""Nibedita""=>""Excluded"", ""Isobel""=>""Excluded""}",10.1111/j.1365-2664.2007.01315.x,acid deposition;Acid deposition;carbon dioxide;Carbon dioxide;climate change;decision making;environmental education;environmental policy;environmental protection;Eurasia;Europe;European Union;fishery;GM crops;Marine fisheries;marine resource;Policy formulation;research work;state role;United Kingdom;Western Europe,,
rayyan-153486600,How to close the science-practice gap in nature conservation? Information sources used by practitioners,2019,,,Biological Conservation,,235,,93-101,"Fabian, Y. and Bollmann, K. and Brang, P. and Heiri, C. and Olschewski, R. and Rigling, A. and Stofer, S. and Holderegger, R.",https://www.scopus.com/inward/record.uri?eid=2-s2.0-85064643357&doi=10.1016%2fj.biocon.2019.04.011&partnerID=40&md5=1d8a26ea7c3bf5c5843034f7433db39e,,,,,"<p>Export Date: 27 January 2025; Cited By: 65</p> | RAYYAN-INCLUSION: {""Iris""=>""Included""}",10.1016/j.biocon.2019.04.011,conservation management;Evidence-based conservation;Expert knowledge;forest ecosystem;Implementation articles;knowledge;Knowledge transfer;nature conservation;Outreach;Scientific articles;Survey;survey method,,
rayyan-153486605,"Research for decision-making in marine protected areas such as Isla del Coco, Costa Rica",2020,,,Revista de Biologia Tropical,,68,,S1-S17,"Chacón, I.S. and Soley, F.G.",https://www.scopus.com/inward/record.uri?eid=2-s2.0-85090736354&doi=10.15517%2frbt.v68iS1.41126&partnerID=40&md5=45dd42941cf9db487d1559123c84616b,,,,,"<p>Export Date: 27 January 2025; Cited By: 1</p> | RAYYAN-INCLUSION: {""Alec""=>""Excluded""}",10.15517/rbt.v68iS1.41126,Biodiversity threats;Biological monitoring;Conservation politics;Conservation research;Fishing overexploitation;Pelagic species,,
rayyan-153486618,Best of both worlds: Combining ecological and social research to inform conservation decisions in a Neotropical biodiversity hotspot,2022,,,Journal for Nature Conservation,,66,,,"Ferraz, K.M.P.M.D.B. and Marchini, S. and Bogoni, J.A. and Paolino, R.M. and Landis, M. and Fusco-Costa, R. and Magioli, M. and Munhoes, L.P. and Saranholi, B.H. and Ribeiro, Y.G.G. and Domini, J.A.D. and Magezi, G.S. and Gebin, J.C.Z. and Ermenegildo, H. and Galetti Junior, P.M. and Galetti, M. and Zimmermann, A. and Chiarello, A.G.",https://www.scopus.com/inward/record.uri?eid=2-s2.0-85124617606&doi=10.1016%2fj.jnc.2022.126146&partnerID=40&md5=2f701f3b35f16b3deb4a7aac464586ac,,,,,"<p>Export Date: 27 January 2025; Cited By: 3</p> | RAYYAN-INCLUSION: {""Alec""=>""Excluded""}",10.1016/j.jnc.2022.126146,Atlantic Forest;biodiversity;conservation management;Conservation planning;decision making;ecological approach;environmental assessment;environmental research;interdisciplinary approach;Interdisciplinary research;Mammal diversity;Multi-criteria decision-making;multicriteria analysis;Neotropical Region;research work;Social research,,
rayyan-153486624,Practitioner approaches to trade-off decision-making in marine conservation development,2023,,,People and Nature,,5,5,1636-1648,"Fortnam, M. and Chaigneau, T. and Evans, L. and Bastian, L.",https://www.scopus.com/inward/record.uri?eid=2-s2.0-85169155006&doi=10.1002%2fpan3.10530&partnerID=40&md5=efd49e31f186f14861553fac187bca84,,,,,"<p>Export Date: 27 January 2025; Cited By: 5</p> | RAYYAN-INCLUSION: {""Sarah""=>""Included""}",10.1002/pan3.10530,conservation development;decision-making;justice;marine governance;trade-offs,,
rayyan-153486625,"Non-binding Restrictions, Cooperation, and Coral Reef Protection: Experimental Evidence from Indonesian Fishing Communities",2018,,,Ecological Economics,,150,,62-71,"Gallier, C. and Langbein, J. and Vance, C.",https://www.scopus.com/inward/record.uri?eid=2-s2.0-85045554044&doi=10.1016%2fj.ecolecon.2018.03.006&partnerID=40&md5=ed21562a710945009b92cc3458c73104,,,,,"<p>Export Date: 27 January 2025; Cited By: 0</p> | RAYYAN-INCLUSION: {""Matthew""=>""Excluded""}",10.1016/j.ecolecon.2018.03.006,Anthozoa;Common-pool resource;Compliance;cooperative sector;coral reef;decision making;environmental monitoring;environmental protection;experimental study;fishing community;Framed field experiment;human rights;Indonesia;law enforcement;leadership;resource management;Territorial use rights;territoriality,,
rayyan-153486639,Engagement in the digital age: Understanding “what works” for participatory technologies in environmental decision-making,2024,,,Journal of Environmental Management,,365,,,"Hafferty, C. and Reed, M.S. and Brockett, B.F.T. and Orford, S. and Berry, R. and Short, C. and Davis, J.",https://www.scopus.com/inward/record.uri?eid=2-s2.0-85196180067&doi=10.1016%2fj.jenvman.2024.121365&partnerID=40&md5=e4a593125dde0519f13bf36edfd7cb0f,,,,,"<p>Export Date: 27 January 2025; Cited By: 3</p> | RAYYAN-INCLUSION: {""Iris""=>""Excluded""}",10.1016/j.jenvman.2024.121365,age;article;conceptual framework;Conservation of Natural Resources;decision making;Decision making;Decision Making;Decision theory;Decision-making;Decision-making process;Decisions makings;Digital;Digital age;Digital devices;digital technology;Digital Technology;Digital tools;digitization;engagement;Engagement;environmental decision making;Environmental decision making;environmental protection;Environmental technology;evidence gap;human;Humans;interview;local participation;male;participatory approach;Philosophical aspects;physician;Practitioner;Practitioners;procedures;social interaction;sustainability;theory;Theory;United kingdom;United Kingdom,,
rayyan-153486641,"Ecosystem-based MSP for enhanced fisheries sustainability: An example from the northern adriatic (Chioggia-Venice and Rovigo, Italy)",2021,,,Sustainability (Switzerland),,13,3,Jan-28,"Farella, G. and Tassetti, A.N. and Menegon, S. and Bocci, M. and Ferrà, C. and Grati, F. and Fadini, A. and Giovanardi, O. and Fabi, G. and Raicevich, S. and Barbanti, A.",https://www.scopus.com/inward/record.uri?eid=2-s2.0-85100080054&doi=10.3390%2fsu13031211&partnerID=40&md5=98b8588f096cb38c888f6ba934f12825,,,,,"<p>Export Date: 27 January 2025; Cited By: 15</p> | RAYYAN-INCLUSION: {""Tabitha""=>""Excluded""}",10.3390/su13031211,action plan;Adriatic sea;Adriatic Sea;Automatic identification system-ais;biodiversity;Chioggia;Cumulative effects assessment;Ecosystem-based management;Fisheries;Fishing activities;habitat fragmentation;human activity;Italy;local government;marine ecosystem;Maritime spatial planning;Matthiola;Mediterranean Sea;research work;Rovigo;spatial planning;stakeholder;Stakeholder;sustainability;Veneto;Venezia [Veneto];Venice,,
rayyan-153486642,"Science, information, and policy interface for effective coastal and ocean management",2016,,,"Science, Information, and Policy Interface for Effective Coastal and Ocean Management",,,,1,"MacDonald, B.H. and Soomai, S.S. and De Santo, E.M. and Wells, P.G.",https://www.scopus.com/inward/record.uri?eid=2-s2.0-85015380193&partnerID=40&md5=ed4493bb18c88f9e9d13ba879a34d5d4,,,,,"<p>Export Date: 27 January 2025; Cited By: 24</p> | RAYYAN-INCLUSION: {""Philip""=>""Excluded"", ""Prishnee""=>""Excluded""}",,,,
rayyan-153486647,Reducing publication delay to improve the efficiency and impact of conservation science,2021,,,PeerJ,,9,,,"Christie, A.P. and White, T.B. and Martin, P.A. and Petrovan, S.O. and Bladon, A.J. and Bowkett, A.E. and Littlewood, N.A. and Mupepele, A.-C. and Rocha, R. and Sainsbury, K.A. and Smith, R.K. and Taylor, N.G. and Sutherland, W.J.",https://www.scopus.com/inward/record.uri?eid=2-s2.0-85117684710&doi=10.7717%2fpeerj.12245&partnerID=40&md5=8226a208d472394a29205a94267a7376,,,,,"<p>Export Date: 27 January 2025; Cited By: 25</p> | RAYYAN-INCLUSION: {""Philip""=>""Excluded"", ""Aidan""=>""Excluded""}",10.7717/peerj.12245,accuracy;amphibian conservation;aquaculture;Article;bat conservation;bee conservation;conservation biology;Conservation evidence;Conservation science;data base;endangered species;Evidence-based;International Union for Conservation of Nature;invasive species;Journal delay;mammal conservation;Medline;nonhuman;peer review;Peer-review;primate conservation;publication delay;Publication delay;Publication speed;publishing;Science-policy gap;Science-practice gap;scientific literature;sensitivity analysis;species conservation,,
rayyan-153486649,Your evidence or mine? Systematic evaluation of reviews of marine protected area effectiveness,2017,,,Fish and Fisheries,,18,4,668-681,"Woodcock, P. and O'Leary, B.C. and Kaiser, M.J. and Pullin, A.S.",https://www.scopus.com/inward/record.uri?eid=2-s2.0-85006307715&doi=10.1111%2ffaf.12196&partnerID=40&md5=41af9b6310a26d74db11015b20240dfe,,,,,"<p>Export Date: 27 January 2025; Cited By: 50</p> | RAYYAN-INCLUSION: {""Alice""=>""Excluded""}",10.1111/faf.12196,abundance;age;biodiversity;Biodiversity conservation;CEESAT;decision making;evidence base;evidence review;evidence synthesis;fish;literature review;marine environment;perception;protected area;research;review evaluation;size;strategic approach,,
rayyan-153486656,Identifying opportunities to deliver effective and efficient outcomes from business-biodiversity action,2023,,,Environmental Science and Policy,,140,,221-231,"White, T.B. and Mukherjee, N. and Petrovan, S.O. and Sutherland, W.J.",https://www.scopus.com/inward/record.uri?eid=2-s2.0-85144630198&doi=10.1016%2fj.envsci.2022.12.003&partnerID=40&md5=c6f84873344fe241a3865c1aaed2da34,,,,,"<p>Export Date: 27 January 2025; Cited By: 13</p> | RAYYAN-INCLUSION: {""Alec""=>""Included""}",10.1016/j.envsci.2022.12.003,article;biodiversity;Business-biodiversity;certification;consultation;cost effectiveness analysis;Cost-effectiveness;decision making;ESG;Evidence-based decision making;human;Impact mitigation;mitigation;policy implementation;semi structured interview;standard (regulation),,
rayyan-153486661,The role of non-English-language science in informing national biodiversity assessments,2023,,,Nature Sustainability,,6,7,845-854,"Amano, T. and Berdejo-Espinola, V. and Akasaka, M. and de Andrade Junior, M.A.U. and Blaise, N. and Checco, J. and Çilingir, F.G. and Citegetse, G. and Corella Tor, M. and Drobniak, S.M. and Giakoumi, S. and Golivets, M. and Ion, M.C. and Jara-Díaz, J.P. and Katayose, R. and Lasmana, F.P.S. and Lin, H.-Y. and Lopez, E. and Mikula, P. and Morales-Barquero, L. and Mupepele, A.-C. and Narváez-Gómez, J.P. and Nguyen, T.H. and Lisboa, S.N. and Nuñez, M.A. and Pavón-Jordán, D. and Pottier, P. and Prescott, G.W. and Samad, F. and Šćiban, M. and Seo, H.-M. and Shinoda, Y. and Vajna, F. and Vozykova, S. and Walsh, J.C. and Wee, A.K.S. and Xiao, H. and Zamora-Gutierrez, V.",https://www.scopus.com/inward/record.uri?eid=2-s2.0-85150078965&doi=10.1038%2fs41893-023-01087-8&partnerID=40&md5=222ee9761bf4c0b73aa6c78d8b8a5bd3,,,,,"<p>Export Date: 27 January 2025; Cited By: 38</p> | RAYYAN-INCLUSION: {""Philip""=>""Included"", ""Prishnee""=>""Included""}",10.1038/s41893-023-01087-8,Biodiversity;Decision making;Decisions makings;English languages;Knowledge sources;Machine translations;Non-English languages;Scientific evidence;Scientific literature;Sources of informations;Supplementary data;Use of English,,
rayyan-153486669,Environmental research and knowledge production within governmental organizations,2018,,,Research outside the Academy: Professional Knowledge-Making in the Digital Age,,,,21-50,"Macdonald, B.H. and Soomai, S.S.",https://www.scopus.com/inward/record.uri?eid=2-s2.0-85064363888&doi=10.1007%2f978-3-319-94177-6_2&partnerID=40&md5=2054803869beee6f5df02edebc9bc6b0,,,,,"<p>Export Date: 27 January 2025; Cited By: 6</p> | RAYYAN-INCLUSION: {""Isobel""=>""Excluded""}",,Environmental research Government-Based research Gray literature Information use Science–policy i...,,
rayyan-153486670,Language barriers in conservation: consequences and solutions,2024,,,Trends in Ecology and Evolution,,,,,"Amano, T. and Berdejo-Espinola, V.",https://www.scopus.com/inward/record.uri?eid=2-s2.0-85212643211&doi=10.1016%2fj.tree.2024.11.003&partnerID=40&md5=f4ffc5733ff8f8f71919d2d4f0bd8001,,,,,"<p>Export Date: 27 January 2025; Cited By: 0</p> | RAYYAN-INCLUSION: {""Carlos""=>""Excluded""}",10.1016/j.tree.2024.11.003,equity;evidence synthesis;evidence-based decision making;inclusion;language bias,,
rayyan-153486671,Exploring and expanding the spaces between research and implementation in conservation science,2019,,,Biological Conservation,,240,,,"Maas, B. and Toomey, A. and Loyola, R.",https://www.scopus.com/inward/record.uri?eid=2-s2.0-85074231126&doi=10.1016%2fj.biocon.2019.108290&partnerID=40&md5=9e5ab697bf2ddee596097bddafbab12c,,,,,"<p>Export Date: 27 January 2025; Cited By: 34</p> | RAYYAN-INCLUSION: {""Iris""=>""Excluded""}",10.1016/j.biocon.2019.108290,Conservation management;Environmental policy;Knowing-doing gap;Knowledge exchange;Science policy;Transdisciplinarity,,
rayyan-153486684,‘The dissemination diamond’ and paradoxes of science-to-science and science-to-policy communication: Lessons from large marine research programmes,2017,,,Marine Pollution Bulletin,,125,1,01-Mar,"Elliott, M. and Snoeijs-Leijonmalm, P. and Barnard, S.",https://www.scopus.com/inward/record.uri?eid=2-s2.0-85028840330&doi=10.1016%2fj.marpolbul.2017.08.022&partnerID=40&md5=ae1851d787ca206a3bd0c642e973a90c,,,,,"<p>Export Date: 27 January 2025; Cited By: 11</p> | RAYYAN-INCLUSION: {""Philip""=>""Excluded""}",10.1016/j.marpolbul.2017.08.022,dissemination diamond;Editorial;evidence based decision making;evidence based practice;human;information processing;knowledge;marine environment;marine research;peer review;publication;research;science to policy communication;science to science communication,,
rayyan-153486695,Communicating scientific information to recreational fishers,2010,,,Human Dimensions of Wildlife,,15,2,106-118,"Li, O. and Sutton, S.G. and Tynan, L.",https://www.scopus.com/inward/record.uri?eid=2-s2.0-77951054760&doi=10.1080%2f10871200903366939&partnerID=40&md5=01847236a0ab32130f600e28b8fd1f38,,,,,"<p>Export Date: 27 January 2025; Cited By: 18</p> | RAYYAN-INCLUSION: {""Philip""=>""Included"", ""Tabitha""=>""Excluded"", ""Prishnee""=>""Included"", ""Valentin""=>""Excluded"", ""fereshteh""=>""Excluded"", ""Aidan""=>""Included"", ""Nibedita""=>""Included"", ""Isobel""=>""Excluded""}",10.1080/10871200903366939,Australia;Community engagement;Recreational fishers;Science communication;Science culture,,
rayyan-153486696,Telling stories to understand research impact: narratives from the Lenfest Ocean Program,2023,,,ICES Journal of Marine Science,,80,2,394-400,"Hudson, C.G. and Knight, E. and Close, S.L. and Landrum, J.P. and Bednarek, A. and Shouse, B.",https://www.scopus.com/inward/record.uri?eid=2-s2.0-85152123556&doi=10.1093%2ficesjms%2ffsac169&partnerID=40&md5=8cb57b2b48169005735be3e2308dd4e3,,,,,"<p>Export Date: 27 January 2025; Cited By: 5</p> | RAYYAN-INCLUSION: {""Matthew""=>""Excluded"", ""Elina""=>""Excluded""}",10.1093/icesjms/fsac169,academic research;co-design;conservation management;decision making;design method;marine conservation;marine ecosystem;ocean;policy making;project design;project management;research impact;science policy;sustainable development,,
rayyan-153486702,Scientific research and information flow in the small-scale fisheries of the central Mexican Pacific coast,2020,,,Ocean and Coastal Management,,198,,,"Adán, A.-F. and Castillo, A. and Cárdenas-Tapia, M. and Moreno-Casasola, P. and Marín, A.",https://www.scopus.com/inward/record.uri?eid=2-s2.0-85091746228&doi=10.1016%2fj.ocecoaman.2020.105324&partnerID=40&md5=f4f4ff6c30a1ff018de51360ac9c6c69,,,,,"<p>Export Date: 27 January 2025; Cited By: 7</p> | RAYYAN-INCLUSION: {""Carlos""=>""Excluded""}",10.1016/j.ocecoaman.2020.105324,Artisanal fisheries;Communication strategy;Decision making;Exchange and utilization of knowledge;Exchange of information;Fisheries;Fisheries management;Fishers' cooperatives;fishery management;Information dissemination;Information management;Jalisco;language;leadership;Mexico [North America];Pacific Coast [Mexico];Pacific Coast [North America];Research institutions;science and technology;Science communication;Scientific knowledge;Scientific researches;Small-scale fisheries;smallholder;Social appropriation of knowledge;social network;Social network analysis;Societal problems;Socio-ecological systems;Southern coast of jalisco;state role,,
rayyan-153486735,Support for decision making in conservation practice: An evidence-based approach,2003,,,Journal for Nature Conservation,,11,2,83-90,"Pullin, A.S. and Knight, T.M.",https://www.scopus.com/inward/record.uri?eid=2-s2.0-0041739035&doi=10.1078%2f1617-1381-00040&partnerID=40&md5=a891e4d611a31df83bb09672f8695c51,,,,,"<p>Export Date: 27 January 2025; Cited By: 190</p> | RAYYAN-INCLUSION: {""Philip""=>""Excluded"", ""Nibedita""=>""Excluded""}",10.1078/1617-1381-00040,Biodiveristy management;biodiversity;conservation management;Conservation management;Conservation policy;decision making;Decision support;Evidence-based practice,,
rayyan-153486741,"Effective use of data from monitoring programs and field studies for conservation decision making: Predictions, designs and models working together",2012,,,Journal of Ornithology,,152,,325-338,"Conroy, M.J. and Stodola, K.W. and Cooper, R.J.",https://www.scopus.com/inward/record.uri?eid=2-s2.0-84859266424&doi=10.1007%2fs10336-011-0687-0&partnerID=40&md5=e4df030a13cd5bcb27e761824f20a365,,,,,"<p>Export Date: 27 January 2025; Cited By: 7</p> | RAYYAN-INCLUSION: {""Alice""=>""Excluded""}",10.1007/s10336-011-0687-0,adaptive management;Adaptive management;Aves;Bayesian analysis;bird;Birds;climate change;Climate change;conservation management;decision making;ecological approach;ecological modeling;Models;monitoring system;North America;prediction;Prediction;species richness;terrestrial environment;theoretical study,,
rayyan-153486749,Ten simple rules to facilitate evidence implementation in the environmental sciences,2020,,,Facets,,5,1,642-650,"Lortie, C.J. and Owen, M.",https://www.scopus.com/inward/record.uri?eid=2-s2.0-85091429345&doi=10.1139%2fFACETS-2020-0021&partnerID=40&md5=e804aba64a13e0453f05e5f75a75e8d9,,,,,"<p>Export Date: 27 January 2025; Cited By: 5</p> | RAYYAN-INCLUSION: {""Prishnee""=>""Excluded"", ""Iris""=>""Excluded""}",10.1139/FACETS-2020-0021,Challenges;Conservation;Decision making;Environmental challenges;Evidence;Implementation;Scientific knowledge;Simple rules,,
rayyan-153486750,Integrating science into management of ecosystems in the greater blue mountains,2011,,,Environmental Management,,48,4,659-674,"Chapple, R.S. and Ramp, D. and Bradstock, R.A. and Kingsford, R.T. and Merson, J.A. and Auld, T.D. and Fleming, P.J.S. and Mulley, R.C.",https://www.scopus.com/inward/record.uri?eid=2-s2.0-80054764041&doi=10.1007%2fs00267-011-9721-5&partnerID=40&md5=36ff506e5020f5dbe4cf8b5301f69aff,,,,,"<p>Export Date: 27 January 2025; Cited By: 18</p> | RAYYAN-INCLUSION: {""Philip""=>""Excluded"", ""Prishnee""=>""Included""}",10.1007/s00267-011-9721-5,"adaptive management;Adaptive management;Adaptive Management;Animals;Animals, Wild;article;Australia;biodiversity;Biodiversity;Biodiversity conservation;Bushfire management;Canis familiaris;complexity;Conservation;conservation management;Conservation of Natural Resources;decision making;Decision making;Decision Making, Organizational;dog;Dogs;Ecosystem;ecosystem management;environmental management;environmental planning;environmental protection;Environmental protection;fire;fire management;Fires;geography;government;Information Dissemination;knowledge;Knowledge generation and uptake;Landforms;law;mountain environment;New South Wales;nonhuman;Organization and Administration;Planning Techniques;Project management;protected area;Protected area management;Research;science;stakeholder;state role;Sydney [New South Wales];wild species;Wild-dog management;World Heritage Site",,
rayyan-153486752,From ocean sprawl to blue-green infrastructure – A UK perspective on an issue of global significance,2019,,,Environmental Science and Policy,,91,,60-69,"Evans, A.J. and Firth, L.B. and Hawkins, S.J. and Hall, A.E. and Ironside, J.E. and Thompson, R.C. and Moore, P.J.",https://www.scopus.com/inward/record.uri?eid=2-s2.0-85055730552&doi=10.1016%2fj.envsci.2018.09.008&partnerID=40&md5=b99e5a0532bc6df2961d464e7905d55d,,,,,"<p>Export Date: 27 January 2025; Cited By: 61</p> | RAYYAN-INCLUSION: {""Sarah""=>""Excluded""}",10.1016/j.envsci.2018.09.008,article;Artificial structures;biodiversity;Biodiversity enhancement;Conservation;decision making;Ecological engineering;Marine management;proof of concept;Science-policy interface;sea,,
rayyan-153486753,Applying Governance Principles to Systematic Conservation Decision-Making in Queensland,2016,,,Environmental Policy and Governance,,26,6,452-467,"Kim, M.K. and Evans, L. and Scherl, L.M. and Marsh, H.",https://www.scopus.com/inward/record.uri?eid=2-s2.0-84992220769&doi=10.1002%2feet.1731&partnerID=40&md5=4af82fedd5d39c147f7e86aad089b9a6,,,,,"<p>Export Date: 27 January 2025; Cited By: 8</p> | RAYYAN-INCLUSION: {""Philip""=>""Included"", ""Aidan""=>""Included""}",10.1002/eet.1731,Australia;conservation planning;decision making;governance;governance approach;participation;participatory approach;perception;planning process;prioritization;Queensland;stakeholder;uptake;users,,
rayyan-153486762,Beliefs in Conflict: The Management of Teno Atlantic Salmon in the Sámi Homeland in Finland,2020,,,Environmental Management,,66,6,1039-1058,"Hiedanpää, J. and Saijets, J. and Jounela, P. and Jokinen, M. and Sarkki, S.",https://www.scopus.com/inward/record.uri?eid=2-s2.0-85095126572&doi=10.1007%2fs00267-020-01374-6&partnerID=40&md5=d59bcc9ebd0ea02612f6a897b12019be,,,,,"<p>Export Date: 27 January 2025; Cited By: 9</p> | RAYYAN-INCLUSION: {""Elina""=>""Excluded""}",10.1007/s00267-020-01374-6,anger;animal;Animals;article;Atlantic salmon;decision making;Decision making;Economic opportunities;Europe;Evidence- based decisions;Finland;Fisheries;fishery management;fishing;human;Humans;knowledge management;Knowledge management;Knowledge requirements;nonhuman;Norway;population group;Population Groups;river;river system;Rivers;Salmo salar;salmonid;self organizing map;Self organizing maps;Teno river;Teno River;tension;tourism;traditional knowledge;Traditional knowledge,,
rayyan-153486765,Why facts don't change minds: Insights from cognitive science for the improved communication of conservation research,2023,,,Biological Conservation,,278,,,"Toomey, A.H.",https://www.scopus.com/inward/record.uri?eid=2-s2.0-85146042846&doi=10.1016%2fj.biocon.2022.109886&partnerID=40&md5=8ce0888f0223a8eaeaa81c0ae31c49ca,,,,,"<p>Export Date: 27 January 2025; Cited By: 49</p> | RAYYAN-INCLUSION: {""Elina""=>""Excluded"", ""Alec""=>""Excluded""}",10.1016/j.biocon.2022.109886,Behavioral science;brain;cognition;Cognitive science;communication;conservation management;decision making;Evidence-based conservation;literacy;public attitude;Research impact;research work;Research-implementation spaces,,
rayyan-153486766,Environmental DNA (eDNA) applications in freshwater fisheries management and conservation in Canada: overview of current challenges and opportunities,2023,,,Canadian Journal of Fisheries and Aquatic Sciences,,80,7,1170-1186,"Bernos, T.A. and Yates, M.C. and Docker, M.F. and Fitzgerald, A. and Hanner, R. and Heath, D. and Imrit, A. and Livernois, J. and Myler, E. and Patel, K. and Sharma, S. and Young, R. and Mandrak, N.E.",https://www.scopus.com/inward/record.uri?eid=2-s2.0-85166169124&doi=10.1139%2fcjfas-2022-0162&partnerID=40&md5=369a9a1b63b50893eb33a536e5083e2b,,,,,"<p>Export Date: 27 January 2025; Cited By: 5</p> | RAYYAN-INCLUSION: {""Aidan""=>""Excluded""}",10.1139/cjfas-2022-0162,Canada;conservation status;detection method;fishery management;freshwater environment;metabarcoding;monitoring;polymerase chain reaction;qPCR;species detection,,
rayyan-153486770,Assessing Stakeholder Perspectives on the Impacts of a Decade of Collaborative Fisheries Research in the Gulf of Maine and Georges Bank,2010,,,Marine and Coastal Fisheries,,2,1,205-216,"Feeney, R.G. and la Valley, K.J. and Hall-Arber, M.",https://www.scopus.com/inward/record.uri?eid=2-s2.0-80053210133&doi=10.1577%2fC09-038.1&partnerID=40&md5=c46e3c2038b8abcfcd6479e140c89278,,,,,"<p>Export Date: 27 January 2025; Cited By: 14</p> | RAYYAN-INCLUSION: {""Carlos""=>""Excluded"", ""Elina""=>""Excluded""}",10.1577/C09-038.1,,,
rayyan-153486789,Threshold models in restoration and conservation: a developing framework,2009,,,Trends in Ecology and Evolution,,24,5,271-279,"Suding, K.N. and Hobbs, R.J.",https://www.scopus.com/inward/record.uri?eid=2-s2.0-64749093619&doi=10.1016%2fj.tree.2008.11.012&partnerID=40&md5=703c911da9cb92b78ee7461b07536293,,,,,"<p>Export Date: 27 January 2025; Cited By: 547</p> | RAYYAN-INCLUSION: {""Nibedita""=>""Excluded"", ""Isobel""=>""Excluded""}",10.1016/j.tree.2008.11.012,"animal;Animals;anthropogenic effect;biological model;Conservation of Natural Resources;decision making;ecosystem;Ecosystem;environmental modeling;environmental protection;environmental restoration;methodology;Models, Biological;nature conservation;review",,
rayyan-153486790,Use of evidence for decision-making by conservation practitioners in the illegal wildlife trade,2021,,,People and Nature,,3,5,1110-1126,"Arias, M. and Hinsley, A. and Milner-Gulland, E.J.",https://www.scopus.com/inward/record.uri?eid=2-s2.0-85115845892&doi=10.1002%2fpan3.10258&partnerID=40&md5=40826c59965adfc28b5de6dfe4957c9f,,,,,"<p>Export Date: 27 January 2025; Cited By: 1</p> | RAYYAN-INCLUSION: {""Nibedita""=>""Included"", ""Isobel""=>""Excluded""}",10.1002/pan3.10258,,,
rayyan-153486794,Considering cost alongside the effectiveness of management in evidence-based conservation: A systematic reporting protocol,2017,,,Biological Conservation,,209,,508-516,"Cook, C.N. and Pullin, A.S. and Sutherland, W.J. and Stewart, G.B. and Carrasco, L.R.",https://www.scopus.com/inward/record.uri?eid=2-s2.0-85016796340&doi=10.1016%2fj.biocon.2017.03.022&partnerID=40&md5=72ea9f195fe537d9989b02119e2a9569,,,,,"<p>Export Date: 27 January 2025; Cited By: 49</p> | RAYYAN-INCLUSION: {""Prishnee""=>""Excluded"", ""Aidan""=>""Excluded""}",10.1016/j.biocon.2017.03.022,Conservation decisions;Cost-benefit;Cost-utility;Evidence-based medicine;Practitioners;Sensitivity analysis;Testudines,,
rayyan-153486797,The ecosystem approach to fisheries management in the USA,2008,,,The Ecosystem Approach to Fisheries,,,,301-308,"Tromble, G.R.",https://www.scopus.com/inward/record.uri?eid=2-s2.0-84890302646&partnerID=40&md5=101f4d17642d5214c72498e3b60ba9f4,,,,,"<p>Export Date: 27 January 2025; Cited By: 6</p> | RAYYAN-INCLUSION: {""Alec""=>""Excluded""}",,,,
rayyan-153486800,"Technology and science in service of US oceans, coasts and great lakes",2012,,,Sea Technology,,53,1,11-Dec,"Holdren, J.P.",https://www.scopus.com/inward/record.uri?eid=2-s2.0-84872295526&partnerID=40&md5=fe464f2e0b3cb03132316286404de8c4,,,,,"<p>Export Date: 27 January 2025; Cited By: 0</p> | RAYYAN-INCLUSION: {""Philip""=>""Excluded""}",,biotechnology;coastal zone;Core values;decision making;ecosystem health;Ecosystem health;environmental protection;Great lakes;Great Lakes [North America];Lakes;Mapping capabilities;marine environment;marine policy;marine technology;national security;National security;Observation systems;Observational data;Ocean observations;Oceanography;policy implementation;Renewable energies;renewable resource;Resource use;Safety at sea;science and technology;Scientific information;sustainable development;United States;Weather and climate forecasts;weather forecasting,,
rayyan-153486802,Systems identification and the adaptive management of waterfowl in the United States,2001,,,Wildlife Biology,,7,,223-236,"Williams, B.K. and Nichols, J.D.",https://www.scopus.com/inward/record.uri?eid=2-s2.0-0034784574&doi=10.2981%2fwlb.2001.027&partnerID=40&md5=30a958502c4ded83718404f478cb2cc1,,,,,"<p>Export Date: 27 January 2025; Cited By: 8</p> | RAYYAN-INCLUSION: {""Philip""=>""Excluded"", ""Aidan""=>""Excluded""}",10.2981/wlb.2001.027,Adaptive management;Anas;Anatidae;Anser;Dynamic optimization;Harvest;Mallards;Population models;Sport hunting;Waterfowl,,
rayyan-153486809,"Insights on the use of decision-support tools to sustain forest ecosystems from a case study in Pennsylvania, USA",2018,,,Journal of Forestry,,116,4,391-395,"Rittenhouse, J. and Leites, L. and Derham, K. and Miller, S.",https://www.scopus.com/inward/record.uri?eid=2-s2.0-85049858491&doi=10.1093%2fjofore%2ffvy016&partnerID=40&md5=f7f2fa1605c3e8c8da39e387b70a773d,,,,,"<p>Export Date: 27 January 2025; Cited By: 0</p> | RAYYAN-INCLUSION: {""Philip""=>""Included""}",10.1093/jofore/fvy016,Conservation;decision making;Decision making;Decision Making;Decision support models;decision support system;Decision support systems;Decision support tools;Delivery methods;Department of Conservation;Ecological decision-making;Ecosystems;Evidence-based management;Evidence-based managements;forest ecosystem;forest management;Forest management;Forestry;Management process;Managers;Mixed-oak forests;Natural resources management;Pennsylvania;State-dependent;State-dependent management;Structured decisionmaking;United States;USA,,
rayyan-153486811,What drives policy decision-making related to species conservation?,2009,,,Biological Conservation,,142,7,1370-1380,"Martín-López, B. and Montes, C. and Ramírez, L. and Benayas, J.",https://www.scopus.com/inward/record.uri?eid=2-s2.0-67349267759&doi=10.1016%2fj.biocon.2009.01.030&partnerID=40&md5=08c365e35fee2dbc10bddaf19f8a3967,,,,,"<p>Export Date: 27 January 2025; Cited By: 157</p> | RAYYAN-INCLUSION: {""Carlos""=>""Excluded""}",10.1016/j.biocon.2009.01.030,biodiversity;Biodiversity;conservation planning;Conservation policy;decision making;endangered species;Endangered species;environmental policy;Eurasia;Europe;perception;policy analysis;public attitude;Public perception;public spending;Research funding;Scientific information;Southern Europe;Spain;species conservation,,
rayyan-153486814,Sharing victories: Characteristics of collaborative strategies of environmental non-governmental organizations in Canadian marine conservation,2020,,,Marine Policy,,115,,,"Cadman, R. and MacDonald, B.H. and Soomai, S.S.",https://www.scopus.com/inward/record.uri?eid=2-s2.0-85079559203&doi=10.1016%2fj.marpol.2020.103862&partnerID=40&md5=90d8ef2b3f8b3fcae598d72c7bcc1521,,,,,"<p>Export Date: 27 January 2025; Cited By: 26</p> | RAYYAN-INCLUSION: {""Philip""=>""Excluded"", ""Prishnee""=>""Included""}",10.1016/j.marpol.2020.103862,Canada;conservation planning;decision making;environmental management;Environmental non-governmental organizations;Informational governance;marine environment;marine park;Marine protected areas;nature conservation;nongovernmental organization;policy development;Science-policy interface;stakeholder;Stakeholder engagement,,
rayyan-153486818,Managers consider multiple lines of evidence important for biodiversity management decisions,2012,,,Journal of Environmental Management,,113,,341-346,"Cook, C.N. and Carter, R.W.B. and Fuller, R.A. and Hockings, M.",https://www.scopus.com/inward/record.uri?eid=2-s2.0-84869884743&doi=10.1016%2fj.jenvman.2012.09.002&partnerID=40&md5=6a9b4123ab56908269e6ee96ae7b69e9,,,,,"<p>Export Date: 27 January 2025; Cited By: 92</p> | RAYYAN-INCLUSION: {""Matthew""=>""Included"", ""Elina""=>""Included""}",10.1016/j.jenvman.2012.09.002,article;Australia;biodiversity;Biodiversity;Biodiversity managements;Conservation;conservation biology;Conservation management;Conservation practitioner;Conservation practitioners;decision making;Decision making;Decision-making;Decisions makings;ecology;ecosystem;empirical analysis;Environmental protection;Evidence;finance;habitat management;Management decisions;manager;prioritization;Prioritization;protected area;Protected areas;Science-based management;Scientific information,,
rayyan-153486824,Assessing conservation management's evidence base: A survey of management-plan compilers in the United Kingdom and Australia,2005,,,Conservation Biology,,19,6,1989-1996,"Pullin, A.S. and Knight, T.M.",https://www.scopus.com/inward/record.uri?eid=2-s2.0-33244493292&doi=10.1111%2fj.1523-1739.2005.00287.x&partnerID=40&md5=1167d3af902444c3ead85c221403cc74,,,,,"<p>Export Date: 27 January 2025; Cited By: 126</p> | RAYYAN-INCLUSION: {""Alice""=>""Included""}",10.1111/j.1523-1739.2005.00287.x,Australasia;Australia;biodiversity;Biodiversity conservation;conservation management;conservation planning;Conservation policy;Decision support;decision support system;Environmental management;Eurasia;Europe;protected area;Systematic review;United Kingdom;Western Europe,,
rayyan-153486837,Using technical assistance to bridge evidence-to-action gaps in biodiversity conservation,2024,,,Conservation Science and Practice,,6,10,,"Dubois, N.S. and Safford, K. and Hansen, L. and Roberts, A. and Carlson, S.",https://www.scopus.com/inward/record.uri?eid=2-s2.0-85205254812&doi=10.1111%2fcsp2.13234&partnerID=40&md5=334462e99fd1d249d51494f884e6fd83,,,,,"<p>Export Date: 27 January 2025; Cited By: 1</p> | RAYYAN-INCLUSION: {""Matthew""=>""Included""}",10.1111/csp2.13234,capacity development;conservation;decision support;evidence-based;evidence-informed decision-making;knowledge broker;research-implementation gap,,
rayyan-153486852,Integrating science into the design of the Tortugas Ecological Reserve,2003,,,Marine Technology Society Journal,,37,1,68-79,"Cowie-Haskell, B.D. and Delaney, J.M.",https://www.scopus.com/inward/record.uri?eid=2-s2.0-0042665192&doi=10.4031%2f002533203787537447&partnerID=40&md5=54baf660a8853cd750e6191673d2725a,,,,,"<p>Export Date: 27 January 2025; Cited By: 17</p> | RAYYAN-INCLUSION: {""Philip""=>""Excluded"", ""Tabitha""=>""Excluded"", ""Elina""=>""Included""}",10.4031/002533203787537447,Biodiversity;decision making;Ecological reserves;Ecosystems;environmental planning;Florida;Marine engineering;marine park;Planning;protected area;stakeholder;Tortugas Ecological Reserve;United States,,
rayyan-153486855,Navigating power imbalances in landscape governance: a network and influence analysis in southern Zambia,2023,,,Regional Environmental Change,,23,1,,"Siangulube, F.S. and Ros-Tonen, M.A.F. and Reed, J. and Djoudi, H. and Gumbo, D. and Sunderland, T.",https://www.scopus.com/inward/record.uri?eid=2-s2.0-85148371921&doi=10.1007%2fs10113-023-02031-4&partnerID=40&md5=aee97d8ee8884ec0090c92e71df514da,,,,,"<p>Export Date: 27 January 2025; Cited By: 8</p> | RAYYAN-INCLUSION: {""Tabitha""=>""Excluded""}",10.1007/s10113-023-02031-4,Influence analysis;Integrated landscape approaches;Landscape governance;Multi-stakeholder platforms;Network analysis;Power dynamics;Zambia,,
rayyan-153486863,The scientific strategy needed to promote a regional ecosystem-based approach to fisheries in the Mediterranean and Black Seas,2013,,,Reviews in Fish Biology and Fisheries,,23,4,415-434,"Coll, M. and Cury, P. and Azzurro, E. and Bariche, M. and Bayadas, G. and Bellido, J.M. and Chaboud, C. and Claudet, J. and El-Sayed, A.-F. and Gascuel, D. and Knittweis, L. and Pipitone, C. and Samuel-Rhoads, Y. and Taleb, S. and Tudela, S. and Valls, A.",https://www.scopus.com/inward/record.uri?eid=2-s2.0-84887619521&doi=10.1007%2fs11160-013-9305-y&partnerID=40&md5=7bafe278a2fce889eb2b1ea53da35939,,,,,"<p>Export Date: 27 January 2025; Cited By: 30</p> | RAYYAN-INCLUSION: {""Tabitha""=>""Included"", ""Elina""=>""Excluded""}",10.1007/s11160-013-9305-y,Black Sea;coastal protection;coastal zone management;Coordination;decision making;ecological approach;ecosystem approach;Ecosystem-based approach to fisheries (EAF);European Union;exploitation;fishery management;France;Herault;Languedoc-Roussillon;marine ecosystem;Mediterranean and Black Seas;Mediterranean Sea;Roadmap;Scientific network;Scientific strategy;Sete;stakeholder;strategic approach;Toolbox;trade-off;Transversal approach,,
rayyan-153486867,Bridging research and practice in conservation,2021,,,Conservation Biology,,35,6,1725-1737,"Kadykalo, A.N. and Buxton, R.T. and Morrison, P. and Anderson, C.M. and Bickerton, H. and Francis, C.M. and Smith, A.C. and Fahrig, L.",https://www.scopus.com/inward/record.uri?eid=2-s2.0-85107188326&doi=10.1111%2fcobi.13732&partnerID=40&md5=744e0de13d642e886fa66b4c816cd714,,,,,"<p>Export Date: 27 January 2025; Cited By: 56</p> | RAYYAN-INCLUSION: {""Matthew""=>""Excluded""}",10.1111/cobi.13732,biodiversity;Biodiversity;conservation management;Conservation of Natural Resources;conservation status;decision making;environmental evidence;environmental management;environmental protection;evidence-based conservation;evidence-informed decision making;human;Humans;knowledge broker;knowledge exchange;knowledge translation;natural resource management;organization;Organizations;personnel;research method;Research Personnel;research-implementation gap,,
rayyan-153486868,Combining participatory modelling and citizen science to support volunteer conservation action,2017,,,Biological Conservation,,208,,76-86,"Gray, S. and Jordan, R. and Crall, A. and Newman, G. and Hmelo-Silver, C. and Huang, J. and Novak, W. and Mellor, D. and Frensley, T. and Prysby, M. and Singer, A.",https://www.scopus.com/inward/record.uri?eid=2-s2.0-84964702835&doi=10.1016%2fj.biocon.2016.07.037&partnerID=40&md5=508af238eb9e4547009e3e220352c071,,,,,"<p>Export Date: 27 January 2025; Cited By: 74</p> | RAYYAN-INCLUSION: {""Alec""=>""Excluded""}",10.1016/j.biocon.2016.07.037,action plan;Citizen science;conservation planning;decision making;environmental planning;environmental research;Fuzzy cognitive mapping;fuzzy mathematics;land management;literature review;management practice;participatory approach;Participatory modelling;Public participation in scientific research (PPSR);software;United States;voluntary approach;World Wide Web,,
rayyan-153486869,Science to policy - Reflections on the South African reality,2016,,,South African Journal of Science,,112,11,,"Von Der Heyden, S. and Lukey, P. and Celliers, L. and Prochazka, K. and Lombard, A.T.",https://www.scopus.com/inward/record.uri?eid=2-s2.0-85001129183&doi=10.17159%2fsajs.2016%2fa0183&partnerID=40&md5=ca2dea2d7d9c9e7d0ee1868eaca19563,,,,,"<p>Export Date: 27 January 2025; Cited By: 8</p> | RAYYAN-INCLUSION: {""Matthew""=>""Excluded"", ""Philip""=>""Excluded"", ""Elina""=>""Included""}",10.17159/sajs.2016/a0183,academic research;annual review;coastal development;decision making;Evidencebased decision-making;interdisciplinary approach;knowledge economy;policy development;research and development;science and technology;Science-policy-management interface;South Africa;stakeholder;Transdisciplinarity,,
rayyan-153486872,Moving from decision to action in conservation science,2020,,,Biological Conservation,,249,,,"Wright, A.D. and Bernard, R.F. and Mosher, B.A. and O'Donnell, K.M. and Braunagel, T. and DiRenzo, G.V. and Fleming, J. and Shafer, C. and Brand, A.B. and Zipkin, E.F. and Campbell Grant, E.H.",https://www.scopus.com/inward/record.uri?eid=2-s2.0-85089338203&doi=10.1016%2fj.biocon.2020.108698&partnerID=40&md5=15b47ce6d114d7394fb95276ae09d8ce,,,,,"<p>Export Date: 27 January 2025; Cited By: 21</p> | RAYYAN-INCLUSION: {""Iris""=>""Included""}",10.1016/j.biocon.2020.108698,Amphibia;amphibian;conservation planning;Decision analysis;decision making;environmental planning;Evidence-based;Knowledge co-production;Natural resource management;publishing;research work;Research-implementation gap;science and technology;stakeholder;Translational ecology,,
rayyan-153486874,Improving the application of long-term ecology in conservation and land management,2014,,,Journal of Applied Ecology,,51,1,63-70,"Davies, A.L. and Colombo, S. and Hanley, N.",https://www.scopus.com/inward/record.uri?eid=2-s2.0-84892522273&doi=10.1111%2f1365-2664.12163&partnerID=40&md5=abbe8c1a2926878cc17a3f1e9fdf0859,,,,,"<p>Export Date: 27 January 2025; Cited By: 45</p> | RAYYAN-INCLUSION: {""Philip""=>""Included""}",10.1111/1365-2664.12163,Applied palaeoecology;Choice experiments;decision making;Decision-making framework;ecosystem dynamics;Evidence base;habitat conservation;integrated approach;Integrative ecology;land management;long-term change;Palaeoecology;paleoecology;Stated preferences;United Kingdom;Upland management,,
rayyan-153486881,Unintended Feedbacks: Challenges and Opportunities for Improving Conservation Effectiveness,2016,,,Conservation Letters,,9,5,316-326,"Larrosa, C. and Carrasco, L.R. and Milner-Gulland, E.J.",https://www.scopus.com/inward/record.uri?eid=2-s2.0-84963542003&doi=10.1111%2fconl.12240&partnerID=40&md5=fceaaf3df0d5a8583258d5b961a50f09,,,,,"<p>Export Date: 27 January 2025; Cited By: 94</p> | RAYYAN-INCLUSION: {""Alice""=>""Excluded""}",10.1111/conl.12240,human-environment systems frameworks;Integrated conservation and development;perverse outcomes;social-ecological system (SES);system dynamics;theory of change,,
rayyan-153486890,Community involvement in waterway management: Identifying and prioritising community behaviours to protect and enhance Melbourne's waterways,2024,,,Environmental Science and Policy,,161,,,"Hatty, M. and Boulet, M.",https://www.scopus.com/inward/record.uri?eid=2-s2.0-85202892663&doi=10.1016%2fj.envsci.2024.103877&partnerID=40&md5=b769c92b107aa8829e8ba28446ffbac0,,,,,"<p>Export Date: 27 January 2025; Cited By: 0</p> | RAYYAN-INCLUSION: {""Iris""=>""Excluded""}",10.1016/j.envsci.2024.103877,adoption;adult;aged;Article;Australia;behavior;Behaviour;biodiversity;Biodiversity conservation;community;community participation;community sample;conservation management;Conservation psychology;cooperative behavior;cost;decision making;Decision-making;economic incentive;education;evidence based practice;female;freshwater environment;human;information processing;local participation;major clinical study;male;Melbourne;mental effort;Prioritisation;prioritization;program development;protocol;revegetation;sediment;social interaction;time;Victoria [Australia];water management;waterway transport;Waterways,,
rayyan-153486898,From science to evidence - how biodiversity indicators can be used for effective marine conservation policy and management,2019,,,Frontiers in Marine Science,,6,,,"McQuatters-Gollop, A. and Mitchell, I. and Vina-Herbon, C. and Bedford, J. and Addison, P.F.E. and Lynam, C.P. and Geetha, P.N. and Vermeulan, E.A. and Smit, K. and Bayley, D.T.I. and Morris-Webb, E. and Niner, H.J. and Otto, S.A.",https://www.scopus.com/inward/record.uri?eid=2-s2.0-85065450089&doi=10.3389%2ffmars.2019.00109&partnerID=40&md5=6d4c4d2277d3df410122e4e6278d40e0,,,,,"<p>Export Date: 27 January 2025; Cited By: 46</p> | RAYYAN-INCLUSION: {""Carlos""=>""Excluded""}",10.3389/fmars.2019.00109,Assessment;Baselines;Cumulative effects;Ecosystem approach;Monitoring;Policy communication;Thresholds,,
rayyan-153486921,"Risk, regulation and offshore windfarms: Ways to manage environmental uncertainty and over-precaution",2024,,,Marine Pollution Bulletin,,202,,,"Nicholson, S.",https://www.scopus.com/inward/record.uri?eid=2-s2.0-85189090568&doi=10.1016%2fj.marpolbul.2024.116292&partnerID=40&md5=dafa2a56be8e8406759dd24b7396dcc9,,,,,"<p>Export Date: 27 January 2025; Cited By: 1</p> | RAYYAN-INCLUSION: {""Matthew""=>""Excluded""}",10.1016/j.marpolbul.2024.116292,anthropogenic effect;appetite;behavior;climate change;Climate Change;Collision risks;Conservation of Natural Resources;Decision makers;decision making;Decision making;Decision Making;Decisions makings;disaster;ecological impact;elasmobranch;electricity;electromagnetic field;Electromagnetic fields;electromagnetism;electrosensory system;emission control;environmental impact assessment;environmental management;environmental policy;Environmental Policy;environmental protection;Environmental regulations;environmental uncertainty;Environmental uncertainty;exploratory behavior;Gas emissions;government;greenhouse gas;greenhouse gas emission;Greenhouse gases;Greenhouse Gases;hemolymph;human;information processing;legislative implementation;magnetic field;marine environment;migration;monitoring;nature conservation;Offshore oil well production;offshore structure;Offshore windfarm;Offshores;pelagic species;policy approach;regulatory framework;renewable energy;Review;Risk appetite;risk assessment;Risk Assessment;risk management;Risk regulation;seabird;Seabird collision risk;telemetry;uncertainty;Uncertainty;United Kingdom;wind;Wind;wind farm;Wind farm,,
rayyan-153486928,Barriers to climate-adaptive management: A survey of wildlife researchers and managers in Wisconsin,2014,,,Wildlife Society Bulletin,,38,4,672-681,"Hagell, S. and Ribic, C.A.",https://www.scopus.com/inward/record.uri?eid=2-s2.0-84928880945&doi=10.1002%2fwsb.459&partnerID=40&md5=9614d79fd089f0611628c4991496dce8,,,,,"<p>Export Date: 27 January 2025; Cited By: 6</p> | RAYYAN-INCLUSION: {""Alice""=>""Included""}",10.1002/wsb.459,adaptive management;climate change;decision making;decision-making;implementation process;information sharing;research work;resource assessment;risk factor;risk perception;social network;species conservation;United States;wild population;wildlife management;Wisconsin,,
rayyan-153486931,Decision tools for managing biological invasions: Existing biases and future needs,2014,,,ORYX,,48,1,56-63,"Dana, E.D. and Jeschke, J.M. and García-De-Lomas, J.",https://www.scopus.com/inward/record.uri?eid=2-s2.0-84890545635&doi=10.1017%2fS0030605312001263&partnerID=40&md5=2cb78ae4e6a1165c70de4ab83c893458,,,,,"<p>Export Date: 27 January 2025; Cited By: 49</p> | RAYYAN-INCLUSION: {""Prishnee""=>""Excluded""}",10.1017/S0030605312001263,Australia;biological invasion;Biological invasions;conservation management;Cost-benefit;cost-benefit analysis;Cost-efficiency;decision making;Decision-making tools;Europe;invasive species;Management;management practice;nature conservation;North America;prioritization;risk factor;taxonomy,,
rayyan-153486933,Co-designing a toolkit for evidence-based decision making in conservation: Processes and lessons,2023,,,Ecological Solutions and Evidence,,4,3,,"Smith, R.K. and Morgan, W.H. and Al-Fulaij, N. and Amano, T. and Bowkett, A.E. and Christie, A. and Downey, H. and Frick, W.F. and O'Brien, D. and Ockendon, N. and Oppel, S. and Petrovan, S.O. and Righton, D. and Tinsley-Marshall, P. and Worthington, T.A. and Sutherland, W.J.",https://www.scopus.com/inward/record.uri?eid=2-s2.0-85171680484&doi=10.1002%2f2688-8319.12269&partnerID=40&md5=6eebed50a64eb10cfbe434c59e27bc00,,,,,"<p>Export Date: 27 January 2025; Cited By: 2</p> | RAYYAN-INCLUSION: {""Sarah""=>""Excluded""}",10.1002/2688-8319.12269,co-design;co-production;conservation evidence;conservation practice;decision support tools;research implementation gap;stakeholder engagement,,
rayyan-153486939,Organising evidence for environmental management decisions: A '4S' hierarchy,2014,,,Trends in Ecology and Evolution,,29,11,607-613,"Dicks, L.V. and Walsh, J.C. and Sutherland, W.J.",https://www.scopus.com/inward/record.uri?eid=2-s2.0-84908229670&doi=10.1016%2fj.tree.2014.09.004&partnerID=40&md5=5ef17a408e67d319044d88acef6f8d69,,,,,"<p>Export Date: 27 January 2025; Cited By: 173</p> | RAYYAN-INCLUSION: {""Iris""=>""Excluded""}",10.1016/j.tree.2014.09.004,Choice Behavior;Conservation of Natural Resources;decision making;Decision Making;decision support system;Ecology;Environmental decision-making;environmental management;Environmental management;environmental policy;Environmental Policy;Evidence;Evidence-based conservation;Information;methods;natural resource;Policy;Policy Making;Practice,,
rayyan-153486951,Communication Approaches and Specialists that Can Improve Fisheries Management,2024,,,Fisheries,,49,7,319-326,"Robison, V. and Jones, M. and Erickson, B. and Biedenweg, K.",https://www.scopus.com/inward/record.uri?eid=2-s2.0-85190401780&doi=10.1002%2ffsh.11090&partnerID=40&md5=cc96691ec8ba86c26e44169b4db9a73a,,,,,"<p>Export Date: 27 January 2025; Cited By: 1</p> | RAYYAN-INCLUSION: {""Tabitha""=>""Excluded"", ""Elina""=>""Excluded""}",10.1002/fsh.11090,,,
rayyan-153486961,A step-wise process of decision-making under uncertainty when implementing environmental policy,2014,,,Environmental Science and Policy,,39,,56-64,"Knights, A.M. and Culhane, F. and Hussain, S.S. and Papadopoulou, K.N. and Piet, G.J. and Raakær, J. and Rogers, S.I. and Robinson, L.A.",https://www.scopus.com/inward/record.uri?eid=2-s2.0-84896326757&doi=10.1016%2fj.envsci.2014.02.010&partnerID=40&md5=b319f984c5dd8f5ae6334b11917e4d70,,,,,"<p>Export Date: 27 January 2025; Cited By: 45</p> | RAYYAN-INCLUSION: {""Isobel""=>""Excluded""}",10.1016/j.envsci.2014.02.010,article;climate change;decision making;Ecosystem approach;environmental factor;environmental management;environmental planning;evidence based practice;global climate;Governance;human activities;Indicators;Management;marine environment;Measures;priority journal;Socio-economics;uncertainty,,
rayyan-153486962,Do conservation managers use scientific evidence to support their decision-making?,2004,,,Biological Conservation,,119,2,245-252,"Pullin, A.S. and Knight, T.M. and Stone, D.A. and Charman, K.",https://www.scopus.com/inward/record.uri?eid=2-s2.0-2942722761&doi=10.1016%2fj.biocon.2003.11.007&partnerID=40&md5=f4ae230618416709f732bab7d8be364d,,,,,"<p>Export Date: 27 January 2025; Cited By: 488</p> | RAYYAN-INCLUSION: {""Alice""=>""Included""}",10.1016/j.biocon.2003.11.007,Biodiversity management;conservation management;Conservation management;Conservation policy;Conservation practice;decision analysis;decision making;Decision support;Eurasia;Europe;land management;United Kingdom;Western Europe,,
rayyan-153486964,A Narrative Policy Approach to Environmental Conservation,2014,,,Ambio,,43,7,849-857,"Lawton, R.N. and Rudd, M.A.",https://www.scopus.com/inward/record.uri?eid=2-s2.0-84910133210&doi=10.1007%2fs13280-014-0497-8&partnerID=40&md5=14ce9dc802dbf13d37e49d39becf2899,,,,,"<p>Export Date: 27 January 2025; Cited By: 27</p> | RAYYAN-INCLUSION: {""Alice""=>""Excluded""}",10.1007/s13280-014-0497-8,"analytical method;article;Conservation of Natural Resources;Context;Converger;decision making;Diverger;Ecosystem services;environmental policy;environmental protection;methodology;Models, Theoretical;Narrative Policy Framework;policy;policy making;political theory;Public Policy;research;Research;Research impacts;theoretical model;United Kingdom",,
rayyan-153486968,The decision maker’s lament: If I only had some science!,2024,,,Ambio,,53,6,898-906,"Bisbal, G.A.",https://www.scopus.com/inward/record.uri?eid=2-s2.0-85187167130&doi=10.1007%2fs13280-024-01986-w&partnerID=40&md5=410360b80665938328768829273a6480,,,,,"<p>Export Date: 27 January 2025; Cited By: 0</p> | RAYYAN-INCLUSION: {""Isobel""=>""Excluded""}",10.1007/s13280-024-01986-w,Actionable science;Conservation of Natural Resources;decision making;Decision making;Decision Making;environmental management;Environmental management;environmental protection;human;Humans;information system;knowledge;procedures;science;Science;Usable knowledge,,
rayyan-153486972,Overcoming barriers to knowledge exchange for adaptive resource management; the perspectives of Australian marine scientists,2015,,,Marine Policy,,52,,38-44,"Cvitanovic, C. and Hobday, A.J. and Van Kerkhoff, L. and Marshall, N.A.",https://www.scopus.com/inward/record.uri?eid=2-s2.0-84910629316&doi=10.1016%2fj.marpol.2014.10.026&partnerID=40&md5=9ddb550da18f137f9a8118b9aa4ba10e,,,,,"<p>Export Date: 27 January 2025; Cited By: 94</p> | RAYYAN-INCLUSION: {""Philip""=>""Included"", ""Carlos""=>""Included"", ""Tabitha""=>""Included"", ""Prishnee""=>""Included"", ""Valentin""=>""Excluded"", ""fereshteh""=>""Excluded"", ""Aidan""=>""Included"", ""Nibedita""=>""Included"", ""Isobel""=>""Excluded""}",10.1016/j.marpol.2014.10.026,adaptive management;Australia;decision making;Decision-making;environmental management;Institutional barriers;institutional framework;Institutional innovation;marine resource;Mentoring;resource management;Science funding;Science impact;sustainability,,
rayyan-153486985,How experimental biology and ecology can support evidence-based decision-making in conservation: Avoiding pitfalls and enabling application,2017,,,Conservation Physiology,,5,1,,"Cooke, S.J. and Birnie-Gauvin, K. and Lennox, R.J. and Taylor, J.J. and Rytwinski, T. and Rummer, J.L. and Franklin, C.E. and Bennett, J.R. and Haddaway, N.R.",https://www.scopus.com/inward/record.uri?eid=2-s2.0-85042800848&doi=10.1093%2fconphys%2fcox043&partnerID=40&md5=7f98fd24c90b36c3edc984c406627699,,,,,"<p>Export Date: 27 January 2025; Cited By: 53</p> | RAYYAN-INCLUSION: {""Alice""=>""Excluded""}",10.1093/conphys/cox043,Evidence;Experimental biology and ecology;Relevance;Reliability,,
rayyan-153486992,Designing Monitoring Programs for Marine Protected Areas Within an Evidence Based Decision Making Paradigm,2019,,,Frontiers in Marine Science,,6,,,"Hayes, K.R. and Hosack, G.R. and Lawrence, E. and Hedge, P. and Barrett, N.S. and Przeslawski, R. and Caley, M.J. and Foster, S.D.",https://www.scopus.com/inward/record.uri?eid=2-s2.0-85076891854&doi=10.3389%2ffmars.2019.00746&partnerID=40&md5=77503eb06a0f9372c973256f7b07baca,,,,,"<p>Export Date: 27 January 2025; Cited By: 21</p> | RAYYAN-INCLUSION: {""Matthew""=>""Excluded""}",10.3389/fmars.2019.00746,causality;design methodology;EBDM;marine protected area;monitoring,,
rayyan-153487004,Institutional inertia in European fisheries – Insights from the Atlantic horse mackerel case,2021,,,Marine Policy,,128,,,"Schuch, E. and Gabbert, S. and Richter, A.P.",https://www.scopus.com/inward/record.uri?eid=2-s2.0-85102139826&doi=10.1016%2fj.marpol.2021.104464&partnerID=40&md5=96f70c707b208a378bd818e77b231a92,,,,,"<p>Export Date: 27 January 2025; Cited By: 7</p> | RAYYAN-INCLUSION: {""Philip""=>""Excluded"", ""Aidan""=>""Excluded""}",10.1016/j.marpol.2021.104464,Climate change;commercial species;Europe;Fisheries management;fishery management;inertia;institutional framework;Institutional inertia;mariculture;Matthiola;quota system;Science-policy interface;spatial analysis;stock assessment;Trachurus trachurus;Value of information,,
rayyan-153487005,Exploring Institutional Mechanisms for Scientific Input into the Management Cycle of the National Protected Area Network of Peru: Gaps and Opportunities,2017,,,Environmental Management,,60,6,1022-1041,"López-Rodríguez, M.D. and Castro, H. and Arenas, M. and Requena-Mullor, J.M. and Cano, A. and Valenzuela, E. and Cabello, J.",https://www.scopus.com/inward/record.uri?eid=2-s2.0-85029001749&doi=10.1007%2fs00267-017-0929-x&partnerID=40&md5=8f5de76eaa615587578b0aee42e065d4,,,,,"<p>Export Date: 27 January 2025; Cited By: 8</p> | RAYYAN-INCLUSION: {""Sarah""=>""Included""}",10.1007/s00267-017-0929-x,Conservation;conservation management;Conservation of Natural Resources;conservation planning;Conservation practices;Decision makers;decision making;Decision making;Decision Making;Decisions makings;empirical research;environmental policy;Environmental Policy;environmental protection;Environmental protection;evidence based practice center;Evidence-based;Evidence-based conservation;exploration;governance approach;government regulation;Government Regulation;human;human experiment;Information management;institutional framework;interdisciplinary approach;interdisciplinary research;Interdisciplinary Research;legislation and jurisprudence;management;Management cycle;methodology;national planning;organization and management;perception;Peru;policy making;Policy Making;procedures;protected area;Protected Area;Protected areas;questionnaire;questionnaire survey;Research;Research Design;research work;Science policies;Science-policy gap;Science-policy gaps;scientist;Surveys;Transdisciplinary research;trends,,
rayyan-153487007,Poor availability of context-specific evidence hampers decision-making in conservation,2020,,,Biological Conservation,,248,,,"Christie, A.P. and Amano, T. and Martin, P.A. and Petrovan, S.O. and Shackelford, G.E. and Simmons, B.I. and Smith, R.K. and Williams, D.R. and Wordley, C.F.R. and Sutherland, W.J.",https://www.scopus.com/inward/record.uri?eid=2-s2.0-85087208572&doi=10.1016%2fj.biocon.2020.108666&partnerID=40&md5=cd5a4d7586f3b124dd0a095cec023afd,,,,,"<p>Export Date: 27 January 2025; Cited By: 69</p> | RAYYAN-INCLUSION: {""Alec""=>""Excluded""}",10.1016/j.biocon.2020.108666,Amphibia;amphibian;Aves;bird;Conservation evidence;conservation planning;conservation status;decision making;Evidence-based conservation;External validity;Generalizability;Russian Federation;South America;Southeast Asia;Study design;Sub-Saharan Africa;Synthesis,,
rayyan-153487008,Avoiding a Post-truth World: Embracing Post-normal Conservation,2018,,,Conservation and Society,,16,4,518-524,"Rose, D.C.",https://www.scopus.com/inward/record.uri?eid=2-s2.0-85056762995&doi=10.4103%2fcs.cs_17_131&partnerID=40&md5=23c9ac88e31d30cacc5d8fe7e32ba41e,,,,,"<p>Export Date: 27 January 2025; Cited By: 36</p> | RAYYAN-INCLUSION: {""Tabitha""=>""Excluded""}",10.4103/cs.cs_17_131,evidence-informed policy;post-normal science;post-truth;science communication;science-policy,,
rayyan-153487012,"Communication between scientists, fishery managers and recreational fishers: Lessons learned from a comparative analysis of international case studies",2013,,,Fisheries Management and Ecology,,20,2,234-246,"Dedual, M. and Sague Pla, O. and Arlinghaus, R. and Clarke, A. and Ferter, K. and Geertz Hansen, P. and Gerdeaux, D. and Hames, F. and Kennelly, S.J. and Kleiven, A.R. and Meraner, A. and Ueberschär, B.",https://www.scopus.com/inward/record.uri?eid=2-s2.0-84875051808&doi=10.1111%2ffme.12001&partnerID=40&md5=4af4b2107441e1224c7271ba57cf7476,,,,,"<p>Export Date: 27 January 2025; Cited By: 59</p> | RAYYAN-INCLUSION: {""Alec""=>""Included""}",10.1111/fme.12001,Anglers;angling;Collaboration;Communication;communication behavior;comparative study;Fishers;fishery management;Managers;Recreational fishing;Scientists;stakeholder,,
rayyan-153487039,Reducing the gap between scientific knowledge and decision-making processes in a threatened species,2021,,,Biological Conservation,,256,,,"Plaza, P.I. and Lambertucci, S.A.",https://www.scopus.com/inward/record.uri?eid=2-s2.0-85098151467&doi=10.1016%2fj.biocon.2020.108924&partnerID=40&md5=0950464e83ef8a8ddfa4e1b8661e1acd,,,,,"<p>Export Date: 27 January 2025; Cited By: 5</p> | RAYYAN-INCLUSION: {""Alice""=>""Excluded""}",10.1016/j.biocon.2020.108924,Gymnogyps;Vultur gryphus,,
rayyan-153487040,Considering science needs to deliver actionable science,2023,,,Conservation Biology,,37,1,,"Bisbal, G.A. and Eaton, M.J.",https://www.scopus.com/inward/record.uri?eid=2-s2.0-85141514059&doi=10.1111%2fcobi.14013&partnerID=40&md5=c87582577811400a23165b9e88ff27f7,,,,,"<p>Export Date: 27 January 2025; Cited By: 7</p> | RAYYAN-INCLUSION: {""Carlos""=>""Excluded""}",10.1111/cobi.14013,Communication;conservation management;Conservation of Natural Resources;decision analysis;decision maker;decision making;Decision Making;environmental protection;gap analysis;human;Humans;interpersonal communication;natural resource;Natural Resources;needs assessment;organization;Organizations;problem framing;resource management;stakeholder,,
rayyan-153487042,Integrating Remote Sensing into Wildlife Monitoring for Conservation,2019,,,Environmental Conservation,,46,3,181-183,"Stephenson, P.J.",https://www.scopus.com/inward/record.uri?eid=2-s2.0-85068121020&doi=10.1017%2fS0376892919000092&partnerID=40&md5=8fd2546277e2a4774740a9da31f8c793,,,,,"<p>Export Date: 27 January 2025; Cited By: 32</p> | RAYYAN-INCLUSION: {""Alice""=>""Excluded""}",10.1017/S0376892919000092,adaptive management;Adaptive Management;Animals;Conservation;Data collection;Data handling;Decision makers;decision making;Decision making;environmental indicator;indicators;Indicators (instruments);monitoring;Monitoring;nature conservation;Population statistics;remote sensing;Remote sensing;Technological advances;Time-series data;wildlife;Wildlife conservation;wildlife management;Wildlife monitoring,,
rayyan-153487044,Social science for conservation in working landscapes and seascapes,2022,,,Frontiers in Conservation Science,,3,,,"Bennett, N.J. and Dodge, M. and Akre, T.S. and Canty, S.W.J. and Chiaravalloti, R. and Dayer, A.A. and Deichmann, J.L. and Gill, D. and McField, M. and McNamara, J. and Murphy, S.E. and Nowakowski, A.J. and Songer, M.",https://www.scopus.com/inward/record.uri?eid=2-s2.0-85144420967&doi=10.3389%2ffcosc.2022.954930&partnerID=40&md5=681b4727a666e27e75c1f108f28ca488,,,,,"<p>Export Date: 27 January 2025; Cited By: 9</p> | RAYYAN-INCLUSION: {""Alice""=>""Excluded""}",10.3389/fcosc.2022.954930,biodiversity conservation;conservation social science;human dimensions;integrated conservation;landscapes;marine social science;seascapes;social-ecological systems,,
rayyan-153487045,More than money - The costs of knowledge exchange at the interface of science and policy,2022,,,Ocean and Coastal Management,,225,,,"Karcher, D.B. and Cvitanovic, C. and Shellock, R. and Hobday, A.J. and Stephenson, R.L. and Dickey-Collas, M. and van Putten, I.E.",https://www.scopus.com/inward/record.uri?eid=2-s2.0-85130355851&doi=10.1016%2fj.ocecoaman.2022.106194&partnerID=40&md5=b32776f77b00dab7c5aae336802c6f90,,,,,"<p>Export Date: 27 January 2025; Cited By: 30</p> | RAYYAN-INCLUSION: {""Aidan""=>""Excluded""}",10.1016/j.ocecoaman.2022.106194,Budget control;Costs;decision making;Decision making;Decisions makings;Evidence-informed decision-making;governance approach;Informed decision;knowledge;Knowledge co productions;Knowledge co-production;Knowledge exchange;Knowledge management;marine environment;Marine environment;Marine governance;Monetary costs;policy approach;Project leaders;Research impact;Research impacts;Science funding;Science fundings,,
rayyan-153487046,The interagency creeks and communities strategy: Creating healthy streams and wetlands by bringing people together,2012,,,Rangelands,,34,4,05-Oct,"Van Riper, L.",https://www.scopus.com/inward/record.uri?eid=2-s2.0-84865766992&doi=10.2111%2fRANGELANDS-D-12-00013.1&partnerID=40&md5=9983fc6003b32d40edf63d24cb227f85,,,,,"<p>Export Date: 27 January 2025; Cited By: 2</p> | RAYYAN-INCLUSION: {""Philip""=>""Excluded"", ""Elina""=>""Included""}",10.2111/RANGELANDS-D-12-00013.1,decision making;facilitation;nongovernmental organization;partnership approach;restoration ecology;riparian vegetation;United States;wetland management,,
rayyan-153487052,What happens at the gap between knowledge and practice? Spaces of encounter and misencounter between environmental scientists and local people,2016,,,Ecology and Society,,21,2,,"Toomey, A.H.",https://www.scopus.com/inward/record.uri?eid=2-s2.0-84976532458&doi=10.5751%2fES-08409-210228&partnerID=40&md5=7dcd0035351f17b52886409ac73d1d64,,,,,"<p>Export Date: 27 January 2025; Cited By: 55</p> | RAYYAN-INCLUSION: {""Matthew""=>""Included""}",10.5751/ES-08409-210228,action plan;Bolivia;Encounter;environmental research;global change;Impact agenda;Knowing-doing gap;knowledge;Knowledge-exchange;La Paz [Bolivia];Madidi National Park;management practice;nature-society relations;protected area;Research-action,,
rayyan-153487060,Evaluation of the use of scientific information in developing the 1997 Forest plan for the Tongass National Forest,1997,,,"General Technical Report - US Department of Agriculture, Forest Service",,,415,,"Everest, F.H. and Swanston, D.N. and Smith, W.P. and Julin, K.R. and Allen, S.D.",https://www.scopus.com/inward/record.uri?eid=2-s2.0-0031402077&partnerID=40&md5=aa311787b89213d74fb2a09284d66427,,,,,"<p>Export Date: 27 January 2025; Cited By: 11</p> | RAYYAN-INCLUSION: {""Nibedita""=>""Excluded"", ""Isobel""=>""Excluded""}",,"decision making;forest management;management approach;resources management;temperate rainforest;USA,Alaska,Tongass National Forest",,
rayyan-153487077,Canadian Healthy Oceans network (CHONe): An academic-government partnership to develop scientific guidelines for conservation and sustainable usage of marine biodiversity,2012,,,Fisheries,,37,7,296-304,"Snelgrove, P.V.R. and Archambault, P. and Kim Juniper, S. and Lawton, P. and Metaxas, A. and Pepin, P. and Rice, J.C. and Tunnicliffe, V.",https://www.scopus.com/inward/record.uri?eid=2-s2.0-84863993907&partnerID=40&md5=28a3e0dadee0927746aaeaf3e0688889,,,,,"<p>Export Date: 27 January 2025; Cited By: 11</p> | RAYYAN-INCLUSION: {""Philip""=>""Excluded"", ""Prishnee""=>""Excluded""}",,Chone,,
rayyan-153487083,"Acting in the face of evidentiary ambiguity, bias, and absence arising from systematic reviews in applied environmental science",2021,,,Science of the Total Environment,,775,,,"Rytwinski, T. and Cooke, S.J. and Taylor, J.J. and Roche, D.G. and Smith, P.A. and Mitchell, G.W. and Smokorowski, K.E. and Prior, K.A. and Bennett, J.R.",https://www.scopus.com/inward/record.uri?eid=2-s2.0-85101509855&doi=10.1016%2fj.scitotenv.2021.145122&partnerID=40&md5=e6d443702f2a3759087d9a178b3fbe93,,,,,"<p>Export Date: 27 January 2025; Cited By: 10</p> | RAYYAN-INCLUSION: {""Prishnee""=>""Excluded""}",10.1016/j.scitotenv.2021.145122,decision making;empiricism;Environmental evidence;environmental science;Evidence synthesis;Evidence-based decision-making;Evidentiary uncertainty;gold standard;human;Meta-analysis;note;physician;reliability;synthesis;systematic review;uncertainty;validity,,
rayyan-153487085,Closing the knowledge-action gap in conservation with open science,2022,,,Conservation Biology,,36,3,,"Roche, D.G. and O'Dea, R.E. and Kerr, K.A. and Rytwinski, T. and Schuster, R. and Nguyen, V.M. and Young, N. and Bennett, J.R. and Cooke, S.J.",https://www.scopus.com/inward/record.uri?eid=2-s2.0-85120315751&doi=10.1111%2fcobi.13835&partnerID=40&md5=2b584636c3876f45b3c95f46d19c322f,,,,,"<p>Export Date: 27 January 2025; Cited By: 35</p> | RAYYAN-INCLUSION: {""Philip""=>""Excluded"", ""Nibedita""=>""Excluded""}",10.1111/cobi.13835,acceso abierto;biodiversity;Biodiversity;capacity building;código abierto;Conservation of Natural Resources;critical appraisal;datos abiertos;decision making;environmental protection;evidence-based decision-making;farmers knowledge;human;Humans;knowledge mobilization;movilización del conocimiento;open access;open code;open data;open education resources;personnel;recursos educativos abiertos;Research Personnel;toma de decisiones basada en evidencias;transparencia;transparency;valuación crítica;严格评价;开放代码;开放存取;开放教育资源;开放数据;循证决策;知识动员;透明度,,
rayyan-153487087,How Conservation Practice Can Generate Evidence,2022,,,Transforming Conservation: A Practical Guide to Evidence and Decision Making,,,,305-330,"Ockendon, N. and Cadotte, M.W. and Eklund, J. and Ferraro, P.J. and Fisher, M. and Hancock, M. and Worthington, T.A.",https://www.scopus.com/inward/record.uri?eid=2-s2.0-85174118940&doi=10.11647%2fOBP.0321.10&partnerID=40&md5=ce639d67e82fb9571294dc1c266e0fb8,,,,,"<p>Export Date: 27 January 2025; Cited By: 0</p> | RAYYAN-INCLUSION: {""Alice""=>""Excluded""}",,,,
rayyan-153487101,Knowledge exchange and policy influence in a marine resource governance network,2012,,,Global Environmental Change,,22,1,178-188,"Weiss, K. and Hamann, M. and Kinney, M. and Marsh, H.",https://www.scopus.com/inward/record.uri?eid=2-s2.0-84855992192&doi=10.1016%2fj.gloenvcha.2011.09.007&partnerID=40&md5=e1f8276375e00733b0c7b09cc613dc44,,,,,"<p>Export Date: 27 January 2025; Cited By: 93</p> | RAYYAN-INCLUSION: {""Elina""=>""Included"", ""Alec""=>""Included""}",10.1016/j.gloenvcha.2011.09.007,Australia;Cheloniidae;Co-management;Cross-scale;ecosystem resilience;governance approach;marine mammal;Marine wildlife;Natural resource management;policy making;Resource governance;resource management;social network;Social networks;Social-ecological resilience;stakeholder;Testudines;turtle;wildlife management,,
rayyan-153487102,"Risks, decisions and biological conservation",2013,,,Diversity and Distributions,,19,5,485-489,"Burgman, M.A. and Yemshanov, D.",https://www.scopus.com/inward/record.uri?eid=2-s2.0-84877342990&doi=10.1111%2fddi.12060&partnerID=40&md5=f003c0a648df6747e1e338b8fd25cc1b,,,,,"<p>Export Date: 27 January 2025; Cited By: 18</p> | RAYYAN-INCLUSION: {""Aidan""=>""Excluded""}",10.1111/ddi.12060,Biosecurity;conservation management;Decision analysis;decision making;global perspective;Invasive species;Policy;policy development;population distribution;population modeling;Population viability;risk assessment;Risk assessment;Spatial analysis;species diversity;Threatened species;Uncertainty,,
rayyan-153487105,The Canadian context for evidence-based conservation and environmental management,2016,,,Environmental Evidence,,5,1,,"Cooke, S.J. and Rice, J.C. and Prior, K.A. and Bloom, R. and Jensen, O. and Browne, D.R. and Donaldson, L.A. and Bennett, J.R. and Vermaire, J.C. and Auld, G.",https://www.scopus.com/inward/record.uri?eid=2-s2.0-84978531977&doi=10.1186%2fs13750-016-0065-8&partnerID=40&md5=c242c24069a39e818ef89f5cfcac7da1,,,,,"<p>Export Date: 27 January 2025; Cited By: 23</p> | RAYYAN-INCLUSION: {""Carlos""=>""Excluded"", ""Elina""=>""Excluded""}",10.1186/s13750-016-0065-8,Canada;Conservation;Decision-making;Evidence;Resource management;Science-Policy Interface,,
rayyan-153487107,Achieving conservation science that bridges the knowledge-action boundary,2013,,,Conservation Biology,,27,4,669-678,"Cook, C.N. and Mascia, M.B. and Schwartz, M.W. and Possingham, H.P. and Fuller, R.A.",https://www.scopus.com/inward/record.uri?eid=2-s2.0-84880699866&doi=10.1111%2fcobi.12050&partnerID=40&md5=a788d82786dd66be56f2e3890a84f35e,,,,,"<p>Export Date: 27 January 2025; Cited By: 398</p> | RAYYAN-INCLUSION: {""Carlos""=>""Excluded""}",10.1111/cobi.12050,action plan;article;boundary organizations;Boundary organizations;boundary science;Boundary science;ciencia de frontera;Conservation of Natural Resources;conservation planning;decision making;Decision making;ecology;Ecology;environmental management;Environmental management;environmental protection;implementation gap;Implementation gap;implementation process;incertidumbre científica;knowledge;management;manejo ambiental;methodology;organizaciones de frontera;policy;Policy Making;Public Policy;research and development;Research Design;resource management;scientific uncertainty;Scientific uncertainty;toma de decisiones;vacío de implementación,,
rayyan-153487109,Stakeholder-led science: Engaging resource managers to identify science needs for long-term management of floodplain conservation lands,2016,,,Ecology and Society,,21,3,,"Bouska, K.L. and Lindner, G.A. and Paukert, C.P. and Jacobson, R.B.",https://www.scopus.com/inward/record.uri?eid=2-s2.0-84989154353&doi=10.5751%2fES-08620-210312&partnerID=40&md5=9ed5c3bc33693ffb8b7891dc3a39f8a0,,,,,"<p>Export Date: 27 January 2025; Cited By: 8</p> | RAYYAN-INCLUSION: {""Tabitha""=>""Included"", ""Elina""=>""Included""}",10.5751/ES-08620-210312,Aves;conservation management;decision making;floodplain;Floodplain management;guideline;Inundation;Large rivers;Mississippi River;Mississippi river basin;Missouri River;Nonstationarity;participatory approach;Reptilia;resource management;stakeholder;targeting;United States,,
rayyan-153487118,Tracking wetland loss to improve evidence-based wetland policy learning and decision making,2014,,,Wetlands Ecology and Management,,22,3,235-245,"Clare, S. and Creed, I.F.",https://www.scopus.com/inward/record.uri?eid=2-s2.0-84900443682&doi=10.1007%2fs11273-013-9326-2&partnerID=40&md5=f5df5742279ad0a9a7beb2f775ae8562,,,,,"<p>Export Date: 27 January 2025; Cited By: 45</p> | RAYYAN-INCLUSION: {""Philip""=>""Excluded"", ""Sarah""=>""Included""}",10.1007/s11273-013-9326-2,Alberta;Canada;Compensation;Conservation;conservation management;decision making;governance approach;habitat loss;inventory;Inventory;local government;Policy analytic capacity;remote sensing;Remote sensing;tracking;wetland;Wetland;wetland management,,
rayyan-153487121,Doing more good than harm - Building an evidence-base for conservation and environmental management,2009,,,Biological Conservation,,142,5,931-934,"Pullin, A.S. and Knight, T.M.",https://www.scopus.com/inward/record.uri?eid=2-s2.0-62049085110&doi=10.1016%2fj.biocon.2009.01.010&partnerID=40&md5=31152608cd0d89c70b44c6523f5fecde,,,,,"<p>Export Date: 27 January 2025; Cited By: 210</p> | RAYYAN-INCLUSION: {""Philip""=>""Excluded""}",10.1016/j.biocon.2009.01.010,adaptive management;Adaptive management;biodiversity;conservation management;Conservation management;Conservation planning;Conservation policy;decision making;Environmental evidence;environmental policy;health care;literature review;Systematic review,,
rayyan-153487126,From Climate Change to Pandemics: Decision Science Can Help Scientists Have Impact,2022,,,Frontiers in Ecology and Evolution,,10,,,"Baker, C.M. and Campbell, P.T. and Chades, I. and Dean, A.J. and Hester, S.M. and Holden, M.H. and McCaw, J.M. and McVernon, J. and Moss, R. and Shearer, F.M. and Possingham, H.P.",https://www.scopus.com/inward/record.uri?eid=2-s2.0-85125469053&doi=10.3389%2ffevo.2022.792749&partnerID=40&md5=3886267fd68ab3a15bee41bcfd39c0a4,,,,,"<p>Export Date: 27 January 2025; Cited By: 9</p> | RAYYAN-INCLUSION: {""Philip""=>""Excluded"", ""Aidan""=>""Excluded"", ""Isobel""=>""Excluded""}",10.3389/fevo.2022.792749,conservation;decision making;epidemiology;modeling;public policy,,
rayyan-153487127,Structured decision making to navigate trade-offs between multiple conservation values in threatened grasslands,2023,,,Conservation Science and Practice,,5,7,,"Regan, T.J. and MacHunter, J. and Sinclair, S.J. and Bruce, M.J. and Neil, J. and Parker, E. and Nam, B.",https://www.scopus.com/inward/record.uri?eid=2-s2.0-85160088476&doi=10.1111%2fcsp2.12953&partnerID=40&md5=b36f327870ca42d4c2ff4b2ee3606bce,,,,,"<p>Export Date: 27 January 2025; Cited By: 2</p> | RAYYAN-INCLUSION: {""Matthew""=>""Included"", ""Philip""=>""Excluded""}",10.1111/csp2.12953,grasslands;structured decision making;threatened ecosystems;threatened species;trade-offs;value preferences,,
rayyan-153487130,Integrating diverse scientific and practitioner knowledge in ecological risk analysis: A case study of biodiversity risk assessment in South Africa,2012,,,Journal of Environmental Management,,98,1,134-146,"Dana, G.V. and Kapuscinski, A.R. and Donaldson, J.S.",https://www.scopus.com/inward/record.uri?eid=2-s2.0-84856803840&doi=10.1016%2fj.jenvman.2011.12.021&partnerID=40&md5=8e1477d3298c5d10e68d2e57d81dbd2d,,,,,"<p>Export Date: 27 January 2025; Cited By: 19</p> | RAYYAN-INCLUSION: {""Sarah""=>""Included""}",10.1016/j.jenvman.2011.12.021,agricultural ecosystem;Agro-ecosystems;article;biocontrol agent;biodiversity;Biodiversity;Biodiversity monitoring;biotechnology;Biotechnology;community structure;Conservation;Conservation biology;conservation genetics;decision making;Decision making;Ecological risk analyse;Ecological risk analysis;Ecological risks;ecology;ecosystem;Ecosystems;Environmental decision making;genetically modified organism;Hazards;human;integrated approach;invasive species;knowledge;Knowledge based systems;participatory approach;Participatory environmental decision-making;pollutant;Potential impacts;prioritization;Risk analysis;risk assessment;Risk assessment;Risks assessments;scientist;semi structured interview;South Africa;statistics;toxicity;transgenics;Zea mays,,
rayyan-153487133,Moving towards public policy-ready science: philosophical insights on the social-ecological systems perspective for conservation science,2019,,,Ecosystems and People,,15,1,232-246,"Sala, J.E. and Torchio, G.",https://www.scopus.com/inward/record.uri?eid=2-s2.0-85072073773&doi=10.1080%2f26395916.2019.1657502&partnerID=40&md5=272cd00f9fd970b8d6450ee96f6f6f90,,,,,"<p>Export Date: 27 January 2025; Cited By: 30</p> | RAYYAN-INCLUSION: {""Alec""=>""Excluded""}",10.1080/26395916.2019.1657502,conservation management;decision making;Dialectics of nature;ecological approach;ecosystem service;ecosystem services;environmental philosophy;ethics;knowledge;nature-society relations;perception;philosophy;policy making;policy-making;public attitude;science and technology;science-policy interface;sustainability,,
rayyan-153487146,The case for embedding researchers in conservation agencies,2019,,,Conservation Biology,,33,6,1266-1274,"Roux, D.J. and Kingsford, R.T. and Cook, C.N. and Carruthers, J. and Dickson, K. and Hockings, M.",https://www.scopus.com/inward/record.uri?eid=2-s2.0-85066831181&doi=10.1111%2fcobi.13324&partnerID=40&md5=a3e14b4a0b1d4f2e7958220fa81ddbca,,,,,"<p>Export Date: 27 January 2025; Cited By: 34</p> | RAYYAN-INCLUSION: {""Alec""=>""Excluded""}",10.1111/cobi.13324,áreas protegidas;condiciones habilitantes;conservación basada en la evidencia;conservation management;Conservation of Natural Resources;decision making;Decision Making;enabling conditions;environmental protection;evidence-based conservation;intercambio de conocimiento;knowledge exchange;necesidades de investigación;organization;Organizations;protected areas;public sector;quality control;research needs;social capital;stakeholder;standardization,,
rayyan-153487154,Making ecosystem-based management a reality: The pacific fishery management council and the California current integrated ecosystem assessment,2012,,,California Cooperative Oceanic Fisheries Investigations Reports,,53,,79-88,"Dereynier, Y.",https://www.scopus.com/inward/record.uri?eid=2-s2.0-84872788059&partnerID=40&md5=1cc49066785fa816102cc72c2d205992,,,,,"<p>Export Date: 27 January 2025; Cited By: 5</p> | RAYYAN-INCLUSION: {""Philip""=>""Excluded""}",,,,
rayyan-153487170,Social network analysis reveals a lack of support for greenspace conservation,2020,,,Landscape and Urban Planning,,204,,,"Guenat, S. and Dougill, A.J. and Dallimer, M.",https://www.scopus.com/inward/record.uri?eid=2-s2.0-85089553331&doi=10.1016%2fj.landurbplan.2020.103928&partnerID=40&md5=2226b2c0223cf50bf73001c0532008a9,,,,,"<p>Export Date: 27 January 2025; Cited By: 15</p> | RAYYAN-INCLUSION: {""Isobel""=>""Excluded""}",10.1016/j.landurbplan.2020.103928,conservation planning;decision making;greenspace;network analysis;questionnaire survey;social network;stakeholder;Sub-Saharan Africa,,
rayyan-153487185,Ecological knowledge and North Sea environmental policies,2016,,,Environmental Science and Policy,,55,,449-455,"de Jong, F.",https://www.scopus.com/inward/record.uri?eid=2-s2.0-84948385106&doi=10.1016%2fj.envsci.2015.08.018&partnerID=40&md5=b94f0aa2dcb895a6de05d935d9358dc6,,,,,"<p>Export Date: 27 January 2025; Cited By: 8</p> | RAYYAN-INCLUSION: {""Philip""=>""Included"", ""Iris""=>""Included"", ""Isobel""=>""Included""}",10.1016/j.envsci.2015.08.018,Article;decision making;environmental planning;environmental protection;eutrophication;Eutrophication;knowledge;management;marine biology;marine environment;North Sea;nutrient loading;policy;pollution;Post-normal science;Precautionary principle;priority journal;quality control;Rational policy-making;science;Science-policy interface;sea pollution,,
rayyan-153487211,Epistemology of ignorance: the contribution of philosophy to the science-policy interface of marine biosecurity,2023,,,Frontiers in Marine Science,,10,,,"Schwenkenbecher, A. and Hewitt, C.L. and Heesen, R. and Campbell, M.L. and Fritsch, O. and Knight, A.T. and Nash, E.",https://www.scopus.com/inward/record.uri?eid=2-s2.0-85169660902&doi=10.3389%2ffmars.2023.1178949&partnerID=40&md5=bf6cedc44d3055576a2e00789d5c872f,,,,,"<p>Export Date: 27 January 2025; Cited By: 2</p> | RAYYAN-INCLUSION: {""Philip""=>""Excluded"", ""Nibedita""=>""Excluded""}",10.3389/fmars.2023.1178949,bias;evidence;invasion ecology;obligation;uncertainty,,
rayyan-153487217,Using Scenario Building and Participatory Mapping to Negotiate Conservation-Development Trade-Offs in Northern Ghana,2023,,,Land,,12,3,,"Bayala, E.R.C. and Asubonteng, K.O. and Ros-Tonen, M. and Djoudi, H. and Siangulube, F.S. and Reed, J. and Sunderland, T.",https://www.scopus.com/inward/record.uri?eid=2-s2.0-85151426676&doi=10.3390%2fland12030580&partnerID=40&md5=f2045dcd81338c78305c95d83008824b,,,,,"<p>Export Date: 27 January 2025; Cited By: 6</p> | RAYYAN-INCLUSION: {""Philip""=>""Excluded""}",10.3390/land12030580,biodiversity;community resource management;community resource management area (CREMA);consensus-building;conservation management;conservation-development trade-offs;decision making;economic activity;economic development;environmental economics;Ghana;governance approach;integrated landscape approach;local participation;northern Ghana;participatory approach;participatory mapping;power relations;scenario analysis;scenario building;stakeholder;trade-off;wildlife management,,
rayyan-153487252,"Conservation Research, Policy and Practice",2020,,,"Conservation Research, Policy and Practice",,,,1,"Sutherland, W.J. and Brotherton, P.N.M. and Davies, Z.G. and Ockendon, N. and Pettorelli, N. and Vickery, J.A.",https://www.scopus.com/inward/record.uri?eid=2-s2.0-85120082746&doi=10.1017%2f9781108638210&partnerID=40&md5=7cb5513e613dd2e8a6afe2be2697e224,,,,,"<p>Export Date: 27 January 2025; Cited By: 13</p> | RAYYAN-INCLUSION: {""Philip""=>""Excluded"", ""Nibedita""=>""Excluded""}",,,,
rayyan-153487256,What women landowners want to know about conservation,2024,,,Renewable Agriculture and Food Systems,,39,,,"Tong, J. and Benning, J. and Delong, C. and Schultz, M. and Zhang, W.",https://www.scopus.com/inward/record.uri?eid=2-s2.0-85212532927&doi=10.1017%2fS1742170524000243&partnerID=40&md5=bacb1224480d9e8ba0b2f7eee13eefc4,,,,,"<p>Export Date: 27 January 2025; Cited By: 0</p> | RAYYAN-INCLUSION: {""Aidan""=>""Excluded""}",10.1017/S1742170524000243,agricultural extension;conservation management;conservation practice;extension and outreach;farmer survey;Iowa;landownership;non-operating landowner;survey;United States;women landowners;womens status,,
rayyan-153487264,Systematic reviews and maps as tools for applying behavioral ecology to management and policy,2019,,,Behavioral Ecology,,30,1,01-Aug,"Berger-Tal, O. and Greggor, A.L. and Macura, B. and Adams, C.A. and Blumenthal, A. and Bouskila, A. and Candolin, U. and Doran, C. and Fernández-Juricic, E. and Gotanda, K.M. and Price, C. and Putman, B.J. and Segoli, M. and Snijders, L. and Wong, B.B.M. and Blumstein, D.T.",https://www.scopus.com/inward/record.uri?eid=2-s2.0-85058680792&doi=10.1093%2fbeheco%2fary130&partnerID=40&md5=e21b3b4f01b4a7a44afa3131b3631f6f,,,,,"<p>Export Date: 27 January 2025; Cited By: 53</p> | RAYYAN-INCLUSION: {""Philip""=>""Excluded"", ""Nibedita""=>""Excluded""}",10.1093/beheco/ary130,Animalia;applied animal behavior;behavioral ecology;conservation behavior;conservation management;conservation planning;decision making;evidence-based management;literature review;meta-analysis;policy impact;policy making;stakeholder;systematic maps,,
rayyan-153487268,The major barriers to evidence-informed conservation policy and possible solutions,2018,,,Conservation Letters,,11,5,,"Rose, D.C. and Sutherland, W.J. and Amano, T. and González-Varo, J.P. and Robertson, R.J. and Simmons, B.I. and Wauchope, H.S. and Kovacs, E. and Durán, A.P. and Vadrot, A.B.M. and Wu, W. and Dias, M.P. and Di Fonzo, M.M.I. and Ivory, S. and Norris, L. and Nunes, M.H. and Nyumba, T.O. and Steiner, N. and Vickery, J. and Mukherjee, N.",https://www.scopus.com/inward/record.uri?eid=2-s2.0-85046550835&doi=10.1111%2fconl.12564&partnerID=40&md5=d4672c6020b30a61144b1c51fe21f683,,,,,"<p>Export Date: 27 January 2025; Cited By: 89</p> | RAYYAN-INCLUSION: {""Iris""=>""Included""}",10.1111/conl.12564,conservation policy;evidence-based conservation;evidence-informed conservation;knowledge exchange;political science;science communication;science-policy,,
rayyan-153487269,A causal modelling approach to informing woodland caribou conservation policy from observational studies,2021,,,Biological Conservation,,264,,,"Wilson, S.F. and Nudds, T.D. and de Vries, A.",https://www.scopus.com/inward/record.uri?eid=2-s2.0-85118475301&doi=10.1016%2fj.biocon.2021.109370&partnerID=40&md5=c470b638dc52541dcdfbebfa247bd2f8,,,,,"<p>Export Date: 27 January 2025; Cited By: 4</p> | RAYYAN-INCLUSION: {""Nibedita""=>""Excluded"", ""Isobel""=>""Excluded""}",10.1016/j.biocon.2021.109370,Canada;Causal modelling;conservation management;conservation planning;decision making;deer;ecological modeling;endangered species;Habitat disturbance;Linear features;population decline;Predation;Rangifer tarandus caribou;stakeholder;woodland;Woodland caribou,,
rayyan-153487270,Perspectives on disconnects between scientific information and management decisions on post-fire recovery in Western US,2013,,,Environmental Management,,52,6,1415-1426,"Chen, X. and Emery, N. and Garcia, E.S. and Hanan, E.J. and Hodges, H.E. and Martin, T. and Meyers, M.A. and Peavey, L.E. and Peng, H. and Santamaria, J.S. and Uyeda, K.A. and Anderson, S.E. and Tague, C.",https://www.scopus.com/inward/record.uri?eid=2-s2.0-84889778304&doi=10.1007%2fs00267-013-0165-y&partnerID=40&md5=ab18f1dece3292cc6f90cd0accf98e04,,,,,"<p>Export Date: 27 January 2025; Cited By: 6</p> | RAYYAN-INCLUSION: {""Matthew""=>""Excluded""}",10.1007/s00267-013-0165-y,"article;Best available science;Conservation of Natural Resources;data analysis;decision making;Decision making;Decision Making, Organizational;decision support system;Decision Support Techniques;economics;environmental management;environmental monitoring;environmental planning;environmental policy;environmental protection;Environmental regulations;Financial incentives;financial management;fire;Fires;flooding;Forestry;government;Government Agencies;information dissemination;Information Dissemination;information processing;land management;legislation and jurisprudence;Management decisions;Northwestern United States;organization;organization and management;policy approach;Policy-relevant science;politics;Politics;procedures;regulatory framework;Risk;Risks;Scientific findings;Scientific information;sociology;soil erosion;Southwestern United States;Spatial and temporal scale;spatiotemporal analysis;time;Time Factors;Uncertainty;uncertainty analysis;United States",,
rayyan-153487274,Priority Threat Management for biodiversity conservation: A handbook,2019,,,Journal of Applied Ecology,,56,2,481-490,"Carwardine, J. and Martin, T.G. and Firn, J. and Reyes, R.P. and Nicol, S. and Reeson, A. and Grantham, H.S. and Stratford, D. and Kehoe, L. and Chadès, I.",https://www.scopus.com/inward/record.uri?eid=2-s2.0-85053483686&doi=10.1111%2f1365-2664.13268&partnerID=40&md5=4a4376f898ca4e12adfb8230a67316ce,,,,,"<p>Export Date: 27 January 2025; Cited By: 65</p> | RAYYAN-INCLUSION: {""Sarah""=>""Excluded""}",10.1111/1365-2664.13268,Austin [Western Australia];Australia;biodiversity;biodiversity conservation;Canada;conservation management;conservation status;cost analysis;cost-effectiveness analysis;decision making;endangered species;expert elicitation;extinction;Prioritising Threat Management;protected area;return on investment;strategic approach;structured decision-making;threatened species;Western Australia,,
rayyan-153487282,Enabling successful science-policy knowledge exchange between marine biodiversity research and management: An Australian case study,2024,,,Environmental Policy and Governance,,34,3,291-306,"Karcher, D.B. and Cvitanovic, C. and Colvin, R. and van Putten, I.",https://www.scopus.com/inward/record.uri?eid=2-s2.0-85174238798&doi=10.1002%2feet.2078&partnerID=40&md5=ecfda38103d11249f9103ea81abded56,,,,,"<p>Export Date: 27 January 2025; Cited By: 4</p> | RAYYAN-INCLUSION: {""Elina""=>""Excluded""}",10.1002/eet.2078,Australia;biodiversity;biodiversity conservation;co-design;decision making;evidence-informed management;knowledge;knowledge broker;knowledge co-production;management;transdisciplinary research,,
rayyan-153487283,Application of information and communication technology and data sharing management scheme for the coastal fishery using real-time fishery information,2015,,,Ocean and Coastal Management,,106,,77-86,"Saville, R. and Hatanaka, K. and Sano, M. and Wada, M.",https://www.scopus.com/inward/record.uri?eid=2-s2.0-84921784886&doi=10.1016%2fj.ocecoaman.2015.01.019&partnerID=40&md5=385e1e61c2869fb2f01e4863da61dac7,,,,,"<p>Export Date: 27 January 2025; Cited By: 20</p> | RAYYAN-INCLUSION: {""Carlos""=>""Excluded""}",10.1016/j.ocecoaman.2015.01.019,algorithm;Area method;catch statistics;catchability;Catchable stock index;Cloud computing;coastal fishery;data acquisition;data management;Data Sharing;echinoderm;Finance;Fisheries;Fishing vessels;GIS;Hokkaido;Holothuroidea;ICT;information and communication technology;Information management;Information use;Japan;real time;Real-time data;Real-time data sharing;Sea cucumber;Self management;Self-management support;software;Stock indices;Swept area method,,
rayyan-153487285,The researcher–practitioner symbiosis: Evolving mutualisms from parachutes,2022,,,Conservation Science and Practice,,4,5,,"Vargas, M.T. and Garcia, M. and Vidaurre, T. and Carrasco, A. and Araujo, N. and Medema, C. and Asquith, N. and Pynegar, E. and Tobon, C. and Manco, Y. and Ma, Z. and Bauchet, J. and Grillos, T. and McWherter, B.",https://www.scopus.com/inward/record.uri?eid=2-s2.0-85130484417&doi=10.1111%2fcsp2.596&partnerID=40&md5=81eca70180bcde7b8804ba3def781e33,,,,,"<p>Export Date: 27 January 2025; Cited By: 6</p> | RAYYAN-INCLUSION: {""Alice""=>""Excluded""}",10.1111/csp2.596,co-production;collaborative science;evidence-based conservation;knowledge-action gap;research-implementation gap;science-practice gap,,
rayyan-153487305,How forest data catalysed change in four successful case studies,2020,,,Journal of Environmental Management,,271,,,"Neeff, T. and Steel, E.A. and Kleinn, C. and Hung, N.D. and Bien, N.N. and Cerutti, P.O. and Moutinho, P.",https://www.scopus.com/inward/record.uri?eid=2-s2.0-85087588196&doi=10.1016%2fj.jenvman.2020.110736&partnerID=40&md5=244c711fc10bf96a43732b1d215c1e2d,,,,,"<p>Export Date: 27 January 2025; Cited By: 2</p> | RAYYAN-INCLUSION: {""Tabitha""=>""Excluded""}",10.1016/j.jenvman.2020.110736,achievement;article;Brazil;Cameroon;case report;catalysis;clinical article;Conservation of Natural Resources;Data-driven;decision making;deforestation;Deforestation;developing country;developing world;environmental protection;Evidence-based decision making;forest;Forest governance;Forest inventory;forest management;Forest monitoring;Forest policy;Forests;policy making;problem solving;public policy;Public Policy;sound;spatiotemporal analysis;supply chain management;Viet Nam;Vietnam,,
rayyan-153487311,"Decision support tools in marine spatial planning: Present applications, gaps and future perspectives",2017,,,Marine Policy,,83,,83-91,"Pınarbaşı, K. and Galparsoro, I. and Borja, Á. and Stelzenmüller, V. and Ehler, C.N. and Gimpel, A.",https://www.scopus.com/inward/record.uri?eid=2-s2.0-85019693803&doi=10.1016%2fj.marpol.2017.05.031&partnerID=40&md5=6b897db0b6e4aa8864f96f3e2e6d80e9,,,,,"<p>Export Date: 27 January 2025; Cited By: 135</p> | RAYYAN-INCLUSION: {""Alec""=>""Excluded""}",10.1016/j.marpol.2017.05.031,complexity;decision making;decision support system;implementation process;management;Management plan;marine policy;Marine spatial planning;Maritime activities;scenario analysis;Scenarios;spatial planning;Spatial use conflicts;Spatially explicit tools;stakeholder,,
rayyan-153487340,The politics of participation in watershed modeling,2001,,,Environmental Management,,27,2,161-176,"Korfmacher, K.S.",https://www.scopus.com/inward/record.uri?eid=2-s2.0-0035076583&doi=10.1007%2fs002670010141&partnerID=40&md5=1925fe7e59ca51ea7905925f442d6c76,,,,,"<p>Export Date: 27 January 2025; Cited By: 138</p> | RAYYAN-INCLUSION: {""Alice""=>""Excluded""}",10.1007/s002670010141,"community;computer model;Conservation of Natural Resources;Consumer Participation;decision making;Decision making;Decision Making;Environment;environmental management;Humans;Industrial management;local participation;modeling;Models, Theoretical;participatory approach;policy;politics;Politics;public opinion;Public participation;Public policy;review;Science and policy;water management;Water quality modeling;Water Supply;watershed;Watershed management;Watershed modeling;Watersheds",,
rayyan-153487341,Informing conservation decisions through evidence synthesis and communication,2020,,,"Conservation Research, Policy and Practice",,,,114-128,"Pullin, A.S. and Cheng, S.H. and Cooke, S.J. and Haddaway, N.R. and Macura, B.J. and McKinnon, M.C. and Taylor, J.J.",https://www.scopus.com/inward/record.uri?eid=2-s2.0-85090225055&doi=10.1017%2f9781108638210.007&partnerID=40&md5=cd9ac042a05b9339789ed90fb06243b4,,,,,"<p>Export Date: 27 January 2025; Cited By: 26</p> | RAYYAN-INCLUSION: {""Matthew""=>""Excluded""}",,conservation management;conservation policy;decision support;evidence-informed conservation;systematic map;systematic review,,
rayyan-153487348,Strategies for integrating scientific evidence in water policy and law in the face of uncertainty,2024,,,Science of the Total Environment,,931,,,"Kotamäki, N. and Arhonditsis, G. and Hjerppe, T. and Hyytiäinen, K. and Malve, O. and Ovaskainen, O. and Paloniitty, T. and Similä, J. and Soininen, N. and Weigel, B. and Heiskanen, A.-S.",https://www.scopus.com/inward/record.uri?eid=2-s2.0-85192063920&doi=10.1016%2fj.scitotenv.2024.172855&partnerID=40&md5=8a0af8e618dfc2f9ea87adc75e408f2d,,,,,"<p>Export Date: 27 January 2025; Cited By: 2</p> | RAYYAN-INCLUSION: {""Matthew""=>""Excluded""}",10.1016/j.scitotenv.2024.172855,aquatic environment;Conservation of Water Resources;decision making;Decision making;Decision Making;ecosystem;Ecosystem;Ecosystems;environmental change;Environmental change;environmental health;environmental impact;Environmental impact;Environmental management;environmental monitoring;Environmental Monitoring;environmental policy;Environmental Policy;environmental protection;environmental surveillance;freshwater environment;human;Human actions;information processing;Knowledge management;law;learning;management theory;mathematical model;numerical model;Policies and laws;policy;procedures;qualitative research;quality control;Quality management;Review;Scientific evidence;Scientific tool;stakeholder participation;total quality management;uncertainty;Uncertainty;validation process;wastewater;water;water conservation;Water conservation;Water laws;water management;Water management;Water policies;water pollution;water quality;Water quality;Water Quality;water resource;water supply;Water Supply;Waters managements;Waters resources,,
rayyan-153487353,"The rise and rise of predator control: a panacea, or a distraction from conservation goals?",2023,,,New Zealand Journal of Ecology,,47,1,,"Leathwick, J.R. and Byrom, A.E.",https://www.scopus.com/inward/record.uri?eid=2-s2.0-85149035659&doi=10.20417%2fnzjecol.47.3515&partnerID=40&md5=f1d6169cb60983e086d935644aec04c5,,,,,"<p>Export Date: 27 January 2025; Cited By: 8</p> | RAYYAN-INCLUSION: {""Tabitha""=>""Excluded"", ""Elina""=>""Excluded""}",10.20417/nzjecol.47.3515,biodiversity;biodiversity governance;community engagement;community organization;conservation planning;conservation policy;ecosystem management;ecosystem restoration;governance approach;invasive mammal;invasive species;leadership;mammal;national goals;national planning;New Zealand;pest management;policy development;predator control;Predator-Free New Zealand;restoration ecology;ungulate,,
rayyan-153487364,The importance of expert selection when identifying threatened ecosystems,2023,,,Conservation Biology,,37,6,,"Travers, S.K. and Dorrough, J. and Shannon, I. and Val, J. and Scott, M.L. and Moutou, C.J. and Oliver, I.",https://www.scopus.com/inward/record.uri?eid=2-s2.0-85171270422&doi=10.1111%2fcobi.14151&partnerID=40&md5=4ce928793d14a803e04c512896262293,,,,,"<p>Export Date: 27 January 2025; Cited By: 3</p> | RAYYAN-INCLUSION: {""Tabitha""=>""Excluded"", ""Elina""=>""Excluded""}",10.1111/cobi.14151,árboles de regresión reforzada;Australia;boosted regression trees;bosques de boj;box gum woodland;comunidad ecológica en peligro crítico;conservation management;Conservation of Natural Resources;consulta de expertos;critically endangered ecological community;decision making;ecosistema en peligro;ecosystem;Ecosystem;ecosystem management;endangered ecosystems;endangered species;environmental protection;evidence-based management;expert elicitation;expert selection;Judgment;juicio experto estructurado;manejo basado en evidencias;selección de expertos;strategic approach;structured expert judgement;uncertainty;Uncertainty;woodland,,
rayyan-153487388,Lessons from other disciplines for setting management thresholds for biodiversity conservation,2022,,,Conservation Biology,,36,1,,"Hilton, M. and Walsh, J.C. and Liddell, E. and Cook, C.N.",https://www.scopus.com/inward/record.uri?eid=2-s2.0-85122424245&doi=10.1111%2fcobi.13865&partnerID=40&md5=b99b7e6669b449b2bd2dd7c267b2e009,,,,,"<p>Export Date: 27 January 2025; Cited By: 8</p> | RAYYAN-INCLUSION: {""Philip""=>""Excluded""}",10.1111/cobi.13865,action plan;agriculture;Agriculture;artificial intelligence;Artificial Intelligence;biodiversity;Biodiversity;biomonitoring;conservation management;Conservation of Natural Resources;decision making;decision triggers;detonantes de decisiones;environmental monitoring;environmental protection;evidence-based management;gestión basada en evidencias;gestión dependiente del estado;proactive management;procedures;punto de activación;state-dependent management;strategic approach;structured decision-making;threshold;toma estructurada de decisiones;trigger point,,
rayyan-153487393,Working with policy-makers for integrating heritage Science research into political priorities,2015,,,Studies in Conservation,,60,,S248-S256,"Lee, S.",https://www.scopus.com/inward/record.uri?eid=2-s2.0-84954311365&doi=10.1080%2f00393630.2015.1117865&partnerID=40&md5=184a5c16c98f2329ad1620af308c545a,,,,,"<p>Export Date: 27 January 2025; Cited By: 3</p> | RAYYAN-INCLUSION: {""Sarah""=>""Excluded""}",10.1080/00393630.2015.1117865,Conservation;Decision making;Effective communication;Energy conservation;Evidence-based;Heritage science research prioritization;ICCROM;Policy making;Policy-making;Policy-making actors;Political agenda;Prioritization;Quality of policy,,
rayyan-153487398,The role of science in the collaborative forest landscape restoration program,2017,,,Journal of Forestry,,115,1,34-42,"Colavito, M.M.",https://www.scopus.com/inward/record.uri?eid=2-s2.0-85009380921&doi=10.5849%2fjof.15-142&partnerID=40&md5=51780704d109288d504478c3bce74b4c,,,,,"<p>Export Date: 27 January 2025; Cited By: 15</p> | RAYYAN-INCLUSION: {""Isobel""=>""Included""}",10.5849/jof.15-142,Collaboration;communication;Conservation;decision making;Decision making;Decision Making;Decisionmaking;Ecological factors;empirical analysis;environmental restoration;Forest Fires;Forest landscape restoration;Forest restoration;Forestry;information;Land reclamation;Restoration;Science communication;Science communications;Scientific information;survey;United States;Us department of agricultures;Western United States,,
rayyan-153487399,Diverse values of nature for sustainability,2023,,,Nature,,620,7975,813-823,"Pascual, U. and Balvanera, P. and Anderson, C.B. and Chaplin-Kramer, R. and Christie, M. and González-Jiménez, D. and Martin, A. and Raymond, C.M. and Termansen, M. and Vatn, A. and Athayde, S. and Baptiste, B. and Barton, D.N. and Jacobs, S. and Kelemen, E. and Kumar, R. and Lazos, E. and Mwampamba, T.H. and Nakangu, B. and O’Farrell, P. and Subramanian, S.M. and van Noordwijk, M. and Ahn, S.E. and Amaruzaman, S. and Amin, A.M. and Arias-Arévalo, P. and Arroyo-Robles, G. and Cantú-Fernández, M. and Castro, A.J. and Contreras, V. and De Vos, A. and Dendoncker, N. and Engel, S. and Eser, U. and Faith, D.P. and Filyushkina, A. and Ghazi, H. and Gómez-Baggethun, E. and Gould, R.K. and Guibrunet, L. and Gundimeda, H. and Hahn, T. and Harmáčková, Z.V. and Hernández-Blanco, M. and Horcea-Milcu, A.-I. and Huambachano, M. and Wicher, N.L.H. and Aydın, C.İ. and Islar, M. and Koessler, A.-K. and Kenter, J.O. and Kosmus, M. and Lee, H. and Leimona, B. and Lele, S. and Lenzi, D. and Lliso, B. and Mannetti, L.M. and Merçon, J. and Monroy-Sais, A.S. and Mukherjee, N. and Muraca, B. and Muradian, R. and Murali, R. and Nelson, S.H. and Nemogá-Soto, G.R. and Ngouhouo-Poufoun, J. and Niamir, A. and Nuesiri, E. and Nyumba, T.O. and Özkaynak, B. and Palomo, I. and Pandit, R. and Pawłowska-Mainville, A. and Porter-Bolland, L. and Quaas, M. and Rode, J. and Rozzi, R. and Sachdeva, S. and Samakov, A. and Schaafsma, M. and Sitas, N. and Ungar, P. and Yiu, E. and Yoshida, Y. and Zent, E.",https://www.scopus.com/inward/record.uri?eid=2-s2.0-85167358387&doi=10.1038%2fs41586-023-06406-9&partnerID=40&md5=051a41e5f8507bc472d1a8798015d52a,,,,,"<p>Export Date: 27 January 2025; Cited By: 216</p> | RAYYAN-INCLUSION: {""Matthew""=>""Excluded""}",10.1038/s41586-023-06406-9,aquaculture;Article;biodiversity;Biodiversity;climate change;community;Conservation of Natural Resources;decision making;documentation;ecosystem;Ecosystem;ecosystem service;empowerment;environmental policy;environmental protection;forest;human;Humans;indigenous people;intergovernmental relations;lagoon;local community;nature conservation;policy;Policy;quality of life;reliability;sustainability;sustainable development;Sustainable Development;sustainable development goal;Sustainable Development Goal;traditional knowledge;United Nations;valuation,,
rayyan-153487405,Contribution of systematic reviews to management decisions,2013,,,Conservation Biology,,27,5,902-915,"Cook, C.N. and Possingham, H.P. and Fuller, R.A.",https://www.scopus.com/inward/record.uri?eid=2-s2.0-84884719862&doi=10.1111%2fcobi.12114&partnerID=40&md5=52d80aa94f255b0ea876ee077e617fa1,,,,,"<p>Export Date: 27 January 2025; Cited By: 78</p> | RAYYAN-INCLUSION: {""Sarah""=>""Excluded""}",10.1111/cobi.12114,brecha de implementación;conservación basada en evidencias;conservation management;Conservation management;Conservation of Natural Resources;conservation policy;Conservation policy;data set;decision making;Decision making;Decision Making;environmental evidence;Environmental evidence;environmental management;environmental planning;Environmental Policy;environmental protection;evidence-based conservation;Evidence-based conservation;evidencia ambiental;geography;Geography;implementation gap;Implementation gap;literature;manejo de conservación;methodology;política de conservación;research;review;Review Literature as Topic;taxonomy;toma de decisiones,,
rayyan-153487411,Evaluating socio-ecological interactions for the management of protected urban green spaces,2019,,,Frontiers in Environmental Science,,7,,,"Zambrano, L. and Cano-Santana, Z. and Wegier, A. and Arroyo-Lambaer, D. and Zúñiga-Vega, J.J. and Suárez, A. and Bouchain, C.R. and Sill, F.G. and Campo, J. and Ortega-Larrocea, P. and Fonseca, A. and Ramos, A.G. and Coronel-Arellano, H. and Bonilla-Rodríguez, M. and Castillo, A. and Negrete-González, M. and Ramírez-Cruz, G.A. and Pérez-López, J. and Calderón, B.G.",https://www.scopus.com/inward/record.uri?eid=2-s2.0-85073099512&doi=10.3389%2ffenvs.2019.00144&partnerID=40&md5=8afeb428e9380e1f84e21ecdac33c55d,,,,,"<p>Export Date: 27 January 2025; Cited By: 9</p> | RAYYAN-INCLUSION: {""Philip""=>""Excluded"", ""Nibedita""=>""Maybe""}",10.3389/fenvs.2019.00144,Cities;Community perception;Ecological Reserve of Pedregal de San Ángel;Fuzzy cognitive map;Mexico City;Socio-ecological system;UNAM main campus;Urban conservation,,
rayyan-153487413,"Effects of long-term ecological research and cognitive biases on the evaluation of scientific information by public land managers in Oregon and Washington, USA",2025,,,Ecology and Society,,30,1,,"Rapp, C. and Nelson, M.P. and Bruskotter, J.T.",https://www.scopus.com/inward/record.uri?eid=2-s2.0-85214900817&doi=10.5751%2fES-15744-300101&partnerID=40&md5=7533468111f321655b4383b2604b8e54,,,,,"<p>Export Date: 27 January 2025; Cited By: 0</p> | RAYYAN-INCLUSION: {""Nibedita""=>""Included"", ""Isobel""=>""Included""}",10.5751/ES-15744-300101,cognition;confirmation bias;evidence evaluation;evidence-based conservation;forest management;information management;natural resource agencies;nature conservation;Oregon;research;science-practice;United States;Washington [United States],,
rayyan-153487414,Temporal Instability of Evidence Base: A Threat to Policy Making?,2019,,,Trends in Ecology and Evolution,,34,10,895-902,"Koricheva, J. and Kulinskaya, E.",https://www.scopus.com/inward/record.uri?eid=2-s2.0-85067002506&doi=10.1016%2fj.tree.2019.05.006&partnerID=40&md5=8a85af5e9b67f8d2417c1431326bc000,,,,,"<p>Export Date: 27 January 2025; Cited By: 56</p> | RAYYAN-INCLUSION: {""Philip""=>""Excluded""}",10.1016/j.tree.2019.05.006,conservation management;decision making;Decision Making;decline effect;environmental management;evidence-based conservation;literature review;management;meta-analysis;policy making;Policy Making;population decline;publication bias;temporal variation,,
rayyan-153487415,Knowledge co-production and boundary work to promote implementation of conservation plans,2016,,,Conservation Biology,,30,1,176-188,"Nel, J.L. and Roux, D.J. and Driver, A. and Hill, L. and Maherry, A.C. and Snaddon, K. and Petersen, C.R. and Smith-Adao, L.B. and Van Deventer, H. and Reyers, B.",https://www.scopus.com/inward/record.uri?eid=2-s2.0-84954403543&doi=10.1111%2fcobi.12560&partnerID=40&md5=6a74f3260852d48b44430c9685e81c18,,,,,"<p>Export Date: 27 January 2025; Cited By: 162</p> | RAYYAN-INCLUSION: {""Prishnee""=>""Excluded""}",10.1111/cobi.12560,biodiversity;Biodiversity;Bridging organization;Conservation of Natural Resources;conservation planning;decision making;Decision Making;environmental protection;FEPA;freshwater;Freshwater conservation planning;Integrated water resource management;knowledge based system;Knowledge exchange;organization and management;participatory approach;Participatory mapping;Planning Techniques;policy implementation;procedures;South Africa;spatial data;stakeholder;water management;wetland;Wetlands,,
rayyan-153487438,Generating actionable data for evidence-based conservation: The global center of marine biodiversity as a case study,2017,,,Biological Conservation,,210,,299-309,"Fox, H.E. and Barnes, M.D. and Ahmadia, G.N. and Kao, G. and Glew, L. and Haisfield, K. and Hidayat, N.I. and Huffard, C.L. and Katz, L. and Mangubhai, S.",https://www.scopus.com/inward/record.uri?eid=2-s2.0-85018318880&doi=10.1016%2fj.biocon.2017.04.025&partnerID=40&md5=78bd54b473875e04f90168fa41b209f9,,,,,"<p>Export Date: 27 January 2025; Cited By: 11</p> | RAYYAN-INCLUSION: {""Alec""=>""Excluded""}",10.1016/j.biocon.2017.04.025,biodiversity;Capacity building;conservation planning;developing world;environmental monitoring;experimental design;Indonesia;marine park;Marine protected areas;Monitoring and evaluation;West Papua,,
rayyan-153487439,Density-impact functions for terrestrial vertebrate pests and indigenous biota: Guidelines for conservation managers,2015,,,Biological Conservation,,191,,409-420,"Norbury, G.L. and Pech, R.P. and Byrom, A.E. and Innes, J.",https://www.scopus.com/inward/record.uri?eid=2-s2.0-84938920024&doi=10.1016%2fj.biocon.2015.07.031&partnerID=40&md5=644ae434afc853d5068a52afda8bc643,,,,,"<p>Export Date: 27 January 2025; Cited By: 65</p> | RAYYAN-INCLUSION: {""Aidan""=>""Excluded""}",10.1016/j.biocon.2015.07.031,biota;conservation management;Damage function;decision making;Density-impact;guideline;Indigenous biota;Introduced mammal;introduced species;mammal;Mammalia;native species;pest control;pest damage;Pest impact;pest species;population density;removal experiment;stakeholder;terrestrial ecosystem;trophic interaction;Vertebrata,,
rayyan-153487440,Bridging the Science-Policy Gap – Toward Better Integration of Decision Support Tools in Coastal and Marine Policy Implementation,2020,,,Frontiers in Marine Science,,7,,,"Schumacher, J. and Bergqvist, L. and van Beest, F.M. and Carstensen, J. and Gustafsson, B. and Hasler, B. and Fleming, V. and Nygård, H. and Pakalniete, K. and Sokolov, A. and Zandersen, M. and Schernewski, G.",https://www.scopus.com/inward/record.uri?eid=2-s2.0-85094806494&doi=10.3389%2ffmars.2020.587500&partnerID=40&md5=5bffa6cd2596a961c179bcca64957712,,,,,"<p>Export Date: 27 January 2025; Cited By: 11</p> | RAYYAN-INCLUSION: {""Alec""=>""Excluded""}",10.3389/fmars.2020.587500,Baltic;decision-making;end-user needs;environmental science and policy;science and policy interface;tools and approaches,,
rayyan-153487445,The impact of scientific information on ecosystem management: Making sense of the contextual gap between information providers and decision makers,2008,,,Environmental Management,,41,5,779-791,"Van Wyk, E. and Roux, D.J. and Drackner, M. and McCool, S.F.",https://www.scopus.com/inward/record.uri?eid=2-s2.0-42449110670&doi=10.1007%2fs00267-008-9084-8&partnerID=40&md5=89039cfc3b1c8335c3eda84e05e02470,,,,,"<p>Export Date: 27 January 2025; Cited By: 34</p> | RAYYAN-INCLUSION: {""Elina""=>""Included"", ""Iris""=>""Included""}",10.1007/s00267-008-9084-8,Africa;article;Comprehension;Conservation of Natural Resources;cultural anthropology;Cultural diversity;Cultural Diversity;Culture;decision making;Decision making;Decision Making;Ecosystem;ecosystem management;Ecosystem management;Ecosystems;environmental management;Environmental management;Humans;Information Management;Information use;Knowledge;learning;Learning;natural resource;Natural resources;participatory approach;perception;public attitude;resource management;Science;Scientific information;Shared understanding;South Africa;Southern Africa;Sub-Saharan Africa;traditional knowledge,,
rayyan-153487447,"What is the best available science? A comparison of marine scientists, managers, and interest groups in the United States",2016,,,Ocean and Coastal Management,,122,,95-102,"Wolters, E.A. and Steel, B.S. and Lach, D. and Kloepfer, D.",https://www.scopus.com/inward/record.uri?eid=2-s2.0-84961346547&doi=10.1016%2fj.ocecoaman.2016.01.011&partnerID=40&md5=085c629632a764e28e574d95e3adfa0c,,,,,"<p>Export Date: 27 January 2025; Cited By: 18</p> | RAYYAN-INCLUSION: {""Alice""=>""Excluded""}",10.1016/j.ocecoaman.2016.01.011,comparative study;Credible science;decision making;Decision making;Environmental management;environmental policy;Environmental policy;Environmental protection;literature review;Managers;marine policy;Marine policy;Marine scientists;natural resource;perception;Policy actors;policy analysis;questionnaire survey;research work;resource management;Resource managers;science and technology;Scientific information;Scientific literacy;Scientific researches;United States,,
rayyan-153487459,The Conservation Costs of Game Ranching,2017,,,Conservation Letters,,10,4,402-412,"Pitman, R.T. and Fattebert, J. and Williams, S.T. and Williams, K.S. and Hill, R.A. and Hunter, L.T.B. and Slotow, R. and Balme, G.A.",https://www.scopus.com/inward/record.uri?eid=2-s2.0-84979497811&doi=10.1111%2fconl.12276&partnerID=40&md5=3bdab48722f8c61939b17559ed67b9e5,,,,,"<p>Export Date: 27 January 2025; Cited By: 30</p> | RAYYAN-INCLUSION: {""Philip""=>""Excluded""}",10.1111/conl.12276,Decentralization;devolution;human–wildlife conflict;land-use planning;natural resource management;persecution;problem animal control;tolerance,,
rayyan-153487470,"Evaluating participatory research: Framework, methods and implementation results",2015,,,Journal of Environmental Management,,157,,311-319,"Smajgl, A. and Ward, J.",https://www.scopus.com/inward/record.uri?eid=2-s2.0-84928739291&doi=10.1016%2fj.jenvman.2015.04.014&partnerID=40&md5=53211721f1321ea82187509f096b89df,,,,,"<p>Export Date: 27 January 2025; Cited By: 55</p> | RAYYAN-INCLUSION: {""Philip""=>""Excluded""}",10.1016/j.jenvman.2015.04.014,"Article;Asia, Southeastern;Conservation of Natural Resources;decision making;detection method;energy;environmental management;environmental protection;environmental research;Evaluation;food;guideline;human;Humans;integrated approach;learning;methodology;Models, Theoretical;Monitoring;natural resource;participatory approach;participatory research;Participatory research;policy implementation;program development;Program Development;program evaluation;Program Evaluation;public-private partnership;Public-Private Sector Partnerships;research;Research;resource management;Southeast Asia;theoretical model;water;Water, food and energy nexus",,
rayyan-153487476,"Science and environmental policy establishment: the case of the Forest Act in the State of São Paulo, Brazil",2022,,,Biota Neotropica,,22,,,"de Mello, K. and Brites, A. and Borges-Matos, C. and Tavares, P.A. and Metzger, J.P. and Rodrigues, R.R. and Dos Santos, Z.L. and Joly, C.A. and Sparovek, G.",https://www.scopus.com/inward/record.uri?eid=2-s2.0-85136265438&doi=10.1590%2f1676-0611-BN-2022-1373&partnerID=40&md5=ff56e5dfc9224fb5123ebc23a427e458,,,,,"<p>Export Date: 27 January 2025; Cited By: 1</p> | RAYYAN-INCLUSION: {""Iris""=>""Excluded""}",10.1590/1676-0611-BN-2022-1373,Forest Code;forest conservation;forest restoration;participatory method;policy design;scientific evidence,,
rayyan-153487485,Modelling Tools and Plausible Scenarios in Science-Policy to Improve Evidence-Based Decision-Making for Human Well-Being,2023,,,Ecosystem and Species Habitat Modeling for Conservation and Restoration,,,,Jan-17,"Dhyani, S. and Sood, R.",https://www.scopus.com/inward/record.uri?eid=2-s2.0-85171492249&doi=10.1007%2f978-981-99-0131-9_1&partnerID=40&md5=5ebc8048a5073fc9e15943feb4e486c1,,,,,"<p>Export Date: 27 January 2025; Cited By: 0</p> | RAYYAN-INCLUSION: {""Carlos""=>""Excluded""}",,Conservation;Ecosystem;Habitat suitability;Management;Modelling;Restoration;Science-policy;Species,,
rayyan-153487509,Towards linking environmental law and science,2018,,,Facets,,3,1,375-391,"Moore, J.W. and Nowlan, L. and Olszynski, M. and Jacob, A.L. and Favaro, B. and Collins, L. and Terri-Lynn Williams-Davidson, G.L. and Weitz, J.",https://www.scopus.com/inward/record.uri?eid=2-s2.0-85061174998&doi=10.1139%2ffacets-2017-0106&partnerID=40&md5=7a5fc01a5097e310ac6a1f156e6113e8,,,,,"<p>Export Date: 27 January 2025; Cited By: 19</p> | RAYYAN-INCLUSION: {""Philip""=>""Excluded""}",10.1139/facets-2017-0106,Co-production;Conservation;Cross-disciplinary;Environmental assessment;Environmental law;Impact assessment;Indigenous law;Policy windows;Science communication;Science policy,,
rayyan-153487515,"The User, not the Tool: Perceptions of Credibility and Relevance Affect the Uptake of Prioritisation",2016,,,Environmental Management,,57,4,836-846,"Kiatkoski Kim, M. and Evans, L. and Scherl, L.M. and Marsh, H.",https://www.scopus.com/inward/record.uri?eid=2-s2.0-84960333742&doi=10.1007%2fs00267-015-0653-3&partnerID=40&md5=d8c1fb3d562ff561c7d33a0e81b58090,,,,,"<p>Export Date: 27 January 2025; Cited By: 9</p> | RAYYAN-INCLUSION: {""Alec""=>""Included""}",10.1007/s00267-015-0653-3,Australia;Conservation;Conservation of Natural Resources;conservation planning;Conservation planning;conservation status;Credibility;decision making;Decision making;Economic and social effects;endangered species;Endangered Species;environmental policy;Environmental Policy;environmental protection;human;perception;planning process;Prioritisation;prioritization;procedures;Queensland;Relevance;scientific literature;species conservation;trends;Uptake;Users,,
rayyan-153487521,Decision Support Frameworks and Tools for Conservation,2018,,,Conservation Letters,,11,2,,"Schwartz, M.W. and Cook, C.N. and Pressey, R.L. and Pullin, A.S. and Runge, M.C. and Salafsky, N. and Sutherland, W.J. and Williamson, M.A.",https://www.scopus.com/inward/record.uri?eid=2-s2.0-85021201710&doi=10.1111%2fconl.12385&partnerID=40&md5=389d489d7f3374037b961c9c8c4d8263,,,,,"<p>Export Date: 27 January 2025; Cited By: 170</p> | RAYYAN-INCLUSION: {""Tabitha""=>""Excluded""}",10.1111/conl.12385,Adaptive management;decision analysis;evidence based;futures research;planning;project management;structured decision making;systematic conservation planning,,
rayyan-153487527,Evidence-Based Guidelines for Prioritizing Investments to Meet International Conservation Objectives,2020,,,One Earth,,2,1,55-63,"Kuempel, C.D. and Chauvenet, A.L.M. and Possingham, H.P. and Adams, V.M.",https://www.scopus.com/inward/record.uri?eid=2-s2.0-85096191186&doi=10.1016%2fj.oneear.2019.12.013&partnerID=40&md5=a4911ea79ba63651e4f5cb5d714fb537,,,,,"<p>Export Date: 27 January 2025; Cited By: 16</p> | RAYYAN-INCLUSION: {""Philip""=>""Excluded"", ""Tabitha""=>""Excluded"", ""Prishnee""=>""Excluded"", ""Valentin""=>""Excluded"", ""fereshteh""=>""Included"", ""Aidan""=>""Excluded"", ""Iris""=>""Excluded"", ""Nibedita""=>""Excluded"", ""Isobel""=>""Excluded""}",10.1016/j.oneear.2019.12.013,Aichi Target 11;biodiversity;budget allocation models;conservation action;conservation management;Convention on Biological Diversity;cost-effective;decision making;habitat loss;investment;management effectiveness;population decline;post-2020 targets;protected area;representation,,
rayyan-153487532,The agricultural biodiversity policy development process: Exploring means of policy development to support the on-farm management of crop genetic diversity,2009,,,International Journal of Biodiversity Science and Management,,5,1,Oct-20,"Bragdon, S. and Jarvis, D.I. and Gaucham, D. and Mar, I. and Hue, N.N. and Balma, D. and Collado, L. and Latournerie, L. and Sthapit, B.R. and Sadiki, M. and Fadda, C. and Ndungu-Skilton, J.",https://www.scopus.com/inward/record.uri?eid=2-s2.0-78649732792&doi=10.1080%2f17451590902789971&partnerID=40&md5=aa78dfbda933b0d60e4c104df1431958,,,,,"<p>Export Date: 27 January 2025; Cited By: 11</p> | RAYYAN-INCLUSION: {""Philip""=>""Excluded""}",10.1080/17451590902789971,biodiversity;Biodiversity;bottom-up approach;Burkina Faso;Conservation;decision making;environmental legislation;Farming;Federal District [Mexico];genetic resource;Genetic resources;genetic variation;habitat conservation;Hungary;international law;Mexico [North America];Mexico City;Morocco;participatory approach;Peru;Viet Nam,,
rayyan-153487541,Current practice in biodiversity impact assessment and prospects for developing an integrated process,2014,,,Impact Assessment and Project Appraisal,,32,1,31-42,"González, A. and Keneghan, D. and Fry, J. and Hochstrasser, T.",https://www.scopus.com/inward/record.uri?eid=2-s2.0-84894237744&doi=10.1080%2f14615517.2013.850839&partnerID=40&md5=1d0c470ef2535249502394a244bc648c,,,,,"<p>Export Date: 27 January 2025; Cited By: 5</p> | RAYYAN-INCLUSION: {""Philip""=>""Included""}",10.1080/14615517.2013.850839,appropriate assessment;biodiversity;biodiversity data;biodiversity impact assessment;comparative study;decision making;environmental impact assessment;European Union;impact assessment;integration;international agreement;international perspectives;Ireland;planning system,,
rayyan-153487561,Institutionalising science and knowledge under the agreement for the conservation and sustainable use of marine biodiversity of areas beyond national jurisdiction (BBNJ): Stakeholder perspectives on a fit-for-purpose Scientific and Technical Body,2024,,,Marine Policy,,161,,,"Gaebel, C. and Novo, P. and Johnson, D.E. and Roberts, J.M.",https://www.scopus.com/inward/record.uri?eid=2-s2.0-85181932637&doi=10.1016%2fj.marpol.2023.105998&partnerID=40&md5=7be40cf46a646bd12017157ec4ffc12a,,,,,"<p>Export Date: 27 January 2025; Cited By: 2</p> | RAYYAN-INCLUSION: {""Philip""=>""Included"", ""Aidan""=>""Maybe""}",10.1016/j.marpol.2023.105998,biodiversity;Biodiversity governance;conservation management;Good governance;governance approach;knowledge;marine environment;Marine governance;Science bodies;Science-policy interface;Scientific advice;Scientific and Technical Body;stakeholder,,
rayyan-153487581,Modeling protected species habitat and assigning risk to inform regulatory decisions,2009,,,Environmental Management,,44,1,Dec-23,"Montgomery, R.A. and Rubeck-Schurtz, C.N. and Millenbah, K.F. and Roloff, G.J. and Whalon, M.E. and Olsen, L.G.",https://www.scopus.com/inward/record.uri?eid=2-s2.0-67651174320&doi=10.1007%2fs00267-009-9289-5&partnerID=40&md5=3b1e86a47585989d479af977ddee6fba,,,,,"<p>Export Date: 27 January 2025; Cited By: 4</p> | RAYYAN-INCLUSION: {""Alice""=>""Excluded""}",10.1007/s00267-009-9289-5,"Agriculture;Animals;article;Butterflies;butterfly;Conservation;Conservation of Natural Resources;Crops, Agricultural;decision making;Decision making;ecological modeling;Ecology;Ecosystem;endangered species;Endangered species;environmental management;Environmental Monitoring;environmental protection;Geography;Government Regulation;habitat;habitat conservation;Habitat suitability;Hexapoda;Lycaeides melissa samuelis;Michigan;model;Modeling;Models, Biological;nonhuman;North America;Ocean habitats;orchard;orchard management;Orchards;pesticide;Pesticide effects;Pesticides;population abundance;protected area;Prunus;risk assessment;Risk assessment;Risk Assessment;risk factor;Risk Factors;Risk management;species differentiation;species distribution;species diversity;species occurrence;United States",,
rayyan-153487586,Incorporating experiments into management to facilitate rapid learning about climate change adaptation,2024,,,Biological Conservation,,289,,,"Nadeau, C.P. and Hughes, A.R. and Schneider, E.G. and Colarusso, P. and Fisichelli, N.A. and Miller-Rushing, A.J.",https://www.scopus.com/inward/record.uri?eid=2-s2.0-85178644710&doi=10.1016%2fj.biocon.2023.110374&partnerID=40&md5=4d41e18754fa63287790930de349890c,,,,,"<p>Export Date: 27 January 2025; Cited By: 6</p> | RAYYAN-INCLUSION: {""Philip""=>""Excluded""}",10.1016/j.biocon.2023.110374,adaptive management;Adaptive management;angiosperm;Assisted gene flow;climate change;conservation planning;Eelgrass;experimental study;gene flow;learning;management practice;research work;Science-practice gap;seagrass;stakeholder;Three-toothed cinquefoil;Translational research,,
rayyan-153487630,A framework for improving the cross-jurisdictional governance of a marine migratory species,2019,,,Conservation Science and Practice,,1,8,,"Miller, R.L. and Marsh, H. and Benham, C. and Hamann, M.",https://www.scopus.com/inward/record.uri?eid=2-s2.0-85115736571&doi=10.1111%2fcsp2.58&partnerID=40&md5=655b14eb8b8456d0f36260c629070631,,,,,"<p>Export Date: 27 January 2025; Cited By: 6</p> | RAYYAN-INCLUSION: {""Alec""=>""Excluded""}",10.1111/csp2.58,collaborative governance;cross-jurisdictional governance;marine migratory species;threatened species management,,
rayyan-153487634,Synthesizing plausible futures for biodiversity and ecosystem services in europe and central asia using scenario archetypes,2019,,,Ecology and Society,,24,2,,"Harrison, P.A. and Harmáčková, Z.V. and Karabulut, A.A. and Brotons, L. and Cantele, M. and Claudet, J. and Dunford, R.W. and Guisan, A. and Holman, I.P. and Jacobs, S. and Kok, K. and Lobanova, A. and Morán-Ordóñez, A. and Pedde, S. and Rixen, C. and Santos-Martín, F. and Schlaepfer, M.A. and Solidoro, C. and Sonrel, A. and Hauck, J.",https://www.scopus.com/inward/record.uri?eid=2-s2.0-85070921058&doi=10.5751%2fES-10818-240227&partnerID=40&md5=6b59652aa6d1e580f3f595555897f558,,,,,"<p>Export Date: 27 January 2025; Cited By: 27</p> | RAYYAN-INCLUSION: {""Elina""=>""Excluded""}",10.5751/ES-10818-240227,biodiversity;Biodiversity;Central Asia;Drivers;ecosystem service;Ecosystem services;environmental assessment;environmental policy;Europe;Exploratory scenarios;future prospect;Impacts;IPBES;Models;Nature;nature conservation;Nature’s contributions to people (NCP);scenario analysis;spatiotemporal analysis;sustainable development,,
rayyan-153487637,What Are We Conserving? Establishing Multiscale Conservation Goals and Objectives in the Face of Global Threats,2008,,,Managing and Designing Landscapes for Conservation: Moving from Perspectives to Principles,,,,494-510,"Scott, J.M. and Tear, T.H.",https://www.scopus.com/inward/record.uri?eid=2-s2.0-84889306196&doi=10.1002%2f9780470692400.ch42&partnerID=40&md5=1d0e708e65939d76bd472ef01b80b294,,,,,"<p>Export Date: 27 January 2025; Cited By: 9</p> | RAYYAN-INCLUSION: {""Philip""=>""Excluded"", ""Aidan""=>""Excluded""}",,Conservation assessments;Conservation goals;Conservation movement;Global threats;Scales,,
rayyan-153487639,Science advice for international governance – An evidence-based perspective on the role of SCAR in the Antarctic Treaty System,2024,,,Marine Policy,,163,,,"Chown, S.L. and Bastmeijer, K. and Brooks, C.M. and Gilbert, N. and Phillips, L.M. and Shibata, A.",https://www.scopus.com/inward/record.uri?eid=2-s2.0-85190580150&doi=10.1016%2fj.marpol.2024.106143&partnerID=40&md5=80b2f7d308075a5bfb518768ddd338f9,,,,,"<p>Export Date: 27 January 2025; Cited By: 3</p> | RAYYAN-INCLUSION: {""Alice""=>""Excluded""}",10.1016/j.marpol.2024.106143,Antarctica;decision making;Decision-making;governance approach;knowledge based system;marine environment;marine policy;Reliable knowledge;Science-policy interface;Southern Ocean,,
rayyan-153487642,Incorporating social-ecological complexities into conservation policy,2020,,,Biological Conservation,,248,,,"Brehony, P. and Tyrrell, P. and Kamanga, J. and Waruingi, L. and Kaelo, D.",https://www.scopus.com/inward/record.uri?eid=2-s2.0-85088116459&doi=10.1016%2fj.biocon.2020.108697&partnerID=40&md5=6a2a99ae99f4d5e9c1d8b92b52f53463,,,,,"<p>Export Date: 27 January 2025; Cited By: 12</p> | RAYYAN-INCLUSION: {""Philip""=>""Excluded"", ""Nibedita""=>""Maybe""}",10.1016/j.biocon.2020.108697,Africa;complexity;conservation planning;Consumptive use;decision making;ecological approach;Game ranching;Kenya;market development;natural resource;policy implementation;policy making;Social-Ecological Systems Framework;Sustainability;Wildlife,,
rayyan-153487651,ROLE OF SCIENTIFIC INFORMATION IN THE RESTORATION AND PROTECTION OF POLLUTED ESTUARIES.,1985,,,Oceans Conference Record (IEEE),,,,895-900,"Robadue Jr., Donald D.",https://www.scopus.com/inward/record.uri?eid=2-s2.0-0022334834&doi=10.1109%2foceans.1985.1160185&partnerID=40&md5=fb710a2e5b762af69b7032ccd7df95bb,,,,,"<p>Export Date: 27 January 2025; Cited By: 0</p> | RAYYAN-INCLUSION: {""Philip""=>""Excluded"", ""Aidan""=>""Excluded""}",10.1109/oceans.1985.1160185,Environmental protection;NARRAGANSETT BAY;RIVERS - Estuaries;SCIENTIFIC INFORMATION;Technology;Water pollution,,
rayyan-153487658,Honest advocacy for nature: presenting a persuasive narrative for conservation,2018,,,Biodiversity and Conservation,,27,7,1703-1723,"Rose, D.C. and Brotherton, P.N.M. and Owens, S. and Pryke, T.",https://www.scopus.com/inward/record.uri?eid=2-s2.0-84976517227&doi=10.1007%2fs10531-016-1163-1&partnerID=40&md5=934c1cd16129b67eca2e190f905102e5,,,,,"<p>Export Date: 27 January 2025; Cited By: 31</p> | RAYYAN-INCLUSION: {""Alice""=>""Included""}",10.1007/s10531-016-1163-1,conservation status;decision making;England;environmental policy;Evidence-based policy;Evidence-informed policy;Framing;government;nature conservation;policy making;Science communication;Science-policy interface;United Kingdom,,
rayyan-153487667,Poor alignment of priorities between scientists and policymakers highlights the need for evidence-informed conservation in Brazil,2018,,,Perspectives in Ecology and Conservation,,16,3,125-132,"Karam-Gemael, M. and Loyola, R. and Penha, J. and Izzo, T.",https://www.scopus.com/inward/record.uri?eid=2-s2.0-85048940419&doi=10.1016%2fj.pecon.2018.06.002&partnerID=40&md5=f56ff731853c8b85a1c407a51b27f8bb,,,,,"<p>Export Date: 27 January 2025; Cited By: 27</p> | RAYYAN-INCLUSION: {""Alec""=>""Included""}",10.1016/j.pecon.2018.06.002,Conservation policy;Decision making;Environmental management;Evidence-based conservation;Science communication,,
rayyan-153487685,Connecting research and practice to enhance the evolutionary potential of species under climate change,2023,,,Conservation Science and Practice,,5,2,,"Thompson, L.M. and Thurman, L.L. and Cook, C.N. and Beever, E.A. and Sgrò, C.M. and Battles, A. and Botero, C.A. and Gross, J.E. and Hall, K.R. and Hendry, A.P. and Hoffmann, A.A. and Hoving, C. and LeDee, O.E. and Mengelt, C. and Nicotra, A.B. and Niver, R.A. and Pérez-Jvostov, F. and Quiñones, R.M. and Schuurman, G.W. and Schwartz, M.K. and Szymanski, J. and Whiteley, A.",https://www.scopus.com/inward/record.uri?eid=2-s2.0-85145479355&doi=10.1111%2fcsp2.12855&partnerID=40&md5=1eafddd4da9767c07bca34700be892c9,,,,,"<p>Export Date: 27 January 2025; Cited By: 17</p> | RAYYAN-INCLUSION: {""Alec""=>""Excluded""}",10.1111/csp2.12855,climate change;evolutionary adaptive capacity;genomics;knowledge exchange;natural resource management;policy;practitioner;researcher;threatened species,,
rayyan-153487686,Limited uptake of protected area evaluation systems among managers and decision-makers in Spain and the Mediterranean Sea,2015,,,Environmental Conservation,,42,3,237-245,"Rodríguez-Rodríguez, D. and Martínez-Vega, J. and Tempesta, M. and Otero-Villanueva, M.M.",https://www.scopus.com/inward/record.uri?eid=2-s2.0-84938416970&doi=10.1017%2fS0376892915000065&partnerID=40&md5=e98816d94830406518bc83938d7f8755,,,,,"<p>Export Date: 27 January 2025; Cited By: 13</p> | RAYYAN-INCLUSION: {""Philip""=>""Included"", ""Prishnee""=>""Included""}",10.1017/S0376892915000065,Biodiversity;Conservation;Decision makers;decision making;Decision making;decision-maker;environmental management;Environmental protection;evaluation system;Information management;integrated approach;manager;Managers;Mediterranean sea;Mediterranean Sea;ocean basin;protected area;Protected areas;resource availability;Spain;Surveys;sustainable development,,
rayyan-153487691,"Integrating collaboration, adaptive management, and scenario-planning: Experiences at Las Cienegas National conservation area",2013,,,Ecology and Society,,18,3,,"Caves, J.K. and Bodner, G.S. and Simms, K. and Fisher, L.A. and Robertson, T.",https://www.scopus.com/inward/record.uri?eid=2-s2.0-84884935173&doi=10.5751%2fES-05749-180343&partnerID=40&md5=7092e22a1fe1f488b03d98e8149d5a49,,,,,"<p>Export Date: 27 January 2025; Cited By: 37</p> | RAYYAN-INCLUSION: {""Alec""=>""Excluded""}",10.5751/ES-05749-180343,adaptive management;Biological planning;Bureau of land management;Climate adaptation;Collaboration;complexity;decision making;Desert southwest;Ecological monitoring;Implementing adaptive management;land management;Nested objectives;protected area;Public lands management;Scenario planning;stakeholder,,
rayyan-153487747,From ignorance to evidence? The use of programme evaluation in conservation: Evidence from a Delphi survey of conservation experts,2016,,,Journal of Environmental Management,,180,,466-475,"Curzon, H.F. and Kontoleon, A.",https://www.scopus.com/inward/record.uri?eid=2-s2.0-84973126959&doi=10.1016%2fj.jenvman.2016.05.062&partnerID=40&md5=b6c5d3b8cd0c05aba5fdbf42b46af641,,,,,"<p>Export Date: 27 January 2025; Cited By: 30</p> | RAYYAN-INCLUSION: {""Philip""=>""Excluded"", ""Aidan""=>""Included""}",10.1016/j.jenvman.2016.05.062,best management practice;Conservation;conservation management;Conservation of Natural Resources;conservation planning;Conservation policy;Decision making;Delphi analysis;Delphi method;DELPHI study;Delphi surveys;environmental impact;environmental policy;environmental protection;Evaluation methods;Evidence based policy;Evidence-based;female;Female;human;Humans;Impact evaluation;male;Male;physician;policy analysis;Policy impact evaluation;program evaluation;Program evaluation;Program Evaluation;project assessment;questionnaire;questionnaire survey;social change;Social Change;social impact;Surveys and Questionnaires;valuation,,
rayyan-153487770,The Asia-Pacific Biodiversity Observation Network: 10-year achievements and new strategies to 2030,2021,,,Ecological Research,,36,2,232-257,"Takeuchi, Y. and Muraoka, H. and Yamakita, T. and Kano, Y. and Nagai, S. and Bunthang, T. and Costello, M.J. and Darnaedi, D. and Diway, B. and Ganyai, T. and Grudpan, C. and Hughes, A. and Ishii, R. and Lim, P.T. and Ma, K. and Muslim, A.M. and Nakano, S.-I. and Nakaoka, M. and Nakashizuka, T. and Onuma, M. and Park, C.-H. and Pungga, R.S. and Saito, Y. and Shakya, M.M. and Sulaiman, M.K. and Sumi, M. and Thach, P. and Trisurat, Y. and Xu, X. and Yamano, H. and Yao, T.L. and Kim, E.-S. and Vergara, S. and Yahara, T.",https://www.scopus.com/inward/record.uri?eid=2-s2.0-85101780433&doi=10.1111%2f1440-1703.12212&partnerID=40&md5=51fea1e58ad5b199451a10655d66d860,,,,,"<p>Export Date: 27 January 2025; Cited By: 20</p> | RAYYAN-INCLUSION: {""Aidan""=>""Excluded""}",10.1111/1440-1703.12212,biodiversity;capacity building;data sharing;decision making;ecosystem service;forest cover;IPBES;knowledge;master site;observational method;policy making;research work;stakeholder;strategic approach;tropical forest,,
rayyan-153487781,Science and elephant management decisions in South Africa,2011,,,Biological Conservation,,144,2,876-885,"Young, K.D. and Van Aarde, R.J.",https://www.scopus.com/inward/record.uri?eid=2-s2.0-79451475777&doi=10.1016%2fj.biocon.2010.11.023&partnerID=40&md5=acda64fe0658a0b7d3f6149db2c6b676,,,,,"<p>Export Date: 27 January 2025; Cited By: 51</p> | RAYYAN-INCLUSION: {""Sarah""=>""Included""}",10.1016/j.biocon.2010.11.023,Conservation;conservation management;decision making;elephant;Elephantidae;Elephants;End-users;Evidence-based conservation;Management decisions;policy analysis;protected area;questionnaire survey;Science uptake;South Africa,,
rayyan-153487795,Integrating decision triggers into conservation management practice,2018,,,Journal of Applied Ecology,,55,2,494-502,"de Bie, K. and Addison, P.F.E. and Cook, C.N.",https://www.scopus.com/inward/record.uri?eid=2-s2.0-85036522534&doi=10.1111%2f1365-2664.13042&partnerID=40&md5=38e25b062853170e5c85649dc28da846,,,,,"<p>Export Date: 27 January 2025; Cited By: 19</p> | RAYYAN-INCLUSION: {""Aidan""=>""Excluded""}",10.1111/1365-2664.13042,adaptive management;conservation planning;decision triggers;decision-making;environment;evidence-based management;management practices;monitoring;proactive management;thresholds,,
rayyan-153487798,A first look at the science-policy interface for ocean governance in the Wider Caribbean Region,2016,,,Frontiers in Marine Science,,2,,,"McConney, P. and Fanning, L. and Mahon, R. and Simmons, B.",https://www.scopus.com/inward/record.uri?eid=2-s2.0-85008625572&doi=10.3389%2ffmars.2015.00119&partnerID=40&md5=8ad779915f3d48b74523425e956405f8,,,,,"<p>Export Date: 27 January 2025; Cited By: 26</p> | RAYYAN-INCLUSION: {""Sarah""=>""Included""}",10.3389/fmars.2015.00119,Caribbean;Interface;Marine;Policy;Science,,
rayyan-153487802,Finding a PATH toward scientific collaboration: Insights from the Columbia River Basin,2002,,,Ecology and Society,,5,2,,"Marmorek, D. and Peters, C.",https://www.scopus.com/inward/record.uri?eid=2-s2.0-54249094346&doi=10.5751%2fes-00310-050208&partnerID=40&md5=6fefdd58a8cc8036399cc0c023bd8107,,,,,"<p>Export Date: 27 January 2025; Cited By: 13</p> | RAYYAN-INCLUSION: {""Philip""=>""Excluded""}",10.5751/es-00310-050208,Adaptive management;Analytical framework;Collaborative process;Columbia River;Decision analysis;Endangered species;Hydrosystem;Multi-agency research;Salmon management;Snake River,,
rayyan-153487823,A framework of lessons learned from community-based marine reserves and its effectiveness in guiding a new coastal management initiative in the Philippines,2004,,,Environmental Management,,34,6,786-801,"Beger, M. and Harborne, A.R. and Dacles, T.P. and Solandt, J.-L. and Ledesma, G.L.",https://www.scopus.com/inward/record.uri?eid=2-s2.0-14944344028&doi=10.1007%2fs00267-004-0149-z&partnerID=40&md5=3e76767c76ccdc877c4a9ea064c1eda4,,,,,"<p>Export Date: 27 January 2025; Cited By: 58</p> | RAYYAN-INCLUSION: {""Philip""=>""Excluded""}",10.1007/s00267-004-0149-z,Alternative livelihood;Animals;Anthozoa;Asia;Coastal resources management;coastal zone management;Coastal zones;community;Community-based;Community-Institutional Relations;Conservation of Natural Resources;coral reef;Coral reef conservation;data base;Database systems;decision making;Decision making;Decision Making;Eastern Hemisphere;Ecosystem;Environment;Environment Design;Environmental Monitoring;environmental protection;Eurasia;Humans;law;Laws and legislation;Lessons learned;literature;Management inadequacies;Marine Biology;marine environment;marine policy;Marine protected area;Marine resource management;organization;Personnel;Philippines;population;Project expansion;Project management;protected area;review;Societies and institutions;sociobiology;Southeast Asia;World,,
rayyan-153487899,Reframing the evidence base for policy-relevance to increase impact: a case study on forest fragmentation in the oil palm sector,2017,,,Journal of Applied Ecology,,54,3,731-736,"Lucey, J.M. and Palmer, G. and Yeong, K.L. and Edwards, D.P. and Senior, M.J.M. and Scriven, S.A. and Reynolds, G. and Hill, J.K.",https://www.scopus.com/inward/record.uri?eid=2-s2.0-85019156620&doi=10.1111%2f1365-2664.12845&partnerID=40&md5=e4cb39038bef4b8f2e3f0e21fcdab69c,,,,,"<p>Export Date: 27 January 2025; Cited By: 24</p> | RAYYAN-INCLUSION: {""Sarah""=>""Excluded""}",10.1111/1365-2664.12845,biodiversity;communication;conservation planning;decision making;ecological economics;ecological impact;ecosystem function;ecosystem functioning;Elaeis;forest;forest ecosystem;forestry;guideline;habitat fragmentation;knowledge;knowledge exchange;oil palm;policy approach;policy development;policy window;species-area relationship;species–area relationship;trade-environment relations;tree;tropical;tropical forest,,
rayyan-153487904,"If there is scientific consensus to revise underlying assumptions or working hypotheses, would this revision have important consequences for management strategies or policy goals?",2010,,,USDA Forest Service - General Technical Report PNW-GTR,,,830,105-108,"Stinson, S.",https://www.scopus.com/inward/record.uri?eid=2-s2.0-78650505473&partnerID=40&md5=b6e50041064aef98ae4157006e87ec11,,,,,"<p>Export Date: 27 January 2025; Cited By: 0</p> | RAYYAN-INCLUSION: {""Iris""=>""Excluded""}",,adaptive management;conservation management;decision making;environmental policy;forest management;habitat conservation;management practice;natural resource;policy strategy;research and development,,
rayyan-153487922,Uncertainty and the endangered species act,2008,,,Indiana Law Journal,,83,,529-536,"Woods, T. and Morey, S.",https://www.scopus.com/inward/record.uri?eid=2-s2.0-47149112218&partnerID=40&md5=8562443933b25178e575d0dc5d85d8d4,,,,,"<p>Export Date: 27 January 2025; Cited By: 7</p> | RAYYAN-INCLUSION: {""Tabitha""=>""Excluded""}",,,,
rayyan-153487923,"Technological advances in biodiversity monitoring: applicability, opportunities and challenges",2020,,,Current Opinion in Environmental Sustainability,,45,,36-41,"Stephenson, P.J.",https://www.scopus.com/inward/record.uri?eid=2-s2.0-85091652067&doi=10.1016%2fj.cosust.2020.08.005&partnerID=40&md5=ade63bbbe2de177573616f8d3cf819e1,,,,,"<p>Export Date: 27 January 2025; Cited By: 58</p> | RAYYAN-INCLUSION: {""Sarah""=>""Excluded""}",10.1016/j.cosust.2020.08.005,biodiversity;biological development;conservation management;environmental monitoring;genetic analysis;natural resource;taxonomy;technology adoption,,
rayyan-153487944,Integrating scientific and local knowledge to address conservation conflicts: Towards a practical framework based on lessons learned from a Scottish case study,2020,,,Environmental Science and Policy,,107,,46-55,"Ainsworth, G.B. and Redpath, S.M. and Wilson, M. and Wernham, C. and Young, J.C.",https://www.scopus.com/inward/record.uri?eid=2-s2.0-85079860106&doi=10.1016%2fj.envsci.2020.02.017&partnerID=40&md5=9feef359dd448b8801e1342b20032e4a,,,,,"<p>Export Date: 27 January 2025; Cited By: 39</p> | RAYYAN-INCLUSION: {""Philip""=>""Included""}",10.1016/j.envsci.2020.02.017,article;Community science;conflict;Conflict transformation;human;Knowledge integration;organization;perception;Public benefit;Scotland;Transparency;trust;Trust,,
rayyan-153487978,Can methods applied in medicine be used to summarize and disseminate conservation research?,2004,,,Environmental Conservation,,31,3,190-198,"Fazey, I. and Salisbury, J.G. and Lindenmayer, D.B. and Maindonald, J. and Douglas, R.",https://www.scopus.com/inward/record.uri?eid=2-s2.0-13244282946&doi=10.1017%2fS0376892904001560&partnerID=40&md5=3a381b595424a808b9044d73faff362a,,,,,"<p>Export Date: 27 January 2025; Cited By: 77</p> | RAYYAN-INCLUSION: {""Philip""=>""Excluded""}",10.1017/S0376892904001560,Cochrane Library;Communication;conservation;Conservation related decisions;Conservation research;Conservation-related decisions;decision making;Disseminating research;Drug dosage;environmental management;Environmental management;environmental monitoring;environmental protection;Environmental protection;evidence based medicine;Evidence-based conservation;feedback system;health care;Implementing science;information dissemination;information processing;medicine;Medicine;methodology;Patient treatment;politics;research;Research communication;review;sample size;Science communication;Societies and institutions;standard;Systematic reviews,,
rayyan-153487982,A mixed methodology for evaluating use of evidence in conservation planning,2022,,,Conservation Biology,,36,4,,"Stevens, M. and Norris, D.R.",https://www.scopus.com/inward/record.uri?eid=2-s2.0-85126359040&doi=10.1111%2fcobi.13876&partnerID=40&md5=4e6de12093aa34bfc2e885a0f22d6ed4,,,,,"<p>Export Date: 27 January 2025; Cited By: 1</p> | RAYYAN-INCLUSION: {""Sarah""=>""Included""}",10.1111/cobi.13876,América del Norte;análisis de documentos;Canada;conocimiento ecológico tradicional;conservación basada en evidencias;Conservation of Natural Resources;conservation planning;Data Collection;decision making;Decision Making;división ciencia-práctica;document analysis;ecosystem management;environmental protection;evidence-based conservation;gestión ambiental;human;Humans;information processing;knowledge synthesis;methodology;monitoreo y evaluación;monitoring;monitoring and evaluation;North America;procedures;science–practice divide;síntesis del conocimiento;Social Sciences;sociology;traditional ecological knowledge;传统生态知识;北美洲;基于证据的保护;文件分析;生态系统管理;监测和评估;知识综述;科学与实践的差距,,
rayyan-153488004,Policy windows for the environment: Tips for improving the uptake of scientific knowledge,2020,,,Environmental Science and Policy,,113,,47-54,"Rose, D.C. and Mukherjee, N. and Simmons, B.I. and Tew, E.R. and Robertson, R.J. and Vadrot, A.B.M. and Doubleday, R. and Sutherland, W.J.",https://www.scopus.com/inward/record.uri?eid=2-s2.0-85026410614&doi=10.1016%2fj.envsci.2017.07.013&partnerID=40&md5=13d92a804a491e8c65a67ce516388450,,,,,"<p>Export Date: 27 January 2025; Cited By: 102</p> | RAYYAN-INCLUSION: {""Carlos""=>""Excluded""}",10.1016/j.envsci.2017.07.013,Article;environmental carrying capacity;environmental decision making;environmental policy;environmental protection;Evidence-based conservation;Evidence-based policy;Evidence-informed policy;Horizon scanning;human;interdisciplinary research;interview;law enforcement;Policy windows;priority journal;Science-policy interface,,
rayyan-153488069,On the accuracy of conservation managers' beliefs and if they learn fromevidence-based knowledge: A preliminary investigation,2013,,,Journal of Environmental Management,,128,,Jul-14,"McConnachie, M.M. and Cowling, R.M.",https://www.scopus.com/inward/record.uri?eid=2-s2.0-84878387279&doi=10.1016%2fj.jenvman.2013.04.021&partnerID=40&md5=c3dbd93483033a5f5ba46c2c37df0088,,,,,"<p>Export Date: 27 January 2025; Cited By: 13</p> | RAYYAN-INCLUSION: {""Philip""=>""Excluded"", ""Prishnee""=>""Included""}",10.1016/j.jenvman.2013.04.021,accuracy assessment;Alien plants;article;Bias;biological invasion;Biological invasion;Budget control;catchment;Catchments;conservation management;Cost effectiveness;cost effectiveness analysis;cost-benefit analysis;Cost-effectiveness;decision making;Decision making;Decision-making;Decisions makings;environmental management;environmental monitoring;environmental protection;evidence based practice;Evidence-based;Exposed to;Financial costs;invasive species;knowledge;Learn+;learning;Learning;Monitoring and evaluation;Monitoring and evaluations;plant growth;Runoff;social belief,,
rayyan-153488096,Rethinking the role of ecological research in the sustainable management of freshwater ecosystems,2010,,,Freshwater Biology,,55,,258-269,"Hart, D.D. and Calhoun, A.J.K.",https://www.scopus.com/inward/record.uri?eid=2-s2.0-74549161451&doi=10.1111%2fj.1365-2427.2009.02370.x&partnerID=40&md5=6d0104b5340af88fed43e30b97f94710,,,,,"<p>Export Date: 27 January 2025; Cited By: 54</p> | RAYYAN-INCLUSION: {""Isobel""=>""Included""}",10.1111/j.1365-2427.2009.02370.x,Interdisciplinary research;Knowledge-to-action;Problem solving;Sustainability science;Vernal pools,,
rayyan-153488173,Ten Considerations for Research Funders Seeking to Enhance Knowledge Exchange and the Impact of Marine Science on Policy and Practice,2021,,,Frontiers in Marine Science,,8,,,"Cvitanovic, C. and Wyborn, C. and Glenn, E. and Kelly, R. and Louder, E. and van Putten, E.I. and Bednarek, A.",https://www.scopus.com/inward/record.uri?eid=2-s2.0-85113158800&doi=10.3389%2ffmars.2021.704495&partnerID=40&md5=d085d2c8fd60f9f442c7dcdb05c06872,,,,,"<p>Export Date: 27 January 2025; Cited By: 16</p> | RAYYAN-INCLUSION: {""Matthew""=>""Excluded""}",10.3389/fmars.2021.704495,knowledge exchange;marine management;research funders;research impact;science-policy,,
rayyan-153488181,Determining the location of protected areas in France: Does “scientific interest” matter?,2021,,,Perspectives in Ecology and Conservation,,19,3,379-386,"Chassé, P. and Blatrix, C. and Frascaria-Lacoste, N.",https://www.scopus.com/inward/record.uri?eid=2-s2.0-85105067217&doi=10.1016%2fj.pecon.2021.03.006&partnerID=40&md5=9cfccddcee175f0a4e43c9495da7156b,,,,,"<p>Export Date: 27 January 2025; Cited By: 5</p> | RAYYAN-INCLUSION: {""Matthew""=>""Included"", ""Philip""=>""Excluded""}",10.1016/j.pecon.2021.03.006,Evidence-based policy;Expertise;Interdisciplinary research;Policy process;Protected areas;Scientific interest,,
rayyan-153488183,AI-Empowered Peatland Management for Climate-Resilient and Sustainable Future: Challenges and Opportunities,2024,,,"4th International Conference on Emerging Smart Technologies and Applications, eSmarTA 2024",,,,,"Alsamhi, S.H. and Rowan, N.J. and Hawbani, A. and Nashwan, F. and O'Brolchain, N.",https://www.scopus.com/inward/record.uri?eid=2-s2.0-85203677909&doi=10.1109%2feSmarTA62850.2024.10638930&partnerID=40&md5=cac6a3b124e9b492908d769a0b647ebd,,,,,"<p>Export Date: 27 January 2025; Cited By: 0</p> | RAYYAN-INCLUSION: {""Iris""=>""Excluded""}",10.1109/eSmarTA62850.2024.10638930,artificial intelligence;Biodiversity;Carbon capture and utilization;carbon sequestration;Carbon sequestration;climate change;climate resilience;Climate resilience;Ecological systems;Future challenges;Intelligence support;land degradation;Land degradation;Monitoring programmes;Peat land;Policy makers;Restoration project;sustainability,,
rayyan-153488184,Science as a Bridge in Communicating Needs and Implementing Changes towards Wetland Conservation in Taiwan,2018,,,Wetlands,,38,6,1223-1232,"Wang, H.-W. and Dodd, A. and Kuo, P.-H. and LePage, B.",https://www.scopus.com/inward/record.uri?eid=2-s2.0-85056193713&doi=10.1007%2fs13157-018-1096-4&partnerID=40&md5=3bc2ae66ce3a30e6693802dae0503bfe,,,,,"<p>Export Date: 27 January 2025; Cited By: 5</p> | RAYYAN-INCLUSION: {""Philip""=>""Excluded"", ""Alice""=>""Included""}",10.1007/s13157-018-1096-4,applied science;Community participation;decision making;ecosystem service;Ecosystem services;empowerment;local participation;Participatory action research (PAR);participatory approach;stakeholder;Taiwan;traditional knowledge;wetland;wetland management;Wetland management,,
rayyan-153488205,Making adaptive management more user friendly to encourage manager buy-in,2023,,,People and Nature,,5,2,684-698,"Kuiper, T. and Ngwenya, N. and Kavhu, B. and Mandisodza-Chikerema, R. and Milner-Gulland, E.J.",https://www.scopus.com/inward/record.uri?eid=2-s2.0-85151734266&doi=10.1002%2fpan3.10440&partnerID=40&md5=7a20545162951295c7525777d41516f5,,,,,"<p>Export Date: 27 January 2025; Cited By: 1</p> | RAYYAN-INCLUSION: {""Philip""=>""Included"", ""Nibedita""=>""Included""}",10.1002/pan3.10440,decision-making;elephant;environmental management;evidence-based conservation;management strategy evaluation;poaching;protected area management;technology adoption,,
rayyan-153488223,Navigating the fiery debate: The role of scientific evidence in eliciting policy and management responses for contentious plants in northern Australia,2018,,,Pacific Conservation Biology,,24,3,318-328,"Setterfield, S.A. and Rossiter-Rachor, N.A. and Adams, V.M.",https://www.scopus.com/inward/record.uri?eid=2-s2.0-85052488312&doi=10.1071%2fPC18028&partnerID=40&md5=c27fa1eedae656fe53190d9c2690068a,,,,,"<p>Export Date: 27 January 2025; Cited By: 4</p> | RAYYAN-INCLUSION: {""Philip""=>""Excluded""}",10.1071/PC18028,Australia;biodiversity;conservation biology;conservation policy;conservation status;decision making;environmental management;environmental policy;invasive species;plant;risk assessment;savanna,,
rayyan-153488236,The need for an evidence-led approach to rewilding,2024,,,Journal for Nature Conservation,,79,,,"O'Connell, M.J. and Prudhomme, C.T.",https://www.scopus.com/inward/record.uri?eid=2-s2.0-85189807038&doi=10.1016%2fj.jnc.2024.126609&partnerID=40&md5=a49798638f5f2d3041f9190b98a0f39c,,,,,"<p>Export Date: 27 January 2025; Cited By: 0</p> | RAYYAN-INCLUSION: {""Carlos""=>""Excluded""}",10.1016/j.jnc.2024.126609,Characterisation;conservation management;conservation planning;decision making;Decision tools;Enabling;Evidence-led;future prospect;growth response;nature conservation;Rewilding;Scotland;spatiotemporal analysis;United Kingdom,,
rayyan-153488252,"Exploring the davidson seamount: Combining science, public outreach, and resource management",2005,,,California and the World Ocean - Proceedings of the Conference,,,,371-376,"DeVogelaere, A. and Kochevar, R. and Tamburri, M. and Cailliet, G. and Burton, E. and Benson, S. and Douros, W.",https://www.scopus.com/inward/record.uri?eid=2-s2.0-21644471274&doi=10.1061%2f40761%28175%2934&partnerID=40&md5=5ce6748ca7be8c9810ebfc6115db2d61,,,,,"<p>Export Date: 27 January 2025; Cited By: 1</p> | RAYYAN-INCLUSION: {""Prishnee""=>""Excluded""}",10.1061/40761(175)34,American airlines (CO);Coastal zones;Data reduction;Decision making;Deep-water fishes;Electronic mail;Marine biology;Monterey Bay National Marine Sanctuary;Ocean habitats;Remotely operated vehicles;Resource management,,
rayyan-153488278,Conservation practitioners’ understanding of how to manage evolutionary processes,2019,,,Conservation Biology,,33,5,993-1001,"Cook, C.N. and Sgrò, C.M.",https://www.scopus.com/inward/record.uri?eid=2-s2.0-85063720388&doi=10.1111%2fcobi.13306&partnerID=40&md5=9fbd19063993da48cb3ef5848b441168,,,,,"<p>Export Date: 27 January 2025; Cited By: 13</p> | RAYYAN-INCLUSION: {""Philip""=>""Excluded"", ""Elina""=>""Included"", ""Alec""=>""Included""}",10.1111/cobi.13306,"attitude to health;Australia;Biological Evolution;conservation genetics;Conservation of Natural Resources;decision making;Decision Making;environmental protection;evolution;evolutionary theory;gene flow;Health Knowledge, Attitudes, Practice;inbreeding depression;knowledge;knowledge exchange;learning;learning by doing;outbreeding depression;reproductive success;restoration;restoration ecology;translocation",,
rayyan-153488316,"Iterative mapping of marine ecosystems for spatial status assessment, prioritization, and decision support",2023,,,Frontiers in Ecology and Evolution,,11,,,"Sink, K.J. and Adams, L.A. and Franken, M.-L. and Harris, L.R. and Currie, J. and Karenyi, N. and Dayaram, A. and Porter, S. and Kirkman, S. and Pfaff, M. and van Niekerk, L. and Atkinson, L.J. and Bernard, A. and Bessinger, M. and Cawthra, H. and de Wet, W. and Dunga, L. and Filander, Z. and Green, A. and Herbert, D. and Holness, S. and Lamberth, S. and Livingstone, T. and Lück-Vogel, M. and Mackay, F. and Makwela, M. and Palmer, R. and Van Zyl, W. and Skowno, A.",https://www.scopus.com/inward/record.uri?eid=2-s2.0-85153346539&doi=10.3389%2ffevo.2023.1108118&partnerID=40&md5=ac2b3ca9389e7b15718757604fb6e877,,,,,"<p>Export Date: 27 January 2025; Cited By: 6</p> | RAYYAN-INCLUSION: {""Philip""=>""Excluded"", ""Tabitha""=>""Included""}",10.3389/fevo.2023.1108118,benthic ecosystems;ecosystem mapping;ecosystem types;evidence-based biodiversity management;marine ecosystem map;pelagic ecosystems,,
rayyan-153488317,Synergies and Trade-Offs in Reducing Impacts of Unconventional Oil and Gas Development on Wildlife and Human Health,2022,,,BioScience,,72,5,472-480,"Deziel, N.C. and Shamasunder, B. and Pejchar, L.",https://www.scopus.com/inward/record.uri?eid=2-s2.0-85132129839&doi=10.1093%2fbiosci%2fbiac014&partnerID=40&md5=569fba9c2d221eba1b47c5a0052117bd,,,,,"<p>Export Date: 27 January 2025; Cited By: 6</p> | RAYYAN-INCLUSION: {""Matthew""=>""Excluded""}",10.1093/biosci/biac014,energy extraction;energy justice;One Health;public health;wildlife conservation,,
rayyan-153488415,Facilitating the wise use of experts and evidence to inform local environmental decisions,2022,,,People and Nature,,4,4,904-917,"MacLeod, C.J. and Brandt, A.J. and Dicks, L.V.",https://www.scopus.com/inward/record.uri?eid=2-s2.0-85129426781&doi=10.1002%2fpan3.10328&partnerID=40&md5=ff74d6f4f279c59542b1c5b2ee92ea02,,,,,"<p>Export Date: 27 January 2025; Cited By: 4</p> | RAYYAN-INCLUSION: {""Philip""=>""Excluded""}",10.1002/pan3.10328,biodiversity;boundary science;decision-making;evidence;experts;judgement;priorities,,
rayyan-153488434,Water Quality & natural resource management on military training lands in Central Texas: Improved decision support via Bayesian Networks,2017,,,Sustainability of Water Quality and Ecology,,9,,39-52,"Fox, W.E. and Medina-Cetina, Z. and Angerer, J. and Varela, P. and Ryang Chung, J.",https://www.scopus.com/inward/record.uri?eid=2-s2.0-85019129505&doi=10.1016%2fj.swaqe.2017.03.001&partnerID=40&md5=ec9f0f936b8754a9f0831ef827931ca0,,,,,"<p>Export Date: 27 January 2025; Cited By: 8</p> | RAYYAN-INCLUSION: {""Philip""=>""Excluded""}",10.1016/j.swaqe.2017.03.001,,,
rayyan-153488456,How practitioners integrate decision triggers with existing metrics in conservation monitoring,2019,,,Journal of Environmental Management,,230,,94-101,"Foster, C.N. and O'Loughlin, L.S. and Sato, C.F. and Westgate, M.J. and Barton, P.S. and Pierson, J.C. and Balmer, J.M. and Catt, G. and Chapman, J. and Detto, T. and Hawcroft, A. and Jones, G. and Kavanagh, R.P. and McKay, M. and Marshall, D. and Moseby, K.E. and Perry, M. and Robinson, D. and Seddon, J.A. and Tuft, K. and Lindenmayer, D.B.",https://www.scopus.com/inward/record.uri?eid=2-s2.0-85054727122&doi=10.1016%2fj.jenvman.2018.09.067&partnerID=40&md5=9afaefdf1b1407562fd22d1379f30471,,,,,"<p>Export Date: 27 January 2025; Cited By: 14</p> | RAYYAN-INCLUSION: {""Carlos""=>""Included""}",10.1016/j.jenvman.2018.09.067,adult;article;biodiversity;Biodiversity;bioindicator;Case-studies;conservation management;consultation;decision making;Decision making;Decision Making;Decision threshold;Decision thresholds;Direct measures;Ecology;Ecosystem changes;ecosystem dynamics;environmental monitoring;Environmental Monitoring;environmental planning;Evidence-based management;Evidence-based managements;funding;human;Humans;Indicators;Limited attentions;Management practises;monitoring;Monitoring;Monitoring programmes;native species;nonhuman;physician;Proxy;staff;Surrogate;surrogate method;Surrogates;uncertainty;Uncertainty,,
rayyan-153488463,"To mix or not to mix gene pools for threatened species management? Few studies use genetic data to examine the risks of both actions, but failing to do so leads disproportionately to recommendations for separate management",2021,,,Biological Conservation,,256,,,"Liddell, E. and Sunnucks, P. and Cook, C.N.",https://www.scopus.com/inward/record.uri?eid=2-s2.0-85103650384&doi=10.1016%2fj.biocon.2021.109072&partnerID=40&md5=e0545f88adf0d2054d30514f8452be14,,,,,"<p>Export Date: 27 January 2025; Cited By: 47</p> | RAYYAN-INCLUSION: {""Tabitha""=>""Excluded""}",10.1016/j.biocon.2021.109072,conservation genetics;Conservation management;decision making;endangered species;gene flow;Gene flow;genetic analysis;Genetic diversity;genetic variation;inbreeding depression;Inbreeding depression;Outbreeding depression;Population genetics;Risk assessment,,
rayyan-153488470,Moving beyond the pathology of policies pushing species toward extinction: The case of spectacled flying foxes in Australia,2024,,,Integrative Conservation,,3,2,87-103,"Preece, N. and McGrath, C. and Kerr, M.T.",https://www.scopus.com/inward/record.uri?eid=2-s2.0-85201090755&doi=10.1002%2finc3.54&partnerID=40&md5=96347610ca62e656253950ffa9dc693e,,,,,"<p>Export Date: 27 January 2025; Cited By: 0</p> | RAYYAN-INCLUSION: {""Philip""=>""Excluded"", ""Nibedita""=>""Excluded""}",10.1002/inc3.54,endangered species;legislative reform;passive resistance;recovery plan;rhetorical adoption,,
rayyan-153488475,Aligning evidence for use in decisions: Mechanisms to link collated evidence to the needs of policy-makers and practitioners,2020,,,"Conservation Research, Policy and Practice",,,,129-142,"Dicks, L.V. and Livoreil, B. and Smith, R.K. and Wittmer, H. and Young, J.",https://www.scopus.com/inward/record.uri?eid=2-s2.0-85194327662&doi=10.1017%2f9781108638210.008&partnerID=40&md5=c707494813d928653b8b84fe21550fb1,,,,,"<p>Export Date: 27 January 2025; Cited By: 0</p> | RAYYAN-INCLUSION: {""Aidan""=>""Excluded""}",,boundary organisations;cost;credibility;decision support systems;decision support tools;knowledge exchange;legitimacy;salience;scientific assessments;transparency,,
rayyan-153488501,Conservation of kit foxes in the great basin desert: Review and recommendations,2020,,,Journal of Fish and Wildlife Management,,11,2,679-698,"Lonsinger, R.C. and Kluever, B.M. and Hall, L.K. and Larsen, R.T. and Gese, E.M. and Waits, L.P. and Knight, R.N.",https://www.scopus.com/inward/record.uri?eid=2-s2.0-85102699407&doi=10.3996%2fJFWM-20-025&partnerID=40&md5=e8d04b26e2d2fec25915551b455c5082,,,,,"<p>Export Date: 27 January 2025; Cited By: 5</p> | RAYYAN-INCLUSION: {""Alice""=>""Excluded""}",10.3996/JFWM-20-025,Federal land management;Genetic monitoring;Noninvasive monitoring;Predation;Radiotelemetry;Remote cameras;Vulpes macrotis,,
rayyan-153488502,Local Planning and National Environmental Assessment Procedures: The Developer's Mitigated Role in Disjointed Negotiation Processes,1997,,,Urban Studies,,34,12,2037-2052,"Pinho, P.",https://www.scopus.com/inward/record.uri?eid=2-s2.0-0031432121&doi=10.1080%2f0042098975213&partnerID=40&md5=154cb8c76267e08757ef9fe8c866ef25,,,,,"<p>Export Date: 27 January 2025; Cited By: 5</p> | RAYYAN-INCLUSION: {""Philip""=>""Excluded""}",10.1080/0042098975213,development control;environmental impact assessment;negotiation process;planning practice;Portugal,,
rayyan-153488520,Debates about new wilderness in the black forest: How better not argue against a planned national park,2013,,,Naturschutz und Landschaftsplanung,,45,2,37-44,"Luick, R. and Reif, A.",https://www.scopus.com/inward/record.uri?eid=2-s2.0-84873459378&partnerID=40&md5=9c41e8591a0b159ba3dc4ff9f2f03932,,,,,"<p>Export Date: 27 January 2025; Cited By: 1</p> | RAYYAN-INCLUSION: {""Aidan""=>""Excluded""}",,conservation management;decision making;forest management;Germany;national park;nature conservation;theoretical study;wilderness area,,
rayyan-153488535,Perspectives on challenges and opportunities at the restoration-policy interface in the U.S.A.,2023,,,Restoration Ecology,,31,4,,"Samuel, E.M. and Mitchell, R.M. and Winkler, D.E.",https://www.scopus.com/inward/record.uri?eid=2-s2.0-85144074824&doi=10.1111%2frec.13823&partnerID=40&md5=4320242f5ab86804855eb289a8a97fdb,,,,,"<p>Export Date: 27 January 2025; Cited By: 4</p> | RAYYAN-INCLUSION: {""Matthew""=>""Excluded""}",10.1111/rec.13823,community engagement;ecological restoration;environmental policy;environmental restoration;incentive;incentive structures;interdisciplinary approach;knowledge;knowledge sharing;local participation;restoration ecology;transdisciplinary collaboration;United States,,
rayyan-153488558,Are we missing the boat? Current uses of long-term biological monitoring data in the evaluation and management of marine protected areas,2015,,,Journal of Environmental Management,,149,,148-156,"Addison, P.F.E. and Flander, L.B. and Cook, C.N.",https://www.scopus.com/inward/record.uri?eid=2-s2.0-84928896462&doi=10.1016%2fj.jenvman.2014.10.023&partnerID=40&md5=bda469c58981a8d644e4990d7eeb7a9e,,,,,"<p>Export Date: 27 January 2025; Cited By: 47</p> | RAYYAN-INCLUSION: {""Sarah""=>""Included""}",10.1016/j.jenvman.2014.10.023,Article;Australia;best management practice;biological monitoring;Biological monitoring;biomonitoring;coastal zone management;Condition monitoring;Conservation;conservation management;Conservation of Natural Resources;data interpretation;ecological approach;Effectiveness evaluation;environmental assessment;environmental management;environmental monitoring;Environmental Monitoring;environmental protection;Environmental protection;evidence based practice;Evidence-based management;Evidence-based managements;human;Humans;interview;Interviews as Topic;Knowledge management;Long term monitoring;Long-term monitoring;Management effectiveness;management effectiveness evaluation;Management effectiveness evaluation;marine environment;marine park;Marine protected area;Oceans and Seas;Organization and Administration;organization and management;outcome assessment;Outcome assessment;procedures;program effectiveness;program evaluation;Program Evaluation;Protected area management;quantitative analysis;Quantitative monitoring;questionnaire survey;sea;seashore;standards;statistics and numerical data,,
rayyan-153488643,Tailoring evidence into action: Using a co-design approach for biodiversity information in the Tropical Andes,2023,,,Conservation Science and Practice,,5,12,,"Valdez, J.W. and Pereira, H.M. and Morejón, G.F. and Acosta-Muñoz, C. and Bonet Garcia, F.J. and Castro Vergara, L. and Claros, X.R. and Gill, M.J. and Josse, C. and Lafuente-Cartagena, I. and Langstroth, R. and Sheppard, S.N. and Orihuela, G. and Prieto-Albuja, F.J. and Quillahuaman, N. and Terán, M.F. and Zambrana-Torrelio, C.M. and Navarro, L.M. and Fernandez, M.",https://www.scopus.com/inward/record.uri?eid=2-s2.0-85176109537&doi=10.1111%2fcsp2.13035&partnerID=40&md5=624834933d0b68aff3a69f42f9b68dee,,,,,"<p>Export Date: 27 January 2025; Cited By: 2</p> | RAYYAN-INCLUSION: {""Philip""=>""Included""}",10.1111/csp2.13035,Bolivia;EBV;Ecuador;essential biodiversity variables;mainstreaming;Peru;policy;stakeholder engagement,,
rayyan-153488726,Bridging knowledge and science to sustainable development policy: The role of geospatial technologies,2014,,,"35th Asian Conference on Remote Sensing 2014, ACRS 2014: Sensing for Reintegration of Societies",,,,,"Metternicht, G.",https://www.scopus.com/inward/record.uri?eid=2-s2.0-84925433100&partnerID=40&md5=63a262cc69a23623d9636a8bd5b55b5e,,,,,"<p>Export Date: 27 January 2025; Cited By: 0</p> | RAYYAN-INCLUSION: {""Philip""=>""Excluded""}",,Assessment;Biodiversity;Climate change;Data and information;Decision making;Earth (planet);Environmental protection;Environmental sustainability;Environmental technology;Geo-spatial;Geospatial;Geospatial technology;Orbits;Planning;Policy;Public policy;Remote sensing;Reporting;Resource availability;Scientific knowledge;Sustainable development,,
rayyan-153488826,Antarctic Marine Protected Area: the way of conservation in the game of science and policy,2023,,,Journal of Shanghai Ocean University,,32,4,883-892,"Zhao, H. and Zhu, G.",https://www.scopus.com/inward/record.uri?eid=2-s2.0-85187723020&doi=10.12024%2fjsou.20220503866&partnerID=40&md5=2d9f5056b79c8113823db715f5422cbd,,,,,"<p>Export Date: 27 January 2025; Cited By: 0</p> | RAYYAN-INCLUSION: {""Isobel""=>""Excluded""}",10.12024/jsou.20220503866,Antarctic;marine ecology;Marine Protection Area;ocean governance;spatial management,,
rayyan-153488828,Evidence Synthesis towards a Holistic Landscape Decision Framework: Insight from the Landscape Decisions Programme,2023,,,Land,,12,8,,"Ofoegbu, C. and Balzter, H. and Phillips, M.",https://www.scopus.com/inward/record.uri?eid=2-s2.0-85169089139&doi=10.3390%2fland12081543&partnerID=40&md5=5da4a7c980f1b914491869362cb01441,,,,,"<p>Export Date: 27 January 2025; Cited By: 0</p> | RAYYAN-INCLUSION: {""Carlos""=>""Excluded"", ""Elina""=>""Excluded""}",10.3390/land12081543,ecosystem service;ecosystem services;environmental policy;governance approach;holistic approach;land use planning;land-use framework;landscape governance;landscape planning;sustainability;sustainable landscape;transdisciplinary synthesis,,
rayyan-153488831,"Endangered Mangroves in Segara Anakan, Indonesia: Effective and Failed Problem-Solving Policy Advice",2017,,,Environmental Management,,60,3,409-421,"Dharmawan, B. and Böcher, M. and Krott, M.",https://www.scopus.com/inward/record.uri?eid=2-s2.0-85017522315&doi=10.1007%2fs00267-017-0868-6&partnerID=40&md5=7009ce914aedc1d03908ee52aa2011cb,,,,,"<p>Export Date: 27 January 2025; Cited By: 18</p> | RAYYAN-INCLUSION: {""Iris""=>""Included""}",10.1007/s00267-017-0868-6,"attitude to health;Conservation of Natural Resources;decision making;Decision making;Decision Making;District government;Document analysis;endangered species;Endangered Species;environmental modeling;environmental policy;environmental protection;environmental research;government;government regulation;Government Regulation;Greater Sunda Islands;Health Knowledge, Attitudes, Practice;human;Humans;Inappropriate use;Indonesia;Information management;Integration;interview;Java;knowledge;Knowledge management;Knowledge transfer;legislation and jurisprudence;management;mangrove;methodology;model;Models, Theoretical;nonhuman;Policy interaction;Policy Making;problem solving;Problem solving;Problem Solving;procedures;Public policy;Research Design;Rhizophoraceae;RIU model;Science–policy interactions;Scientific findings;Scientific knowledge;Scientific research;Scientific researches;scientist;Segara Anakan Lagoon;sound;Sunda Isles;theoretical model;wetland;Wetlands",,
rayyan-153488893,Role of integrated assessment and scenario development issues beyond SRES,2006,,,Environmental Economics and Policy Studies,,7,3,315-330,"Mori, S.",https://www.scopus.com/inward/record.uri?eid=2-s2.0-84919828311&doi=10.1007%2fBF03354005&partnerID=40&md5=11804b6a5aa91060c40c23fddde33586,,,,,"<p>Export Date: 27 January 2025; Cited By: 2</p> | RAYYAN-INCLUSION: {""Philip""=>""Excluded"", ""Nibedita""=>""Excluded""}",10.1007/BF03354005,Atmospheric temperature;Global warming;Integrated assessment;Scenario;Uncertainty,,
rayyan-153488969,"The need, opportunities, and challenges for creating a standardized framework for marine restoration monitoring and reporting",2022,,,Biological Conservation,,266,,,"Eger, A.M. and Earp, H.S. and Friedman, K. and Gatt, Y. and Hagger, V. and Hancock, B. and Kaewsrikhaw, R. and Mcleod, E. and Moore, A.M. and Niner, H.J. and Razafinaivo, F. and Sousa, A.I. and Stankovic, M. and Worthington, T.A. and Bayraktarov, E. and Saunders, M. and Vergés, A. and Reeves, S.",https://www.scopus.com/inward/record.uri?eid=2-s2.0-85122426762&doi=10.1016%2fj.biocon.2021.109429&partnerID=40&md5=d203d263977845bc53874d778a9be899,,,,,"<p>Export Date: 27 January 2025; Cited By: 22</p> | RAYYAN-INCLUSION: {""Alice""=>""Excluded""}",10.1016/j.biocon.2021.109429,adaptive management;Conservation evidence;Ecosystem restoration;environmental monitoring;habitat restoration;Marine;marine environment;Monitoring;Reporting;restoration ecology;sustainability;sustainable development,,
rayyan-153488980,Challenges and successes to the implementation of a zoo conservation-education program,2021,,,Evaluation and Program Planning,,88,,,"Mellish, S. and Ryan, J.C. and McLeod, E.M. and Tuckey, M.R. and Pearson, E.L.",https://www.scopus.com/inward/record.uri?eid=2-s2.0-85104149671&doi=10.1016%2fj.evalprogplan.2021.101950&partnerID=40&md5=256d85adfd2d399a8459c20dbbea801f,,,,,"<p>Export Date: 27 January 2025; Cited By: 5</p> | RAYYAN-INCLUSION: {""Tabitha""=>""Excluded""}",10.1016/j.evalprogplan.2021.101950,Australia;biodiversity;Biodiversity;Conservation;conservation management;Education;environmental education;implementation process;Implementation science;Program implementation;social impact;Victoria [Australia];zoo;Zoo,,
rayyan-153488982,Risk aversion and uncertainty create a conundrum for planning recovery of a critically endangered species,2020,,,Conservation Science and Practice,,2,2,,"Canessa, S. and Taylor, G. and Clarke, R.H. and Ingwersen, D. and Vandersteen, J. and Ewen, J.G.",https://www.scopus.com/inward/record.uri?eid=2-s2.0-85088799247&doi=10.1111%2fcsp2.138&partnerID=40&md5=1f2be6fb6b10c70f47498c71cea660e8,,,,,"<p>Export Date: 27 January 2025; Cited By: 30</p> | RAYYAN-INCLUSION: {""Philip""=>""Excluded"", ""Sarah""=>""Included""}",10.1111/csp2.138,cognitive bias;decision tree;expert elicitation;nest success;predator control;reintroduction;value of information,,
rayyan-153489035,Ecological and socioeconomic impacts of invasive alien species in island ecosystems,2007,,,Environmental Conservation,,34,2,98-111,"Reaser, J.K. and Meyerson, L.A. and Cronk, Q. and De Poorter, M. and Eldrege, L.G. and Green, E. and Kairo, M. and Latasi, P. and Mack, R.N. and Mauremootoo, J. and O'Dowd, D. and Orapa, W. and Sastroutomo, S. and Saunders, A. and Shine, C. and Thrainsson, S. and Vaiutu, L.",https://www.scopus.com/inward/record.uri?eid=2-s2.0-34447563794&doi=10.1017%2fS0376892907003815&partnerID=40&md5=fd2aea9627ec38025432451bd398ce59,,,,,"<p>Export Date: 27 January 2025; Cited By: 295</p> | RAYYAN-INCLUSION: {""Philip""=>""Excluded""}",10.1017/S0376892907003815,biological invasion;Biological invasion;Biologists;decision making;ecological impact;Economic and social effects;ecosystem;Ecosystems;environmental change;environmental exploitation;environmental exposure;environmental factor;environmental impact;environmental impact assessment;Environmental impacts;evolutionary adaptation;extinction;health risk;Information analysis;Invasive alien species;invasive species;island;Island;Islands;literature review;medical information;policy making;population decline;Problem solving;Public policy;Research and development management;review;socioeconomic impact;Socioeconomic impacts;socioeconomics;species extinction,,
rayyan-153489056,Tapping into non-English-language science for the conservation of global biodiversity,2021,,,PLoS Biology,,19,10,,"Amano, T. and Berdejo-Espinola, V. and Christie, A.P. and Willott, K. and Akasaka, M. and Baldi, A. and Berthinussen, A. and Bertolino, S. and Bladon, A.J. and Chen, M. and Choi, C.-Y. and Kharrat, M.B.D. and De Oliveira, L.G. and Farhat, P. and Golivets, M. and Aranzamendi, N.H. and Jantke, K. and Kajzer-Bonk, J. and Cisel Kemahli Aytekin, M. and Khorozyan, I. and Kito, K. and Konno, K. and Lin, D.-L. and Littlewood, N. and Liu, Y. and Liu, Y. and Loretto, M.-C. and Marconi, V. and Martin, P.A. and Morgan, W.H. and Narvaez-Gomez, J.P. and Negret, P.J. and Nourani, E. and Ochoa Quintero, J.M. and Ockendon, N. and Oh, R.R.Y. and Petrovan, S.O. and Piovezan-Borges, A.C. and Pollet, I.L. and Ramos, D.L. and Reboredo Segovia, A.L. and Nayelli Rivera-Villanueva, A. and Rocha, R. and Rouyer, M.-M. and Sainsbury, K.A. and Schuster, R. and Schwab, D. and Sekercioglu, C.H. and Seo, H.-M. and Shackelford, G. and Shinoda, Y. and Smith, R.K. and Tao, S.-D. and Tsai, M.-S. and Tyler, E.H.M. and Vajna, F. and Valdebenito, J.O. and Vozykova, S. and Waryszak, P. and Zamora-Gutierrez, V. and Zenni, R.D. and Zhou, W. and Sutherland, W.J.",https://www.scopus.com/inward/record.uri?eid=2-s2.0-85116731430&doi=10.1371%2fjournal.pbio.3001296&partnerID=40&md5=859ece93d29f327f6fb65220e42671ec,,,,,"<p>Export Date: 27 January 2025; Cited By: 128</p> | RAYYAN-INCLUSION: {""Philip""=>""Excluded"", ""Nibedita""=>""Excluded""}",10.1371/journal.pbio.3001296,animal;Animals;article;biodiversity;Biodiversity;conservation biology;Conservation of Natural Resources;English (language);environmental protection;geography;Geography;grid cell;human;human cell;human experiment;language;Language;linguistics;publication;Publications;science;Science,,
rayyan-153489149,Enhancing the engagement of U.S. private foundations with conservation science,2008,,,Conservation Biology,,22,6,1477-1484,"Zavaleta, E. and Miller, D.C. and Salafsky, N. and Fleishman, E. and Webster, M. and Gold, B. and Hulse, D. and Rowen, M. and Tabor, G. and Vanderryn, J.",https://www.scopus.com/inward/record.uri?eid=2-s2.0-57449108347&doi=10.1111%2fj.1523-1739.2008.01046.x&partnerID=40&md5=42a6a5c72e3859a807c0533edc42af34,,,,,"<p>Export Date: 27 January 2025; Cited By: 14</p> | RAYYAN-INCLUSION: {""Alice""=>""Included""}",10.1111/j.1523-1739.2008.01046.x,article;biodiversity;Biodiversity;Conservation donor;Conservation finance;Conservation funding;Conservation investment;Conservation of Natural Resources;conservation planning;Conservation science;Data Collection;economics;environmental economics;environmental protection;financial management;Foundations;Fund Raising;information processing;interdisciplinary communication;Interdisciplinary Communication;investment;methodology;non profit organization;Philanthropy;research;Research;statistics;strategic approach;United States,,
rayyan-153489184,Management of marine natural resources through by biodiversity informatics,1998,,,Marine Policy,,22,3,269-280,"Schalk, P.H.",https://www.scopus.com/inward/record.uri?eid=2-s2.0-0032076789&doi=10.1016%2fS0308-597X%2898%2900013-X&partnerID=40&md5=ba58f8144dba182c6fc7aba23b76ebe9,,,,,"<p>Export Date: 27 January 2025; Cited By: 9</p> | RAYYAN-INCLUSION: {""Tabitha""=>""Excluded""}",10.1016/S0308-597X(98)00013-X,biodiversity conservation;information technology;marine management;policy making,,
rayyan-153489244,Evidence-based conservation: Lessons from the Lower Mekong,2012,,,Evidence-Based Conservation: Lessons from the Lower Mekong,,,,1,"Sunderland, T.C.H. and Sayer, J.A. and Hoang, M.-H.",https://www.scopus.com/inward/record.uri?eid=2-s2.0-84920769346&doi=10.4324%2f9780203128466&partnerID=40&md5=56840c8e147fcff341498db3d82b82f8,,,,,"<p>Export Date: 27 January 2025; Cited By: 20</p> | RAYYAN-INCLUSION: {""Alec""=>""Excluded""}",,,,
rayyan-153489281,Language barriers in global bird conservation,2022,,,PLoS ONE,,17,4,,"Negret, P.J. and Atkinson, S.C. and Woodworth, B.K. and Tor, M.C. and Allan, J.R. and Fuller, R.A. and Amano, T.",https://www.scopus.com/inward/record.uri?eid=2-s2.0-85128661046&doi=10.1371%2fjournal.pone.0267151&partnerID=40&md5=92f6b4cbe7f3fae92dee204cada7242f,,,,,"<p>Export Date: 27 January 2025; Cited By: 6</p> | RAYYAN-INCLUSION: {""Alice""=>""Excluded""}",10.1371/journal.pone.0267151,animal;Animals;article;bird;Birds;Communication;communication barrier;Communication Barriers;Conservation of Natural Resources;Eastern Europe;environmental protection;human;human experiment;interpersonal communication;language;Language;migratory species;nonhuman;practice guideline;Russia;Russian Federation;western Asia,,
rayyan-153489287,Impact evaluation to communicate and improve conservation non-governmental organization performance: the case of conservation international,2015,,,Philosophical Transactions of the Royal Society B: Biological Sciences,,370,1681,,"McKinnon, M.C. and Mascia, M.B. and Yang, W. and Turner, W.R. and Bonham, C.",https://www.scopus.com/inward/record.uri?eid=2-s2.0-84944081208&doi=10.1098%2frstb.2014.0282&partnerID=40&md5=e30c9559c0482120e77d112668ca3ece,,,,,"<p>Export Date: 27 January 2025; Cited By: 33</p> | RAYYAN-INCLUSION: {""Nibedita""=>""Excluded"", ""Isobel""=>""Excluded""}",10.1098/rstb.2014.0282,adaptive management;Adaptive management;animal;Animals;biodiversity;Biodiversity;Biodiversity conservation;Boundary science;communication;Communication;conservation management;Conservation of Natural Resources;ecosystem;Ecosystem;environmental impact assessment;environmental protection;evaluation study;Evidence-based conservation;Impact evaluation;innovation;International Agencies;international cooperation;international organization;interpersonal communication;management;Non-governmental organization;nongovernmental organization;organization;Organizations;performance assessment;Policy Making;procedures,,
rayyan-153489335,Introducing a practice perspective on monitoring for adaptive management,2019,,,People and Nature,,1,3,387-405,"West, S. and Beilin, R. and Wagenaar, H.",https://www.scopus.com/inward/record.uri?eid=2-s2.0-85083810828&doi=10.1002%2fpan3.10033&partnerID=40&md5=5d612fcff818f553323bd8d1a9cf9df5,,,,,"<p>Export Date: 27 January 2025; Cited By: 17</p> | RAYYAN-INCLUSION: {""Philip""=>""Excluded"", ""Prishnee""=>""Excluded""}",10.1002/pan3.10033,adaptive management;environmental monitoring;evidence-based conservation;practice theory;pragmatist philosophy;relational thinking;science-policy interface;structured decision making,,
rayyan-153489344,"Impacts of environmental literacy on ecological networks in the Three Gorges Reservoir, China",2022,,,Ecological Indicators,,145,,,"Arif, M. and Changxiao, L.",https://www.scopus.com/inward/record.uri?eid=2-s2.0-85140787079&doi=10.1016%2fj.ecolind.2022.109571&partnerID=40&md5=d54c77b8d8f46377a319c1e194d25c7b,,,,,"<p>Export Date: 27 January 2025; Cited By: 16</p> | RAYYAN-INCLUSION: {""Tabitha""=>""Excluded""}",10.1016/j.ecolind.2022.109571,China;Correlation methods;Decision making;ecological impact;Ecological indicators;Ecological networks;Ecology;Ecosystem function;Ecosystem functions;Health indicators;knowledge;literacy;Multivariant analysis;Personnel;Pressure indicator;Pressure indicators;Rapid appraisal;Rapid appraisals;rapid rural appraisal;Reservoirs (water);Riparian health indicator;Riparian health indicators;riparian zone;Rivers;The yangtze river;The Yangtze River;Three Gorge reservoir;Three Gorges Reservoir,,
rayyan-153489354,Understanding and Overcoming the Barriers for Cost-effective Conservation,2017,,,Ecological Economics,,138,,139-144,"Grand, L. and Messer, K.D. and Allen, W.",https://www.scopus.com/inward/record.uri?eid=2-s2.0-85016590606&doi=10.1016%2fj.ecolecon.2017.03.027&partnerID=40&md5=681b22501806b5f803d8a1f6a52eb4a6,,,,,"<p>Export Date: 27 January 2025; Cited By: 11</p> | RAYYAN-INCLUSION: {""Philip""=>""Included""}",10.1016/j.ecolecon.2017.03.027,conservation management;conservation planning;Conservation planning;Conservation professionals;cost analysis;Cost-effective conservation;environmental policy;expert system;implementation process;incentive;optimization;Optimization;policy making;project design;Replication,,
rayyan-153489356,How Research-Prioritization Exercises Affect Conservation Policy,2011,,,Conservation Biology,,25,5,860-866,"Rudd, M.A.",https://www.scopus.com/inward/record.uri?eid=2-s2.0-80052582604&doi=10.1111%2fj.1523-1739.2011.01712.x&partnerID=40&md5=e4316516c3592f7aa9406401f25a512a,,,,,"<p>Export Date: 27 January 2025; Cited By: 71</p> | RAYYAN-INCLUSION: {""Matthew""=>""Excluded""}",10.1111/j.1523-1739.2011.01712.x,100 preguntas;100 questions;article;best management practice;biodiversity;conceptual framework;Conservation of Natural Resources;conservation planning;environmental policy;environmental protection;Impacto de la investigación;legal aspect;methodology;policy;Policy issues;policy making;Política de la ciencia;prioritization;Public Policy;research;Research;Research impact;Research utilization;research work;Science policy;Temas políticos;Uso de la investigación,,
rayyan-153489361,Assessment of USDA-NRCS rangeland conservation programs: Recommendation for an evidence-based conservation platform: Recommendation,2017,,,Ecological Applications,,27,1,94-104,"Briske, D.D. and Bestelmeyer, B.T. and Brown, J.R. and Brunson, M.W. and Thurow, T.L. and Tanaka, J.A.",https://www.scopus.com/inward/record.uri?eid=2-s2.0-85008349850&doi=10.1002%2feap.1414&partnerID=40&md5=715edde4abad74ba5bf3217f485836cd,,,,,"<p>Export Date: 27 January 2025; Cited By: 33</p> | RAYYAN-INCLUSION: {""Philip""=>""Excluded""}",10.1002/eap.1414,agriculture;Agriculture;conservation management;Conservation of Natural Resources;cost-benefit analysis;ecosystem resilience;efficiency measurement;environmental management;environmental protection;government;knowledge;knowledge coproduction;landowner;monitoring;policy approach;policy-relevant science;procedures;rangeland;rangeland stewardship;resilience-based management;science-policy gap;standard (regulation);United States;United States Department of Agriculture,,
rayyan-153489371,Research on interdisciplinary integration and development of natural-social sciences for biodiversity conservation in China,2024,,,Shengtai Xuebao,,44,13,5459-5475,"Wang, W. and Zhai, D. and Liu, J.",https://www.scopus.com/inward/record.uri?eid=2-s2.0-85198712110&doi=10.20103%2fj.stxb.202305050931&partnerID=40&md5=575991e5e650d9e612ecfc46f8311de9,,,,,"<p>Export Date: 27 January 2025; Cited By: 0</p> | RAYYAN-INCLUSION: {""Philip""=>""Excluded""}",10.20103/j.stxb.202305050931,adaptive management;biodiversity;China;conservation management;conservation natural science;conservation planning;conservation social science;dichotomy;interdisciplinary approach;interdisciplinary integration;knowledge;management effectiveness,,
rayyan-153489421,New perspective on the recent challenges of regional environmental management plans under the background of deep-sea mining: from Northwest Pacific to global,2024,,,Frontiers in Marine Science,,11,,,"Zhou, W. and Li, T. and Qi, X.",https://www.scopus.com/inward/record.uri?eid=2-s2.0-85204012696&doi=10.3389%2ffmars.2024.1453760&partnerID=40&md5=8dbf2ecd98c37bbcaf4b3326c491376b,,,,,"<p>Export Date: 27 January 2025; Cited By: 0</p> | RAYYAN-INCLUSION: {""Sarah""=>""Excluded""}",10.3389/fmars.2024.1453760,challenges;deep-sea mining;global;Northwest Pacific;REMP,,
rayyan-153489474,Assessing the Effectiveness of Coastal Marine Protected Area Management: Four Learned Lessons for Science Uptake and Upscaling,2020,,,Frontiers in Marine Science,,7,,,"Pelletier, D.",https://www.scopus.com/inward/record.uri?eid=2-s2.0-85096646405&doi=10.3389%2ffmars.2020.545930&partnerID=40&md5=7079cc0ecc06c0e2677534e8735c55f2,,,,,"<p>Export Date: 27 January 2025; Cited By: 10</p> | RAYYAN-INCLUSION: {""Philip""=>""Included""}",10.3389/fmars.2020.545930,coastal management;marine protected area;monitoring and assessment;MPA effectiveness;science uptake;social-ecological system;transdisciplinary,,
rayyan-153489494,The conservation research-practice gap: a case study of a threatened bird,2022,,,ORYX,,56,2,241-248,"Pérez-Granados, C. and López-Iborra, G.M.",https://www.scopus.com/inward/record.uri?eid=2-s2.0-85101694792&doi=10.1017%2fS003060532000023X&partnerID=40&md5=107cd654c70bad36c3c48599aa298680,,,,,"<p>Export Date: 27 January 2025; Cited By: 2</p> | RAYYAN-INCLUSION: {""Philip""=>""Excluded"", ""Aidan""=>""Included""}",10.1017/S003060532000023X,bird;Chersophilus duponti;conservation biology;conservation intervention;conservation management;conservation planning;Dupont's lark;endangered species;evidence-based conservation;extinction risk;managers;optimization;perception;science-practice divide;spatiotemporal analysis,,
rayyan-153489501,Practitioner perspectives on the application of palaeoecology in nature conservation,2023,,,Frontiers in Ecology and Evolution,,11,,,"Siggery, B. and Bennion, H. and Morse, S. and Murphy, R. and Waite, M.",https://www.scopus.com/inward/record.uri?eid=2-s2.0-85177679049&doi=10.3389%2ffevo.2023.1304510&partnerID=40&md5=03aaafe9b4641bdc81331c460e3a79bb,,,,,"<p>Export Date: 27 January 2025; Cited By: 2</p> | RAYYAN-INCLUSION: {""Matthew""=>""Included""}",10.3389/fevo.2023.1304510,conservation;evidence based;knowledge exchange;palaeoecology;practitioner;research implementation gap,,
rayyan-153489538,Building a tool to overcome barriers in research-implementation spaces: The conservation evidence database,2019,,,Biological Conservation,,238,,,"Sutherland, W.J. and Taylor, N.G. and MacFarlane, D. and Amano, T. and Christie, A.P. and Dicks, L.V. and Lemasson, A.J. and Littlewood, N.A. and Martin, P.A. and Ockendon, N. and Petrovan, S.O. and Robertson, R.J. and Rocha, R. and Shackelford, G.E. and Smith, R.K. and Tyler, E.H.M. and Wordley, C.F.R.",https://www.scopus.com/inward/record.uri?eid=2-s2.0-85070247922&doi=10.1016%2fj.biocon.2019.108199&partnerID=40&md5=c801fc2685788277ab1a18e25396a93c,,,,,"<p>Export Date: 27 January 2025; Cited By: 109</p> | RAYYAN-INCLUSION: {""Tabitha""=>""Excluded""}",10.1016/j.biocon.2019.108199,biodiversity;conservation;database;Delphi analysis;Delphi technique;Evidence-based conservation;Evidence-based policy;Evidence-based practice;implementation process;policy approach;research;Research-implementation space;Subject-wide evidence synthesis,,
rayyan-153489549,Delivering behavioural change at scale: What conservation can learn from other fields,2021,,,Biological Conservation,,257,,,"Travers, H. and Walsh, J. and Vogt, S. and Clements, T. and Milner-Gulland, E.J.",https://www.scopus.com/inward/record.uri?eid=2-s2.0-85104324352&doi=10.1016%2fj.biocon.2021.109092&partnerID=40&md5=0d7dbbe33fb929177338d7accf226c73,,,,,"<p>Export Date: 27 January 2025; Cited By: 29</p> | RAYYAN-INCLUSION: {""Philip""=>""Excluded""}",10.1016/j.biocon.2021.109092,behavioral response;Behaviour change;Biodiversity conservation;conservation;development economics;Global biodiversity framework;human behavior;Scalable interventions;sustainable development,,
rayyan-153489557,Digital advocacy at the science-policy interface: Resolving land-use conflicts in conservation forests,2022,,,Land Use Policy,,121,,,"Pratiwi, S. and Juerges, N.",https://www.scopus.com/inward/record.uri?eid=2-s2.0-85136516067&doi=10.1016%2fj.landusepol.2022.106310&partnerID=40&md5=40fc8a69b4b4822c46cdf7fa89913431,,,,,"<p>Export Date: 27 January 2025; Cited By: 4</p> | RAYYAN-INCLUSION: {""Philip""=>""Excluded""}",10.1016/j.landusepol.2022.106310,Conservation forests;conservation management;Digital advocacy;forest management;Indonesia;Java;Kamojang Geothermal Field;land use conflict;land use planning;Land-use conflict;Science-policy interface;social media;Social media;West Java,,
rayyan-153489628,Aligning science and policy to achieve evolutionarily enlightened conservation,2017,,,Conservation Biology,,31,3,501-512,"Cook, C.N. and Sgrò, C.M.",https://www.scopus.com/inward/record.uri?eid=2-s2.0-85013168142&doi=10.1111%2fcobi.12863&partnerID=40&md5=3b9ee7a275b7384ca36de5ce757cc0c6,,,,,"<p>Export Date: 27 January 2025; Cited By: 58</p> | RAYYAN-INCLUSION: {""Isobel""=>""Excluded""}",10.1111/cobi.12863,adaptation;adaptive potential;applied science;Biological Evolution;conservation management;Conservation of Natural Resources;conservation policy;diversidad genética;ecosystem resilience;environmental policy;Environmental Policy;environmental protection;evolución;evolution;evolutionary biology;evolutionary resilience;evolutionary theory;gene flow;genetic diversity;genetic management;genetic variation;human;Humans;integrated approach;management practice;manejo genético;policy;Policy;policy approach;policy making;política de conservación;potencial adaptativo;resiliencia evolutiva;risk assessment;Risk Assessment,,
rayyan-153489648,Utilizing science in advancing marine ecosystem-based management,2013,,,Ocean and Coastal Management,,81,,01-Jun,"Bermas-Atrigenio, N.A. and Chua, T.-E.",https://www.scopus.com/inward/record.uri?eid=2-s2.0-84879500270&doi=10.1016%2fj.ocecoaman.2012.12.003&partnerID=40&md5=3d25c9853b4ddcc16175407dbd5e3d0b,,,,,"<p>Export Date: 27 January 2025; Cited By: 3</p> | RAYYAN-INCLUSION: {""Carlos""=>""Excluded""}",10.1016/j.ocecoaman.2012.12.003,Aquaculture;China;coastal zone management;Design and implementations;ecosystem function;Ecosystem functioning;ecosystem management;Ecosystem-based management;Ecosystems;Functional integration;information and communication technology;innovation;Innovative approaches;integrated approach;Integrated coastal management;Japan;management practice;marine ecosystem;Oceanography;science and technology;Scientific information;Spatial and temporal scale,,
rayyan-153489651,Calling for a new agenda for conservation science to create evidence-informed policy,2019,,,Biological Conservation,,238,,,"Rose, D.C. and Amano, T. and González-Varo, J.P. and Mukherjee, N. and Robertson, R.J. and Simmons, B.I. and Wauchope, H.S. and Sutherland, W.J.",https://www.scopus.com/inward/record.uri?eid=2-s2.0-85071971303&doi=10.1016%2fj.biocon.2019.108222&partnerID=40&md5=da152947011de470a7dc43c598dcc233,,,,,"<p>Export Date: 27 January 2025; Cited By: 42</p> | RAYYAN-INCLUSION: {""Tabitha""=>""Excluded""}",10.1016/j.biocon.2019.108222,communication;complexity;conservation planning;Coproduction;Evidence-based policy;Evidence-informed policy;identification method;local participation;policy implementation;research work;Science communication;Science-policy,,
rayyan-153489659,The essential elements of science and management in coastal environmental managements,1997,,,Hydrobiologia,,352,1,159-166,"Chua, T.-E.",https://www.scopus.com/inward/record.uri?eid=2-s2.0-0030732733&partnerID=40&md5=dcc0b981578c6be6c725e3e517c15eff,,,,,"<p>Export Date: 27 January 2025; Cited By: 13</p> | RAYYAN-INCLUSION: {""Iris""=>""Excluded""}",,coastal barrier;coastal zone management;environmental management;environmental policy;Integrated coastal management;Science and management;scientific information,,
rayyan-153489678,Can citizen science contribute to the evidence-base that underpins marine policy?,2015,,,Marine Policy,,59,,112-120,"Hyder, K. and Townhill, B. and Anderson, L.G. and Delany, J. and Pinnegar, J.K.",https://www.scopus.com/inward/record.uri?eid=2-s2.0-84931260783&doi=10.1016%2fj.marpol.2015.04.022&partnerID=40&md5=310018be70712ca22ff4743549f5cf8a,,,,,"<p>Export Date: 27 January 2025; Cited By: 115</p> | RAYYAN-INCLUSION: {""Sarah""=>""Excluded""}",10.1016/j.marpol.2015.04.022,Citizen science;data set;Marine evidence;marine policy;Marine policy;policy making;research method,,
rayyan-153489693,Missing the trees for the wood: Why we are failing to see success in pro-poor conservation,2014,,,Animal Conservation,,17,4,303-312,"Davies, T.E. and Fazey, I.R.A. and Cresswell, W. and Pettorelli, N.",https://www.scopus.com/inward/record.uri?eid=2-s2.0-84904964408&doi=10.1111%2facv.12094&partnerID=40&md5=c0efbfc0d3253a36d7db8c55e5477ad4,,,,,"<p>Export Date: 27 January 2025; Cited By: 29</p> | RAYYAN-INCLUSION: {""Alice""=>""Excluded""}",10.1111/acv.12094,adaptive management;Adaptive management;biodiversity;Biodiversity;conservation management;environmental monitoring;Interdisciplinary;interdisciplinary approach;Monitoring;Poverty;poverty alleviation;Success;tree;wood,,
rayyan-153489702,Funding and delivering the routine testing of management interventions to improve conservation effectiveness,2022,,,Journal for Nature Conservation,,67,,,"Tinsley-Marshall, P. and Downey, H. and Adum, G. and Al-Fulaij, N. and Bourn, N.A.D. and Brotherton, P.N.M. and Frick, W.F. and Hancock, M.H. and Hellon, J. and Hudson, M.A. and Kortland, K. and Mastro, K. and McNicol, C.M. and McPherson, T. and Mickleburgh, S. and Moss, J.F. and Nichols, C.P. and O'Brien, D. and Ockendon, N. and Paterson, S. and Parks, D. and Pimm, S.L. and Schofield, H. and Simkins, A.T. and Watuwa, J. and Wormald, K. and Wilkinson, J. and Wilson, J.D. and Sutherland, W.J.",https://www.scopus.com/inward/record.uri?eid=2-s2.0-85127497769&doi=10.1016%2fj.jnc.2022.126184&partnerID=40&md5=0d81f59618aec9c051377f3e274e7884,,,,,"<p>Export Date: 27 January 2025; Cited By: 8</p> | RAYYAN-INCLUSION: {""Matthew""=>""Excluded"", ""Elina""=>""Excluded""}",10.1016/j.jnc.2022.126184,conservation;Conservation;Evidence-based practice;Experimental manipulation;Funding;management;Testing interventions;testing method;underpinning,,
rayyan-153489714,Making the leap from science to implementation: Strategic agricultural conservation in Michigan's Saginaw Bay watershed,2016,,,Journal of Great Lakes Research,,42,6,1372-1385,"Fales, M. and Dell, R. and Herbert, M.E. and Sowa, S.P. and Asher, J. and O'Neil, G. and Doran, P.J. and Wickerham, B.",https://www.scopus.com/inward/record.uri?eid=2-s2.0-85007072440&doi=10.1016%2fj.jglr.2016.09.010&partnerID=40&md5=13ab09dde9a3f723ebbc98fac8588c1e,,,,,"<p>Export Date: 27 January 2025; Cited By: 33</p> | RAYYAN-INCLUSION: {""Isobel""=>""Excluded""}",10.1016/j.jglr.2016.09.010,adaptive management;Agricultural conservation;agricultural management;Agriculture;Application programs;Bay watersheds;Conservation;conservation status;Ecology;fish;Fish;Fish communities;Fish community;Forestry;Great lakes;Great Lakes;Great Lakes [North America];Lakes;landowner;local participation;Michigan;nonpoint source pollution;Partnership programs;Regional conservation partnership program;regional planning;Saginaw Bay;Saginaw Bay watershed;science and technology;United States;water quality;Water quality;watershed;Watersheds,,
rayyan-153489731,Achieving Cross-Scale Collaboration for Large Scale Conservation Initiatives,2015,,,Conservation Letters,,8,2,107-117,"Guerrero, A.M. and Mcallister, R.R.J. and Wilson, K.A.",https://www.scopus.com/inward/record.uri?eid=2-s2.0-84921528607&doi=10.1111%2fconl.12112&partnerID=40&md5=d61eb02eb37da0545e522b9d67248d73,,,,,"<p>Export Date: 27 January 2025; Cited By: 104</p> | RAYYAN-INCLUSION: {""Alec""=>""Excluded""}",10.1111/conl.12112,Animalia;Collaborative conservation;Conservation networks;Exponential random graph model;Invasive species management;Revegetation;Scale;Social networks,,
rayyan-153489739,A proposed ecosystem-based management system for marine waters: Linking the theory of environmental policy to the practice of environmental management,2014,,,Ecology and Society,,19,4,,"Sardà, R. and O'higgins, T. and Cormier, R. and Diedrich, A. and Tintoré, J.",https://www.scopus.com/inward/record.uri?eid=2-s2.0-84923591141&doi=10.5751%2fES-07055-190451&partnerID=40&md5=43fe5bb98398237929dd18c723c11178,,,,,"<p>Export Date: 27 January 2025; Cited By: 53</p> | RAYYAN-INCLUSION: {""Matthew""=>""Excluded""}",10.5751/ES-07055-190451,coastal zone management;ecosystem approach;Ecosystem approach;Ecosystem goods and services;ecosystem management;ecosystem service;Ecosystem-based management;environmental management;Environmental management;environmental policy;marine ecosystem;Marine ecosystems;marine environment;Marine environment;Marine management strategy;marine policy;Oceans policy;policy development,,
rayyan-153489741,The contribution of scientific research to conservation planning,2018,,,Biological Conservation,,223,,82-96,"Mair, L. and Mill, A.C. and Robertson, P.A. and Rushton, S.P. and Shirley, M.D.F. and Rodriguez, J.P. and McGowan, P.J.K.",https://www.scopus.com/inward/record.uri?eid=2-s2.0-85046699882&doi=10.1016%2fj.biocon.2018.04.037&partnerID=40&md5=8254c078569412829fe44115fae1a373,,,,,"<p>Export Date: 27 January 2025; Cited By: 30</p> | RAYYAN-INCLUSION: {""Philip""=>""Excluded""}",10.1016/j.biocon.2018.04.037,action plan;biodiversity;conservation planning;Conservation prioritisation;conservation status;ecological modeling;interdisciplinary approach;literature review;Literature review;prioritization;Research-implementation gap;resource allocation;Topic modelling;Transdisciplinary research,,
rayyan-153489779,Poor understanding of evolutionary theory is a barrier to effective conservation management,2019,,,Conservation Letters,,12,2,,"Cook, C.N. and Sgrò, C.M.",https://www.scopus.com/inward/record.uri?eid=2-s2.0-85058233200&doi=10.1111%2fconl.12619&partnerID=40&md5=ab0cf8b348e182f4739691a7c07cd254,,,,,"<p>Export Date: 27 January 2025; Cited By: 26</p> | RAYYAN-INCLUSION: {""Sarah""=>""Included""}",10.1111/conl.12619,evidence-base conservation;evolutionarily enlightened management;gene flow;genetic management;inbreeding depression;life history strategy;mating systems;outbreeding depression,,
rayyan-153489787,The research-implementation gap: How practitioners and researchers from developing countries perceive the role of peer-reviewed literature in conservation science,2015,,,ORYX,,49,1,80-87,"Gossa, C. and Fisher, M. and Milner-Gulland, E.J.",https://www.scopus.com/inward/record.uri?eid=2-s2.0-84920115609&doi=10.1017%2fS0030605313001634&partnerID=40&md5=03710434ac0941d568d46858fe2264c2,,,,,"<p>Export Date: 27 January 2025; Cited By: 58</p> | RAYYAN-INCLUSION: {""Carlos""=>""Included""}",10.1017/S0030605313001634,Collaboration;developing countries;Impact Factor;information;open access;scientific publication,,
rayyan-153489956,Studies of the movement ecology of sharks justify the existence and expansion of marine protected areas in the Eastern Pacific Ocean,2022,,,Environmental Biology of Fishes,,105,12,2133-2153,"Klimley, A.P. and Arauz, R. and Bessudo, S. and Chávez, E.J. and Chinacalle, N. and Espinoza, E. and Green, J. and Hearn, A.R. and Hoyos-Padilla, M.E. and Nalesso, E. and Ketchum, J.T. and Fischer, C. and Ladino, F. and Shillinger, G. and Soler, G. and Steiner, T. and Peñaherrera‑Palma, C.",https://www.scopus.com/inward/record.uri?eid=2-s2.0-85123122243&doi=10.1007%2fs10641-021-01204-6&partnerID=40&md5=7db383e8782582a13209e3e32f028b36,,,,,"<p>Export Date: 27 January 2025; Cited By: 14</p> | RAYYAN-INCLUSION: {""Isobel""=>""Excluded""}",10.1007/s10641-021-01204-6,Marine megafauna;Marine reserves;Movement ecology;Sharks;Telemetry,,
rayyan-153489987,Improving biodiversity monitoring,2012,,,Austral Ecology,,37,3,285-294,"Lindenmayer, D.B. and Gibbons, P. and Bourke, M. and Burgman, M. and Dickman, C.R. and Ferrier, S. and Fitzsimons, J. and Freudenberger, D. and Garnett, S.T. and Groves, C. and Hobbs, R.J. and Kingsford, R.T. and Krebs, C. and Legge, S. and Lowe, A.J. and Mclean, R. and Montambault, J. and Possingham, H. and Radford, J. and Robinson, D. and Smallbone, L. and Thomas, D. and Varcoe, T. and Vardon, M. and Wardle, G. and Woinarski, J. and Zerger, A.",https://www.scopus.com/inward/record.uri?eid=2-s2.0-84860229264&doi=10.1111%2fj.1442-9993.2011.02314.x&partnerID=40&md5=2039c5ed6f501f35105d5380e1966120,,,,,"<p>Export Date: 27 January 2025; Cited By: 152</p> | RAYYAN-INCLUSION: {""Aidan""=>""Excluded""}",10.1111/j.1442-9993.2011.02314.x,Australia;biodiversity;Biodiversity;Conservation effectiveness;conservation management;environmental monitoring;implementation process;Management intervention;Monitoring;National Biodiversity Strategy;resource availability;resource management,,
rayyan-153490028,Evidence-based alignment of conservation policies with remote sensing-enabled essential biodiversity variables,2021,,,Ecological Indicators,,132,,,"Lock, M.C. and Skidmore, A.K. and van Duren, I. and Mücher, C.A.",https://www.scopus.com/inward/record.uri?eid=2-s2.0-85116523828&doi=10.1016%2fj.ecolind.2021.108272&partnerID=40&md5=85c8e5d3b8ae6015bb4bb608042e55c0,,,,,"<p>Export Date: 27 January 2025; Cited By: 6</p> | RAYYAN-INCLUSION: {""Philip""=>""Excluded"", ""Nibedita""=>""Excluded""}",10.1016/j.ecolind.2021.108272,biodiversity;Biodiversity;Biodiversity monitoring;Conservation;Conservation policies;Conservation policy;Ecological indicators;Ecosystem functioning;Ecosystem structure;Ecosystems;Essential biodiversity variable;Essential biodiversity variables;Evidence-based;information;Information products;management;Monitoring;nature conservation;policy development;Policy indicators;remote sensing;Remote sensing;Remote-sensing,,
rayyan-153490042,Achieving integration in marine governance through marine spatial planning: Findings from practice in the United States,2019,,,Ocean and Coastal Management,,167,,197-207,"Smythe, T.C. and McCann, J.",https://www.scopus.com/inward/record.uri?eid=2-s2.0-85055593562&doi=10.1016%2fj.ocecoaman.2018.10.006&partnerID=40&md5=35e2a8be5fc2005b6fb04e3f4b049892,,,,,"<p>Export Date: 27 January 2025; Cited By: 19</p> | RAYYAN-INCLUSION: {""Philip""=>""Excluded""}",10.1016/j.ocecoaman.2018.10.006,California;Case-studies;Empirical research;environmental planning;governance approach;Institutional arrangement;Integration;Integration elements;intergovernmental relations;knowledge based system;Knowledge integration;marine environment;Marine Spatial Planning;Oceanography;Regulatory structure;Rhode Island;San Francisco;San Francisco [California];spatial planning;stakeholder;United States;Washington County [Rhode Island],,
rayyan-153490171,Science-based management of public lands in Southern Nevada,2013,,,USDA Forest Service - General Technical Report RMRS-GTR,,,304,71-79,"Brooks, M.L. and Chambers, J.C.",https://www.scopus.com/inward/record.uri?eid=2-s2.0-84882286489&partnerID=40&md5=beea0618cc006bcb148d6aaedf622b34,,,,,"<p>Export Date: 27 January 2025; Cited By: 0</p> | RAYYAN-INCLUSION: {""Carlos""=>""Excluded"", ""Elina""=>""Excluded""}",,adaptive management;information management;land management;land use planning;management practice;Nevada;recreational management;uncertainty analysis;United States,,
rayyan-153490220,The ADnet Bayesian belief network for alder decline: Integrating empirical data and expert knowledge,2024,,,Science of the Total Environment,,947,,,"Gomes Marques, I. and Vieites-Blanco, C. and Rodríguez-González, P.M. and Segurado, P. and Marques, M. and Barrento, M.J. and Fernandes, M.R. and Cupertino, A. and Almeida, H. and Biurrun, I. and Corcobado, T. and Costa e Silva, F. and Díez, J.J. and Dufour, S. and Faria, C. and Ferreira, M.T. and Ferreira, V. and Jansson, R. and Machado, H. and Marçais, B. and Moreira, A.C. and Oliva, J. and Pielech, R. and Rodrigues, A.P. and David, T.S. and Solla, A. and Jung, T.",https://www.scopus.com/inward/record.uri?eid=2-s2.0-85198028751&doi=10.1016%2fj.scitotenv.2024.173619&partnerID=40&md5=6a5597b92703ba49d2a68f3a5242ca4e,,,,,"<p>Export Date: 27 January 2025; Cited By: 2</p> | RAYYAN-INCLUSION: {""Philip""=>""Excluded""}",10.1016/j.scitotenv.2024.173619,alder;algal bloom;Alnu;Alnus;aquatic environment;area under the curve;Article;Bayes theorem;Bayes Theorem;Bayesian analysis;Bayesian network;Bayesian networks;biogeography;chlorophyll fluorescence;computer model;Conservation of Natural Resources;data;Decision making;decision support system;Decision support systems;Decision support tool;Decision supports;deterioration;Disease control;disease severity;ecosystem;Ecosystem;Ecosystems;emotionality;empirical research;environmental protection;epidemic;epidemiology;Europe;Expert knowledge;Floods;forest;Forestry;Forests;genetic variability;geographic distribution;health care organization;health care policy;humidity;integrated pest management;Integrated pest management;Integrated pest management (IPM);knowledge;Knowledge management;linear regression analysis;metastasis;microbiology;nonhuman;North Africa;pathogen;Pathogens;Phytophthora;Phytophthora ×alni;plant disease;Plant Diseases;plant gene;plant genetics;Riparian ecosystem;Riparian ecosystems;riparian forest;scientific literature;sensitivity analysis;soil texture;statistical model;Support tool;survival rate;Uncertainty analysis;waterlogging;work environment,,
rayyan-153490283,Decision triggers are a critical part of evidence-based conservation,2016,,,Biological Conservation,,195,,46-51,"Cook, C.N. and de Bie, K. and Keith, D.A. and Addison, P.F.E.",https://www.scopus.com/inward/record.uri?eid=2-s2.0-84953455889&doi=10.1016%2fj.biocon.2015.12.024&partnerID=40&md5=13a0845a7b207beb6e2f5ef34ba0a45c,,,,,"<p>Export Date: 27 January 2025; Cited By: 51</p> | RAYYAN-INCLUSION: {""Tabitha""=>""Excluded""}",10.1016/j.biocon.2015.12.024,,,
rayyan-153490292,Do biodiversity-ecosystem functioning experiments inform stakeholders how to simultaneously conserve biodiversity and increase ecosystem service provisioning in grasslands?,2020,,,Biological Conservation,,245,,,"Klaus, V.H. and Whittingham, M.J. and Báldi, A. and Eggers, S. and Francksen, R.M. and Hiron, M. and Lellei-Kovács, E. and Rhymer, C.M. and Buchmann, N.",https://www.scopus.com/inward/record.uri?eid=2-s2.0-85082701307&doi=10.1016%2fj.biocon.2020.108552&partnerID=40&md5=6d1be169142c5c6c28a655ed62415ac7,,,,,"<p>Export Date: 27 January 2025; Cited By: 31</p> | RAYYAN-INCLUSION: {""Philip""=>""Excluded""}",10.1016/j.biocon.2020.108552,BEF research;biodiversity;Biodiversity crisis;ecosystem function;ecosystem service;Ecosystem services;grassland;knowledge;Knowledge generation;literature review;nature conservation;Plant species richness;Real-world grassland management;saturation;science and technology;species richness;stakeholder,,
rayyan-153490371,Evolution of models to support community and policy action with science: Balancing pastoral livelihoods and wildlife conservation in savannas of East Africa,2016,,,Proceedings of the National Academy of Sciences of the United States of America,,113,17,4579-4584,"Reid, R.S. and Nkedianye, D. and Said, M.Y. and Kaelo, D. and Neselle, M. and Makui, O. and Onetu, L. and Kiruswa, S. and Ole Kamuaro, N. and Kristjanson, P. and Ogutu, J. and BurnSilver, S.B. and Goldman, M.J. and Boone, R.B. and Galvin, K.A. and Dickson, N.M. and Clark, W.C.",https://www.scopus.com/inward/record.uri?eid=2-s2.0-84964797859&doi=10.1073%2fpnas.0900313106&partnerID=40&md5=f74135a582ed101b21a924cd44aca2a1,,,,,"<p>Export Date: 27 January 2025; Cited By: 138</p> | RAYYAN-INCLUSION: {""Nibedita""=>""Included"", ""Isobel""=>""Included""}",10.1073/pnas.0900313106,"Africa;Africa, Eastern;agriculture;Agriculture;animal;Animals;Animals, Wild;Article;biodiversity;community;Conservation of Natural Resources;continual engagement model;cooperation;Cooperative Behavior;demography;ecosystem;environmental protection;evolution;grassland;Grassland;herd;human;Humans;Kenya;land use;management;model;Models, Theoretical;nonhuman;Outreach;personnel;policy;Policy Making;Power;priority journal;Research Personnel;Residence Characteristics;savanna;science;Tanzania;theoretical model;Trust;wild animal;wildlife conservation",,
rayyan-153490404,Challenges and opportunities when studying movement ecology in science and practical conservation,2024,,,Basic and Applied Ecology,,81,,59-65,"Fischer, C.",https://www.scopus.com/inward/record.uri?eid=2-s2.0-85207864511&doi=10.1016%2fj.baae.2024.10.006&partnerID=40&md5=c4a19797126a8d6f82d16574570e7d94,,,,,"<p>Export Date: 27 January 2025; Cited By: 0</p> | RAYYAN-INCLUSION: {""Aidan""=>""Excluded""}",10.1016/j.baae.2024.10.006,Animal movement;Applied conservation;Biologging;Evidence-based conservation;Movebank;Movement ecology framework;Radio tracking;Scale dependency;Telemetry;Wildlife management,,
rayyan-153490435,Understanding and evidencing a broader range of ‘successes’ that can occur at the interface of marine science and policy,2021,,,Marine Policy,,134,,,"Cvitanovic, C. and Mackay, M. and Shellock, R.J. and van Putten, E.I. and Karcher, D.B. and Dickey-Collas, M.",https://www.scopus.com/inward/record.uri?eid=2-s2.0-85115421178&doi=10.1016%2fj.marpol.2021.104802&partnerID=40&md5=827a7d9f86684108d37e0f4ea89bab84,,,,,"<p>Export Date: 27 January 2025; Cited By: 25</p> | RAYYAN-INCLUSION: {""Carlos""=>""Included"", ""Elina""=>""Included""}",10.1016/j.marpol.2021.104802,Barriers;Boundary organisation;Enablers;Evidence-informed;ICES;management;marine ecosystem;marine policy;organization;Research impact;research work;Science-policy;Transparency;Trust;Varanidae,,
rayyan-153490619,Applying assessments of adaptive capacity to inform natural-resource management in a changing climate,2022,,,Conservation Biology,,36,2,,"Thurman, L.L. and Gross, J.E. and Mengelt, C. and Beever, E.A. and Thompson, L.M. and Schuurman, G.W. and Hoving, C.L. and Olden, J.D.",https://www.scopus.com/inward/record.uri?eid=2-s2.0-85120356666&doi=10.1111%2fcobi.13838&partnerID=40&md5=e356a57fe2dec813e736cab4ffb8ec15,,,,,"<p>Export Date: 27 January 2025; Cited By: 24</p> | RAYYAN-INCLUSION: {""Aidan""=>""Excluded""}",10.1111/cobi.13838,adaptación climática;adaptive capacity;adaptive management;cambio climático;capacidad adaptativa;climate adaptation;climate change;Climate Change;conservación;conservation;Conservation of Natural Resources;conservation planning;environmental protection;management;manejo;natural resource;Natural Resources;resilience;resiliencia;vulnerabilidad;vulnerability;保护;恢复力;气候变化;气候适应;管理;脆弱性;适应能力,,
rayyan-153490668,Principles for using evidence to improve biodiversity impact mitigation by business,2023,,,Business Strategy and the Environment,,32,7,4719-4733,"White, T.B. and Petrovan, S.O. and Bennun, L.A. and Butterworth, T. and Christie, A.P. and Downey, H. and Hunter, S.B. and Jobson, B.R. and zu Ermgassen, S.O.S.E. and Sutherland, W.J.",https://www.scopus.com/inward/record.uri?eid=2-s2.0-85148618937&doi=10.1002%2fbse.3389&partnerID=40&md5=8ee53b4aba0fb0b527fa351b1ec57510,,,,,"<p>Export Date: 27 January 2025; Cited By: 6</p> | RAYYAN-INCLUSION: {""Matthew""=>""Excluded""}",10.1002/bse.3389,biodiversity;business development;conservation management;effectiveness;efficiency;environmental management;evidence-based biodiversity management;hierarchical system;mitigation hierarchy;private sector,,
rayyan-153490886,Mitigating impacts of roads on wildlife: an agenda for the conservation of priority European protected species in Great Britain,2015,,,European Journal of Wildlife Research,,61,2,199-211,"Ward, A.I. and Dendy, J. and Cowan, D.P.",https://www.scopus.com/inward/record.uri?eid=2-s2.0-84925393650&doi=10.1007%2fs10344-015-0901-0&partnerID=40&md5=183845b0b8cab0c2f3bad834392b478f,,,,,"<p>Export Date: 27 January 2025; Cited By: 18</p> | RAYYAN-INCLUSION: {""Carlos""=>""Excluded""}",10.1007/s10344-015-0901-0,Barrier effect;Bats;Conservation status;Great crested newt;Hazel dormouse;Mortality,,
rayyan-153491048,A critical review of environmental management of the 'not so Great' Barrier Reef,2012,,,"Estuarine, Coastal and Shelf Science",,104,,Jan-22,"Brodie, J. and Waterhouse, J.",https://www.scopus.com/inward/record.uri?eid=2-s2.0-84861456975&doi=10.1016%2fj.ecss.2012.03.012&partnerID=40&md5=1ba333386f9cb53b889ae62a854ab4a8,,,,,"<p>Export Date: 27 January 2025; Cited By: 167</p> | RAYYAN-INCLUSION: {""Philip""=>""Excluded""}",10.1016/j.ecss.2012.03.012,Acanthaster planci;Anthozoa;Asteroidea;Australia;best management practice;climate change;Climate change;coral reef;Coral reef;critical analysis;echinoderm;environmental management;fishing;Great Barrier Reef Marine Park;Indonesia;Management evaluation;marine park;Marine park;Philippines;Pollution;Queensland;research work;seagrass;Seagrass;tourism management;trawling,,
rayyan-153491103,What challenges impede the adoption of agroforestry practices? A global perspective through a systematic literature review,2024,,,Agroforestry Systems,,98,6,1817-1837,"Tranchina, M. and Reubens, B. and Frey, M. and Mele, M. and Mantino, A.",https://www.scopus.com/inward/record.uri?eid=2-s2.0-85191706371&doi=10.1007%2fs10457-024-00993-w&partnerID=40&md5=cf605b1bd45a65083d52b7abf6e7ef6d,,,,,"<p>Export Date: 27 January 2025; Cited By: 5</p> | RAYYAN-INCLUSION: {""Philip""=>""Excluded""}",10.1007/s10457-024-00993-w,agroforestry;biodiversity;climate change;conservation management;conservation status;Economic;Farmers;global perspective;literature review;Multi-stakeholder;Participatory;Policy;Sustainable;Technical,,
rayyan-153491400,"Incorporating social dimensions in planning, managing and evaluating environmental projects",2019,,,Environmental Management,,63,2,215-232,"Goggin, C.L. and Barrett, T. and Leys, J. and Summerell, G. and Gorrod, E. and Waters, S. and Littleboy, M. and Auld, T.D. and Drielsma, M.J. and Jenkins, B.R.",https://www.scopus.com/inward/record.uri?eid=2-s2.0-85059917530&doi=10.1007%2fs00267-018-01131-w&partnerID=40&md5=7d8560de04ceda757c75eccb81d89873,,,,,"<p>Export Date: 27 January 2025; Cited By: 7</p> | RAYYAN-INCLUSION: {""Matthew""=>""Included"", ""Elina""=>""Included""}",10.1007/s00267-018-01131-w,article;Capability;conservation management;Conservation of Natural Resources;Environment;environmental conditions;Environmental management;environmental planning;environmental protection;human;interdisciplinary approach;interview;knowledge;Knowledge;Knowledge exchange;Knowledge management;manager;Managers;natural resource;Natural Resources;Natural resources management;physician;Practitioners;process model;project management;questionnaire survey;research work;resource management;Retrospective Studies;retrospective study;scientist;Scientists;Transdisciplinary,,
rayyan-153491439,Science and its role in Australian regional forest agreements,2002,,,International Forestry Review,,4,1,39-55,"Davey, S.M. and Hoare, J.R.L. and Rumba, K.E.",https://www.scopus.com/inward/record.uri?eid=2-s2.0-0036233565&partnerID=40&md5=98ce76d8fc8bce6e62ccacf353a949be,,,,,"<p>Export Date: 27 January 2025; Cited By: 11</p> | RAYYAN-INCLUSION: {""Alice""=>""Excluded""}",,Australia;forest management;Forest science-policy;forestry policy;Management systems;Regional forest agreement;Scientific stakeholders;Sustainable forest management;sustainable forestry;timber industry,,
rayyan-153491591,"The formation of large-scale collaborative resource management institutions: Clarifying the roles of stakeholders, science, and institutions",2005,,,Policy Studies Journal,,33,4,583-612,"Heikkila, T. and Gerlak, A.K.",https://www.scopus.com/inward/record.uri?eid=2-s2.0-28244478571&doi=10.1111%2fj.1541-0072.2005.00134.x&partnerID=40&md5=8485d189e8ede7228aa180851e085184,,,,,"<p>Export Date: 27 January 2025; Cited By: 203</p> | RAYYAN-INCLUSION: {""Matthew""=>""Excluded"", ""Elina""=>""Excluded""}",10.1111/j.1541-0072.2005.00134.x,CALFED Bay-Delta Program;Chesapeake Bay Program;Collaborative environmental governance;Comprehensive Everglades Restoration Plan;Institutional change;institutional framework;North America;Northwest Power and Conservation Council;Policy entrepreneurs;regional planning;resource management;Scientific information;stakeholder;United States,,
rayyan-153491628,Benefits and barriers for researcher-practitioner collaboration on marine and coastal management issues,2024,,,Environmental Science and Policy,,155,,,"Yates, K.L. and Copping, J.P. and Tweddle, J.F. and O'Leary, B.C.",https://www.scopus.com/inward/record.uri?eid=2-s2.0-85187240478&doi=10.1016%2fj.envsci.2024.103713&partnerID=40&md5=553555427261d47b795905810329f3c5,,,,,"<p>Export Date: 27 January 2025; Cited By: 1</p> | RAYYAN-INCLUSION: {""Alice""=>""Excluded""}",10.1016/j.envsci.2024.103713,academia;Actionable science;adult;applied science;article;Boundary spanning;career;coastal zone management;expert system;human;Institutional barriers;investment;knowledge;Knowledge exchange;marine policy;pattern recognition;perception;physician;policy development;public attitude;research work;Science impact;Science-policy interface;time pressure;United Kingdom,,
rayyan-153491647,What is the impact of active management on biodiversity in boreal and temperate forests set aside for conservation or restoration? A systematic map,2015,,,Environmental Evidence,,4,1,,"Bernes, C. and Jonsson, B.U. and Junninen, K. and Lõhmus, A. and Macdonald, E. and Müller, J. and Sandström, J.",https://www.scopus.com/inward/record.uri?eid=2-s2.0-84952330057&doi=10.1186%2fs13750-015-0050-7&partnerID=40&md5=ffcac1c7c213b6e33a7fd73dfee89c8d,,,,,"<p>Export Date: 27 January 2025; Cited By: 56</p> | RAYYAN-INCLUSION: {""Carlos""=>""Excluded""}",10.1186/s13750-015-0050-7,Biodiversity;Boreal forest;Browsing;Dead wood;Disturbance legacy;Forest conservation;Forest reserve;Forest restoration;Forest set-aside;Grazing;Habitat management;Partial harvesting;Prescribed burning;Temperate forest;Thinning,,
rayyan-153491933,Environmental Bargaining and Boundary Organizations: Remapping British Columbia's Great Bear Rainforest,2012,,,Annals of the Association of American Geographers,,102,6,1391-1408,"Affolderbach, J. and Clapp, R.A. and Hayter, R.",https://www.scopus.com/inward/record.uri?eid=2-s2.0-84867193209&doi=10.1080%2f00045608.2012.706567&partnerID=40&md5=4b18cce6df447462cefef374db3ab3e7,,,,,"<p>Export Date: 27 January 2025; Cited By: 26</p> | RAYYAN-INCLUSION: {""Aidan""=>""Excluded""}",10.1080/00045608.2012.706567,bargaining;boundary organization;British Columbia;Canada;conservation management;ENGOs;environmental governance;environmental policy;forest management;Great Bear Rainforest;land use;nongovernmental organization;numerical model;property rights;regional development;remapping;stakeholder;sustainable development,,
rayyan-153492184,"Hen harriers and red grouse: Science, politics and human-wildlife conflict",2008,,,Journal of Applied Ecology,,45,5,1550-1554,"Thirgood, S. and Redpath, S.",https://www.scopus.com/inward/record.uri?eid=2-s2.0-50649088145&doi=10.1111%2fj.1365-2664.2008.01519.x&partnerID=40&md5=819889e29f1582fc49bb6aa3b9e77f18,,,,,"<p>Export Date: 27 January 2025; Cited By: 116</p> | RAYYAN-INCLUSION: {""Philip""=>""Excluded""}",10.1111/j.1365-2664.2008.01519.x,anthropogenic effect;Circus;Conflict;economic impact;Economics;Eurasia;Europe;gamebird;Grouse;hunting;mitigation;moorland;Moorland;politics;predation;Predation;raptor;Raptores;Raptors;stakeholder;Stakeholders;Tetraonidae;United Kingdom;Western Europe;wildlife management,,
rayyan-153492243,Credible science? Evaluating the regional forest agreement process in Western Australia,1998,,,Australian Journal of Environmental Management,,5,4,213-225,"Horwitz, P. and Calver, M.",https://www.scopus.com/inward/record.uri?eid=2-s2.0-0000298491&doi=10.1080%2f14486563.1998.10648420&partnerID=40&md5=df9754afbd5fd325d37a245ff2d75389,,,,,"<p>Export Date: 27 January 2025; Cited By: 21</p> | RAYYAN-INCLUSION: {""Philip""=>""Excluded""}",10.1080/14486563.1998.10648420,,,
rayyan-153492273,"Comparison and analysis of lessons learned during the investigation of oiled wildlife found near Saint Lawrence Island, Alaska",2014,,,Proceedings of the 37th AMOP Technical Seminar on Environmental Contamination and Response,,,,276-288,"Adamczak, A.K. and Starsman, J.K. and Dunker, B. and Ha, Y. and DeRnyter, T.",https://www.scopus.com/inward/record.uri?eid=2-s2.0-84916196795&partnerID=40&md5=becc0f050ac63a3e1bf2711467fe2dac,,,,,"<p>Export Date: 27 January 2025; Cited By: 0</p> | RAYYAN-INCLUSION: {""Prishnee""=>""Excluded""}",,Analytical samples;Animals;Comparison and analysis;Debris;Environmental conservation;Interpretation of data;Offshore oil wells;Oil shale;Pollution detection;Potential sources;Rapid response;State and Federal Wildlife Agencies;United States Coast Guard;Water pollution,,
rayyan-153493115,Scientific evidence and potential barriers in the management of Brazilian protected areas,2017,,,PLoS ONE,,12,1,,"Giehl, E.L.H. and Moretti, M. and Walsh, J.C. and Batalha, M.A. and Cook, C.N.",https://www.scopus.com/inward/record.uri?eid=2-s2.0-85009124875&doi=10.1371%2fjournal.pone.0169917&partnerID=40&md5=67a67b3cef3fd0017268deea9a77d680,,,,,"<p>Export Date: 27 January 2025; Cited By: 20</p> | RAYYAN-INCLUSION: {""Sarah""=>""Included""}",10.1371/journal.pone.0169917,"algorithm;Algorithms;Brazil;Conservation of Natural Resources;developing country;environmental protection;human;human experiment;Humans;language;manager;Models, Statistical;personal experience;procedures;questionnaire;research;Research;statistical model;statistics and numerical data;training",,
rayyan-153493346,Unlocking Lethal Dingo Management in Australia,2023,,,Diversity,,15,5,,"Boronyak, L. and Jacobs, B. and Smith, B.",https://www.scopus.com/inward/record.uri?eid=2-s2.0-85160587110&doi=10.3390%2fd15050642&partnerID=40&md5=839c31b860b1d90232f25b4d4d7dee27,,,,,"<p>Export Date: 27 January 2025; Cited By: 1</p> | RAYYAN-INCLUSION: {""Philip""=>""Excluded"", ""Carlos""=>""Included""}",10.3390/d15050642,agricultural land;Australia;canid;carnivore;conflict;dingo;grazing management;human-wildlife coexistence;livestock farming;livestock production;lock-in traps;management;predator;rangeland;social-ecological systems,,
rayyan-153493742,The birth of a science-policy interface for biodiversity: The history of IPBES,2016,,,The Intergovernmental Platform on Biodiversity and Ecosystem Services (IPBES): Meeting the challenges of biodiversity conservation and governance,,,,41-77,"Vadrot, A.B.M.",https://www.scopus.com/inward/record.uri?eid=2-s2.0-85021149739&doi=10.4324%2f9781315651095-13&partnerID=40&md5=aa6331b10cc9f906452acd8f375cc3bf,,,,,"<p>Export Date: 27 January 2025; Cited By: 9</p> | RAYYAN-INCLUSION: {""Alice""=>""Excluded""}",,,,
rayyan-153493838,Collaborative learning to unlock investments for functional ecological infrastructure: Bridging barriers in social-ecological systems in South Africa,2017,,,Ecosystem Services,,27,,291-304,"Angelstam, P. and Barnes, G. and Elbakidze, M. and Marais, C. and Marsh, A. and Polonsky, S. and Richardson, D.M. and Rivers, N. and Shackleton, R.T. and Stafford, W.",https://www.scopus.com/inward/record.uri?eid=2-s2.0-85018881129&doi=10.1016%2fj.ecoser.2017.04.012&partnerID=40&md5=eef6d6a335987d9a59f0c88f17095aa2,,,,,"<p>Export Date: 27 January 2025; Cited By: 45</p> | RAYYAN-INCLUSION: {""Alice""=>""Excluded""}",10.1016/j.ecoser.2017.04.012,Active adaptive management;Ecological (green) infrastructure;Landscape approach;Landscape restoration;Learning by evaluation;Scaling-up,,
rayyan-153494492,Exploring Floridians' perceptions of pollinator-friendly gardening to identify critical adoption barriers and strategies,2023,,,Urban Forestry and Urban Greening,,81,,,"Gusto, C. and Silvert, C. and Warner, L.A. and Diaz, J. and Mallinger, R.",https://www.scopus.com/inward/record.uri?eid=2-s2.0-85150759923&doi=10.1016%2fj.ufug.2023.127867&partnerID=40&md5=10fca9fa714405013e0147c8f5d4fc9e,,,,,"<p>Export Date: 27 January 2025; Cited By: 4</p> | RAYYAN-INCLUSION: {""Matthew""=>""Excluded""}",10.1016/j.ufug.2023.127867,adoption behavior;angiosperm;barrier (equipment);Barriers;garden;Gardening;landscape;Landscape conservation;pollinator;Pollinators residential landscaping;residential location;strategic approach;Strategies,,
rayyan-153494591,Population Dynamics and Food Webs: Drifting Away from The Lotka-Volterra Paradigm,2006,,,Dynamic Food Webs,,,,71-73,"Kokkoris, G.D.",https://www.scopus.com/inward/record.uri?eid=2-s2.0-84882900747&doi=10.1016%2fB978-012088458-2%2f50009-6&partnerID=40&md5=ab9968b97ebd1bd6c03d2a56e5245212,,,,,"<p>Export Date: 27 January 2025; Cited By: 0</p> | RAYYAN-INCLUSION: {""Sarah""=>""Excluded""}",,,,
rayyan-153494735,Managing biodiversity on private land: Directions for collaboration through reconciliation ecology,2024,,,Ecological Management and Restoration,,25,2,85-92,"Ward, W.S. and Finlayson, C. and Vanderzee, M.",https://www.scopus.com/inward/record.uri?eid=2-s2.0-85194850319&doi=10.1111%2femr.12606&partnerID=40&md5=cfdb43f89dec2d6f2bf427643c7f6785,,,,,"<p>Export Date: 27 January 2025; Cited By: 0</p> | RAYYAN-INCLUSION: {""Prishnee""=>""Included""}",10.1111/emr.12606,Australia;biodiversity;co-design;community of practice;farmer knowledge;farmers knowledge;global climate;Mid-Murray Valley;natural resource;natural resource management;participatory approach;private land;resource management;rural area;rural population;salinity;soil erosion;stakeholder,,
rayyan-153494853,Panama Case Study: Coastal Zone Management in Panama: Lessons Learnedand Outlook for the Future,2023,,,Challenges in Tropical Coastal Zone Management: Experiences and Lessons Learned,,,,165-186,"Seemann, J. and Romero, T.E. and Dominici-Arosemena, A. and Maté, J. and Cornejo, A.J. and Savage, J.M. and Rodriguez, F. and Castillo, A.",https://www.scopus.com/inward/record.uri?eid=2-s2.0-85160466806&doi=10.1007%2f978-3-031-17879-5_11&partnerID=40&md5=db2f92cfa8987cac96c1583e872d40ac,,,,,"<p>Export Date: 27 January 2025; Cited By: 2</p> | RAYYAN-INCLUSION: {""Philip""=>""Excluded""}",,Case studies;Coastal community;Enforcement;Governance;Management plans;Panama;Participation;Stakeholder,,
rayyan-153495632,The invasive species challenge in estuarine and coastal environments: Marrying management and science,2008,,,Estuaries and Coasts,,31,1,Mar-20,"Williams, S.L. and Grosholz, E.D.",https://www.scopus.com/inward/record.uri?eid=2-s2.0-46249090129&doi=10.1007%2fs12237-007-9031-6&partnerID=40&md5=a1aecca5afed50bcd5ebc30b95acbc51,,,,,"<p>Export Date: 27 January 2025; Cited By: 190</p> | RAYYAN-INCLUSION: {""Sarah""=>""Excluded""}",10.1007/s12237-007-9031-6,Caulerpa;Caulerpa taxifolia;coastal zone management;cost-benefit analysis;Economic costs;Eradication;estuarine environment;introduced species;invasive species;Management;Marine invasive species;North America;pollution control;regulatory framework;seagrass;seaweed;Spartina;Spartina alterniflora;United States,,
rayyan-153496842,Evolution of community forestry in Cameroon: An innovation ecosystems perspective,2019,,,Ecology and Society,,24,1,,"Minang, P.A. and Duguma, L.A. and Bernard, F. and Foundjem-Tita, D. and Tchoundjeu, Z.",https://www.scopus.com/inward/record.uri?eid=2-s2.0-85065761005&doi=10.5751%2fES-10573-240101&partnerID=40&md5=875191fda667515ba2aa58f62fa13743,,,,,"<p>Export Date: 27 January 2025; Cited By: 29</p> | RAYYAN-INCLUSION: {""Tabitha""=>""Excluded""}",10.5751/ES-10573-240101,best management practice;Cameroon;community forestry;Community forestry;Evolution;forest management;innovation;Innovation ecosystems;sustainable development,,
rayyan-153497509,"Public forest policy development in new Brunswick, Canada: Multiple streams approach, advocacy coalition framework, and the role of science",2015,,,Ecology and Society,,20,4,,"Anderson, W.F.A. and Maclean, D.A.",https://www.scopus.com/inward/record.uri?eid=2-s2.0-84953331647&doi=10.5751%2fES-07795-200420&partnerID=40&md5=f4c4b3765a1dd730c4ef27fcce4d3615,,,,,"<p>Export Date: 27 January 2025; Cited By: 16</p> | RAYYAN-INCLUSION: {""Philip""=>""Included""}",10.5751/ES-07795-200420,advocacy;Canada;Crown forests;forest management;Forest management;Forest policy;forestry policy;Government agenda;Jaakko Pöyry report;New Brunswick;Policy;policy development;Policy windows;Policy-oriented learning;science and technology,,
rayyan-153498903,Community watershed management in Semiarid India: The state of collective action and its effects on natural resources and rural livelihoods,2012,,,Collective action and property rights for poverty reduction: Insights from Africa and Asia,,,,153-188,"Shiferaw, B. and Kebede, T.A. and Reddy, V.R.",https://www.scopus.com/inward/record.uri?eid=2-s2.0-84905131538&partnerID=40&md5=bc2e3279f8e0acc4a6b038e6e1bf0c37,,,,,"<p>Export Date: 27 January 2025; Cited By: 2</p> | RAYYAN-INCLUSION: {""Matthew""=>""Excluded""}",,,,
rayyan-153498990,The uptake of applied ecology,2002,,,Journal of Applied Ecology,,39,1,01-Jul,"Ormerod, S.J. and Barlow, N.D. and Marshall, E.J.P. and Kerby, G.",https://www.scopus.com/inward/record.uri?eid=2-s2.0-0036192637&doi=10.1046%2fj.0021-8901.2001.00705.x&partnerID=40&md5=0483cb1ffee65432143730fa53274e97,,,,,"<p>Export Date: 27 January 2025; Cited By: 35</p> | RAYYAN-INCLUSION: {""Philip""=>""Included""}",10.1046/j.0021-8901.2001.00705.x,algae;Amphibia;Aves;Ecological application;ecosystem management;Embryophyta;environmental policy;Extension;information;Information dissemination;Invertebrata;Mammalia;Management;Policy,,
rayyan-153499092,Stakeholder contemporary knowledge needs regarding the potential effects of tall structures on sage-grouse,2013,,,Human-Wildlife Interactions,,7,2,273-298,"Messmer, T.A. and Hasenyager, R. and Burruss, J. and Liguori, S.",https://www.scopus.com/inward/record.uri?eid=2-s2.0-84891752345&partnerID=40&md5=4774fddbd097ff2767b13c98fda6f68f,,,,,"<p>Export Date: 27 January 2025; Cited By: 8</p> | RAYYAN-INCLUSION: {""Philip""=>""Included""}",,Centrocercus minimus;Centrocercus urophasianus;Energy transmission;Greater sage-grouse;Gunnison sagegrouse;Human-wildlife conflicts;Impacts;Literature synthesis;Power lines;Research;Stakeholder process;Tall structures,,
rayyan-164683794,Managing coastal zone fisheries: A Mediterranean case study,2010,3,,OCEAN & COASTAL MANAGEMENT,0964-5691     J9  - OCEAN COAST MANAGE     JI  - Ocean Coastal Manage.,53,3,99-106,"Morales-Nin, B and Grau, AM and Palmer, M",,English,,"[""IMEDEA CSIC UIB, Esporles 07190, Illes Balears, Spain"", ""Direcc Gen Pesca Govern Illes Balears, Palma De Mallorca 07004, Illes Balears, Spain""]",,"Times Cited in Web of Science Core Collection:  53     Total Times Cited:  57     Cited Reference Count:  28 | RAYYAN-INCLUSION: {""Elina""=>""Excluded""}",10.1016/j.ocecoaman.2010.01.003     WE  - Science Citation Index Expanded (SCI-EXPANDED),RECREATIONAL FISHERY;MORTALITY;EVOLUTION,,
rayyan-164683817,Science-informed recommendations to enhance the effectiveness of area-based fisheries management for fisheries sustainability and marine conservation: A global mini-review,2024,4,,FISHERIES RESEARCH,"[""0165-7836"", ""1872-6763     J9  - FISH RES     JI  - Fish Res.""]",272,,,"Petza, D and Katsanevakis, S",,English,,"Univ Aegean, Dept Marine Sci, Univ Hill, Mitilini 81100, Greece",,"Times Cited in Web of Science Core Collection:  3     Total Times Cited:  3     Cited Reference Count:  39 | RAYYAN-INCLUSION: {""Iris""=>""Excluded""}",10.1016/j.fishres.2024.106947,Ecosystem Approach to Fisheries (EAF);Evidence synthesis;Global Biodiversity Framework;Other Effective area-based Conservation Measures (OECMs);Science-based fisheries management;TOOL,,
rayyan-164683897,Environmental evidence in action: on the science and practice of evidence synthesis and evidence-based decision-making,2023,5,18,ENVIRONMENTAL EVIDENCE,2047-2382     J9  - ENVIRON EVID     JI  - Environ. Evid.,12,1,,"Cooke, SJ and Cook, CN and Nguyen, VM and Walsh, JC and Young, N and Cvitanovic, C and Grainger, MJ and Randall, NP and Muir, M and Kadykalo, AN and Monk, KA and Pullin, AS",,English,,"[""Carleton Univ, Canadian Ctr Evidence Based Conservat, Dept Biol, 1125 Colonel By Dr, Ottawa, ON K1S 5B6, Canada"", ""Carleton Univ, Inst Environm & Interdisciplinary Sci, 1125 Colonel By Dr, Ottawa, ON K1S 5B6, Canada"", ""Monash Univ, Sch Biol Sci, 25 Rainforest Walk, Clayton, Vic 3800, Australia"", ""Univ Ottawa, Sch Sociol & Anthropol Studies, 20 Univ Private, Ottawa, ON K1N 6N5, Canada"", ""Univ New South Wales, Sch Business, Canberra, ACT 2612, Australia"", ""Norwegian Inst Nat Res NINA, Torgarden,5685, N-7485 Trondheim, Norway"", ""Harper Adams Univ, Ctr Evidence Based Agr, Newport TF10 8NB, Shrops, England"", ""US Fish & Wildlife Serv, 5275 Leesburg Pike, Falls Church, VA 22041 USA"", ""McGill Univ, Dept Nat Resource Sci, 111 Lakeshore Blvd, Ste Anne de Bellevue, PQ H9X 3V9, Canada"", ""Swansea Univ, Dept Biosci, Swansea SA2 8PP, Wales"", ""Bangor Univ, Sch Nat Sci, Bangor LL57 2DG, Wales""]",,"Times Cited in Web of Science Core Collection:  7     Total Times Cited:  7     Cited Reference Count:  70 | RAYYAN-INCLUSION: {""Philip""=>""Excluded""}",10.1186/s13750-023-00302-5     WE  - Science Citation Index Expanded (SCI-EXPANDED),Implementation science;Evidence;Practice;Policy;Synthesis;SYSTEMATIC REVIEWS;INDIGENOUS KNOWLEDGE;CONSERVATION;INTERFACE;IMPACTS;FUTURE;HEALTH;POLICY,,
rayyan-164683906,"Scenarios for Community-based Approaches to Biodiversity Conservation: a case study from the Wet Tropics, Queensland, Australia",2010,,,AUSTRALIAN GEOGRAPHER,"[""0004-9182"", ""1465-3311     J9  - AUST GEOGR     JI  - Aust. Geogr.""]",41,3,285-306,"Pert, PL and Hill, R and Williams, KJ and Harding, EK and O'Malley, T and Grace, RA and Dale, AP and Bohnet, I and Butler, JRLA",,English,,"[""CSIRO Sustainable Ecosyst, Cairns, Qld 4870, Australia"", ""James Cook Univ, Townsville, Qld, Australia""]",,"Times Cited in Web of Science Core Collection:  16     Total Times Cited:  18     Cited Reference Count:  48 | RAYYAN-INCLUSION: {""Philip""=>""Excluded""}",10.1080/00049182.2010.498037     WE  - Social Science Citation Index (SSCI),Regional planning;conservation planning;participatory scenario development;CBNRM;stakeholders;land use;Mission Beach;MANAGEMENT;KNOWLEDGE;CAPACITY;LESSONS,,
rayyan-164683907,"Integrating Science-Based Co-management, Partnerships, Participatory Processes and Stewardship Incentives to Improve the Performance of Small-Scale Fisheries",2017,,,FRONTIERS IN MARINE SCIENCE,2296-7745     J9  - FRONT MAR SCI     JI  - Front. Mar. Sci.,4,,,"Karr, KA and Fujita, R and Carcamo, R and Epstein, L and Foley, JR and Fraire-Cervantes, JA and Gongora, M and Gonzalez-Cuellar, OT and Granados-Dieseldorff, P and Guirjen, J and Weaver, AH and Licón-González, H and Litsinger, E and Maaz, J and Mancao, R and Miller, V and Ortiz-Rodriguez, R and Plomozo-Lugo, T and Rodriguez-Harker, LF and Rodriguez-Van Dyck, S and Stavrinaky, A and Villanueva-Aznar, C and Wade, B and Whittle, D and Kritzer, JP",,English,,"[""Environm Def Fund, Oceans Program, San Francisco, CA 94105 USA"", ""Belize Fisheries Dept, Belize City, Belize"", ""Environm Def Fund, Oceans Program, Seattle, WA USA"", ""Toledo Inst Dev & Environm, Port Honduras, Belize"", ""Environm Def Fund Mexico AC, La Paz, Mexico"", ""Soc Hist Nat Niparaja AC, La Paz, Mexico"", ""Rare, Fish Forever Program, Arlington, VA USA"", ""Rare, Fish Forever Program, Cebu, Philippines"", ""Environm Def Fund, Oceans Program, Cebu, Philippines"", ""Wildlife Conservat Soc, Belize City, Belize"", ""Environm Def Fund, Oceans Program, Austin, TX USA"", ""Environm Def Fund Mexico AC, Mexico City, DF, Mexico"", ""Environm Def Fund, Oceans Program, Raleigh, NC USA"", ""Environm Def Fund, Oceans Program, Boston, MA USA""]",,"Times Cited in Web of Science Core Collection:  37     Total Times Cited:  41     Cited Reference Count:  58 | RAYYAN-INCLUSION: {""Philip""=>""Excluded"", ""Iris""=>""Maybe""}",10.3389/fmars.2017.00345     WE  - Science Citation Index Expanded (SCI-EXPANDED),fishery management;science-based;rights-based management;sustainability;adaptive management;data-limited fisheries;SPINY LOBSTER;EMPIRICAL-EVIDENCE;MARINE RESERVES;CONSERVATION;MANAGEMENT;DEPLETION;TOTOABA;TURFS;GOVERNANCE;SCIAENIDAE,,
rayyan-164683938,Protecting and restoring habitats to benefit freshwater biodiversity,2024,9,,ENVIRONMENTAL REVIEWS,"[""1208-6053"", ""1181-8700     J9  - ENVIRON REV     JI  - Environ. Rev.""]",32,3,438-456,"Piczak, ML and Perry, D and Cooke, SJ and Harrison, I and Benitez, S and Koning, A and Peng, L and Limbu, P and Smokorowski, KE and Salinas-Rodriguez, S and Koehn, JD and Creed, IF",,English,,"[""Carleton Univ, Dept Biol, Fish Ecol & Conservat Physiol Lab, 1125 Colonel Dr, Ottawa, ON K1S 5B6, Canada"", ""No Arizona Univ, Sch Earth & Sustainabil, POB 4099, Flagstaff, AZ 86011 USA"", ""Carleton Univ, Inst Environm & Interdisciplinary Sci, 1125 Colonel Dr, Ottawa, ON K1S 5B6, Canada"", ""Conservat Int, Moore Ctr Sci, 2011 Crystal Dr,Suite 600, Arlington, VA 22202 USA"", ""Nature Conservancy, 4245 N Fairfax Dr,Suite 100, Arlington, VA 22203 USA"", ""Univ Nevada Reno, Global Water Ctr, 1072 Evans Streey, Reno, NV 89512 USA"", ""Yunnan Univ, Sch Business & Tourism Management, Kunming 650500, Peoples R China"", ""Nature Conservancy, Mji Mwema Rd Plot 20,POB 894, Kigoma, Tanzania"", ""Fisheries & Oceans Canada, Great Lakes Lab Fisheries & Aquat Sci, 1219 Queen St E, Sault Ste Marie, ON P6A 2E5, Canada"", ""Southern Border Coll, Sustainabil Sci Dept, Villahermosa Unit, Sustainable Management Basins & Coastal Zones, Carr Villahermosa Reforma Km 15-5,El Guineo 2, Villahermosa 86280, Tabasco, Mexico"", ""Charles Sturt Univ, Gulbali Inst Agr Water & Environm, POB 789, Albury, NSW 2640, Australia"", ""Univ Toronto Scarborough, Dept Phys & Environm Sci, 1265 Mil Trail, Toronto, ON M1C 1A4, Canada""]",,"Times Cited in Web of Science Core Collection:  17     Total Times Cited:  18     Cited Reference Count:  202 | RAYYAN-INCLUSION: {""Iris""=>""Excluded""}",10.1139/er-2023-0034,environmental management;aquatic ecosystems;fisheries;Anthropocene;conservation;MURRAY-DARLING BASIN;NO NET LOSS;FISH HABITAT;STREAM RESTORATION;RIPARIAN ECOSYSTEMS;ADAPTIVE MANAGEMENT;CLIMATE-CHANGE;CONSERVATION;RIVER;AREAS,,
rayyan-164683974,Snapshot Wisconsin: networking community scientists and remote sensing to improve ecological monitoring and management,2021,12,,ECOLOGICAL APPLICATIONS,"[""1051-0761"", ""1939-5582     J9  - ECOL APPL     JI  - Ecol. Appl.""]",31,8,,"Townsend, PA and Clare, JDJ and Liu, NF and Stenglein, JL and Anhalt-Depies, C and Van Deelen, TR and Gilbert, NA and Singh, A and Martin, KJ and Zuckerberg, B",,English,,"[""Univ Wisconsin, Dept Forest & Wildlife Ecol, Madison, WI 53706 USA"", ""Wisconsin Dept Nat Resources, Madison, WI 53707 USA"", ""Univ Florida, Dept Agr & Biol Engn, Gainesville, FL 32603 USA"", ""Univ Wisconsin, Div Extens, Madison, WI 53706 USA""]",,"Times Cited in Web of Science Core Collection:  11     Total Times Cited:  13     Cited Reference Count:  82 | RAYYAN-INCLUSION: {""Carlos""=>""Excluded""}",10.1002/eap.2436,black bear;bobcat;camera trap;citizen science;Landsat;management agency;MODIS;observation network;remote sensing;trail cameras;white-tailed deer;wildlife;WHITE-TAILED DEER;CITIZEN SCIENCE;BIODIVERSITY;OPPORTUNITIES;RESPONSES;MODELS;POLICY,,
rayyan-164683979,Bridging adaptive management and reinforcement learning for more robust decisions,2023,7,17,PHILOSOPHICAL TRANSACTIONS OF THE ROYAL SOCIETY B-BIOLOGICAL SCIENCES,"[""0962-8436"", ""1471-2970     J9  - PHILOS T R SOC B     JI  - Philos. Trans. R. Soc. B-Biol. Sci.""]",378,1881,,"Chapman, M and Xu, LLY and Lapeyrolerie, M and Boettiger, C",,English,,"[""Univ Calif Berkeley, Dept Environm Sci Policy & Management, Berkeley, CA 94720 USA"", ""Harvard Univ, Sch Engn & Appl Sci, Cambridge, MA 02138 USA""]",,"Times Cited in Web of Science Core Collection:  6     Total Times Cited:  7     Cited Reference Count:  96 | RAYYAN-INCLUSION: {""Philip""=>""Excluded"", ""Tabitha""=>""Excluded"", ""Prishnee""=>""Excluded"", ""Valentin""=>""Excluded"", ""fereshteh""=>""Included"", ""Aidan""=>""Excluded"", ""Nibedita""=>""Excluded"", ""Alec""=>""Excluded"", ""Isobel""=>""Excluded""}",10.1098/rstb.2022.0195     WE  - Science Citation Index Expanded (SCI-EXPANDED),adaptive management;artificial intelligence;reinforcement learning;deep learning;biodiversity;decision-making;PROTECTED AREAS;CONSERVATION;OPTIMIZATION;NETWORKS;AI,,
rayyan-164683989,"Practice change, participation and policy settings: A review of social and institutional conditions influencing water quality outcomes in the Great Barrier Reef",2020,6,1,OCEAN & COASTAL MANAGEMENT,"[""0964-5691"", ""1873-524X     J9  - OCEAN COAST MANAGE     JI  - Ocean Coastal Manage.""]",190,,,"Taylor, BM and Eberhard, R",,English,,"[""CSIRO Land & Water, 41 Boggo Rd,Dutton Pk, Brisbane, Qld 4102, Australia"", ""Eberhard Consulting, 55 Pk Rd West,Dutton Pk, Brisbane, Qld 4102, Australia""]",,"Times Cited in Web of Science Core Collection:  17     Total Times Cited:  17     Cited Reference Count:  150 | RAYYAN-INCLUSION: {""Philip""=>""Excluded""}",10.1016/j.ocecoaman.2020.105156     WE  - Science Citation Index Expanded (SCI-EXPANDED)     WE  - Social Science Citation Index (SSCI),Engagement;Practice change;Farming;Water quality;Program design;Intervention;Governance;NATURAL-RESOURCE-MANAGEMENT;WET TROPICS REGION;BIODIVERSITY CONSERVATION;COLLABORATIVE GOVERNANCE;ADAPTIVE CAPACITY;PRACTICE ADOPTION;AUSTRALIA;POLLUTION;IMPACTS;LESSONS,,
rayyan-164683998,From Publications to Public Actions: When Conservation Biologists Bridge the Gap between Research and Implementation,2010,11,,BIOSCIENCE,"[""0006-3568"", ""1525-3244     J9  - BIOSCIENCE     JI  - Bioscience""]",60,10,835-842,"Arlettaz, R and Schaub, M and Fournier, J and Reichlin, TS and Sierro, A and Watson, JEM and Braunisch, V",,English,,"[""Univ Bern, Inst Ecol & Evolut, CH-3012 Bern, Switzerland"", ""Univ Bern, Dept Conservat Biol, CH-3012 Bern, Switzerland"", ""Univ Queensland, Ctr Ecol, Brisbane, Qld, Australia""]",,"Times Cited in Web of Science Core Collection:  261     Total Times Cited:  286     Cited Reference Count:  46 | RAYYAN-INCLUSION: {""Philip""=>""Excluded""}",10.1525/bio.2010.60.10.10     WE  - Science Citation Index Expanded (SCI-EXPANDED),the great divide;theory-implementation gap;evidence-based conservation;social commitment;conservation in practice;BIODIVERSITY CONSERVATION;DECISION-MAKING;SCIENTISTS;KNOWLEDGE;ECOLOGY;PLAN,,
rayyan-164684046,A Knowledge Brokering Framework for Integrated Landscape Management,2020,3,10,FRONTIERS IN SUSTAINABLE FOOD SYSTEMS,2571-581X     J9  - FRONT SUSTAIN FOOD S     JI  - Front. Sustain. Food Syst.,4,,,"McGonigle, DF and Nodari, GR and Phillips, RL and Aynekulu, E and Estrada-Carmona, N and Jones, SK and Koziell, I and Luedeling, E and Remans, R and Shepherd, K and Wiberg, D and Whitney, C and Zhang, W",,English,,"[""Alliance Biovers Int, Rome, Italy"", ""Int Ctr Trop Agr, Rome, Italy"", ""Dept Environm Food & Rural Affairs, London, England"", ""Univ Cambridge, Dept Plant Sci, Cambridge, England"", ""World Agroforestry ICRAF, Nairobi, Kenya"", ""Alliance Biovers Int, Montpellier, France"", ""Int Ctr Trop Agr, Montpellier, France"", ""Int Water Management Inst, CGIAR Res Programme Water Land & Ecosyst, Colombo, Sri Lanka"", ""Univ Bonn, Inst Crop Sci & Resource Conservat INRES Hort Sci, Bonn, Germany"", ""Int Food Policy Res Inst, Environm & Prod Technol Div, Washington, DC 20036 USA""]",,"Times Cited in Web of Science Core Collection:  34     Total Times Cited:  37     Cited Reference Count:  153 | RAYYAN-INCLUSION: {""Tabitha""=>""Excluded""}",10.3389/fsufs.2020.00013     WE  - Science Citation Index Expanded (SCI-EXPANDED),integrated landscape management;multi-functional landscapes;sustainable agricultural intensification;natural resource management;decision support;knowledge broker;science-policy interface;science into policy;SUSTAINABLE AGRICULTURAL PRACTICES;ECOSYSTEM SERVICES;DECISION-MAKING;TRADE-OFFS;POLICY;SCIENCE;CONSERVATION;SYSTEMS;SUPPORT;INITIATIVES,,
rayyan-164684063,Conservation Focus on Europe: Major Conservation Policy Issues That Need to Be Informed by Conservation Science,2009,8,,CONSERVATION BIOLOGY,"[""0888-8892"", ""1523-1739     J9  - CONSERV BIOL     JI  - Conserv. Biol.""]",23,4,818-824,"Pullin, AS and Báldi, A and Can, OE and Dieterich, M and Kati, V and Livoreil, B and Lövei, G and Mihók, B and Nevin, O and Selva, N and Sousa-Pinto, I",,English,,"[""Bangor Univ, SENR, Ctr Evidence Based Conservat, Bangor LL57 2UW, Gwynedd, Wales"", ""Hungarian Acad Sci, Anim Ecol Res Grp, H-1051 Budapest, Hungary"", ""Middle E Tech Univ, Dept Biol, TR-06531 Ankara, Turkey"", ""Univ Hohenheim, Inst Landschafts & Pflanzenokol, D-70593 Stuttgart, Germany"", ""Univ Ioannina, Dept Environm & Nat Resources Management, GR-30100 Agrinion, Greece"", ""SOPTOM, Ctr Res & Conservat Chelonians, F-83590 Gonfaron, France"", ""Aarhus Univ, Dept Integrated Pest Management, Flakkebjerg Res Ctr, DK-4200 Slagelse, Denmark"", ""Hungarian Nat Hist Museum, Budapest, Hungary"", ""Univ Cumbria, Natl Sch Forestry, Ctr Wildlife Conservat, Penrith CA11 0AH, Cumbria, England"", ""Polish Acad Sci, Inst Nat Conservat, PL-31120 Krakow, Poland"", ""Univ Porto, Ctr Marine & Environm Res, P-4100 Oporto, Portugal"", ""Univ Porto, Dept Bot, FCUP, P-4100 Oporto, Portugal""]",,"Times Cited in Web of Science Core Collection:  123     Total Times Cited:  133     Cited Reference Count:  32 | RAYYAN-INCLUSION: {""Philip""=>""Excluded""}",10.1111/j.1523-1739.2009.01283.x     WE  - Science Citation Index Expanded (SCI-EXPANDED),evidence-based conservation;knowledge exchange;policy-relevant science;science-policy interface;LAND-USE CHANGE;CLIMATE-CHANGE;BIODIVERSITY;FUTURE;COVER,,
rayyan-164684141,Fish and flow management in the Murray-Darling Basin: Directions for research,2019,5,,ECOLOGICAL MANAGEMENT & RESTORATION,"[""1442-7001"", ""1442-8903     J9  - ECOL MANAG RESTOR     JI  - Ecol. Manag. Restor.""]",20,2,142-150,"Koehn, JD and Balcombe, SR and Zampatti, BP",,English,,"[""Arthur Rylah Inst Environm Res, Dept Environm Water Land & Planning, 123 Brown St, Heidelberg, Vic 3084, Australia"", ""Griffith Univ, Australian Rivers Inst, 170 Kessels Rd, Nathan, Qld 4111, Australia"", ""SARDI, Aquat Sci Div, 2 Hamra Ave, West Beach, SA 5024, Australia""]",,"Times Cited in Web of Science Core Collection:  13     Total Times Cited:  13     Cited Reference Count:  54 | RAYYAN-INCLUSION: {""Philip""=>""Included""}",10.1111/emr.12358     WE  - Science Citation Index Expanded (SCI-EXPANDED),collaborative workshop;environmental water;fish and flow ecology;literature review;policy;natural resource management;NATIVE-FISH;CONSERVATION;RESTORATION;KNOWLEDGE;STRATEGY;LESSONS;SUPPORT;INFORM;FUTURE;GROWTH,,
rayyan-164684149,Informing Protected Area Decision Making through Academic-Practitioner Collaborations,2020,10,,LAND,2073-445X     J9  - LAND-BASEL     JI  - Land,9,10,,"Murray, G and Randall, C and Rollins, R",,English,,"[""Duke Univ, Marine Sci & Conservat Div, 135 Duke Marine Lab Rd, Beaufort, NC 28516 USA"", ""Vancouver Isl Univ, Dept Business, 900 Fifth St, Nanaimo, BC V9R 5S5, Canada"", ""Vancouver Isl Univ, Dept Recreat & Tourism, 900 Fifth St, Nanaimo, BC V9R 5S5, Canada""]",,"Times Cited in Web of Science Core Collection:  1     Total Times Cited:  1     Cited Reference Count:  34 | RAYYAN-INCLUSION: {""Matthew""=>""Included""}",10.3390/land9100375     WE  - Social Science Citation Index (SSCI),knowledge mobilization;protected areas;evidence-based decision making;UNIVERSITY-RESEARCH;KNOWLEDGE EXCHANGE;CONSERVATION;DETERMINANTS;MANAGEMENT;POLICY;RESEARCHERS;INFORMATION;PRINCIPLES;SCIENCE,,
rayyan-164684153,Using Best Available Science Information: Determining Best and Available,2018,9,,JOURNAL OF FORESTRY,"[""0022-1201"", ""1938-3746     J9  - J FOREST     JI  - J. For.""]",116,5,473-480,"Esch, BE and Waltz, AEM and Wasserman, TN and Kalies, EL",,English,,"[""No Arizona Univ, Ecol Restorat Inst, POB 15017, Flagstaff, AZ 86011 USA"", ""Nature Conservancy, 334 Blackwell St, Durham, NC 27701 USA""]",,"Times Cited in Web of Science Core Collection:  23     Total Times Cited:  26     Cited Reference Count:  40 | RAYYAN-INCLUSION: {""Aidan""=>""Excluded""}",10.1093/jofore/fvy037     WE  - Science Citation Index Expanded (SCI-EXPANDED),best available science;land and resource management;science-based management;forest planning;TRADITIONAL ECOLOGICAL KNOWLEDGE;ENDANGERED SPECIES ACT;DECISION-MAKING;CONSERVATION SCIENCE;MANAGEMENT;BOUNDARY;POLICY,,
rayyan-164684154,Demonstrating the practical impact of publications in<i>Aquatic Conservation</i>- The case of crucian carp<i>Carassius carassius</i>in the East of England,2020,9,,AQUATIC CONSERVATION-MARINE AND FRESHWATER ECOSYSTEMS,"[""1052-7613"", ""1099-0755     J9  - AQUAT CONSERV     JI  - Aquat. Conserv.-Mar. Freshw. Ecosyst.""]",30,9,1753-1757,"Copp, GH and Sayer, CD",,English,,"[""Bournemouth Univ, Ctr Ecol Environm & Sustainabil, Poole, Dorset, England"", ""Ctr Environm Fisheries & Aquaculture Sci Cefas, Lowestoft, Suffolk, England"", ""Univ Lodz, Dept Ecol & Vertebrate Zool, Lodz, Poland"", ""Trent Univ, Sch Environm, Peterborough, ON, Canada"", ""Univ Coll London UCL, Dept Geog, Pond Restorat Res Grp, Environm Change Res Ctr, London, England""]",,"Times Cited in Web of Science Core Collection:  8     Total Times Cited:  9     Cited Reference Count:  33 | RAYYAN-INCLUSION: {""Philip""=>""Excluded"", ""Aidan""=>""Excluded""}",10.1002/aqc.3353     WE  - Science Citation Index Expanded (SCI-EXPANDED),body condition;freshwater fish;geographical comparisons;life-history traits;pond conservation and rehabilitation;threatened species;FRESH-WATER FISH;CARP;GROWTH;PONDS;MANAGEMENT,,
rayyan-164684182,Improving scientific impact: How to practice science that influences environmental policy and management,2020,7,,CONSERVATION SCIENCE AND PRACTICE,2578-4854     J9  - CONSERV SCI PRACT     JI  - Conserv. Sci. Pract.,2,7,,"Fisher, JRB and Wood, SA and Bradford, MA and Kelsey, TR",,English,,"[""Pew Charitable Trusts, 901 E St NW, Washington, DC 20004 USA"", ""Nature Conservancy, New Haven, CT USA"", ""Yale Univ, Sch Forestry & Environm Studies, New Haven, CT 06511 USA"", ""Nature Conservancy, Sacramento, CA USA""]",,"Times Cited in Web of Science Core Collection:  27     Total Times Cited:  29     Cited Reference Count:  83 | RAYYAN-INCLUSION: {""Tabitha""=>""Excluded""}",10.1111/csp2.210     WE  - Science Citation Index Expanded (SCI-EXPANDED),applied science;decision-making;evidence;research impact;science communication;stakeholder engagement;SOIL CARBON SEQUESTRATION;OPEN ACCESS;CONSERVATION;INFORMATION;KNOWLEDGE;COMMUNITIES;UNCERTAINTY;PRINCIPLES;DECISIONS,,
rayyan-164684214,Using knowledge in a complex decision-making process - Evidence and principles from the Danish Houting project's ecosystem-based management approach,2015,3,,ENVIRONMENTAL SCIENCE & POLICY,"[""1462-9011"", ""1873-6416     J9  - ENVIRON SCI POLICY     JI  - Environ. Sci. Policy""]",47,,53-67,"Giebels, D and van Buuren, A and Edelenbos, J",,English,,"Erasmus Univ, Dept Publ Adm, NL-3000 DR Rotterdam, Netherlands",,"Times Cited in Web of Science Core Collection:  24     Total Times Cited:  26     Cited Reference Count:  56 | RAYYAN-INCLUSION: {""Tabitha""=>""Included""}",10.1016/j.envsci.2014.10.015     WE  - Science Citation Index Expanded (SCI-EXPANDED)     WE  - Social Science Citation Index (SSCI),Ecosystem-based management;Knowledge governance;Complex decision-making;River restoration;Effectiveness;ENVIRONMENTAL-POLICY;ADAPTIVE GOVERNANCE;SCIENCE;CHALLENGES;INTERFACE;CLIMATE;SCALE,,
rayyan-164684232,Does research information meet the needs of stakeholders? Exploring evidence selection in the global management of invasive species,2012,1,,EVIDENCE & POLICY,"[""1744-2648"", ""1744-2656     J9  - EVID POLICY     JI  - Evid. Polciy""]",8,1,37-56,"Bayliss, HR and Wilcox, A and Stewart, GB and Randall, NP",,English,,"[""Harper Adams Univ Coll, Crop & Environm Sci Dept, Newport, Shrops, England"", ""Univ York, Ctr Reviews & Disseminat, York YO10 5DD, N Yorkshire, England""]",,"Times Cited in Web of Science Core Collection:  36     Total Times Cited:  41     Cited Reference Count:  49 | RAYYAN-INCLUSION: {""Isobel""=>""Included""}",10.1332/174426412X620128     WE  - Social Science Citation Index (SSCI),biological invasions;evidence-informed decision making;research utilisation;science communication;SYSTEMATIC REVIEWS;POLICY;CONSERVATION;ECOLOGY;GAP;INTERVENTIONS;QUESTIONS;MEDICINE;EXCHANGE;SCIENCE,,
rayyan-164684242,Conservation of transnational species: The tensions between legal requirements and best scientific evidence,2021,11,,AQUATIC CONSERVATION-MARINE AND FRESHWATER ECOSYSTEMS,"[""1052-7613"", ""1099-0755     J9  - AQUAT CONSERV     JI  - Aquat. Conserv.-Mar. Freshw. Ecosyst.""]",31,11,3291-3310,"Pinn, EH and Macleod, K and Tasker, ML",,English,,"Univ Aberdeen, Sch Law, Taylor Bldg, Aberdeen AB24 3UB, Scotland",,"Times Cited in Web of Science Core Collection:  3     Total Times Cited:  3     Cited Reference Count:  131 | RAYYAN-INCLUSION: {""Philip""=>""Excluded""}",10.1002/aqc.3693,Article 12;bycatch;Habitats Directive;harbour porpoise;marine protected area;Special Area of Conservation;PORPOISE PHOCOENA-PHOCOENA;MARINE PROTECTED AREAS;OFFSHORE WIND FARM;HARBOR PORPOISES;POPULATION-STRUCTURE;HABITAT PREFERENCES;BALTIC SEA;NORTH-SEA;FISHERIES;WATERS,,
rayyan-164684259,Fishery systems and linkages: Implications for science and governance,2008,,,OCEAN & COASTAL MANAGEMENT,"[""0964-5691"", ""1873-524X     J9  - OCEAN COAST MANAGE     JI  - Ocean Coastal Manage.""]",51,7,505-527,"Garcia, SM and Charles, AT",,English,,"[""FAO, Fisheries & Aquaculture Management Div, I-00153 Rome, Italy"", ""St Marys Univ, Management Sci Environm Studies, Halifax, NS B3H 3C3, Canada""]",,"Times Cited in Web of Science Core Collection:  77     Total Times Cited:  93     Cited Reference Count:  146 | RAYYAN-INCLUSION: {""Nibedita""=>""Excluded"", ""Isobel""=>""Excluded""}",10.1016/j.ocecoaman.2008.05.001     WE  - Science Citation Index Expanded (SCI-EXPANDED)     WE  - Social Science Citation Index (SSCI)     WE  - Conference Proceedings Citation Index - Science (CPCI-S),CAPTURE FISHERIES;MANAGEMENT;DYNAMICS;SUSTAINABILITY;UNCERTAINTY;EXPLOITATION;CONSERVATION;STRATEGIES;PRIORITIES;PARADIGMS,,
rayyan-164684272,"The Evolution of Open Space Planning within a Developing, Biodiverse City (Durban, South Africa)",2024,4,,SUSTAINABILITY,2071-1050     J9  - SUSTAINABILITY-BASEL     JI  - Sustainability,16,7,,"McLean, CT and Roberts, DC and Slotow, R",,English,,"[""Univ Kwazulu Natal, Sch Life Sci, Pvt Bag X01, ZA-3209 Pietermaritzburg, South Africa"", ""Biodivers Management Dept, eThekwini Municipal, ZA-4001 Durban, South Africa"", ""Sustainable & Resilient City Initiat Unit, eThekwini Municipal, ZA-4001 Durban, South Africa"", ""Univ Twente, Fac Geoinformat Sci & Earth Observat, NL-7500 Enschede, Netherlands"", ""Univ Kwazulu Natal, Ctr Funct Biodivers, Sch Life Sci, Pvt Bag X01, ZA-3209 Pietermaritzburg, South Africa"", ""UCL, Dept Genet Evolut & Environm, Darwin Bldg,Gower St, London WC1E 6BT, England""]",,"Times Cited in Web of Science Core Collection:  2     Total Times Cited:  2     Cited Reference Count:  102 | RAYYAN-INCLUSION: {""Elina""=>""Excluded""}",10.3390/su16073073     WE  - Science Citation Index Expanded (SCI-EXPANDED)     WE  - Social Science Citation Index (SSCI),biodiversity mainstreaming;urban biodiversity;local government;land-use planning;eThekwini;ECOSYSTEM SERVICES;CONSERVATION;ADAPTATION;CHALLENGES;PERSPECTIVES;MITIGATION;COUNTRIES;DESIGN,,
rayyan-164684408,Are Environmental Impact Assessments effectively addressing the biodiversity issues in Brazil?,2022,7,,ENVIRONMENTAL IMPACT ASSESSMENT REVIEW,"[""0195-9255"", ""1873-6432     J9  - ENVIRON IMPACT ASSES     JI  - Environ. Impact Assess. Rev.""]",95,,,"Dias, AMS and Cook, C and Massara, RL and Paglia, AP",,English,,"[""Univ Fed Minas Gerais, Dept Genet Ecol & Evolucao, Lab Ecol & Conservacao, Belo Horizonte, MG, Brazil"", ""Monash Univ, Sch Biol Sci, Clayton, Vic 3800, Australia"", ""Inst SerraD Pesquisa & Conservacao, Belo Horizonte, MG, Brazil"", ""Ave Presidente Antonio Carlos,N 6627,ICB,Bloco E3, BR-31270910 Belo Horizonte, MG, Brazil""]",,"Times Cited in Web of Science Core Collection:  9     Total Times Cited:  10     Cited Reference Count:  78 | RAYYAN-INCLUSION: {""Philip""=>""Excluded"", ""Nibedita""=>""Maybe"", ""Isobel""=>""Excluded""}",10.1016/j.eiar.2022.106801,Environmental permit;Fauna;Biological data;Environmental diagnosis;Impact evaluation;Adaptive management;TECHNICAL QUALITY;MINING PROJECTS;ATLANTIC FOREST;MAMMALS;WASTE,,
rayyan-164684519,The political ecology of gear bans in two fisheries: Florida's net ban and Alaska's Salmon wars,2017,1,,FISH AND FISHERIES,"[""1467-2960"", ""1467-2979     J9  - FISH FISH     JI  - Fish. Fish.""]",18,1,94-104,"Loring, PA",,English,,"Univ Saskatchewan, Sch Environm & Sustainabil, 117 Sci Pl, Saskatoon, SK S7N 5C8, Canada",,"Times Cited in Web of Science Core Collection:  22     Total Times Cited:  29     Cited Reference Count:  72 | RAYYAN-INCLUSION: {""Philip""=>""Excluded""}",10.1111/faf.12169     WE  - Science Citation Index Expanded (SCI-EXPANDED)     WE  - Social Science Citation Index (SSCI),Commercial fisheries;conflict;environmental ethics;social justice;sport fishing;sustainability;MARINE RESERVES;COOK INLET;MANAGEMENT;FISH;SUSTAINABILITY;PRIVATIZATION;DIMENSIONS;IMPACTS;CHAOS,,
rayyan-164684558,Surveying managers to inform a regionally relevant invasive <i>Phragmites australis</i> control research program,2018,1,15,JOURNAL OF ENVIRONMENTAL MANAGEMENT,"[""0301-4797"", ""1095-8630     J9  - J ENVIRON MANAGE     JI  - J. Environ. Manage.""]",206,,807-816,"Rohal, CB and Kettenring, KM and Sims, K and Hazelton, ELG and Ma, Z",,English,,"[""Utah State Univ, Dept Watershed Sci, Logan, UT 84322 USA"", ""Utah State Univ, Ctr Ecol, Logan, UT 84322 USA"", ""Univ Tennessee, Dept Econ, Knoxville, TN 37996 USA"", ""Purdue Univ, Dept Forestry & Nat Resources, W Lafayette, IN 47907 USA""]",,"Times Cited in Web of Science Core Collection:  31     Total Times Cited:  35     Cited Reference Count:  85 | RAYYAN-INCLUSION: {""Philip""=>""Excluded""}",10.1016/j.jenvman.2017.10.049     WE  - Science Citation Index Expanded (SCI-EXPANDED)     WE  - Social Science Citation Index (SSCI),Invasive species;Knowledge co-production;Knowing-doing gap;Phragmites australis;Utah;Wetland restoration;GREAT-SALT-LAKE;KNOWING-DOING GAP;COMMON REED;CHESAPEAKE BAY;LANDSCAPE COMPLEXITY;CONSERVATION SCIENCE;SCIENTIFIC EVIDENCE;REPRODUCTIVE MODE;BIOTIC RESISTANCE;GENETIC DIVERSITY,,
rayyan-164684570,Canada at a crossroad: The imperative for realigning ocean policy with ocean science,2016,1,,MARINE POLICY,"[""0308-597X"", ""1872-9460     J9  - MAR POLICY     JI  - Mar. Pol.""]",63,,53-60,"Bailey, M and Favaro, B and Otto, SP and Charles, A and Devillers, R and Metaxas, A and Tyedmers, P and Ban, NC and Mason, T and Hoover, C and Duck, TJ and Fanning, L and Milley, C and Cisneros-Montemayor, AM and Pauly, D and Cheung, WWL and Cullis-Suzuki, S and Teh, L and Sumaila, UR",,English,,"[""Dalhousie Univ, Marine Affairs Program, Halifax, NS B3H 1R2, Canada"", ""Mem Univ Newfoundland, Sch Fisheries, Fisheries & Marine Inst, St John, NF A1C 5R3, Canada"", ""Mem Univ Newfoundland, Dept Ocean Sci, Logy Bay, NF, Canada"", ""Univ British Columbia, Dept Zool, Vancouver, BC V6T 1Z4, Canada"", ""Univ British Columbia, Biodivers Res Ctr, Vancouver, BC V6T 1Z4, Canada"", ""St Marys Univ, Management Sci & Environm Sci, Halifax, NS B3H 3C3, Canada"", ""Mem Univ Newfoundland, Dept Geog, St John, NF A1B 3X9, Canada"", ""Dalhousie Univ, Dept Oceanog, Halifax, NS B3H 4R2, Canada"", ""Sch Resource & Environm Studies, Halifax, NS B3H 4R2, Canada"", ""Univ Victoria, Sch Environm Studies, Victoria, BC V8W 2Y2, Canada"", ""Univ Manitoba, Ctr Earth Observat Sci, Winnipeg, MB R3T 2N2, Canada"", ""Dalhousie Univ, Dept Phys & Atmospher Sci, Halifax, NS B3H 4R2, Canada"", ""Univ British Columbia, Fisheries Ctr, Vancouver, BC V6T 1Z4, Canada"", ""Univ York, Dept Environm, York YO10 5D, N Yorkshire, England""]",,"Times Cited in Web of Science Core Collection:  32     Total Times Cited:  35     Cited Reference Count:  82 | RAYYAN-INCLUSION: {""Carlos""=>""Excluded""}",10.1016/j.marpol.2015.10.002     WE  - Social Science Citation Index (SSCI),Federal policy;Fisheries Act;Canada;Ocean science;Species at Risk Act;Evidence-based policies;Marine management;Science communication;BIODIVERSITY;CONSERVATION;MANAGEMENT;PACIFIC;COASTAL;IMPACT;ACT,,
rayyan-164684608,Governmentality in evidence? Evolving rationalities of forest governance in Peru,2023,6,,LAND USE POLICY,"[""0264-8377"", ""1873-5754     J9  - LAND USE POLICY     JI  - Land Use Pol.""]",129,,,"Salo, M and Hiedanpää, J and Orihuela, JC and Pinto, CAL and Vetter, JL",,English,,"[""Nat Resources Inst Finland Luke, Itainen Pitkakatu 4 A, Turku 20520, Finland"", ""Pontifical Catholic Univ Peru, Dept Econ, Ave Univ 1810, Lima, Peru""]",,"Times Cited in Web of Science Core Collection:  3     Total Times Cited:  3     Cited Reference Count:  111 | RAYYAN-INCLUSION: {""Nibedita""=>""Included"", ""Isobel""=>""Included""}",10.1016/j.landusepol.2023.106622,Evidence;Forest;Governance;Governmentality;Peru;Policy;EPISTEMIC COMMUNITIES;TRADE-OFFS;SCIENCE;FORMALIZATION;NEOLIBERALISM;DEFORESTATION;BIODIVERSITY;REFORM;STATE,,
rayyan-164684613,"Covid-19, and the climate change and biodiversity emergencies",2022,10,20,SCIENCE OF THE TOTAL ENVIRONMENT,"[""0048-9697"", ""1879-1026     J9  - SCI TOTAL ENVIRON     JI  - Sci. Total Environ.""]",844,,,"Watson, R and Kundzewicz, ZW and Borrell-Damián, L",,English,,"[""Univ East Anglia, Dept Environm, Norwich NR4 7TJ, Norfolk, England"", ""Poznan Univ Life Sci, Fac Environm Engn & Mech Engn, Meteorol Lab, Poznan, Poland"", ""Sci Europe AISBL, Rue Sci 14,6th Floor, B-1040 Brussels, Belgium""]",,"Times Cited in Web of Science Core Collection:  9     Total Times Cited:  8     Cited Reference Count:  20 | RAYYAN-INCLUSION: {""Matthew""=>""Excluded""}",10.1016/j.scitotenv.2022.157188,SARS-CoV2;Climate change;Biodiversity;Science -policy interface,,
rayyan-164684661,Beware of changes: Conservation of Indo-Pacific humpback dolphins in disturbed habitats,2020,9,,AQUATIC CONSERVATION-MARINE AND FRESHWATER ECOSYSTEMS,"[""1052-7613"", ""1099-0755     J9  - AQUAT CONSERV     JI  - Aquat. Conserv.-Mar. Freshw. Ecosyst.""]",30,9,1775-1782,"Huang, SL and Wu, HP and Wang, XY and Peng, CW and Wang, CC",,English,,"[""Guangxi Acad Sci, Guangxi Beibu Gulf Marine Res Ctr, 98 Dalin Rd, Nanning 530000, Guangxi, Peoples R China"", ""Beibu Gulf Univ, Coll Marine Sci, Guangxi Key Lab Beibu Gulf Marine Biodivers Conse, Qinzhou, Peoples R China"", ""Beibu Gulf Univ, Dept Marine Sci, Coll Marine Sci, Qinzhou, Peoples R China"", ""Minist Nat Resources, Inst Oceanog 3, Xiamen, Peoples R China"", ""Shantou Univ, Marine Biol Inst, Shantou, Peoples R China""]",,"Times Cited in Web of Science Core Collection:  9     Total Times Cited:  10     Cited Reference Count:  36 | RAYYAN-INCLUSION: {""Aidan""=>""Excluded""}",10.1002/aqc.3417     WE  - Science Citation Index Expanded (SCI-EXPANDED),baselines;habitat configuration;habitat loss and habitat change;informed biological conservation;TAIWAN STRAIT POPULATION;NORTHERN BEIBU GULF;SOUSA-CHINENSIS;PROTECTION ACTIONS;COASTAL DELPHINID;RIVER ESTUARY;IMPACTS;MANAGEMENT;TRENDS,,
rayyan-164684663,Reflections on the influence of a synthesis of circle-hook evidence on the angling community and conservation policy and practice,2020,9,,AQUATIC CONSERVATION-MARINE AND FRESHWATER ECOSYSTEMS,"[""1052-7613"", ""1099-0755     J9  - AQUAT CONSERV     JI  - Aquat. Conserv.-Mar. Freshw. Ecosyst.""]",30,9,1747-1752,"Cooke, SJ and Suski, CD",,English,,"[""Carleton Univ, Dept Biol, Fish Ecol & Conservat Physiol Lab, Ottawa, ON, Canada"", ""Carleton Univ, Inst Environm & Interdisciplinary Sci, Ottawa, ON, Canada"", ""Univ Illinois, Dept Nat Resources & Environm Sci, Urbana, IL 61801 USA""]",,"Times Cited in Web of Science Core Collection:  2     Total Times Cited:  3     Cited Reference Count:  30 | RAYYAN-INCLUSION: {""Philip""=>""Excluded"", ""Aidan""=>""Excluded""}",10.1002/aqc.3318     WE  - Science Citation Index Expanded (SCI-EXPANDED),circle hook;fishing gear;policy impact;recreational fisheries;stakeholder adoption;KNOWLEDGE EXCHANGE;FISHERIES;SCIENCE;PERSPECTIVES;PRINCIPLES;REVIEWS;MARINE,,
rayyan-164684694,Measure it to better manage it: a biodiversity monitoring framework for the Australian rangelands,2011,,,RANGELAND JOURNAL,"[""1036-9872"", ""1834-7541     J9  - RANGELAND J     JI  - Rangeland J.""]",33,3,239-253,"Eyre, TJ and Fisher, A and Hunt, LP and Kutt, AS",,English,,"[""Queensland Herbarium, Queensland Dept Environm & Resource Management, Toowong, Qld 4066, Australia"", ""No Terr Dept Nat Resources Environm Arts & Sport, Biodivers Conservat Div, Palmerston, NT 0831, Australia"", ""CSIRO Ecosyst Sci, Trop Ecosystems Res Ctr, Winnellie, NT 0822, Australia"", ""CSIRO Ecosyst Sci, Aitkenvale, Qld 4814, Australia""]",,"Times Cited in Web of Science Core Collection:  40     Total Times Cited:  44     Cited Reference Count:  110 | RAYYAN-INCLUSION: {""Philip""=>""Excluded""}",10.1071/RJ10071     WE  - Science Citation Index Expanded (SCI-EXPANDED)     WE  - Social Science Citation Index (SSCI),adaptive monitoring;conservation;rangeland condition;rangeland management;reference sites;KAKADU NATIONAL-PARK;NORTHERN-TERRITORY;ADAPTIVE MANAGEMENT;GRAZING RESPONSE;DESIGN ISSUES;SMALL MAMMALS;GROUND COVER;CONSERVATION;SCALE;GOVERNANCE,,
rayyan-164684696,Evaluation process for matching population models to regulatory decisions regarding threatened or endangered species by considering model risk,2025,1,6,INTEGRATED ENVIRONMENTAL ASSESSMENT AND MANAGEMENT,"[""1551-3777"", ""1551-3793     J9  - INTEGR ENVIRON ASSES     JI  - Integr. Environ. Assess. Manag.""]",,,,"Spromberg, JA and Hecht, SA and Laetz, CA and Hawkes, T and Baldwin, DH",,English,,"[""Northwest Fisheries Sci Ctr, Natl Marine Fisheries Serv, Environm & Fisheries Sci Div, Seattle, WA 98115 USA"", ""Natl Marine Fisheries Serv, NMFS NWFSC Fish Ecol Div, Seattle, WA USA"", ""Natl Marine Fisheries Serv, Endangered Species Act Interagcy Cooperat Div, Off Protected Resources, Silver Spring, MD USA""]",,"Times Cited in Web of Science Core Collection:  0     Total Times Cited:  0     Cited Reference Count:  55 | RAYYAN-INCLUSION: {""Tabitha""=>""Excluded""}",10.1093/inteam/vjae028,population models;endangered species;decision making;model risk;PESTICIDES;SUPPORT;FISH,,
rayyan-164684723,Towards quantitative condition assessment of biodiversity outcomes: Insights from Australian marine protected areas,2017,8,1,JOURNAL OF ENVIRONMENTAL MANAGEMENT,"[""0301-4797"", ""1095-8630     J9  - J ENVIRON MANAGE     JI  - J. Environ. Manage.""]",198,,183-191,"Addison, PFE and Flander, LB and Cook, CN",,English,,"[""Univ Oxford, Dept Zool, Oxford OX1 3PS, England"", ""Australian Inst Marine Sci, Townsville, Qld 4810, Australia"", ""Univ Melbourne, Sch BioSci, Parkville, Vic 3010, Australia"", ""Univ Melbourne, Ctr Epidemiol & Biostat, Parkville, Vic 3010, Australia"", ""Monash Univ, Sch Biol Sci, Clayton, Vic 3800, Australia""]",,"Times Cited in Web of Science Core Collection:  14     Total Times Cited:  14     Cited Reference Count:  47 | RAYYAN-INCLUSION: {""Philip""=>""Excluded"", ""Elina""=>""Included"", ""Alec""=>""Included""}",10.1016/j.jenvman.2017.04.054     WE  - Science Citation Index Expanded (SCI-EXPANDED)     WE  - Social Science Citation Index (SSCI),Conservation;Long-term monitoring;Protected area management effectiveness evaluation;Evidence-based management;Reporting;GREAT-BARRIER-REEF;DECISION TRIGGERS;CONSERVATION;MANAGEMENT;THRESHOLDS;FRAMEWORK;RESERVES;SCIENCE,,
rayyan-164684760,Stable isotope approaches and opportunities for improving plant conservation,2022,1,1,CONSERVATION PHYSIOLOGY,2051-1434     J9  - CONSERV PHYSIOL     JI  - Conserv. Physiol.,10,1,,"Snyder, KA and Robinson, SA and Schmidt, S and Hultine, KR",,English,,"[""USDA Agr Res Serv, Great Basin Rangelands Res Unit, 920 Valley Rd, Reno, NV 89512 USA"", ""Univ Wollongong, Sch Earth Atmospher & Life Sci, Wollongong, NSW 2522, Australia"", ""Univ Wollongong, Securing Antarct Environm Future, Wollongong, NSW 2522, Australia"", ""Univ Queensland, Sch Agr & Food Sci, Bldg 62, Brisbane, Qld 4075, Australia"", ""Desert Bot Garden, Dept Res Conservat & Collect, 1201 Galvin Pkwy, Phoenix, AZ 85008 USA""]",,"Times Cited in Web of Science Core Collection:  11     Total Times Cited:  11     Cited Reference Count:  181 | RAYYAN-INCLUSION: {""Iris""=>""Excluded""}",10.1093/conphys/coac056     WE  - Science Citation Index Expanded (SCI-EXPANDED),plant water-use efficiency;plant water sources;local adaptation;global environmental change;climate reconstruction;NATURAL-ABUNDANCE DELTA-N-15;WATER SOURCES;SUMMER PRECIPITATION;CARBON ISOTOPES;NITROGEN USE;TRANSPIRATION EFFICIENCY;PHOTOSYNTHETIC CAPACITY;PHENOTYPIC PLASTICITY;CONCEPTUAL-MODEL;ENDEMIC PLANTS,,
rayyan-164684827,An indicator framework to help maximise potential benefits for ecosystem services and biodiversity from ecological focus areas,2016,10,,ECOLOGICAL INDICATORS,"[""1470-160X"", ""1872-7034     J9  - ECOL INDIC     JI  - Ecol. Indic.""]",69,,859-872,"Tzilivakis, J and Warner, DJ and Green, A and Lewis, KA and Angileri, V",,English,,"[""Univ Hertfordshire, Sch Life & Med Sci, Agr & Environm Res Unit, Hatfield AL10 9AB, Herts, England"", ""European Commiss, Joint Res Ctr, Inst Environm & Sustainabil, Ispra, Italy""]",,"Times Cited in Web of Science Core Collection:  19     Total Times Cited:  21     Cited Reference Count:  83 | RAYYAN-INCLUSION: {""Philip""=>""Excluded""}",10.1016/j.ecolind.2016.04.045     WE  - Science Citation Index Expanded (SCI-EXPANDED),Ecological focus areas;Ecosystem services;Biodiversity;Indicator framework;AGRICULTURAL INTENSIFICATION;FARMLAND BIRDS;SOIL-EROSION;MANAGEMENT;HABITAT;AFFORESTATION;HETEROGENEITY;CONSERVATION;POPULATIONS;DECLINE,,
rayyan-164684840,"Murky waters: divergent ways scientists, practitioners, and landowners evaluate beaver mimicry",2022,3,,ECOLOGY AND SOCIETY,1708-3087     J9  - ECOL SOC     JI  - Ecol. Soc.,27,1,,"Pfaeffle, T and Moore, MA and Cravens, AE and McEvoy, J and Bamzai-Dodson, A",,English,,"[""US Geol Survey, North Cent Climate Adaptat Sci Ctr, Reston, VA 20192 USA"", ""Univ Montana, Dept Soc & Conservat, Missoula, MT USA"", ""US Geol Survey, Ft Collins Sci Ctr, Reston, VA USA"", ""Montana State Univ, Dept Earth Sci, Bozeman, MT USA""]",,"Times Cited in Web of Science Core Collection:  6     Total Times Cited:  8     Cited Reference Count:  56 | RAYYAN-INCLUSION: {""Philip""=>""Included""}",10.5751/ES-13006-270141     WE  - Science Citation Index Expanded (SCI-EXPANDED)     WE  - Social Science Citation Index (SSCI),beaver dam analogs;credibility;legitimacy;political ecology;salience;unsettled science;CLIMATE-CHANGE;KNOWLEDGE;RESTORATION;DAMS,,
rayyan-164684847,INVOLVING ACADEMIC SCIENTISTS IN CONSERVATION RESEARCH - PERSPECTIVES OF A PLANT ECOLOGIST,1995,2,,ECOLOGICAL APPLICATIONS,1051-0761     J9  - ECOL APPL     JI  - Ecol. Appl.,5,1,209-214,"HUENNEKE, LF",,English,,,,"Times Cited in Web of Science Core Collection:  16     Total Times Cited:  18     Cited Reference Count:  12 | RAYYAN-INCLUSION: {""Philip""=>""Excluded""}",10.2307/1942064     WE  - Science Citation Index Expanded (SCI-EXPANDED),CAREERS IN ECOLOGY;CONSERVATION;PUBLIC LANDS MANAGEMENT;RARE SPECIES;RESEARCH ETHICS;RESEARCH PRIORITIES;BIOLOGY,,
rayyan-164684848,Adaptive governance good practice: Show me the evidence!,2018,9,15,JOURNAL OF ENVIRONMENTAL MANAGEMENT,"[""0301-4797"", ""1095-8630     J9  - J ENVIRON MANAGE     JI  - J. Environ. Manage.""]",222,,174-184,"Sharma-Wallace, L and Velarde, SJ and Wreford, A",,English,,"[""Scion New Zealand Forest Res Inst Ltd, Te Papa Tipu Innovat Pk,49 Sala St, Rotorua 3046, New Zealand"", ""Lincoln Univ, Agribusiness & Econ Res Unit, Annex C,POB 85084, Christchurch 7647, New Zealand""]",,"Times Cited in Web of Science Core Collection:  74     Total Times Cited:  86     Cited Reference Count:  97 | RAYYAN-INCLUSION: {""Isobel""=>""Excluded""}",10.1016/j.jenvman.2018.05.067     WE  - Science Citation Index Expanded (SCI-EXPANDED)     WE  - Social Science Citation Index (SSCI),Adaptive governance;Environmental governance;Social-ecological systems;Systematic literature review;ECOSYSTEM-BASED MANAGEMENT;SOCIAL-ECOLOGICAL SYSTEMS;MARINE GOVERNANCE;WATER GOVERNANCE;DECISION-MAKING;PROTECTED AREA;COMANAGEMENT;RESILIENCE;EXPERIENCE;KNOWLEDGE,,
rayyan-164684850,Corridors of Clarity: Four Principles to Overcome Uncertainty Paralysis in the Anthropocene,2020,12,,BIOSCIENCE,"[""0006-3568"", ""1525-3244     J9  - BIOSCIENCE     JI  - Bioscience""]",70,12,1139-1144,"Polasky, S and Crepin, AS and Biggs, R and Carpenter, SR and Folke, C and Peterson, G and Scheffer, M and Barrett, S and Daily, G and Ehrlich, P and Howarth, RB and Hughes, T and Levin, SA and Shogren, JF and Troell, M and Walker, B and Xepapadeas, A",,English,,"[""Univ Minnesota, Dept Appl Econ, Minneapolis, MN USA"", ""Univ Minnesota, Dept Ecol Evolut & Behav, 318 Church St SE, Minneapolis, MN 55455 USA"", ""Beijer Inst Ecol Econ, Stockholm, Sweden"", ""Stellenbosch Univ, Ctr Complex Syst Transit, Stellenbosch, South Africa"", ""Stellenbosch Univ, Social Ecol Syst & Resilience, Stellenbosch, South Africa"", ""Univ Wisconsin, Limnol, Madison, WI 53706 USA"", ""Stockholm Univ, Stockholm Resilience Ctr, Sustainabil Sci, Stockholm, Sweden"", ""Columbia Univ, Nat Resource Econ, New York, NY USA"", ""Stanford Univ, Biol, Stanford, CA 94305 USA"", ""Dartmouth Coll, Environm Studies, Hanover, NH 03755 USA"", ""James Cook Univ, Townsville, North Queenslan, Australia"", ""Princeton Univ, Ecol & Evolutionary Biol, Princeton, NJ 08544 USA"", ""Wageningen Univ, Environm Sci, Wageningen, Netherlands"", ""Univ Wyoming, Econ, Laramie, WY 82071 USA"", ""CSIRO, Ecol, Canberra, ACT, Australia"", ""Athens Univ Econ & Business, Econ, Athens, Greece"", ""Univ Bologna, Bologna, Italy""]",,"Times Cited in Web of Science Core Collection:  16     Total Times Cited:  17     Cited Reference Count:  55 | RAYYAN-INCLUSION: {""Philip""=>""Excluded""}",10.1093/biosci/biaa115     WE  - Science Citation Index Expanded (SCI-EXPANDED)     WE  - Social Science Citation Index (SSCI),global environmental change;science-policy interface;sufficient evidence;uncertainty;ECOSYSTEM SERVICES;BIODIVERSITY LOSS;DECISION-MAKING;LAND-USE;WATER,,
rayyan-164684929,How well does Indian fisheries policy engage with fisheries biology? Exploring the science-policy interface of coastal capture fisheries along the west coast of India.,2023,10,,MARINE POLICY,"[""0308-597X"", ""1872-9460     J9  - MAR POLICY     JI  - Mar. Pol.""]",156,,,"Gangal, M and Suri, V and Arthur, R",,English,,"[""Manipal Acad Higher Educ, Tiger Circle Rd, Manipal 576104, Karnataka, India"", ""Nat Conservat Fdn, Amritha 1311,12th Cross,Vijayanagara 1st stage, Mysore 570017, Karnataka, India"", ""Natl Ctr Biol Sci, Bengaluru 560065, Karnataka, India"", ""CSIC, Ctr Estudis Avancats Blanes, Blanes 17300, Spain"", ""Ctr Estudis Avancats Blanes, Carrer Acces Cala St Francesc 14, Blanes 17300, Girona, Spain""]",,"Times Cited in Web of Science Core Collection:  2     Total Times Cited:  3     Cited Reference Count:  99 | RAYYAN-INCLUSION: {""Philip""=>""Excluded""}",10.1016/j.marpol.2023.105796,Fish biology;Fisheries policy;Science policy interface;India;Transboundary management;POPULATION GENETIC-STRUCTURE;MARINE FISHERIES;MANAGEMENT;FISH;GOVERNANCE;RESOURCE,,
rayyan-164685016,How countries link forest monitoring into policy-making,2020,9,,FOREST POLICY AND ECONOMICS,"[""1389-9341"", ""1872-7050     J9  - FOREST POLICY ECON     JI  - Forest Policy Econ.""]",118,,,"Neeff, T and Piazza, M",,English,,"Food & Agr Org United Nat, Viale Terme Caracalla, I-00153 Rome, Italy",,"Times Cited in Web of Science Core Collection:  7     Total Times Cited:  7     Cited Reference Count:  22 | RAYYAN-INCLUSION: {""Tabitha""=>""Included""}",10.1016/j.forpol.2020.102248     WE  - Science Citation Index Expanded (SCI-EXPANDED)     WE  - Social Science Citation Index (SSCI),Forest policy;Forest monitoring;Policy-making cycle;Decision-making;Evidence;Capacity development;REDD PLUS;CONSERVATION;KNOWLEDGE;CAPACITY;PROGRESS,,
rayyan-164685077,A Systematic Review of Key Factors of Effective Collaborative Governance of Social-Ecological Systems,2023,11,2,SOCIETY & NATURAL RESOURCES,"[""0894-1920"", ""1521-0723     J9  - SOC NATUR RESOUR     JI  - Soc. Nat. Resour.""]",36,11,1452-1470,"Kelman, CC and Brady, U and Raschke, BA and Schoon, ML",,English,,"[""Arizona State Univ, Sch Sustainabil, Tempe, AZ 85281 USA"", ""Arizona State Univ, Sch Life Sci, Tempe, AZ USA"", ""Cent Arizona Conservat Alliance, Phoenix, AZ USA"", ""Colorado State Univ, Warner Coll Nat Resources, Ctr Collaborat Conservat, Ft Collins, CO USA""]",,"Times Cited in Web of Science Core Collection:  8     Total Times Cited:  9     Cited Reference Count:  66 | RAYYAN-INCLUSION: {""Iris""=>""Excluded""}",10.1080/08941920.2023.2228234,Collaborative governance;collaborative resource management;collective action;community-based natural resource management;co-management;institutional analysis;institutional design principles;RepOrting standards for systematic evidence synthesis (ROSES);review areas;social-ecological systems;NATURAL-RESOURCE MANAGEMENT;ADAPTIVE GOVERNANCE;FRAMEWORK;SUCCESS;COMMONS;COMANAGEMENT;INSTITUTIONS;CONSERVATION;PERFORMANCE;PRINCIPLES,,
rayyan-164685094,"How evidence, implementation, policy, and politics come together within evidence systems: Lessons from South Africa",2023,3,,DEVELOPMENT POLICY REVIEW,"[""0950-6764"", ""1467-7679     J9  - DEV POLICY REV     JI  - Dev. Policy Rev.""]",41,2,,"Stewart, R",,English,,"Afr Evidence Network, Johannesburg, South Africa     PU  - WILEY     PI  - HOBOKEN     PA  - 111 RIVER ST, HOBOKEN 07030-5774, NJ USA",,"Times Cited in Web of Science Core Collection:  0     Total Times Cited:  0     Cited Reference Count:  91 | RAYYAN-INCLUSION: {""Philip""=>""Excluded""}",10.1111/dpr.12657,development impact;institutionalization;science-policy interface;South Africa;INCOME,,
rayyan-164685236,Conserving biodiversity takes a plan: How planners implement ecological information for biodiversity conservation,2020,9,,AMBIO,"[""0044-7447"", ""1654-7209     J9  - AMBIO     JI  - Ambio""]",49,9,1490-1505,"Gagné, SA and Bryan-Scaggs, K and Boyer, RHW and Xiang, WN",,English,,"[""Univ North Carolina Charlotte, Dept Geog & Earth Sci, Univ City Blvd,9201, Charlotte, NC 28223 USA"", ""RISE Viktoria, Lindholmen Sci Pk,Lindholmspiren 3A, S-41756 Gothenburg, Sweden""]",,"Times Cited in Web of Science Core Collection:  6     Total Times Cited:  7     Cited Reference Count:  68 | RAYYAN-INCLUSION: {""Philip""=>""Included""}",10.1007/s13280-019-01281-z,Conservation policy;Ecological guidelines;Land use planning;Socio-ecological systems;Sustainability;SUSTAINABLE DEVELOPMENT;KNOWLEDGE COPRODUCTION;SCIENTIFIC EVIDENCE;SCIENCE;MANAGEMENT;CHALLENGES;POLITICS;PROMOTE;DESIGN;CITIES,,
rayyan-164685266,Red snapper management in the Gulf of Mexico: science- or faith-based?,2011,6,,REVIEWS IN FISH BIOLOGY AND FISHERIES,"[""0960-3166"", ""1573-5184     J9  - REV FISH BIOL FISHER     JI  - Rev. Fish. Biol. Fish.""]",21,2,187-204,"Cowan, JH and Grimes, CB and Patterson, WF and Walters, CJ and Jones, AC and Lindberg, WJ and Sheehy, DJ and Pine, WE and Powers, JE and Campbell, MD and Lindeman, KC and Diamond, SL and Hilborn, R and Gibson, HT and Rose, KA",,English,,"[""Louisiana State Univ, Dept Oceanog & Coastal Sci, Baton Rouge, LA 70803 USA"", ""NOAA Fisheries, Santa Cruz Labs, SW Fisheries Sci Ctr, Santa Cruz, CA USA"", ""Univ W Florida, Dept Biol, Pensacola, FL 32514 USA"", ""Univ British Columbia, Fisheries Ctr, Vancouver, BC V5Z 1M9, Canada"", ""Univ Florida, Dept Fisheries & Aquat Sci, Gainesville, FL USA"", ""Aquabio Inc, Arlington, MA USA"", ""Florida Inst Technol, Coll Engn, Melbourne, FL 32901 USA"", ""Univ Western Sydney, Sch Nat Sci, Syndey, NSW, Australia"", ""Univ Washington, Sch Aquat & Fishery Sci, Seattle, WA 98195 USA"", ""N Swell Media LLC, Jensen Beach, FL USA""]",,"Times Cited in Web of Science Core Collection:  92     Total Times Cited:  118     Cited Reference Count:  119 | RAYYAN-INCLUSION: {""Philip""=>""Excluded""}",10.1007/s11160-010-9165-7     WE  - Science Citation Index Expanded (SCI-EXPANDED),Red snapper;Faith-based fisheries;Artificial reefs;Overfishing;Historical perspective;DENSITY-DEPENDENT MORTALITY;REEF FISH POPULATIONS;LIFE-HISTORY;LUTJANUS-CAMPECHANUS;ARTIFICIAL REEFS;NATURAL MORTALITY;PETROLEUM PLATFORMS;HABITAT SELECTION;SPATIAL-PATTERNS;SITE FIDELITY,,
rayyan-164685284,Monitoring biodiversity loss in rapidly changing Afrotropical ecosystems: an emerging imperative for governance and research,2023,7,17,PHILOSOPHICAL TRANSACTIONS OF THE ROYAL SOCIETY B-BIOLOGICAL SCIENCES,"[""0962-8436"", ""1471-2970     J9  - PHILOS T R SOC B     JI  - Philos. Trans. R. Soc. B-Biol. Sci.""]",378,1881,,"Achieng, AO and Arhonditsis, GB and Mandrak, N and Febria, C and Opaa, B and Coffey, TJ and Masese, FO and Irvine, K and Ajode, ZM and Obiero, K and Barasa, JE and Kaunda-Arara, B",,English,,"[""Univ Eldoret, Dept Fisheries & Aquat Sci, POB 1125-30100, Eldoret, Kenya"", ""Univ Toronto, Dept Phys & Environm Sci, Toronto, ON M1C 1A4, Canada"", ""Univ Toronto Scarborough, Dept Biol Sci, Scarborough, ON M1C 1A4, Canada"", ""Univ Windsor, Great Lakes Inst Environm Res, Dept Integrat Biol, Windsor, ON N9B 3P4, Canada"", ""Natl Land Commiss, Dept Nat Resources Management, POB 44417-00100, Nairobi 00100, Kenya"", ""Univ Nottingham, Sch Vet Med & Sci, Nottingham E12 5RD, Leics, England"", ""IHE Delft Inst Water Educ, Dept Water Resource & Ecosyst, Westvest 7, NL-2611 AX Delft, Netherlands"", ""Wageningen Univ, Aquat Ecol & Water Qual Management, POB 47, NL-6700 AA Wageningen, Netherlands"", ""African Ctr Aquat Res & Educ ACARE, 2200 Commonwealth Blvd, Suite 100, Ann Arbor, MI 48105 USA"", ""Kenya Marine & Fisheries Res Inst, Directorate Freshwater Aquaculture, POB 136-40111, Pap Onditi, Kenya""]",,"Times Cited in Web of Science Core Collection:  15     Total Times Cited:  15     Cited Reference Count:  87 | RAYYAN-INCLUSION: {""Philip""=>""Excluded""}",10.1098/rstb.2022.0271     WE  - Science Citation Index Expanded (SCI-EXPANDED),ecosystem change;environmental degradation;biodiversity conservation;governance;policy implementation;CLIMATE-CHANGE;LAND-USE;AFRICA;SERVICES;FUTURE;POLLUTION;ECOLOGY;SCIENCE;LINKING;SYSTEMS,,
rayyan-164685293,No Evidence-Based Restoration Without a Sound Evidence Base: A Reply to Guldemond et al.,2012,3,,RESTORATION ECOLOGY,1061-2971     J9  - RESTOR ECOL     JI  - Restor. Ecol.,20,2,158-159,"Ntshotsho, P and Reyers, B and Esler, KJ",,English,,"[""Univ Stellenbosch, Dept Conservat Ecol & Entomol, ZA-7602 Matieland, South Africa"", ""Univ Stellenbosch, Ctr Invas Biol, ZA-7602 Matieland, South Africa"", ""CSIR, Nat Resources & Environm, ZA-7599 Stellenbosch, South Africa""]",,"Times Cited in Web of Science Core Collection:  0     Total Times Cited:  0     Cited Reference Count:  9 | RAYYAN-INCLUSION: {""Philip""=>""Excluded""}",10.1111/j.1526-100X.2011.00846.x     WE  - Science Citation Index Expanded (SCI-EXPANDED),indicators;monitoring;restoration practitioners;systematic review;ECOLOGICAL RESTORATION;CONSERVATION,,
rayyan-164685326,Translating genomic advances into biodiversity conservation,2024,1,,NATURE REVIEWS GENETICS,"[""1471-0056"", ""1471-0064     J9  - NAT REV GENET     JI  - Nat. Rev. Genet.""]",25,1,362-373,"Hogg, CJ",,English,,"Univ Sydney, Sch Life & Environm Sci, Sydney, NSW, Australia",,"Times Cited in Web of Science Core Collection:  7     Total Times Cited:  7     Cited Reference Count:  157 | RAYYAN-INCLUSION: {""Philip""=>""Excluded"", ""Aidan""=>""Excluded""}",10.1038/s41576-023-00671-0,STRUCTURED POPULATIONS;INBREEDING DEPRESSION;ENVIRONMENTAL DNA;TASMANIAN DEVIL;GENE FLOW;HYBRIDIZATION;EVOLUTION;REVEALS;LANDSCAPE;SEQUENCE,,
rayyan-164685500,Co-managing public research in Australian fisheries through convergence-divergence processes,2015,10,,MARINE POLICY,"[""0308-597X"", ""1872-9460     J9  - MAR POLICY     JI  - Mar. Pol.""]",60,,259-271,"Dentoni, D and Klerkx, L",,English,,"[""Wageningen Univ, Management Studies Grp, NL-6706 KN Wageningen, Netherlands"", ""Wageningen Univ, Knowledge Technol & Innovat Grp, NL-6706 KN Wageningen, Netherlands""]",,"Times Cited in Web of Science Core Collection:  11     Total Times Cited:  12     Cited Reference Count:  56 | RAYYAN-INCLUSION: {""Philip""=>""Excluded""}",10.1016/j.marpol.2015.07.001     WE  - Social Science Citation Index (SSCI),Participatory research;Co-management;Ecosystem-based approach;Convergence;Divergence;Innovation;Australia;RESEARCH-AND-DEVELOPMENT;TRANSDISCIPLINARY RESEARCH;AGRICULTURAL-RESEARCH;GOVERNANCE STRUCTURE;VALUE CHAINS;MANAGEMENT;KNOWLEDGE;FRAMEWORK;MARKET;ORGANIZATIONS,,
rayyan-164685552,Framing the change and changing frames: Tensions in participative strategy developmentPalabras Clave(sic)(sic)(sic),2023,2,,POLITICS & POLICY,"[""1555-5623"", ""1747-1346     J9  - POLITICS POLICY     JI  - Politics Policy""]",51,1,81-113,"Zimmermann, A and Kenter, JO",,English,,"[""Loughborough Univ, Sch Business & Econ, Loughborough, England"", ""Ecologos Res Ltd, Aberystwyth, Wales"", ""Aberystwyth Business Sch, Aberystwyth, Wales"", ""Univ York, Dept Environm & Geog, York, England""]",,"Times Cited in Web of Science Core Collection:  6     Total Times Cited:  6     Cited Reference Count:  71 | RAYYAN-INCLUSION: {""Carlos""=>""Excluded""}",10.1111/polp.12518,co-creation;collaborative governance;co-production;decision making;deliberative monetary valuation;ecosystem services;England Peat Action Plan;environmental sustainability;framing;open strategy;participation;participative strategy development;public policy;stakeholder engagement;stakeholders;ECOSYSTEM SERVICES;CO-CREATION;STAKEHOLDER;GOVERNANCE;MANAGEMENT;INNOVATION;FIELD,,
rayyan-164685594,Policy-driven versus evidence-based conservation: A review of political targets and biological needs,2005,11,,BIOSCIENCE,"[""0006-3568"", ""1525-3244     J9  - BIOSCIENCE     JI  - Bioscience""]",55,11,989-995,"Svancara, LK and Brannon, R and Scott, JM and Groves, CR and Noss, RF and Pressey, RL",,English,,"[""Univ Idaho, Dept Fish & Wildlife, Moscow, ID 83844 USA"", ""Natl Pk Serv, Upper Columbia Basin Network, Moscow, ID 83844 USA"", ""Univ Idaho, Dept Conservat Social Sci, Moscow, ID 83844 USA"", ""US Geol Survey, Moscow, ID 83844 USA"", ""Wildlife Conservat Soc, Bozeman, MT 59715 USA"", ""Univ Cent Florida, Dept Biol, Orlando, FL 32816 USA""]",,"Times Cited in Web of Science Core Collection:  209     Total Times Cited:  232     Cited Reference Count:  50 | RAYYAN-INCLUSION: {""Philip""=>""Excluded"", ""Aidan""=>""Excluded""}",10.1641/0006-3568(2005)055[0989:PVECAR]2.0.CO;2     WE  - Science Citation Index Expanded (SCI-EXPANDED),biodiversity;conservation goals;conservation targets;policy;science;BIODIVERSITY CONSERVATION;SELECTION ALGORITHMS;RESERVE SELECTION;PROTECTED AREAS;POPULATION;HABITAT;EXTINCTION;LANDSCAPE;RECOVERY;NETWORKS,,
rayyan-164685619,Key attributes for effective knowledge brokering at the interface of environmental science and management,2025,1,,SUSTAINABILITY SCIENCE,"[""1862-4065"", ""1862-4057     J9  - SUSTAIN SCI     JI  - Sustain. Sci.""]",20,1,117-133,"Karcher, DB and Cvitanovic, C and Colvin, RM and van Putten, I and Pozza, RD and Posner, S",,English,,"[""Australian Natl Univ, Australian Natl Ctr Publ Awareness Sci, Canberra, ACT, Australia"", ""Univ New South Wales, Sch Business, Canberra, ACT, Australia"", ""Univ New South Wales, Ctr Marine Sci & Innovat, Canberra, Australia"", ""Australian Natl Univ, Crawford Sch Publ Policy, Canberra, ACT, Australia"", ""CSIRO Environm, Hobart, Tas, Australia"", ""Univ Tasmania, Ctr Marine Socioecol, Hobart, Tas, Australia"", ""Univ Tasmania, Hobart, Tas, Australia"", ""Garrison Inst, Garrison, NY USA""]",,"Times Cited in Web of Science Core Collection:  1     Total Times Cited:  1     Cited Reference Count:  102 | RAYYAN-INCLUSION: {""Sarah""=>""Included""}",10.1007/s11625-024-01575-6,Evidence-informed decision-making;Knowledge networks;Research impact;Boundary spanning;Knowledge broker;Science-policy interface;BOUNDARY SPANNERS;MANAGING TRUST;CLIMATE-CHANGE;HEALTH POLICY;PUBLIC-HEALTH;EXCHANGE;SUSTAINABILITY;NETWORKING;IMPACT;CONSERVATION,,
rayyan-164685735,"Challenges and Solutions for Forest Biodiversity Conservation in Sweden: Assessment of Policy, Implementation Outputs, and Consequences",2023,5,20,LAND,2073-445X     J9  - LAND-BASEL     JI  - Land,12,5,,"Angelstam, P and Bush, T and Manton, M",,English,,"[""Swedish Univ Agr Sci SLU, Fac Forest Sci, Sch Forest Management, SE-73921 Skinnskatteberg, Sweden"", ""Inland Norway Univ Appl Sci, Fac Appl Ecol Agr Sci & Biotechnol, N-2480 Evenstad, Norway"", ""Mapping Specialists, 3000 Cahill Main,Suite 202, Fitchburg, WI 53711 USA"", ""Vytautas Magnus Univ, Fac Forest Sci & Ecol, Studentu St 13, LT-53362 Akademija, Lithuania""]",,"Times Cited in Web of Science Core Collection:  6     Total Times Cited:  6     Cited Reference Count:  467 | RAYYAN-INCLUSION: {""Philip""=>""Excluded""}",10.3390/land12051098     WE  - Social Science Citation Index (SSCI),connectivity;disturbance regimes;forest policy;green infrastructure;habitat network;multi-functional landscape;nature restoration;protected areas;social system;spatial planning;WOODLAND KEY HABITATS;OLD-GROWTH FORESTS;SOCIAL-ECOLOGICAL SYSTEMS;WHITE-BACKED WOODPECKER;GREEN-TREE RETENTION;DEAD WOOD;ECOSYSTEM SERVICES;INTENSIVE FORESTRY;NORTHERN EUROPE;STAKEHOLDERS PERCEPTIONS,,
rayyan-164685758,Towards better practices of salvage logging for reducing the ecosystem impacts in Mediterranean burned forests,2020,10,,IFOREST-BIOGEOSCIENCES AND FORESTRY,1971-7458     J9  - IFOREST     JI  - iForest,13,,360-368,"Pons, P and Rost, J and Tobella, C and Puig-Girones, R and Bas, JM and Franch, M and Mauri, E",,English,,"[""Univ Girona, Dept Ciencies Ambientals, Girona 17003, Catalonia, Spain"", ""Univ Vic, Univ Cent Catalunya, Dept Biociencies, Vic 08500, Catalonia, Spain"", ""European Forest Inst, Mediterranean Facil, Barcelona 08025, Catalonia, Spain""]",,"Times Cited in Web of Science Core Collection:  5     Total Times Cited:  6     Cited Reference Count:  52 | RAYYAN-INCLUSION: {""Philip""=>""Excluded""}",10.3832/ifor3380-013     WE  - Science Citation Index Expanded (SCI-EXPANDED),Biodiversity;Ecosystem Services;Evidence-based Management;Salvage Logging;Sustainable Logging;Wildfires;POSTFIRE MANAGEMENT;PINE;REGENERATION;RESTORATION;ASSEMBLAGES;DISTURBANCE;DEBRIS;PILES,,
rayyan-164685763,Knowledge sharing for shared success in the decade on ecosystem restoration,2022,1,,ECOLOGICAL SOLUTIONS AND EVIDENCE,2688-8319     J9  - ECOL SOLUT EVID     JI  - Ecol. Solut. Evid.,3,1,,"Ladouceur, E and Shackelford, N and Bouazza, K and Brudvig, L and Bucharova, A and Conradi, T and Erickson, TE and Garbowski, M and Garvy, K and Harpole, WS and Jones, HP and Knight, T and Nsikani, MM and Paterno, G and Suding, K and Temperton, VM and Török, P and Winkler, DE and Chase, JM",,English,,"[""German Ctr Integrat Biodivers Res iDiv, Biodivers Synth & Physiol Divers, Puschstr 4, D-04103 Leipzig, Germany"", ""Univ Leipzig, Dept Biol, Leipzig, Germany"", ""UFZ Helmholtz Ctr Environm Res, Dept Physiol Divers, Leipzig, Germany"", ""Univ Victoria, Sch Environm Studies, Victoria, BC, Canada"", ""Lebanon Reforestat Initiat, Beirut, Lebanon"", ""Michigan State Univ, Dept Plant Biol, E Lansing, MI 48824 USA"", ""Philipps Univ Marburg, Dept Biol, Marburg, Germany"", ""Univ Bayreuth, Dept Plant Ecol, Bayreuth, Germany"", ""Univ Western Australia, Sch Biol Sci, Perth, WA, Australia"", ""Perth Bot Gardens & Pk, Kings Pk Sci, Dept Biodivers Conservat & Attract Perth, Perth, WA, Australia"", ""Upstate, Durham, NC USA"", ""Martin Luther Univ Halle Wittenberg, Inst Biol, Halle, Germany"", ""Northern Illinois Univ, Dept Biol Sci, De Kalb, IL 60115 USA"", ""Northern Illinois Univ, Inst Study Environm Sustainabil & Energy, De Kalb, IL 60115 USA"", ""South African Natl Biodivers Inst, Kirstenbosch Res Ctr, Cape Town, South Africa"", ""Stellenbosch Univ, DST NRF Ctr Excellence Invas Biol, Dept Bot & Zool, Matieland, South Africa"", ""Univ Gottingen, Biodivers Macroecol & Biogeog, Gottingen, Germany"", ""Tech Univ Munich, Sch Life Sci, Munich, Germany"", ""Univ Colorado, Ecol & Evolutionary Biol, Boulder, CO 80309 USA"", ""Leuphana Univ Luneburg, Fac Sustainabil, Inst Ecol, Luneburg, Germany"", ""Univ Debrecen, Dept Ecol, Debrecen, Hungary"", ""US Geol Survey, Southwest Biol Sci Ctr, Moab, UT USA"", ""Martin Luther Univ Halle Wittenberg, Inst Comp Sci, Halle, Germany""]",,"Times Cited in Web of Science Core Collection:  24     Total Times Cited:  24     Cited Reference Count:  56 | RAYYAN-INCLUSION: {""Philip""=>""Excluded"", ""Carlos""=>""Excluded"", ""Elina""=>""Excluded""}",10.1002/2688-8319.12117     WE  - Emerging Sources Citation Index (ESCI),data synthesis;dissemination;ecological restoration;evidence-based knowledge;networks;open data;practitioner-scientist collaboration;restoration ecology;ECOLOGICAL RESTORATION;BIODIVERSITY;SCIENCE;DIVERSITY;SUPPORT;RISE;NEED,,
rayyan-164685869,Improving collaboration in the implementation of global biodiversity conventions,2019,8,,CONSERVATION BIOLOGY,"[""0888-8892"", ""1523-1739     J9  - CONSERV BIOL     JI  - Conserv. Biol.""]",33,4,821-831,"von Bieberstein, KR and Sattout, E and Christensen, M and Pisupati, B and Burgess, ND and Harrison, J and Geldmann, J",,English,,"[""UN Environm World Conservat Monitoring Ctr UNEP W, 219 Huntingdon Rd, Cambridge CB3 0DL, England"", ""UNESCO Reg Bur Sci Arab States, Cairo, Egypt"", ""UN Environm, Law Div UNEP DELC, POB 33552, Nairobi, Kenya"", ""Univ Copenhagen, Nat Hist Museum Denmark, Ctr Macroecol Evolut & Climate, Univ Pk 15, DK-2100 Copenhagen E, Denmark"", ""Univ Cambridge, Dept Zool, Conservat Sci Grp, Downing St, Cambridge CB2 3EJ, England""]",,"Times Cited in Web of Science Core Collection:  19     Total Times Cited:  20     Cited Reference Count:  24 | RAYYAN-INCLUSION: {""Elina""=>""Excluded"", ""Alec""=>""Excluded""}",10.1111/cobi.13252     WE  - Science Citation Index Expanded (SCI-EXPANDED),Aichi Targets;Convention on Biological Diversity;multilateral environmental agreements;national biodiversity strategies;national biodiversity action plan;politics;policy;strategic plan for biodiversity;CONSERVATION,,
rayyan-164685887,The Ocean and Cryosphere in a Changing Climate in Latin America: Knowledge Gaps and the Urgency to Translate Science Into Action,2021,11,1,FRONTIERS IN CLIMATE,2624-9553     J9  - FRONT CLIM     JI  - Front. Clim.,3,,,"Muelbert, MMC and Copertino, M and da Cunha, LC and Lewis, MN and Polejack, A and Peña-Puch, AD and Rivera-Arriaga, E",,English,,"[""Univ Fed Sao Paulo UNIFESP, Inst Mar, Santos, Brazil"", ""Univ Fed Rio Grande FURG, Inst Oceanog, Rio Grande, Brazil"", ""Brazilian Network Global Climate Change Res Rede C, Sao Jose Dos Campos, Brazil"", ""Univ Estado Rio de Janeiro UERJ, Programa Posgrad Oceanog, Fac Oceanog, Rio De Janeiro, Brazil"", ""Consejo Nacl Invest Cient & Tecn CONICET, Buenos Aires, Argentina"", ""Consejo Nacl Invest Cient & Tecn, Ctr Estudio Sistemas Marinos CESIMAR, Ctr Nacl Patagon CENPAT, Buenos Aires, Argentina"", ""Ctr Invest & Transferencia Golfo San Jorge, Comodoro Rivadavia, Argentina"", ""World Maritime Univ WMU, Sasakawa Global Ocean Inst, Malmo, Sweden"", ""Minist Ciencia Tecnol & Inovacoes, Brasilia, Brazil"", ""Univ Autonoma Campeche, Inst Ecol Pesquerias & Oceanog Golfo Mexico EPOMEX, Campeche, Mexico""]",,"Times Cited in Web of Science Core Collection:  5     Total Times Cited:  6     Cited Reference Count:  81 | RAYYAN-INCLUSION: {""Sarah""=>""Excluded""}",10.3389/fclim.2021.748344     WE  - Emerging Sources Citation Index (ESCI),climate change;SROCC;local knowledge;policy makers;Latin America;DRAKE PASSAGE;OBSERVING SYSTEM;RESEARCH NETWORK;COASTAL;IMPACTS;ACIDIFICATION;DIPLOMACY;POLICY,,
rayyan-164685963,Designing an optimal large-scale reintroduction plan for a critically endangered species,2023,3,,JOURNAL OF APPLIED ECOLOGY,"[""0021-8901"", ""1365-2664     J9  - J APPL ECOL     JI  - J. Appl. Ecol.""]",60,3,453-462,"Canessa, S and Salgado-Rojas, J and Villero, D and Brotons, L and Amat, F and Guinart, D and Solórzano, S and López, L and Comas, X and Hermoso, V",,English,,"[""Univ Bern, Inst Ecol & Evolut, Div Conservat Biol, Baltzerstr 6, CH-3012 Bern, Switzerland"", ""Univ Politecn Cataluna, Dept Stat & Operat Res, Barcelona, Spain"", ""Ctr Ciencia & Tecnol Forestal Catalunya CTFC, Lleida, Spain"", ""CREAF, Barcelona, Spain"", ""CSIC, Barcelona, Spain"", ""Museu Granollers Ciencies Nat, Area Herpetol, BiBIO, Catalonia, Spain"", ""Diputacio Barcelona, Serv Gestio Parcs Nat, Barcelona, Spain""]",,"Times Cited in Web of Science Core Collection:  2     Total Times Cited:  2     Cited Reference Count:  63 | RAYYAN-INCLUSION: {""Philip""=>""Excluded""}",10.1111/1365-2664.14345,captive breeding;decision-making;integer linear programming;monitoring;survival;translocation;ADAPTIVE MANAGEMENT;SCIENTIFIC EVIDENCE;CONSERVATION;DENSITY;TRANSLOCATION;POPULATIONS;CHALLENGES;STRATEGIES;VIABILITY;PROGRAMS,,
rayyan-164686031,Understanding the Impacts of Research Synthesis,2018,8,,ENVIRONMENTAL SCIENCE & POLICY,"[""1462-9011"", ""1873-6416     J9  - ENVIRON SCI POLICY     JI  - Environ. Sci. Policy""]",86,,72-84,"Wyborn, C and Louder, E and Harrison, J and Montambault, J and Montana, J and Ryan, M and Bednarek, A and Nesshöver, C and Pullin, A and Reed, M and Dellecker, E and Kramer, J and Boyd, J and Dellecker, A and Hutton, J",,English,,"[""IUCN Conservat Ctr, Luc Hoffmann Inst, Rue Mauverney 28, CH-1196 Gland, Switzerland"", ""Univ Montana, Dept Soc & Conservat, 32 Campus Dr, Missoula, MT 59801 USA"", ""UN Environm World Conservat Monitoring Ctr UNEP W, 291 Huntingdon Rd, Cambridge CBD 0DL, England"", ""Nature Conservancy, Sci Nat & People Partnership, 1815 N Lynn St, Arlington, VA USA"", ""Univ Queensland, Sch Earth & Environm Sci, Brisbane, Qld, Australia"", ""Univ Sheffield, Dept Polit, Northumberland Rd, Sheffield S10 2TU, S Yorkshire, England"", ""Univ Cambridge, Conservat Res Inst, David Attenborough Bldg,Pembroke St, Cambridge, England"", ""Lenfest Ocean Program & Pew Charitable Trusts, 901 E St NW, Washington, DC 20004 USA"", ""UFZ Helmholtz Ctr Environm Res, Dept Conservat Biol, Permoserstr 15, D-03418 Leipzig, Germany"", ""Bangor Univ, Sch Environm Nat Resources & Geog, Ctr Evidence Based Conservat, Bangor, Gwynedd, Wales"", ""Newcastle Univ, Sch Nat & Environm Sci, Agr Bldg, Newcastle Upon Tyne NE1 7RU, Tyne & Wear, England"", ""Univ Maryland, Natl Socioenvironm Synth Ctr, Annapolis, MD USA""]",,"Times Cited in Web of Science Core Collection:  38     Total Times Cited:  48     Cited Reference Count:  73 | RAYYAN-INCLUSION: {""Iris""=>""Excluded""}",10.1016/j.envsci.2018.04.013     WE  - Science Citation Index Expanded (SCI-EXPANDED)     WE  - Social Science Citation Index (SSCI),Synthesis research;Science policy interface;Credibility;Salience;Legitimacy;Research impact;GLOBAL ENVIRONMENTAL ASSESSMENTS;TRANSDISCIPLINARY SYNTHESIS;ECOSYSTEM SCIENCE;POLICY;KNOWLEDGE;FRAMEWORK;BIODIVERSITY;ADAPTATION;MANAGEMENT;SYSTEMS,,
rayyan-164686099,Co-producing theory of change to operationalize integrated landscape approaches,2023,3,,SUSTAINABILITY SCIENCE,"[""1862-4065"", ""1862-4057     J9  - SUSTAIN SCI     JI  - Sustain. Sci.""]",18,2,839-855,"Reed, J and Chervier, C and Borah, JR and Gumbo, D and Moombe, KB and Mbanga, TM and O'Connor, A and Siangulube, F and Yanou, M and Sunderland, T",,English,,"[""Ctr Int Forestry Res, Bogor, Indonesia"", ""Univ East Anglia, Sch Int Dev, Norwich Res Pk, Norwich, Norfolk, England"", ""Ctr Cooperat Int Rech Agron Dev CIRAD, Montpellier, France"", ""Univ British Columbia, Fac Forestry, Vancouver, BC, Canada"", ""Ctr Int Forestry Res, Lusaka, Zambia"", ""Univ Zambia, Dept Geog & Environm Studies, Lusaka, Zambia"", ""Univ Amsterdam, Ctr Social Sci Res CSSR, Amsterdam, Netherlands""]",,"Times Cited in Web of Science Core Collection:  18     Total Times Cited:  18     Cited Reference Count:  74 | RAYYAN-INCLUSION: {""Philip""=>""Excluded""}",10.1007/s11625-022-01190-3,Environmental governance;Conservation and development trade-offs;Natural resource management;Knowledge co-production;Sustainability science;Transdisciplinarity;MULTILEVEL GOVERNANCE;ENVIRONMENTAL-ISSUES;CONSERVATION;AGRICULTURE;INITIATIVES;POWER;PARTICIPATION;PERCEPTIONS,,
rayyan-164686118,The need for speed in a crisis discipline: perspectives on peer-review duration and implications for conservation science,2016,,,ENDANGERED SPECIES RESEARCH,"[""1863-5407"", ""1613-4796     J9  - ENDANGER SPECIES RES     JI  - Endanger. Species Res.""]",30,,Nov-18,"Cooke, SJ and Nguyen, VM and Wilson, ADM and Donaldson, MR and Gallagher, AJ and Hammerschlag, N and Haddaway, NR",,English,,"[""Carleton Univ, Dept Biol, Fish Ecol & Conservat Physiol Lab, 1125 Colonel By Dr, Ottawa, ON K1S 5B6, Canada"", ""Carleton Univ, Canadian Ctr Evidence Based Conservat & Environm, Inst Environm Sci, Ottawa, ON K1S 5B6, Canada"", ""Deakin Univ, Sch Life & Environm Sci, Burwood, Vic 3125, Australia"", ""Univ Miami, Shark Res & Conservat Program, 4600 Rickenbacker Causeway, Miami, FL 33149 USA"", ""Univ Miami, Abess Ctr Ecosyst Sci & Policy, 1365 Mem Dr, Miami, FL 33146 USA"", ""Royal Swedish Acad Sci, Mistra Council Evidence Based Environm Management, S-10405 Stockholm, Sweden""]",,"Times Cited in Web of Science Core Collection:  10     Total Times Cited:  10     Cited Reference Count:  23 | RAYYAN-INCLUSION: {""Alice""=>""Included""}",10.3354/esr00721     WE  - Science Citation Index Expanded (SCI-EXPANDED),Peer review;Conservation;Scientific publishing;Biodiversity;Science communication;Science dissemination;Journal editor;Referee;ENVIRONMENTAL-MANAGEMENT;SCIENTIFIC EVIDENCE;BIOLOGY;GAP;IMPLEMENTATION;PRACTITIONERS,,
rayyan-164686270,Practitioners' perspectives on the enablers and barriers to successful Antarctic science-policy knowledge exchange,2024,12,7,ENVIRONMENTAL POLICY AND GOVERNANCE,"[""1756-932X"", ""1756-9338     J9  - ENVIRON POLICY GOV     JI  - Environ. Policy Gov.""]",,,,"Gardiner, NB and Liggett, D and Gilbert, N and Cvitanovic, C",,English,,"[""Univ Canterbury, Ctr Antarctic Studies & Res, Sch Earth & Environm, Gateway Antarctica, Private Bag 4800, Christchurch 8140, New Zealand"", ""Antarctica New Zealand, Christchurch, New Zealand"", ""Constantia Consulting Ltd, Christchurch, New Zealand"", ""Univ New South Wales, Sch Business, Canberra, ACT, Australia"", ""Univ New South Wales, Ctr Marine Sci & Innovat, Sydney, Australia""]",,"Times Cited in Web of Science Core Collection:  0     Total Times Cited:  0     Cited Reference Count:  130 | RAYYAN-INCLUSION: {""Carlos""=>""Included""}",10.1002/eet.2143,boundary spanning;capacity building;co-production;environmental governance;science-policy interface;success;ENVIRONMENTAL SCIENCE;CLIMATE-CHANGE;MANAGING TRUST;INTERFACE;CONSERVATION;GOVERNANCE;COPRODUCTION;UNCERTAINTY;SCIENTISTS;MANAGEMENT,,
rayyan-164686275,Taking knowledge exchange to practice: A scoping review of practical case studies to identify enablers of success in environmental management,2024,10,25,ENVIRONMENTAL POLICY AND GOVERNANCE,"[""1756-932X"", ""1756-9338     J9  - ENVIRON POLICY GOV     JI  - Environ. Policy Gov.""]",,,,"Kapoor, T and Cvitanovic, C and Klenk, K and Nguyen, VM",,English,,"[""Carleton Univ, Dept Biol, Ottawa, ON, Canada"", ""Univ New South Wales, Sch Business, Canberra, Australia"", ""Univ New South Wales, Ctr Marine Sci & Innovat, Kensington, Australia"", ""McGill Univ, Fac Arts, Montreal, PQ, Canada"", ""Carleton Univ, Inst Environm & Interdisciplinary Sci, Ottawa, ON, Canada""]",,"Times Cited in Web of Science Core Collection:  1     Total Times Cited:  1     Cited Reference Count:  103 | RAYYAN-INCLUSION: {""Philip""=>""Excluded"", ""Nibedita""=>""Excluded""}",10.1002/eet.2128,boundary objects;boundary organizations;evidence-based practice;knowledge broker;knowledge mobilization;knowledge transfer;science communication;science policy;SCIENCE-POLICY INTERFACE;CONSERVATION SCIENCE;DECISION-MAKING;MANAGING TRUST;IMPACT;STAKEHOLDER;COPRODUCTION;CANADA;ORGANIZATIONS;PERSPECTIVES,,
rayyan-164686280,Process and Contextual Factors Supporting Action-Oriented Learning: A Thematic Synthesis of Empirical Literature in Natural Resource Management,2019,6,3,SOCIETY & NATURAL RESOURCES,"[""0894-1920"", ""1521-0723     J9  - SOC NATUR RESOUR     JI  - Soc. Nat. Resour.""]",32,7,731-750,"Suskevics, M and Hahn, T and Rodela, R",,English,,"[""Stockholm Univ, Stockholm Resilience Ctr, Kraftriket 2B, SE-10691 Stockholm, Sweden"", ""Estonian Univ Life Sci, Inst Agr & Environm Sci, Tartu, Estonia"", ""Sodertorn Univ, Sch Nat Sci Technol & Environm Studies, Huddinge, Sweden"", ""Wageningen Univ, Lab Geoinformat Sci & Remote Sensing, Wageningen, Netherlands""]",,"Times Cited in Web of Science Core Collection:  25     Total Times Cited:  26     Cited Reference Count:  91 | RAYYAN-INCLUSION: {""Elina""=>""Excluded""}",10.1080/08941920.2019.1569287     WE  - Social Science Citation Index (SSCI),Ecosystem governance;intermediaries;qualitative review;social-ecological systems;social learning;structural constraints;ADAPTIVE COMANAGEMENT;WATER GOVERNANCE;RIVER-BASIN;FLOOD RISK;KNOWLEDGE;POLICY;IMPLEMENTATION;CLIMATE;RESILIENCE;COMMUNITY,,
rayyan-164686324,Between biodiversity conservation and sustainable forest management - A multidisciplinary assessment of the emblematic Bialowieza Forest case,2020,8,,BIOLOGICAL CONSERVATION,"[""0006-3207"", ""1873-2917     J9  - BIOL CONSERV     JI  - Biol. Conserv.""]",248,,,"Blicharska, M and Angelstam, P and Giessen, L and Hilszczanski, J and Hermanowicz, E and Holeksa, J and Jacobsen, JB and Jaroszewicz, B and Konczal, A and Konieczny, A and Mikusinski, G and Mirek, Z and Mohren, F and Muys, B and Niedzialkowski, K and Sotirov, M and Sterenczak, K and Szwagrzyk, J and Winder, GM and Witkowski, Z and Zaplata, R and Winkel, G",,English,,"[""Uppsala Univ, Dept Earth Sci, Nat Resources & Sustainable Dev, Uppsala, Sweden"", ""Swedish Univ Agr Sci, Fac Forest Sci, Sch Forest Management, POB 43, SE-73921 Skinnskatteberg, Sweden"", ""European Forest Inst, Bonn, Germany"", ""Forest Res Inst, Dept Forest Protect, Sekocin Stary, Poland"", ""Adam Mickiewicz Univ, Fac Biol, Dept Plant Ecol & Protect Environm, Poznan, Poland"", ""Univ Copenhagen, Ctr Macroecol Evolut & Climate, Dept Food & Resource Econ, Copenhagen, Denmark"", ""Univ Warsaw, Fac Biol, Bia Owie Geobot Stn, Bialowieza, Poland"", ""Univ Live Sci Lublin, Fac Agrobioengn, Lublin, Poland"", ""Polish Acad Sci, W Szafer Inst Bot, Krakow, Poland"", ""Wageningen Univ & Res, Forest Ecol & Forest Management Grp, Wageningen, Netherlands"", ""Katholieke Univ Leuven, Div Forest Nat & Landscape Res, Dept Earth & Environm Sci, Leuven, Belgium"", ""Polish Acad Sci, Inst Philosophy & Sociol, Warsaw, Poland"", ""Univ Freiburg, Fac Environm & Nat Resources, Chair Forest & Environm Policy, Freiburg, Germany"", ""Forest Res Inst, Dept Geomat, Sekocin Stary, Poland"", ""Univ Agr, Fac Forestry, Dept Forest Biodivers, Krakow, Poland"", ""Ludwig Maximilians Univ Munchen, Dept Geog, Econ Geog & Tourism Res, Munich, Germany"", ""State Council Nat Conservat, Warsaw, Poland"", ""Cardinal Stefan Wyszynski Univ Warsaw, Fac Math & Nat Sci, Sch Exact Sci, Warsaw, Poland"", ""Swedish Univ Agr Sci, Dept Ecol, Grimso Wildlife Res Stn, S-73091 Riddarhyttan, Sweden""]",,"Times Cited in Web of Science Core Collection:  36     Total Times Cited:  37     Cited Reference Count:  151 | RAYYAN-INCLUSION: {""Alec""=>""Excluded""}",10.1016/j.biocon.2020.108614     WE  - Science Citation Index Expanded (SCI-EXPANDED)     WE  - Social Science Citation Index (SSCI),Bialowieia Forest;Biodiversity conservation;Forest management;Interdisciplinarity;Conservation conflict;Land use conflict;Sustainable land use;BEETLE IPS-TYPOGRAPHUS;SPRUCE BARK BEETLE;RECONCILING TIMBER EXTRACTION;NATIONAL-PARK;PROTECTED AREAS;NORWAY SPRUCE;NATURA 2000;POLAND;LEVEL;IMPLEMENTATION,,
rayyan-164686366,Procrustean beds and empty boxes: On the magic of creating environmental data,2019,9,,BIOLOGICAL CONSERVATION,"[""0006-3207"", ""1873-2917     J9  - BIOL CONSERV     JI  - Biol. Conserv.""]",237,,248-252,"Jaric, I and Quétier, F and Meinard, Y",,English,,"[""Czech Acad Sci, Biol Ctr, Inst Hydrobiol, Sadkach 702-7, CZ-37005 Ceske Budejovice, Czech Republic"", ""Univ South Bohemia, Fac Sci, Dept Ecosyst Biol, Branisovska 1645-31a, CZ-37005 Ceske Budejovice, Czech Republic"", ""Biotope, 22 Blvd Foch, F-34140 Meze, France"", ""Univ Paris 09, Paris Sci & Lettres Res Univ, CNRS, UMR 17243,LAMSADE, Pl Lattre Tassigny, F-75016 Paris, France""]",,"Times Cited in Web of Science Core Collection:  7     Total Times Cited:  7     Cited Reference Count:  38 | RAYYAN-INCLUSION: {""Philip""=>""Excluded""}",10.1016/j.biocon.2019.07.006     WE  - Science Citation Index Expanded (SCI-EXPANDED)     WE  - Social Science Citation Index (SSCI),Biodiversity databases;Knowledge-gaps;Conservation policies;Data sharing policies;BIAS,,
rayyan-164686396,Linking reductionist science and holistic policy using systematic reviews: unpacking environmental policy questions to construct an evidence-based framework,2009,10,,JOURNAL OF APPLIED ECOLOGY,"[""0021-8901"", ""1365-2664     J9  - J APPL ECOL     JI  - J. Appl. Ecol.""]",46,5,970-975,"Pullin, AS and Knight, TM and Watkinson, AR",,English,,"[""Bangor Univ, Ctr Evidence Based Conservat, Sch Environm & Nat Resources, Bangor LL57 2UW, Gwynedd, Wales"", ""Univ E Anglia, Sch Environm Sci, Norwich NR4 7TJ, Norfolk, England""]",,"Times Cited in Web of Science Core Collection:  80     Total Times Cited:  88     Cited Reference Count:  22 | RAYYAN-INCLUSION: {""Matthew""=>""Excluded"", ""Elina""=>""Excluded""}",10.1111/j.1365-2664.2009.01704.x     WE  - Science Citation Index Expanded (SCI-EXPANDED),environmental management;environmental policy;knowledge exchange;science into policy;systematic review;MANAGEMENT-INTERVENTIONS;CONSERVATION;GUIDELINES,,
rayyan-164686753,How can the European Common Agricultural Policy help halt biodiversity loss? Recommendations by over 300 experts,2022,11,,CONSERVATION LETTERS,1755-263X     J9  - CONSERV LETT     JI  - Conserv. Lett.,15,6,,"Pe'er, G and Finn, JA and Díaz, M and Birkenstock, M and Lakner, S and Röder, N and Kazakova, Y and Sumrada, T and Bezák, P and Concepción, ED and Dänhardt, J and Morales, MB and Rac, I and Spulerová, J and Schindler, S and Stavrinides, M and Targetti, S and Viaggi, D and Vogiatzakis, IN and Guyomard, H",,English,,"[""German Ctr Integrat Biodivers Res iDiv, Puschstr 4, D-04103 Leipzig, Germany"", ""UFZ Helmholtz Ctr Environm Res, Dept Ecosyst Serv, Leipzig, Germany"", ""TEAGASC, Environm Soils & Land Use Dept, Wexford, Ireland"", ""CSIC, Museo Nacl Ciencias Nat, Dept Biogeog & Global Change BGC MNCN, Madrid, Spain"", ""Johann von Heinrich Thiiunen Inst, Inst Rural Studies, Fed Res Inst Rural Areas Forestry & Fisheries, Braunschweig, Germany"", ""Univ Rostock, Chair Agr Econ, Fac Agr & Environm Sci, Rostock, Germany"", ""Univ Natl & World Econ, Dept Econ Nat Resources, Sofia, Bulgaria"", ""Univ Ljubljana, Biotech Fac, Ljubljana, Slovenia"", ""Slovak Acad Sci ILE SAS, Inst Landscape Ecol, Nitra, Slovakia"", ""Univ Complutense Madrid, Fac Biol Sci, Dept Biodivers Ecol & Evolut, Madrid, Spain"", ""Lund Univ, Ctr Environm & Climate Sci, Lund, Sweden"", ""Univ Autonoma Madrid, Dept Ecol, Madrid, Spain"", ""Univ Autonoma Madrid, Res Ctr Biodivers & Global Change, Madrid, Spain"", ""Slovak Acad Sci ILE SAS, Inst Landscape Ecol, Bratislava, Slovakia"", ""Environm Agcy Austria, Vienna, Austria"", ""Czech Univ Life Sci, Fac Environm Sci Community Ecol, Prague, Czech Republic"", ""Czech Univ Life Sci, Conservat Res Grp, Prague, Czech Republic"", ""Cyprus Univ Technol, Dept Agr Sci Biotechnol & Food Sci, Limassol, Cyprus"", ""Univ Bologna, Dept Agr & Food Sci, Viale Fanin, Bologna, Italy"", ""Open Univ Cyprus, Fac Pure & Appl Sci, Nicosia, Cyprus"", ""Univ Milano Bicocca, Dept Earth & Environm Sci, Milan, Italy"", ""INRAE, Ctr Bretagne Normandie, SDAR, Paris, France""]",,"Times Cited in Web of Science Core Collection:  81     Total Times Cited:  84     Cited Reference Count:  36 | RAYYAN-INCLUSION: {""Philip""=>""Excluded""}",10.1111/conl.12901,agri-environment-climate measures;Common Agricultural Policy;Eco-schemes;European Union;farmland biodiversity;green architecture;monitoring;science-policy;strategic plans;FARMLAND;CONSERVATION,,
rayyan-164686796,Effectiveness factors and impacts on policymaking of science-policy interfaces in the environmental sustainability context,2023,2,,ENVIRONMENTAL SCIENCE & POLICY,"[""1462-9011"", ""1873-6416     J9  - ENVIRON SCI POLICY     JI  - Environ. Sci. Policy""]",140,,56-67,"Wagner, N and Velander, S and Biber-Freudenberger, L and Dietz, T",,English,,"[""Rheinische Friedrich Wilhelrns Univ Bonn, Ctr Dev Res ZEF, Bonn, Germany"", ""Westfal Wilhelrns Univ Munster, Inst Polit Sci, Munster, Germany"", ""Grad Sch Polit, Scharnhorststr 100, D-48151 Munster, Germany""]",,"Times Cited in Web of Science Core Collection:  18     Total Times Cited:  18     Cited Reference Count:  105 | RAYYAN-INCLUSION: {""Philip""=>""Excluded""}",10.1016/j.envsci.2022.11.008,Knowledge platforms;Science -policy;Influence on policy;Evidence -based policy;Sustainable development;Environmental governance;BOUNDARY ORGANIZATIONS;CLIMATE-CHANGE;KNOWLEDGE NETWORKS;BIODIVERSITY;ASSESSMENTS;GOVERNANCE;CHALLENGES;MANAGEMENT;RELEVANCE;PLATFORM,,
rayyan-164686805,Monitoring in Tropical National Parks: The Power of Knowledge,2018,1,,CONSERVATION & SOCIETY,"[""0972-4923"", ""0975-3133     J9  - CONSERV SOC     JI  - Conserv. Soc.""]",16,1,76-90,"Vimal, R and Gatiso, T and Mathevet, R",,English,,"[""German Ctr Integrat Biodivers Res iDiv, Deutsch Pl 5e, D-04103 Leipzig, Germany"", ""Inst Dissonances, F-09800 Le Village, Bonac Irazein, France"", ""Max Planck Inst Evolutionary Anthropol, Deutsch Pl 6, D-04103 Leipzig, Germany"", ""Univ Montpellier 3, Univ Montpellier, Montpellier EPHE, Ctr Ecol Fonct & Evolut,UMR 5175,CNRS, 1919 Route Mende, F-34293 Montpellier 5, France""]",,"Times Cited in Web of Science Core Collection:  3     Total Times Cited:  3     Cited Reference Count:  67 | RAYYAN-INCLUSION: {""Elina""=>""Included"", ""Iris""=>""Included""}",10.4103/cs.cs_17_12     WE  - Social Science Citation Index (SSCI),monitoring;national parks;quantification;biodiversity conservation;knowledge;power;LONG-TERM;CONSERVATION;BIODIVERSITY;MANAGEMENT;SCIENCE;INSIGHTS;MATTER,,
rayyan-164686848,Effectively integrating experiments into conservation practice,2021,4,,ECOLOGICAL SOLUTIONS AND EVIDENCE,2688-8319     J9  - ECOL SOLUT EVID     JI  - Ecol. Solut. Evid.,2,2,,"Ockendon, N and Amano, T and Cadotte, M and Downey, H and Hancock, MH and Thornton, A and Tinsley-Marshall, P and Sutherland, WJ",,English,,"[""Cambridge Conservat Initiat, Endangered Landscape Programme, Cambridge CB2 3QZ, England"", ""Univ Queensland, Sch Biol Sci, Brisbane, Qld, Australia"", ""Univ Queensland, Ctr Biodivers & Conservat Sci, Brisbane, Qld, Australia"", ""Univ Toronto Scarborough, Dept Biol Sci, Toronto, ON, Canada"", ""Univ Cambridge, Dept Zool, Conservat Sci Grp, Cambridge, England"", ""Cairngorms Connect, Achantoul, Aviemore, Scotland"", ""RSPB, RSPB Ctr Conservat Sci, Inverness, Scotland"", ""Kent Wildlife Trus, Maidstone, Kent, England"", ""Univ Cambridge, St Catharines Coll, Biosecur Res Initiat St Catharines BioRISC, Cambridge, England""]",,"Times Cited in Web of Science Core Collection:  19     Total Times Cited:  19     Cited Reference Count:  40 | RAYYAN-INCLUSION: {""Tabitha""=>""Excluded""}",10.1002/2688-8319.12069     WE  - Emerging Sources Citation Index (ESCI),controls;experiment;evidence;experimental design;management trial;manipulation;nature conservation;replication;PSEUDOREPLICATION;MANAGEMENT;TOOL;BIODIVERSITY;PLANTS,,
rayyan-164686958,Early warning systems for biodiversity in southern Africa - How much can citizen science mitigate imperfect data?,2017,4,,BIOLOGICAL CONSERVATION,"[""0006-3207"", ""1873-2917     J9  - BIOL CONSERV     JI  - Biol. Conserv.""]",208,,183-188,"Barnard, P and Altwegg, R and Ebrahim, I and Underhill, LG",,English,,"[""SANBI, Kirstenbosch Res Ctr, Climate Change & BioAdaptat, Cape Town, South Africa"", ""Univ Cape Town, Dept Biol Sci, Percy Fitzpatrick Inst African Ornithol, DST NRF Ctr Excellence, Rondebosch, South Africa"", ""Univ Cape Town, ACDI, Rondebosch, South Africa"", ""Univ Cape Town, Dept Stat Sci, Ctr Stat Ecol Environm & Conservat SEEC, Rondebosch, South Africa"", ""South African Natl Biodivers Inst, Kirstenbosch Res Ctr, CREW, Cape Town, South Africa"", ""Univ Cape Town, Dept Biol Sci, Anim Demog Unit, Rondebosch, South Africa""]",,"Times Cited in Web of Science Core Collection:  30     Total Times Cited:  32     Cited Reference Count:  45 | RAYYAN-INCLUSION: {""Philip""=>""Excluded""}",10.1016/j.biocon.2016.09.011     WE  - Science Citation Index Expanded (SCI-EXPANDED),Conservation decisions;Policy;Planning;Bird atlas;Data scarcity;Scientific protocols;MIGRATION PHENOLOGY;CONSERVATION;DISTRIBUTIONS;MODELS;CLIMATE;FYNBOS,,
rayyan-164687047,"Conservation, evidence and policy",2013,7,,ORYX,"[""0030-6053"", ""1365-3008     J9  - ORYX     JI  - Oryx""]",47,3,329-335,"Adams, WM and Sandbrook, C",,English,,"[""Univ Cambridge, Dept Geog, Cambridge CB2 3EN, England"", ""UNEP World Conservat Monitoring Ctr, Cambridge CB3 0DL, England""]",,"Times Cited in Web of Science Core Collection:  167     Total Times Cited:  176     Cited Reference Count:  64 | RAYYAN-INCLUSION: {""Matthew""=>""Excluded""}",10.1017/S0030605312001470     WE  - Science Citation Index Expanded (SCI-EXPANDED)     WE  - Social Science Citation Index (SSCI),Conservation;evidence-based conservation;knowledge;policy;science-policy interface;KNOWLEDGE;SCIENCE;BIODIVERSITY;MEDICINE;MANAGERS;SUPPORT;PEOPLE;NEED,,
rayyan-164687179,Making habitat connectivity a reality,2018,12,,CONSERVATION BIOLOGY,"[""0888-8892"", ""1523-1739     J9  - CONSERV BIOL     JI  - Conserv. Biol.""]",32,6,1221-1232,"Keeley, ATH and Basson, G and Cameron, DR and Heller, NE and Huber, PR and Schloss, CA and Thorne, JH and Merenlender, AM",,English,,"[""Univ Calif Berkeley, Dept Environm Sci Policy & Management, 130 Mulford Hall 3114, Berkeley, CA 94720 USA"", ""Santa Clara Valley Open Space Author, 33 Las Colinas Lane, San Jose, CA 95119 USA"", ""Nature Conservancy, 201 Mission St,4th Floor, San Francisco, CA 94105 USA"", ""Peninsula Open Space Trust, 222 High St, Palo Alto, CA 94022 USA"", ""Univ Calif Davis, Agr Sustainabil Inst, One Shields Ave, Davis, CA 95616 USA"", ""Univ Calif Davis, Dept Environm Sci & Policy, One Shields Ave, Davis, CA 95616 USA"", ""Carnegie Museum Nat Hist, 4400 Forbes Ave, Pittsburgh, PA 15213 USA""]",,"Times Cited in Web of Science Core Collection:  46     Total Times Cited:  52     Cited Reference Count:  35 | RAYYAN-INCLUSION: {""Aidan""=>""Excluded""}",10.1111/cobi.13158     WE  - Science Citation Index Expanded (SCI-EXPANDED),case studies;framework;lessons learned;planning-implementation gap;wildlife corridors;ECOLOGICAL NETWORKS;CONSERVATION;SCIENCE;IMPLEMENTATION;LESSONS;AREAS,,
rayyan-164687209,Information Into Action Biodiversity Data Outreach and Municipal Land Conservation,2008,,,JOURNAL OF THE AMERICAN PLANNING ASSOCIATION,"[""0194-4363"", ""1939-0130     J9  - J AM PLANN ASSOC     JI  - J. Am. Plan. Assoc.""]",74,4,467-480,"Kartez, JD and Casto, MP",,English,,"Univ So Maine, Muskie Sch Publ Serv, Portland, ME 04103 USA",,"Times Cited in Web of Science Core Collection:  15     Total Times Cited:  21     Cited Reference Count:  41 | RAYYAN-INCLUSION: {""Sarah""=>""Included""}",10.1080/01944360802378096     WE  - Social Science Citation Index (SSCI),environmental planning;communicative planning;stakeholder engagement;habitat;biodiversity;STAKEHOLDER PARTICIPATION;POLICY,,
rayyan-164687221,Approaches for integrating evidence of the effectiveness of actions in conservation funding to inspire more effective practice,2025,1,,ECOLOGICAL SOLUTIONS AND EVIDENCE,2688-8319     J9  - ECOL SOLUT EVID     JI  - Ecol. Solut. Evid.,6,1,,"Al-Fulaij, N and Abbott, P and Bowmer, A and Cope, D and de Zoeten, T and Foulks, G and Frick, WF and Funk, SM and Gibbs, D and Gupta, L and Heard, N and Holmes, B and Kowalska, A and Mickleburgh, S and Muir, M and Nuijten, RJM and Parks, D and Reid, H and Van Ryzin, P and Wheeler, L and Zhang, YY and Ockendon, N",,English,,"[""Peoples Trust Endangered Species, London, England"", ""Nat Cambridgeshire, Peterborough, England"", ""On Edge, London, England"", ""John Lewis Partnership Plc, John Spedan Lewis Fdn, London, England"", ""Mossy Earth, Earnley, W Sussex, England"", ""US Fish & Wildlife Serv, Migratory Bird Program, Falls Church, VA USA"", ""Bat Conservat Int, 500 North Capital Texas Hwy, Austin, TX USA"", ""Univ Calif Santa Cruz, Ecol & Evolutionary Biol, Santa Cruz, CA 95064 USA"", ""Lemu, Santiago, Chile"", ""IWT Challenge Fund, Biodivers Challenge Funds, Darwin Initiat, London, England"", ""Darwin Plus Defra, London, England"", ""Helvellyn Fdn, Crewe, Cheshire, England"", ""Mohamed bin Zayed Species Conservat Fund, Abu Dhabi, U Arab Emirates"", ""Rufford Fdn, London, England"", ""US Fish & Wildlife Serv, Int Affairs, Falls Church, VA USA"", ""Future Nat Fdn, Arnhem, Netherlands"", ""Whitley Fund Nat, London, England"", ""US Fish & Wildlife Serv, Div Wildlife & Sport Fish Restorat, Falls Church, VA USA"", ""Zhilan Fdn, Shenzhen, Guangdong, Peoples R China"", ""Endangered Landscapes & Seascapes Programme, Cambridge, England""]",,"Times Cited in Web of Science Core Collection:  0     Total Times Cited:  0     Cited Reference Count:  12 | RAYYAN-INCLUSION: {""Philip""=>""Excluded""}",10.1002/2688-8319.12404     WE  - Emerging Sources Citation Index (ESCI),effectiveness;evidence;evidence-based;evidence-informed;grants;philanthropy,,
rayyan-164687318,A Resilience History of the Columbia River Basin and Salmonid Species: Regimes and Policies,2023,5,2,ENVIRONMENTS,2076-3298     J9  - ENVIRONMENTS     JI  - Environments,10,5,,"Hill, GM and Kolmes, SA",,English,,"Univ Portland, Dept Environm Studies, Portland, OR 97203 USA",,"Times Cited in Web of Science Core Collection:  2     Total Times Cited:  2     Cited Reference Count:  113 | RAYYAN-INCLUSION: {""Philip""=>""Excluded""}",10.3390/environments10050076     WE  - Emerging Sources Citation Index (ESCI),salmon;endangered species;recovery planning;PACIFIC SALMON;EXTINCTION RISK;ECOSYSTEM;CONNECTIVITY;MOVEMENT;SYSTEMS;PERSISTENCE;COMPLEXITY;INSIGHTS;HABITAT,,
rayyan-164687382,Connecting the shifting currents of aquatic science and policy,2016,9,,AQUATIC CONSERVATION-MARINE AND FRESHWATER ECOSYSTEMS,"[""1052-7613"", ""1099-0755     J9  - AQUAT CONSERV     JI  - Aquat. Conserv.-Mar. Freshw. Ecosyst.""]",26,5,995-1004,"Ormerod, SJ and Ray, GC",,English,,"[""Cardiff Univ, Cardiff Sch Biosci, Catchment Res Grp, Cardiff CF10 3AX, S Glam, Wales"", ""Cardiff Univ, Cardiff Sch Biosci, Water Res Inst, Cardiff CF10 3AX, S Glam, Wales"", ""Univ Virginia, Dept Environm Sci, Clark Hall, Charlottesville, VA 22903 USA""]",,"Times Cited in Web of Science Core Collection:  4     Total Times Cited:  5     Cited Reference Count:  36 | RAYYAN-INCLUSION: {""Tabitha""=>""Excluded""}",10.1002/aqc.2708     WE  - Science Citation Index Expanded (SCI-EXPANDED),PROTECTED AREAS;WATER-QUALITY;FRESH-WATER;CONSERVATION;LESSONS;STREAMS,,
rayyan-164687653,Freshwater science-policy interactions in Aotearoa-New Zealand: lessons from the past and recommendations for the future,2022,1,2,AUSTRALASIAN JOURNAL OF WATER RESOURCES,"[""1324-1583"", ""2204-227X     J9  - AUSTRALAS J WAT RESO     JI  - Australas. J. Water Resour.""]",26,1,131-152,"Larned, ST and Howard-Williams, C and Taylor, K and Scarsbrook, M",,English,,"[""Natl Inst Water & Atmospher Res Ltd, Christchurch, New Zealand"", ""Waikato Mail Ctr, Waikato Reg Council, Hamilton, New Zealand""]",,"Times Cited in Web of Science Core Collection:  7     Total Times Cited:  7     Cited Reference Count:  167 | RAYYAN-INCLUSION: {""Sarah""=>""Excluded""}",10.1080/13241583.2022.2065723,Aotearoa-New Zealand;freshwater policy;limit-setting;National Policy Statement for Freshwater Management;science-policy interface;AGRICULTURAL LAND-USE;MURRAY-DARLING BASIN;NITRATE POLLUTION;CLAY DISCHARGES;TRADE-OFFS;QUALITY;MANAGEMENT;CHALLENGES;CATCHMENT;RIVERS,,
rayyan-164687813,From science to society to practice? Public reactions to the insect crisis in Germany,2023,4,,PEOPLE AND NATURE,2575-8314     J9  - PEOPLE NAT     JI  - People Nat.,5,2,660-667,"Felgentreff, ES and Buchholz, S and Straka, TM",,English,,"[""Tech Univ Berlin, Dept Ecol, Berlin, Germany"", ""Univ Munster, Inst Landscape Ecol, Munster, Germany""]",,"Times Cited in Web of Science Core Collection:  3     Total Times Cited:  4     Cited Reference Count:  54 | RAYYAN-INCLUSION: {""Carlos""=>""Excluded""}",10.1002/pan3.10434,behavioural intentions;biodiversity crisis;conservation culturomics;Google Trends;insect die-off;public perception;CONSERVATION;TRENDS,,
rayyan-164687836,"Bridging the gap between science, policy and stakeholders: Towards sustainable wolf-livestock coexistence in human-dominated landscapes",2025,1,22,PEOPLE AND NATURE,2575-8314     J9  - PEOPLE NAT     JI  - People Nat.,,,,"Ostermann-Miyashita, EF and Kirkland, H and Eklund, A and Hare, D and Jansman, HAH and Kiffner, C and Linnell, JDC and Rigg, R and Stone, SA and Uthes, S and von Arx, M and König, HJ",,English,,"[""Leibniz Ctr Agr Landscape Res ZALF, Muncheberg, Germany"", ""Humboldt Univ, Thaer Inst Agr & Hort Sci, Fac Life Sci, Berlin, Germany"", ""Univ Oxford, Dept Biol, Wildlife Conservat Res Unit, Oxford, Oxon, England"", ""Cornell Univ, Dept Nat Resources & Environm, Fernow Hall, Ithaca, NY 14850 USA"", ""Swedish Univ Agr Sci, Dept Ecol, Grimso Wildlife Res Stn, Riddarhyttan, Sweden"", ""Wageningen Univ & Res, Wageningen Environm Res, Wageningen, Netherlands"", ""Max Planck Inst Evolutionary Anthropol, Dept Human Behav Ecol & Culture, Leipzig, Germany"", ""Norwegian Inst Nat Res, Lillehammer, Norway"", ""Inland Norway Univ Appl Sci, Dept Forestry & Wildlife Management, Koppang, Norway"", ""Slovak Wildlife Soc, Liptovsky Hradok, Slovakia"", ""Int Wildlife Coexistence Network, Garden City, ID USA"", ""KORA Carnivore Ecol & Wildlife Management, Ittigen, Switzerland"", ""Fed Off Agr & Food, Bonn, Germany""]",,"Times Cited in Web of Science Core Collection:  0     Total Times Cited:  0     Cited Reference Count:  57 | RAYYAN-INCLUSION: {""Philip""=>""Excluded""}",10.1002/pan3.10786,adaptive management;<italic>Canis lupus</italic>;co-implementation;grazing systems;human-wildlife coexistence;interdisciplinary research;science communication;stakeholder engagement;WOLVES;CONSERVATION;DEPREDATION;MANAGEMENT;PREDATORS;TOLERANCE,,
rayyan-164687854,GC Insights: Fostering transformative change for biodiversity restoration through transdisciplinary research,2024,2,1,GEOSCIENCE COMMUNICATION,"[""2569-7102"", ""2569-7110     J9  - GEOSCI COMMUN     JI  - Geosci. Commun.""]",7,1,57-61,"Ekberzade, B and Carrasco, AR and Izdebski, A and Sofo, A and Larsen, A and Akinyemi, FO and Bruckman, VJ and Baker, N and Clark, S and Hill, C",,English,,"[""Istanbul Tech Univ, Eurasia Inst Earth Sci, TR-34485 Istanbul, Turkiye"", ""Univ Algarve, Ctr Marine & Environm Res CIMA, ARNET Aquat Res Network, Faro, Portugal"", ""Max Planck Inst Geoanthropol, Jena, Germany"", ""Jagiellonian Univ, PL-31007 Krakow, Poland"", ""Univ Basilicata, Dept European & Mediterranean Cultures DiCEM, I-75100 Matera, Italy"", ""Wageningen Univ, Environm Sci Grp, NL-6708 PB Wageningen, Netherlands"", ""Univ Bern, Inst Geog, Land Syst & Sustainable Land Management, CH-3012 Bern, Switzerland"", ""Austrian Acad Sci, Commiss Interdisciplinary Ecol Studies, A-1010 Vienna, Austria"", ""Royal Belgian Inst Space Aeron, Brussels, Belgium"", ""European Geosci Union, D-81677 Munich, Germany""]",,"Times Cited in Web of Science Core Collection:  1     Total Times Cited:  1     Cited Reference Count:  23 | RAYYAN-INCLUSION: {""Philip""=>""Excluded""}",10.5194/gc-7-57-2024     WE  - Emerging Sources Citation Index (ESCI),,,
rayyan-164687882,Mass-culling of a threatened island flying fox species failed to increase fruit growers' profits and revealed gaps to be addressed for effective conservation,2019,2,,JOURNAL FOR NATURE CONSERVATION,"[""1617-1381"", ""1618-1093     J9  - J NAT CONSERV     JI  - J. Nat. Conserv.""]",47,,58-64,"Florens, FBV and Baider, C",,English,,"[""Univ Mauritius, Dept Biosci & Ocean Studies, Trop Isl Biodivers Ecol & Conservat Pole Res, Le Reduit, Mauritius"", ""Friends Environm, Port Louis, Mauritius""]",,"Times Cited in Web of Science Core Collection:  21     Total Times Cited:  23     Cited Reference Count:  79 | RAYYAN-INCLUSION: {""Carlos""=>""Excluded""}",10.1016/j.jnc.2018.11.008     WE  - Science Citation Index Expanded (SCI-EXPANDED),Cull;fruit bat;human-wildlife conflict;Mascarenes;Mauritius;Pteropus niger;CONFLICT;MANAGEMENT;PROTECTION;MAURITIUS;FORESTS;PROJECT,,
rayyan-164687911,Surveillance indicators and their use in implementation of the Marine Strategy Framework Directive,2015,9,,ICES JOURNAL OF MARINE SCIENCE,"[""1054-3139"", ""1095-9289     J9  - ICES J MAR SCI     JI  - ICES J. Mar. Sci.""]",72,8,2269-2277,"Shephard, S and Greenstreet, SPR and Piet, GJ and Rindorf, A and Dickey-Collas, M",,English,,"[""Queens Univ Belfast, Sch Biol Sci, Belfast BT9 7BL, Antrim, North Ireland"", ""Marine Lab, Marine Scotland, Aberdeen AB11 9DB, Scotland"", ""IMARES, Ijmuiden, Netherlands"", ""Tech Univ Denmark, Natl Inst Aquat Resources, DK-2920 Charlottenlund, Denmark"", ""ICES, DK-1553 Copenhagen V, Denmark""]",,"Times Cited in Web of Science Core Collection:  52     Total Times Cited:  52     Cited Reference Count:  79 | RAYYAN-INCLUSION: {""Philip""=>""Excluded""}",10.1093/icesjms/fsv131     WE  - Science Citation Index Expanded (SCI-EXPANDED),assessment and reporting;Good Environmental Status;indicator-based management frameworks;management response;operational indicators;policy reaction;COD GADUS-MORHUA;LARGE FISH INDICATOR;NORTH-SEA;ECOSYSTEM APPROACH;FISHERIES MANAGEMENT;ATLANTIC;RECRUITMENT;IMPACTS;SUPPORT;FOOD,,
rayyan-164687941,Nothing succeeds like success narratives: a case of conservation and development in the time of REDD,2017,,,JOURNAL OF EASTERN AFRICAN STUDIES,"[""1753-1055"", ""1753-1063     J9  - J EAST AFR STUD     JI  - J. East. Afr. Stud.""]",11,3,482-505,"Svarstad, H and Benjaminsen, TA",,English,,"[""Oslo & Akershus Univ Coll HiOA, Dept Int Studies & Interpretat, Dev Studies, Oslo, Norway"", ""Norwegian Inst Nat Res NINA, Oslo, Norway"", ""Norwegian Univ Life Sci NMBU, Fac Landscape & Soc, Dept Int Environm & Dev Studies Noragr, As, Norway""]",,"Times Cited in Web of Science Core Collection:  61     Total Times Cited:  62     Cited Reference Count:  67 | RAYYAN-INCLUSION: {""Philip""=>""Excluded""}",10.1080/17531055.2017.1356622     WE  - Social Science Citation Index (SSCI),Conservation;agriculture;forest;development aid;political ecology;climate change mitigation;REDD;Norway;Tanzania;TANZANIA;PLUS;DEFORESTATION;MANAGEMENT;RESISTANCE;FUTURE,,
rayyan-164688073,"Weaving Indigenous knowledge systems and Western sciences in terrestrial research, monitoring and management in Canada: A protocol for a systematic map",2021,4,,ECOLOGICAL SOLUTIONS AND EVIDENCE,2688-8319     J9  - ECOL SOLUT EVID     JI  - Ecol. Solut. Evid.,2,2,,"Henri, DA and Provencher, JF and Bowles, E and Taylor, JJ and Steel, J and Chelick, C and Popp, JN and Cooke, SJ and Rytwinski, T and McGregor, D and Ford, AT and Alexander, SM",,English,,"[""Environm & Climate Change Canada, Sci & Technol Branch, Wildlife Res Div, 105 McGill St,7th Floor, Montreal, PQ H2Y 2E7, Canada"", ""Environm & Climate Change Canada, Sci & Technol Branch, Ecotoxicol & Wildlife Hlth Div, Ottawa, ON, Canada"", ""Univ British Columbia Okanagan, Dept Biol, Kelowna, BC, Canada"", ""Carleton Univ, Canadian Ctr Evidence Based Conservat, Inst Environm & Interdisciplinary Sci, Ottawa, ON, Canada"", ""Biodigenous Consulting Ltd, Kelowna, BC, Canada"", ""Univ Guelph, Sch Environm Sci, Guelph, ON, Canada"", ""York Univ, Osgoode Hall Law Sch, Toronto, ON, Canada"", ""York Univ, Fac Environm & Urban Change, Toronto, ON, Canada"", ""Fisheries & Oceans Canada, Environm & Biodivers Sci, Ottawa, ON, Canada"", ""Univ Waterloo, Environm Change & Governance Grp, Waterloo, ON, Canada""]",,"Times Cited in Web of Science Core Collection:  28     Total Times Cited:  30     Cited Reference Count:  69 | RAYYAN-INCLUSION: {""Philip""=>""Excluded""}",10.1002/2688-8319.12057     WE  - Emerging Sources Citation Index (ESCI),Canada;ecological research;environmental management;Indigenous knowledge systems;literature review;terrestrial ecosystems;traditional and local ecological knowledge;Western science;TRADITIONAL ECOLOGICAL KNOWLEDGE;BIODIVERSITY;INTEGRATION,,
rayyan-164688113,Choosing What to Believe About Forests: Differences Between Professional and Non-Professional Evaluative Criteria,2010,6,,SMALL-SCALE FORESTRY,"[""1873-7617"", ""1873-7854     J9  - SMALL-SCALE FOR     JI  - Small-Scale For.""]",9,2,137-152,"Gootee, RS and Blatner, KA and Baumgartner, DM and Carroll, MS and Weber, EP",,English,,"[""Rush Creek Ranch, Long Creek, OR 97856 USA"", ""Washington State Univ, Dept Nat Resource Sci, Pullman, WA 99164 USA"", ""Univ Nevada, Sch Environm & Publ Affairs, Las Vegas, NV 89154 USA""]",,"Times Cited in Web of Science Core Collection:  46     Total Times Cited:  60     Cited Reference Count:  27 | RAYYAN-INCLUSION: {""Philip""=>""Included""}",10.1007/s11842-010-9113-3     WE  - Science Citation Index Expanded (SCI-EXPANDED),Forest owners;Information exchange;Environmental education;Adult education,,
rayyan-164688286,Protecting threatened species from coastal infrastructure upgrades: The importance of evidence-based conservation,2018,11,1,OCEAN & COASTAL MANAGEMENT,"[""0964-5691"", ""1873-524X     J9  - OCEAN COAST MANAGE     JI  - Ocean Coastal Manage.""]",165,,161-166,"Mamo, LT and Kelaher, BP and Coleman, MA and Dwyer, PG",,English,,"[""Southern Cross Univ, Natl Marine Sci Ctr, Sch Environm Sci & Engn, Coffs Harbour, NSW, Australia"", ""New South Wales Fisheries, Dept Primary Ind, Coffs Harbour, NSW, Australia"", ""New South Wales Fisheries, Dept Primary Ind, Wollongbar, NSW, Australia""]",,"Times Cited in Web of Science Core Collection:  10     Total Times Cited:  10     Cited Reference Count:  43 | RAYYAN-INCLUSION: {""Philip""=>""Excluded"", ""Aidan""=>""Included""}",10.1016/j.ocecoaman.2018.08.028     WE  - Science Citation Index Expanded (SCI-EXPANDED),Coastal protection;Conservation;Ecological engineering;Macroalgae;Evidence-based management;Nereia;Threatened species;SEA-LEVEL RISE;DEFENSE STRUCTURES;CLIMATE-CHANGE;IMPACTS;PERSPECTIVE;ADAPTATION;KNOWLEDGE;ROCK,,
rayyan-164688375,Measuring What Matters: Actionable Information for Conservation Biocontrol in Multifunctional Landscapes,2019,8,6,FRONTIERS IN SUSTAINABLE FOOD SYSTEMS,2571-581X     J9  - FRONT SUSTAIN FOOD S     JI  - Front. Sustain. Food Syst.,3,,,"Chaplin-Kramer, R and O'Rourke, M and Schellhorn, N and Zhang, W and Robinson, BE and Gratton, C and Rosenheim, JA and Tscharntke, T and Karp, DS",,English,,"[""Stanford Univ, Nat Capital Project, Stanford, CA 94305 USA"", ""Virginia Tech, Sch Plant & Environm Sci, Blacksburg, VA USA"", ""Commonwealth Sci & Ind Res Org CSIRO, Brisbane, Qld, Australia"", ""Int Food Policy Res Inst IFPRI, Environm & Prod Technol Div, Washington, DC USA"", ""McGill Univ, Dept Geog, Montreal, PQ, Canada"", ""Univ Wisconsin Madison, Dept Entomol, Madison, WI USA"", ""Univ Calif Davis, Dept Entomol & Nematol, Davis, CA 95616 USA"", ""Univ Gottingen, Dept Crop Sci, Agroecol Grp, Gottingen, Germany"", ""Univ Calif Davis, Dept Wildlife Fish & Conservat Biol, Davis, CA 95616 USA""]",,"Times Cited in Web of Science Core Collection:  34     Total Times Cited:  36     Cited Reference Count:  77 | RAYYAN-INCLUSION: {""Philip""=>""Excluded""}",10.3389/fsufs.2019.00060     WE  - Science Citation Index Expanded (SCI-EXPANDED),pest control;natural enemies;ecosystem services;stakeholders;decision-support;PEST-CONTROL;BIOLOGICAL-CONTROL;BT COTTON;NATURAL ENEMIES;AGRICULTURAL INTENSIFICATION;INSECTICIDE RESISTANCE;ECOSYSTEM SERVICES;RICE PRODUCTION;PESTICIDE USE;SIMPLIFICATION,,
rayyan-164688401,A co-design framework for natural resource policy making: Insights from tree health and fisheries in the United Kingdom,2023,11,,LAND USE POLICY,"[""0264-8377"", ""1873-5754     J9  - LAND USE POLICY     JI  - Land Use Pol.""]",134,,,"Urquhart, J and Ambrose-Oji, B and Chiswell, H and Courtney, P and Lewis, N and Powell, J and Reed, M and Williams, C",,English,,"[""Univ Gloucestershire, Countryside & Community Res Inst, Francis Close Hall Campus,Swindon Rd, Cheltenham GL50 4AZ, Glos, England"", ""Forest Res, 620 Coldharbour Lane, Bristol BS16 1EJ, Avon, England"", ""New Econ Fdn, 10 Salamanca Pl, London SE1 7HB, England""]",,"Times Cited in Web of Science Core Collection:  4     Total Times Cited:  4     Cited Reference Count:  71 | RAYYAN-INCLUSION: {""Iris""=>""Excluded""}",10.1016/j.landusepol.2023.106901,Co-design;Policy;Inclusive governance;Participation;Fisheries management;Tree health;COPRODUCTION;PARTICIPATION;ENGAGEMENT;STAKEHOLDERS;COMANAGEMENT;GOVERNANCE;OUTCOMES;USER,,
rayyan-164688771,Understanding EU Fisheries Management Dynamics by Engaging Stakeholders through Online Group Model-Building,2022,12,,SUSTAINABILITY,2071-1050     J9  - SUSTAINABILITY-BASEL     JI  - Sustainability,14,23,,"Gercek, E and Gambino, M and Malvarosa, L",,English,,"[""Koc Univ, Grad Sch Business, TR-34450 Istanbul, Turkey"", ""NISEA, Fishery & Aquaculture Econ Res, I-84100 Salerno, Italy""]",,"Times Cited in Web of Science Core Collection:  0     Total Times Cited:  0     Cited Reference Count:  36 | RAYYAN-INCLUSION: {""Philip""=>""Excluded""}",10.3390/su142315862     WE  - Science Citation Index Expanded (SCI-EXPANDED)     WE  - Social Science Citation Index (SSCI),sustainability;stakeholders;group model building;causal loop diagrams;SYSTEM DYNAMICS;ISSUES,,
rayyan-164688865,Prioritizing terrestrial invasive alien plant species for management in urban ecosystems,2022,3,,JOURNAL OF APPLIED ECOLOGY,"[""0021-8901"", ""1365-2664     J9  - J APPL ECOL     JI  - J. Appl. Ecol.""]",59,3,872-883,"Potgieter, LJ and Shrestha, N and Cadotte, MW",,English,,"[""Univ Toronto Scarborough, Dept Biol Sci, Toronto, ON, Canada"", ""Toronto & Reg Conservat Author, Toronto, ON, Canada""]",,"Times Cited in Web of Science Core Collection:  8     Total Times Cited:  11     Cited Reference Count:  60 | RAYYAN-INCLUSION: {""Matthew""=>""Excluded""}",10.1111/1365-2664.14103,ecosystem services;impact;invasive alien plant species;management;prioritization;stakeholder knowledge;urban;ROSSICUM ASCLEPIADACEAE;CONVOLVULUS-ARVENSIS;FRAMEWORK;SERVICES;IMPACT;VALUES;UNCERTAINTY;DISSERVICES;PATHWAYS;BIOLOGY,,
rayyan-164688908,What does integrated ecosystem assessment mean to policy-makers and scientists working in the Atlantic? Implications for ocean science diplomacy,2023,6,9,FRONTIERS IN MARINE SCIENCE,2296-7745     J9  - FRONT MAR SCI     JI  - Front. Mar. Sci.,10,,,"Polejack, A and Ramírez-Monsalve, P and Wisz, MS",,English,,"[""World Maritime Univ, Sasakawa Global Ocean Inst, Malmo, Sweden"", ""Minist Sci Technol & Innovat, Brasilia, Brazil     PU  - FRONTIERS MEDIA SA     PI  - LAUSANNE     PA  - AVENUE DU TRIBUNAL FEDERAL 34, LAUSANNE, CH-1015, SWITZERLAND""]",,"Times Cited in Web of Science Core Collection:  0     Total Times Cited:  0     Cited Reference Count:  40 | RAYYAN-INCLUSION: {""Tabitha""=>""Included""}",10.3389/fmars.2023.1004740     WE  - Science Citation Index Expanded (SCI-EXPANDED),IEA;ecosystem-based management;All-Atlantic Ocean Research Alliance;science-policy interface;ocean science diplomacy;MANAGEMENT;GOVERNANCE,,
rayyan-164689184,"From research to implementation: Nature conservation in the Eastern Rhodopes mountains (Greece and Bulgaria), European Green Belt",2011,9,,JOURNAL FOR NATURE CONSERVATION,"[""1617-1381"", ""1618-1093     J9  - J NAT CONSERV     JI  - J. Nat. Conserv.""]",19,4,193-201,"Schindler, S and Curado, N and Nikolov, SC and Nikolov, C and Kret, E and Carcamo, B and Catsadorakis, G and Poirazidis, K and Wrbka, T and Kati, V",,English,,"[""Univ Vienna, Dept Conservat Biol Vegetat & Landscape Ecol, A-1030 Vienna, Austria"", ""Bulgarian Acad Sci, Inst Biodivers & Ecosyst Res, BG-1113 Sofia, Bulgaria"", ""Evros Project, WWF Greece, GR-68400 Dadia, Soufli, Greece"", ""Technol Educ Inst Ionian Islands, Dept Ecol & Environm, Zakynthos 29100, Greece"", ""Univ Ioannina, Dept Environm & Nat Resources Management, Agrinion 30100, Greece"", ""Univ Porto, Ctr Invest Biodiversidade & Recursos Genet, CIBIO, P-4485661 Vairao, Portugal""]",,"Times Cited in Web of Science Core Collection:  33     Total Times Cited:  35     Cited Reference Count:  59 | RAYYAN-INCLUSION: {""Philip""=>""Excluded"", ""Carlos""=>""Included""}",10.1016/j.jnc.2011.01.001     WE  - Science Citation Index Expanded (SCI-EXPANDED),Conservation in practice;Conservation management;Conservation recommendations;Dadia National Park;Evidence-based conservation;Nature conservation;Policy;Protected areas;EURASIAN BLACK VULTURE;DADIA-NATIONAL-PARK;ECOLOGICAL STRUCTURE;NATURE-RESERVE;EVIDENCE-BASE;DIVERSITY;AREAS;UNCERTAINTY;POPULATION;MANAGEMENT,,
rayyan-164689311,Do Review Papers on Bird-Vegetation Relationships Provide Actionable Information to Forest Managers in the Eastern United States?,2021,8,,FORESTS,1999-4907     J9  - FORESTS     JI  - Forests,12,8,,"Lott, CA and Akresh, ME and Costanzo, BE and D'Amato, AW and Duan, SW and Fiss, CJ and Fraser, JS and He, HS and King, DI and McNeil, DJ and Stoleson, SH and Yamasaki, M and Larkin, JL",,English,,"[""Conservat Sci & Data Visualizat, Boise, ID 83712 USA"", ""Indiana Univ Penn, Res Inst, Indiana, PA 15705 USA"", ""Antioch Univ New England, Dept Environm Studies, Keene, NH 03431 USA"", ""Nat Resources Conservat Serv, USDA, Eastern US Working Lands Wildlife Coordinator, Williamsburg, VA 23185 USA"", ""Univ Vermont, Rubenstein Sch Environm & Nat Resources, Burlington, VT 05405 USA"", ""Univ Missouri, Sch Nat Resources, Columbia, MO 65211 USA"", ""SUNY Syracuse, Coll Environm Sci & Forestry, Dept Environm & Forest Biol, Syracuse, NY 13210 USA"", ""US Forest Serv, Northern Res Stn, USDA, Columbia, MO 65211 USA"", ""Univ Massachusetts, Northern Res Stn, USDA, US Forest Serv, Amherst, MA 01003 USA"", ""Univ N Carolina, Dept Environm Sci, Wilmington, NC 28403 USA"", ""US Forest Serv, Northern Res Stn, USDA, Irvine, PA 16329 USA"", ""US Forest Serv, Northern Res Stn, USDA, Durham, NH 03824 USA"", ""Indiana Univ Penn, Dept Biol, Indiana, PA 15705 USA""]",,"Times Cited in Web of Science Core Collection:  8     Total Times Cited:  8     Cited Reference Count:  210 | RAYYAN-INCLUSION: {""Matthew""=>""Included""}",10.3390/f12080990     WE  - Science Citation Index Expanded (SCI-EXPANDED),forestry;silviculture;forest wildlife-habitat relationships;evidence-based practice;implementation gap;research relevance;synthesis;knowledge exchange;science-practice;HABITAT SUITABILITY;SPECIES DISTRIBUTION;DISTRIBUTION MODELS;COMMUNITY STRUCTURE;RETENTION FORESTRY;LANDIS PRO;LANDSCAPE;CONSERVATION;SELECTION;DISTURBANCE,,
rayyan-164689834,Grizzly bear monitoring by the Heiltsuk people as a crucible for First Nation conservation practice,2014,,,ECOLOGY AND SOCIETY,1708-3087     J9  - ECOL SOC     JI  - Ecol. Soc.,19,2,,"Housty, WG and Noson, A and Scoville, GW and Boulanger, J and Jeo, RM and Darimont, CT and Filardi, CE",,English,,"[""Univ Montana, Div Biol Sci, Missoula, MT 59812 USA"", ""Cent Washington Univ, Dept Biol Sci, Ellensburg, WA 98926 USA"", ""Univ Victoria, Dept Geog, Victoria, BC V8W 2Y2, Canada"", ""Raincoast Conservat Fdn, Sidney, BC, Canada"", ""Amer Museum Nat Hist, Ctr Biodivers & Conservat, New York, NY 10024 USA""]",,"Times Cited in Web of Science Core Collection:  65     Total Times Cited:  71     Cited Reference Count:  72 | RAYYAN-INCLUSION: {""Alec""=>""Excluded""}",10.5751/ES-06668-190270     WE  - Science Citation Index Expanded (SCI-EXPANDED)     WE  - Social Science Citation Index (SSCI),bear population monitoring;British Columbia;conservation;First Nations science;grizzly bear;noninvasive mark;recapture;salmon;social and ecological resilience;traditional stewardship;values;MARK-RECAPTURE;BRITISH-COLUMBIA;URSUS-ARCTOS;SALMON;CAPTURE;MANAGEMENT;ECOSYSTEM;SYSTEMS;BLACK;BROWN,,
rayyan-164689904,Avoiding parachute science when addressing conflict over wildlife,2022,5,,CONSERVATION SCIENCE AND PRACTICE,2578-4854     J9  - CONSERV SCI PRACT     JI  - Conserv. Sci. Pract.,4,5,,"Ruppert, KA and Lenguya, L and Letoluai, A and Limo, I and Owen, MA and Pilfold, NW and Wachira, P and Glikman, JA",,English,,"[""San Diego Zoo Wildlife Alliance, Conservat Sci & Wildlife Hlth, Escondido, CA 92027 USA"", ""Univ Nairobi, Nairobi, Kenya"", ""Africa Nazarene Univ, Nanyuki, Kenya"", ""Wildlife Res & Training Inst, Naivasha, Kenya"", ""Loisaba Conservancy, Laikipia, Kenya"", ""Inst Estudios Sociales Avanzados IESA CSIC, Cordoba, Spain""]",,"Times Cited in Web of Science Core Collection:  5     Total Times Cited:  5     Cited Reference Count:  23 | RAYYAN-INCLUSION: {""Iris""=>""Excluded""}",10.1111/csp2.548,conservation conflict;human-wildlife conflict;parachute science;research-implementation gap;CONSERVATION;KNOWLEDGE;TRUST,,
rayyan-164690053,Research-implementation gap limits the actionability of human-carnivore conflict studies in East Africa,2020,2,,ANIMAL CONSERVATION,"[""1367-9430"", ""1469-1795     J9  - ANIM CONSERV     JI  - Anim. Conserv.""]",23,1,Jul-17,"Gray, SM and Booher, CR and Elliott, KC and Kramer, DB and Waller, JC and Millspaugh, JJ and Kissui, BM and Montgomery, RA",,English,,"[""Michigan State Univ, Dept Fisheries & Wildlife, E Lansing, MI 48824 USA"", ""Michigan State Univ, Lyman Briggs Coll, E Lansing, MI 48824 USA"", ""Michigan State Univ, Dept Philosophy, E Lansing, MI 48824 USA"", ""Michigan State Univ, James Madison Coll, E Lansing, MI 48824 USA"", ""Michigan State Univ, Dept Hist, E Lansing, MI 48824 USA"", ""Univ Montana, Coll Forestry & Conservat, Wildlife Biol Program, Missoula, MT 59812 USA"", ""Sch Field Studies, Ctr Wildlife Management Studies, Karatu, Tanzania""]",,"Times Cited in Web of Science Core Collection:  15     Total Times Cited:  18     Cited Reference Count:  91 | RAYYAN-INCLUSION: {""Philip""=>""Excluded""}",10.1111/acv.12520     WE  - Science Citation Index Expanded (SCI-EXPANDED)     WE  - Social Science Citation Index (SSCI),conservation action;human-carnivore conflict;policy;East Africa;depredation;large carnivores;stakeholder engagement;literature review;CONSERVATION BIOLOGISTS;ECOLOGICAL KNOWLEDGE;LIVESTOCK PREDATION;NATIONAL-PARK;PANTHERA-LEO;MANAGEMENT;SCIENCE;PRACTITIONERS;PATTERNS;CATTLE,,
rayyan-164690320,Using Change Models to Envision Better Applications of Animal Behavior Research in Conservation Management and Beyond,2021,4,8,FRONTIERS IN CONSERVATION SCIENCE,2673-611X     J9  - FRONT CONSERV SCI     JI  - Front. Conserv. Sci.,2,,,"Greggor, AL and Berger-Tal, O and Swaisgood, RR and Cooke, SJ and DeVault, TL and Fernández-Juricic, E and Gienapp, A and Hall, S and Hostetter, C and Owen, MA and Rankin, S and Ruppert, KA and Swaddle, JP and Blumstein, DT",,English,,"[""San Diego Zoo Wildlife Alliance, Recovery Ecol, Escondido, CA 92027 USA"", ""Ben Gurion Univ Negev, Jacob Blaustein Inst Desert Res, Mitrani Dept Desert Ecol, Beer Sheva, Israel"", ""Carleton Univ, Inst Environm & Interdisciplinary Sci, Canadian Ctr Evidence Based Conservat, Ottawa, ON, Canada"", ""Univ Georgia, Savannah River Ecol Lab, Aiken, SC USA"", ""Purdue Univ, Dept Biol Sci, W Lafayette, IN USA"", ""ORS Impact, Seattle, WA USA"", ""San Diego Zoo Wildlife Alliance, Conservat Policy, San Diego, CA USA"", ""San Diego Zoo Wildlife Alliance, Conservat Sci & Wildlife Hlth, Escondido, CA USA"", ""NOAA, Natl Marine Fisheries Serv, Southwest Fisheries Sci Ctr, Marine Mammal & Turtle Div, La Jolla, CA USA"", ""San Diego Zoo Wildlife Alliance, Community Engagement, Escondido, CA USA"", ""William & Mary, Inst Integrat Conservat, Williamsburg, VA USA"", ""Univ Calif Los Angeles, Dept Ecol & Evolutionary Biol, Los Angeles, CA USA""]",,"Times Cited in Web of Science Core Collection:  4     Total Times Cited:  4     Cited Reference Count:  85 | RAYYAN-INCLUSION: {""Matthew""=>""Included""}",10.3389/fcosc.2021.653056     WE  - Emerging Sources Citation Index (ESCI),change model theory;conservation practice;evidence-based conservation;knowledge-application gap;relationship-building;research-implementation gap;SCIENTIFIC EVIDENCE;KNOWLEDGE EXCHANGE;SCIENCE;COPRODUCTION;PERSPECTIVES;IMPLEMENTATION;DIMENSIONS;WORK,,
rayyan-164690549,On the gap between science and conservation implementation-A national park perspective,2014,8,,BASIC AND APPLIED ECOLOGY,"[""1439-1791"", ""1618-0089     J9  - BASIC APPL ECOL     JI  - Basic Appl. Ecol.""]",15,5,373-378,"Müller, J and Opgenoorth, L",,English,,"[""Bavarian Forest Natl Pk, D-94481 Grafenau, Germany"", ""Tech Univ Munich, Ctr Food & Life Sci, Terr Ecol Res Grp, Dept Ecol & Ecosyst Management, D-85354 Freising Weihenstephan, Germany"", ""Univ Marburg, Fac Biol, Dept Ecol, D-35032 Marburg, Germany""]",,"Times Cited in Web of Science Core Collection:  12     Total Times Cited:  12     Cited Reference Count:  25 | RAYYAN-INCLUSION: {""Philip""=>""Excluded""}",10.1016/j.baae.2014.03.002     WE  - Science Citation Index Expanded (SCI-EXPANDED),Microsatellites;Piceaabies;Bavarian Forest National Park;Natura 2000;IDENTIFICATION;MANAGEMENT;CLIMATE,,
rayyan-164690551,Navigating the Space between Research and Implementation in Conservation,2017,9,,CONSERVATION LETTERS,1755-263X     J9  - CONSERV LETT     JI  - Conserv. Lett.,10,5,619-625,"Toomey, AH and Knight, AT and Barlow, J",,English,,"[""Pace Univ, Dept Environm Studies & Sci, New York, NY 10038 USA"", ""Amer Museum Nat Hist, Ctr Biodivers & Conservat, New York, NY 10024 USA"", ""Imperial Coll London, Dept Life Sci, Room W1-2,Kennedy Bldg,Silwood Pk Campus, Ascot SL5 7PY, Berks, England"", ""Univ Queensland, ARC Ctr Excellence Environm Decis, Brisbane, Qld, Australia"", ""Nelson Mandela Metropolitan Univ, Dept Bot, Port Elizabeth, South Africa"", ""Silwood Grp, London, England"", ""Univ Lancaster, Lancaster Environm Ctr, Lancaster, England"", ""Museu Paraense Emilio Goeldi, Belem, Para, Brazil""]",,"Times Cited in Web of Science Core Collection:  214     Total Times Cited:  230     Cited Reference Count:  30 | RAYYAN-INCLUSION: {""Matthew""=>""Excluded""}",10.1111/conl.12315     WE  - Science Citation Index Expanded (SCI-EXPANDED),Knowing-doing;evidence-based conservation;society-science divide;research-implementation gap;social learning;alternative knowledges;research-implementation spaces;SCIENTIFIC EVIDENCE;SCIENCE;GAP,,
rayyan-164690951,Current use of impact models for agri-environment schemes and potential for improvements of policy design and assessment,2010,6,,JOURNAL OF ENVIRONMENTAL MANAGEMENT,"[""0301-4797"", ""1095-8630     J9  - J ENVIRON MANAGE     JI  - J. Environ. Manage.""]",91,6,1245-1254,"Primdahl, J and Vesterager, JP and Finn, JA and Vlahos, G and Kristensen, L and Vejre, H",,English,,"[""Univ Copenhagen, Fac Life Sci, DK-1958 Frederiksberg, Denmark"", ""TEAGASC, Agrienvironm Res Dept, Environm Res Ctr, Johnstown Castle, Wexford, Ireland"", ""Agr Univ Athens, Dept Agr Econ & Rural Dev, GR-11855 Athens, Greece""]",,"Times Cited in Web of Science Core Collection:  58     Total Times Cited:  63     Cited Reference Count:  55 | RAYYAN-INCLUSION: {""Philip""=>""Excluded""}",10.1016/j.jenvman.2009.12.012     WE  - Science Citation Index Expanded (SCI-EXPANDED),Agri-environment schemes;Impact models;EU;Policy analysis;Policy design;Evaluation;AGRICULTURAL INTENSIFICATION;BIODIVERSITY;LANDSCAPES;BIRDS;LAND,,
rayyan-164690961,"A knowledge exchange framework to connect research, policy, and practice, developed through the example of the Chinese island of Hainan",2022,10,,ENVIRONMENTAL SCIENCE & POLICY,"[""1462-9011"", ""1873-6416     J9  - ENVIRON SCI POLICY     JI  - Environ. Sci. Policy""]",136,,530-541,"Zhang, JL and Fedder, B and Wang, DR and Jennerjahn, TC",,English,,"[""Leibniz Ctr Trop Marine Res ZMT, Fahrenheitstr 6, D-28359 Bremen, Germany"", ""Minist Climate Protect Environm Mobil Urban & Hous, Contrescarpe 72, D-28195 Bremen, Germany"", ""Hainan Acad Ocean & Fishery Sci, Baiju Rd 12, Haikou 571126, Peoples R China"", ""Univ Bremen, Fac Geosci, Klagenfurter Str, D-28359 Bremen, Germany""]",,"Times Cited in Web of Science Core Collection:  8     Total Times Cited:  8     Cited Reference Count:  82 | RAYYAN-INCLUSION: {""Isobel""=>""Included""}",10.1016/j.envsci.2022.07.016,Tropical coastal ecosystems;Research -policy -practice interface;Knowledge broker;Social impacts;Stakeholder engagement;Knowledge exchange;ENVIRONMENTAL-MANAGEMENT;SCIENCE COMMUNICATION;COASTAL MANAGEMENT;CONSERVATION;ORGANIZATIONS;INTERFACE;PRACTITIONERS;PARTICIPATION;STAKEHOLDERS;COMMUNITIES,,
rayyan-164691307,Tools for Improving the Effectiveness of Academic Partnerships in Informing Conservation Practices,2016,1,,NATURAL AREAS JOURNAL,"[""0885-8608"", ""2162-4399     J9  - NAT AREA J     JI  - Nat. Areas J.""]",36,1,93-100,"Lapointe, NWR and Tremblay, MA and Barna, H",,English,,"[""Nat Conservancy Canada, 35 OConnor St Suite 304, Ottawa, ON K1P 5M4, Canada"", ""Nat Conservancy Canada, 105 12th Ave,SE Suite 830, Calgary, AB T2G 1A1, Canada     PU  - NATURAL AREAS ASSOC     PI  - ROCKFORD     PA  - 320 SOUTH THIRD ST, ROCKFORD, IL 61104 USA""]",,"Times Cited in Web of Science Core Collection:  1     Total Times Cited:  1     Cited Reference Count:  8 | RAYYAN-INCLUSION: {""Philip""=>""Included"", ""Aidan""=>""Maybe""}",10.3375/043.036.0116     WE  - Science Citation Index Expanded (SCI-EXPANDED),effectiveness;evidence;funding;priorities;research;IMPLEMENTATION;KNOWLEDGE;GAP,,
rayyan-164691394,Delivering scientific evidence for global policy and management to ensure ocean sustainability,2025,1,,SUSTAINABILITY SCIENCE,"[""1862-4065"", ""1862-4057     J9  - SUSTAIN SCI     JI  - Sustain. Sci.""]",20,1,299-306,"Evans, K and Schmidt, JO and Addo, KA and Bebianno, MJ and Campbell, D and Fan, J and Gonzalez-Quiros, R and Mohammed, EY and Shojaei, MG and Smolyanitsky, V and Zhang, C",,English,,"[""CSIRO, Hobart 7000, Australia"", ""Univ Tasmania, Ctr Marine Socioecol, Hobart 7000, Australia"", ""Int Council Explorat Sea, DK-1553 Copenhagen V, Denmark"", ""CGIAR, WorldFish, Bayan Lepas, Penang, Malaysia"", ""Univ Ghana, Inst Environm & Sanitat Studies, Accra, Ghana"", ""Univ Algarve, Ctr Marine & Environm Res, Aquat Res Network ARNET, P-8000397 Faro, Portugal"", ""Univ West Indies, Dept Geog & Geol, Kingston 7, Jamaica"", ""Minist Ecol & Environm, Natl Marine Environm Monitoring Ctr, Dalian 116023, Peoples R China"", ""CSIC, Ctr Oceanog Gijon COG IEO, Gijon 33212, Spain"", ""Tarbiat Modares Univ, Dept Marine Biol, Noor 4641776489, Iran"", ""Arctic & Antarctic Res Inst AARI, St Petersburg 199397, Russia"", ""Pukyong Natl Univ, Dept Marine Prod Syst Management, Busan 48513, South Korea""]",,"Times Cited in Web of Science Core Collection:  1     Total Times Cited:  1     Cited Reference Count:  39 | RAYYAN-INCLUSION: {""Iris""=>""Excluded""}",10.1007/s11625-024-01579-2,Ocean sustainability;Global assessments;United Nations;Science-policy interface;ECOSYSTEM;BIODIVERSITY;PLATFORM,,
rayyan-164692912,"Perceptions from non-governmental actors on forest and landscape restoration, challenges and strategies for successful implementation across Asia, Africa and Latin America",2021,5,15,JOURNAL OF ENVIRONMENTAL MANAGEMENT,"[""0301-4797"", ""1095-8630     J9  - J ENVIRON MANAGE     JI  - J. Environ. Manage.""]",286,,,"Schweizer, D and van Kuijk, M and Ghazoul, J",,English,,"[""Swiss Fed Inst Technol, Dept Environm Syst Sci, Ecosyst Management, Univ Str 16, CH-8092 Zurich, Switzerland"", ""Univ Utrecht, Dept Biol, Domplein 29, NL-3512 JE Utrecht, Netherlands"", ""Univ Edinburgh, Sch GeoSci, Ctr Sustainable Forests & Landscapes, Edinburgh, Midlothian, Scotland""]",,"Times Cited in Web of Science Core Collection:  14     Total Times Cited:  14     Cited Reference Count:  46 | RAYYAN-INCLUSION: {""Philip""=>""Excluded"", ""Tabitha""=>""Included""}",10.1016/j.jenvman.2021.112251,FLR;Governance;Finance;Challenges;Strategies,,
rayyan-164693437,Factors enhancing the level of utilisation of research knowledge on ecosystems,2021,7,22,PLOS ONE,1932-6203     J9  - PLOS ONE     JI  - PLoS One,16,7,,"Eschen, R and Mbaabu, PR and Ramamonjisoa, BS and Robledo-Abad, C",,English,,"[""CABI, Delemont, Switzerland"", ""Kenya Forestry Res Inst KEFRI, Marigat, Kenya"", ""Univ Nairobi, Inst Climate Change & Adaptat ICCA, Nairobi, Kenya"", ""Chuka Univ, Fac Human & Social Sci, Chuka, Kenya"", ""Univ Antananarivo, Dept Eaux & Forets Ecole Super Sci, Antananarivo, Madagascar"", ""Swiss Fed Inst Technol, Inst Environm Decis, Transdisciplinar Lab USYS TdLab, Zurich, Switzerland""]",,"Times Cited in Web of Science Core Collection:  4     Total Times Cited:  4     Cited Reference Count:  34 | RAYYAN-INCLUSION: {""Tabitha""=>""Included""}",10.1371/journal.pone.0254752     WE  - Science Citation Index Expanded (SCI-EXPANDED)     WE  - Social Science Citation Index (SSCI),GREENHOUSE-GAS MITIGATION;TRANSDISCIPLINARY RESEARCH;SCIENCE;CHALLENGES;INSIGHTS;BARRIERS;LESSONS,,
rayyan-164693882,NETWORK ENVIRONMENTAL GOVERNANCE IN THE EU AS A FRAMEWORK FOR TRANS-BOUNDARY STURGEON PROTECTION AND CROSS-BORDER SUSTAINABLE MANAGEMENT,2013,,,JOURNAL OF ENVIRONMENTAL PROTECTION AND ECOLOGY,1311-5065     J9  - J ENVIRON PROT ECOL     JI  - J. Environ. Prot. Ecol.,14,2,685-692     WE  - Science Citation Index Expanded (SCI-EXPANDED),"Munteanu, AM and Ehlinger, TJ and Golumbeanu, M and Tofan, L",,English,,"[""Univ Ovidius Constanta, Dept Journalism, Fac Letters, Constanta 900472, Romania"", ""Univ Wisconsin, Dept Biol Sci, Milwaukee, WI 53201 USA"", ""Grigore Antipa Natl Inst Marine Res & Dev, Constanta 900581, Romania"", ""Ovidius Univ Constanta, Fac Nat & Agr Sci, Constanta 900470, Romania""]",,"Times Cited in Web of Science Core Collection:  9     Total Times Cited:  9     Cited Reference Count:  24 | RAYYAN-INCLUSION: {""Prishnee""=>""Excluded""}",,environmental policy;open method of co-ordination;sturgeons;DANUBE;RIVER;AQUACULTURE;STATE,,
rayyan-164698956,The challenges of long-term invasive mammal management: lessons from the UK,2020,4,,MAMMAL REVIEW,"[""0305-1838"", ""1365-2907     J9  - MAMMAL REV     JI  - Mammal Rev.""]",50,2,136-146,"Mill, AC and Crowley, SL and Lambin, X and McKinney, C and Maggs, G and Robertson, P and Robinson, NJ and Ward, AI and Marzano, M",,English,,"[""Newcastle Univ, Modelling Evidence & Policy Grp, Sch Nat & Environm Sci, Newcastle NE1 7RU, England"", ""Univ Exeter, Environm & Sustainabil Inst, Penryn Campus, Penryn TR10 9FE, Cornwall, England"", ""Univ Aberdeen, Sch Biol Sci, Tillydrone Ave,Zool Bldg, Aberdeen AB24 2TZ, Scotland"", ""Ulster Wildlife, McClelland House,10 Heron Rd, Belfast BT3 9LE, Antrim, North Ireland"", ""Saving Scotlands Red Squirrels, Harbourside House,110 Commercial St, Edinburgh EH6 6NF, Midlothian, Scotland"", ""Wildlife Trusts, Mather Rd, Newark NG24 1WT, Notts, England"", ""Univ Hull, Dept Biol & Marine Sci, Cottingham Rd, Kingston Upon Hull HU6 7RX, N Humberside, England"", ""Forest Res, Social & Econ Res Grp, Northern Res Stn, Roslin EH25 9SY, Midlothian, Scotland""]",,"Times Cited in Web of Science Core Collection:  18     Total Times Cited:  18     Cited Reference Count:  52 | RAYYAN-INCLUSION: {""Philip""=>""Excluded""}",10.1111/mam.12186,Impact;invasive species;landscape;mink;squirrel;stakeholder;United Kingdom;LARGE-SCALE;ERADICATION;MINK;PARTICIPATION;REMOVAL;VISON,,
rayyan-164699118,Knowledge brokering at the environmental science-policy interface - examining structure and activity,2024,3,,ENVIRONMENTAL SCIENCE & POLICY,"[""1462-9011"", ""1873-6416     J9  - ENVIRON SCI POLICY     JI  - Environ. Sci. Policy""]",153,,,"Juhola, S and Huotari, E and Kolehmainen, L and Silfverberg, O and Korhonen-Kurki, K",,English,,"[""Univ Helsinki, Ecosyst & Environm Res Programme, Helsinki, Finland"", ""Univ Jyvaskyla, Jyvaskyla, Finland"", ""Finnish Environm Inst, Helsinki, Finland"", ""Univ Helsinki, Fac Biol & Environm Sci, Bioctr 3,Viikinkaari 1, FI-00014 Helsinki, Finland""]",,"Times Cited in Web of Science Core Collection:  5     Total Times Cited:  5     Cited Reference Count:  53 | RAYYAN-INCLUSION: {""Philip""=>""Included""}",10.1016/j.envsci.2024.103672,Science -policy interface;Environmental governance;Knowledge brokering;Social network analysis;BOUNDARY ORGANIZATIONS;EXCHANGE;GOVERNANCE;CONSERVATION;CHALLENGES,,
rayyan-164700304,How do information flows affect impact from environmental research?-An analysis of a science-policy network,2022,11,1,JOURNAL OF ENVIRONMENTAL MANAGEMENT,"[""0301-4797"", ""1095-8630     J9  - J ENVIRON MANAGE     JI  - J. Environ. Manage.""]",321,,,"Ferré, M and Martin-Ortega, J and Di Gregorio, M and Dallimer, M",,English,,"[""Univ Leeds, Sch Earth & Environm, Sustainabil Res Inst, Leeds, W Yorkshire, England"", ""French Agr Res Ctr Int Dev Cirad, UMR Innovat, F-34398 Montpellier, France""]",,"Times Cited in Web of Science Core Collection:  4     Total Times Cited:  5     Cited Reference Count:  106 | RAYYAN-INCLUSION: {""Philip""=>""Included""}",10.1016/j.jenvman.2022.115828,Research impact;Science -policy network;Boundary organisations;Information flows;Catchment management;MARINE PROTECTED AREA;SOCIAL NETWORK;KNOWLEDGE EXCHANGE;AGRICULTURAL-RESEARCH;PRODUCTIVE INTERACTIONS;BOUNDARY ORGANIZATIONS;RESOURCE GOVERNANCE;SOCIETAL IMPACT;COLLABORATION;MANAGEMENT,,
rayyan-164702822,Research-implementation organisations and their role for sustainable development,2023,6,,SUSTAINABLE DEVELOPMENT,"[""0968-0802"", ""1099-1719     J9  - SUSTAIN DEV     JI  - Sustain. Dev.""]",31,3,1401-1416,"Saric, J and Breu, T and Fokou, G and Gass, SJ and Kiteme, B and Masanja, H and Utzinger, J and Zeleke, G and Käser, F",,English,,"[""Swiss Trop & Publ Hlth Inst, Allschwil, Switzerland"", ""Univ Basel, Basel, Switzerland"", ""Univ Bern, Ctr Dev & Environm, Bern, Switzerland"", ""Swiss Commiss Res Partnerships Developing Countri, Bern, Switzerland"", ""Ctr Suisse Rech Sci Cote Ivoire, Direct Rech & Dev, Abidjan, Cote Ivoire"", ""Ctr Training & Integrated Res ASAL Dev, Nanyuki, Kenya"", ""Ifakara Hlth Inst, Dar Es Salaam, Tanzania"", ""Addis Ababa Univ, Water & Land Resource Ctr, Addis Ababa, Ethiopia""]",,"Times Cited in Web of Science Core Collection:  6     Total Times Cited:  6     Cited Reference Count:  54 | RAYYAN-INCLUSION: {""Aidan""=>""Excluded""}",10.1002/sd.2455,Africa;development assistance;higher education institutions;research-implementation organisation;sustainable development;transdisciplinary;HIGHER-EDUCATION;INTERDISCIPLINARITY;UNIVERSITY,,
rayyan-164706311,Adaptive Management in the Face of Climate Change and Endangered Species Protection,2013,,,ECOLOGY LAW QUARTERLY,0046-1121     J9  - ECOL LAW QUART     JI  - Ecol. Law Q.,40,2,229-270     WE  - Social Science Citation Index (SSCI),"Gardner, E",,English,,,,"Times Cited in Web of Science Core Collection:  2     Total Times Cited:  3     Cited Reference Count:  54 | RAYYAN-INCLUSION: {""Alec""=>""Excluded""}",,ACT,,
